0.00000000e+00 1.00000000e+00
1.00000000e-04 9.99999950e-01
2.00000000e-04 9.99999801e-01
3.00000000e-04 9.99999551e-01
4.00000000e-04 9.99999202e-01
5.00000000e-04 9.99998753e-01
6.00000000e-04 9.99998205e-01
7.00000000e-04 9.99997557e-01
8.00000000e-04 9.99996809e-01
9.00000000e-04 9.99995961e-01
1.00000000e-03 9.99995014e-01
1.10000000e-03 9.99993966e-01
1.20000000e-03 9.99992820e-01
1.30000000e-03 9.99991573e-01
1.40000000e-03 9.99990227e-01
1.50000000e-03 9.99988781e-01
1.60000000e-03 9.99987235e-01
1.70000000e-03 9.99985589e-01
1.80000000e-03 9.99983844e-01
1.90000000e-03 9.99981999e-01
2.00000000e-03 9.99980055e-01
2.10000000e-03 9.99978010e-01
2.20000000e-03 9.99975866e-01
2.30000000e-03 9.99973622e-01
2.40000000e-03 9.99971279e-01
2.50000000e-03 9.99968835e-01
2.60000000e-03 9.99966292e-01
2.70000000e-03 9.99963650e-01
2.80000000e-03 9.99960907e-01
2.90000000e-03 9.99958065e-01
3.00000000e-03 9.99955123e-01
3.10000000e-03 9.99952082e-01
3.20000000e-03 9.99948940e-01
3.30000000e-03 9.99945699e-01
3.40000000e-03 9.99942359e-01
3.50000000e-03 9.99938918e-01
3.60000000e-03 9.99935378e-01
3.70000000e-03 9.99931738e-01
3.80000000e-03 9.99927999e-01
3.90000000e-03 9.99924159e-01
4.00000000e-03 9.99920220e-01
4.10000000e-03 9.99916182e-01
4.20000000e-03 9.99912043e-01
4.30000000e-03 9.99907805e-01
4.40000000e-03 9.99903467e-01
4.50000000e-03 9.99899030e-01
4.60000000e-03 9.99894492e-01
4.70000000e-03 9.99889856e-01
4.80000000e-03 9.99885119e-01
4.90000000e-03 9.99880283e-01
5.00000000e-03 9.99875347e-01
5.10000000e-03 9.99870311e-01
5.20000000e-03 9.99865175e-01
5.30000000e-03 9.99859940e-01
5.40000000e-03 9.99854605e-01
5.50000000e-03 9.99849171e-01
5.60000000e-03 9.99843637e-01
5.70000000e-03 9.99838003e-01
5.80000000e-03 9.99832269e-01
5.90000000e-03 9.99826436e-01
6.00000000e-03 9.99820503e-01
6.10000000e-03 9.99814470e-01
6.20000000e-03 9.99808338e-01
6.30000000e-03 9.99802106e-01
6.40000000e-03 9.99795775e-01
6.50000000e-03 9.99789343e-01
6.60000000e-03 9.99782812e-01
6.70000000e-03 9.99776181e-01
6.80000000e-03 9.99769451e-01
6.90000000e-03 9.99762621e-01
7.00000000e-03 9.99755691e-01
7.10000000e-03 9.99748662e-01
7.20000000e-03 9.99741533e-01
7.30000000e-03 9.99734304e-01
7.40000000e-03 9.99726976e-01
7.50000000e-03 9.99719548e-01
7.60000000e-03 9.99712020e-01
7.70000000e-03 9.99704393e-01
7.80000000e-03 9.99696666e-01
7.90000000e-03 9.99688839e-01
8.00000000e-03 9.99680913e-01
8.10000000e-03 9.99672887e-01
8.20000000e-03 9.99664761e-01
8.30000000e-03 9.99656536e-01
8.40000000e-03 9.99648211e-01
8.50000000e-03 9.99639787e-01
8.60000000e-03 9.99631262e-01
8.70000000e-03 9.99622639e-01
8.80000000e-03 9.99613915e-01
8.90000000e-03 9.99605092e-01
9.00000000e-03 9.99596169e-01
9.10000000e-03 9.99587147e-01
9.20000000e-03 9.99578025e-01
9.30000000e-03 9.99568803e-01
9.40000000e-03 9.99559482e-01
9.50000000e-03 9.99550061e-01
9.60000000e-03 9.99540541e-01
9.70000000e-03 9.99530921e-01
9.80000000e-03 9.99521201e-01
9.90000000e-03 9.99511382e-01
1.00000000e-02 9.99501463e-01
1.01000000e-02 9.99491445e-01
1.02000000e-02 9.99481327e-01
1.03000000e-02 9.99471109e-01
1.04000000e-02 9.99460792e-01
1.05000000e-02 9.99450375e-01
1.06000000e-02 9.99439858e-01
1.07000000e-02 9.99429242e-01
1.08000000e-02 9.99418526e-01
1.09000000e-02 9.99407711e-01
1.10000000e-02 9.99396796e-01
1.11000000e-02 9.99385782e-01
1.12000000e-02 9.99374668e-01
1.13000000e-02 9.99363455e-01
1.14000000e-02 9.99352141e-01
1.15000000e-02 9.99340729e-01
1.16000000e-02 9.99329216e-01
1.17000000e-02 9.99317605e-01
1.18000000e-02 9.99305893e-01
1.19000000e-02 9.99294082e-01
1.20000000e-02 9.99282172e-01
1.21000000e-02 9.99270162e-01
1.22000000e-02 9.99258052e-01
1.23000000e-02 9.99245843e-01
1.24000000e-02 9.99233534e-01
1.25000000e-02 9.99221126e-01
1.26000000e-02 9.99208618e-01
1.27000000e-02 9.99196011e-01
1.28000000e-02 9.99183304e-01
1.29000000e-02 9.99170498e-01
1.30000000e-02 9.99157592e-01
1.31000000e-02 9.99144587e-01
1.32000000e-02 9.99131482e-01
1.33000000e-02 9.99118278e-01
1.34000000e-02 9.99104974e-01
1.35000000e-02 9.99091570e-01
1.36000000e-02 9.99078067e-01
1.37000000e-02 9.99064465e-01
1.38000000e-02 9.99050763e-01
1.39000000e-02 9.99036961e-01
1.40000000e-02 9.99023061e-01
1.41000000e-02 9.99009060e-01
1.42000000e-02 9.98994960e-01
1.43000000e-02 9.98980761e-01
1.44000000e-02 9.98966462e-01
1.45000000e-02 9.98952064e-01
1.46000000e-02 9.98937566e-01
1.47000000e-02 9.98922969e-01
1.48000000e-02 9.98908272e-01
1.49000000e-02 9.98893476e-01
1.50000000e-02 9.98878580e-01
1.51000000e-02 9.98863585e-01
1.52000000e-02 9.98848491e-01
1.53000000e-02 9.98833297e-01
1.54000000e-02 9.98818003e-01
1.55000000e-02 9.98802610e-01
1.56000000e-02 9.98787118e-01
1.57000000e-02 9.98771526e-01
1.58000000e-02 9.98755835e-01
1.59000000e-02 9.98740045e-01
1.60000000e-02 9.98724155e-01
1.61000000e-02 9.98708165e-01
1.62000000e-02 9.98692077e-01
1.63000000e-02 9.98675889e-01
1.64000000e-02 9.98659601e-01
1.65000000e-02 9.98643214e-01
1.66000000e-02 9.98626728e-01
1.67000000e-02 9.98610142e-01
1.68000000e-02 9.98593457e-01
1.69000000e-02 9.98576672e-01
1.70000000e-02 9.98559788e-01
1.71000000e-02 9.98542805e-01
1.72000000e-02 9.98525722e-01
1.73000000e-02 9.98508540e-01
1.74000000e-02 9.98491259e-01
1.75000000e-02 9.98473878e-01
1.76000000e-02 9.98456398e-01
1.77000000e-02 9.98438819e-01
1.78000000e-02 9.98421140e-01
1.79000000e-02 9.98403362e-01
1.80000000e-02 9.98385484e-01
1.81000000e-02 9.98367507e-01
1.82000000e-02 9.98349431e-01
1.83000000e-02 9.98331256e-01
1.84000000e-02 9.98312981e-01
1.85000000e-02 9.98294607e-01
1.86000000e-02 9.98276134e-01
1.87000000e-02 9.98257561e-01
1.88000000e-02 9.98238889e-01
1.89000000e-02 9.98220118e-01
1.90000000e-02 9.98201247e-01
1.91000000e-02 9.98182277e-01
1.92000000e-02 9.98163208e-01
1.93000000e-02 9.98144040e-01
1.94000000e-02 9.98124772e-01
1.95000000e-02 9.98105405e-01
1.96000000e-02 9.98085939e-01
1.97000000e-02 9.98066374e-01
1.98000000e-02 9.98046709e-01
1.99000000e-02 9.98026945e-01
2.00000000e-02 9.98007082e-01
2.01000000e-02 9.97987120e-01
2.02000000e-02 9.97967058e-01
2.03000000e-02 9.97946897e-01
2.04000000e-02 9.97926637e-01
2.05000000e-02 9.97906278e-01
2.06000000e-02 9.97885819e-01
2.07000000e-02 9.97865261e-01
2.08000000e-02 9.97844605e-01
2.09000000e-02 9.97823848e-01
2.10000000e-02 9.97802993e-01
2.11000000e-02 9.97782039e-01
2.12000000e-02 9.97760985e-01
2.13000000e-02 9.97739832e-01
2.14000000e-02 9.97718580e-01
2.15000000e-02 9.97697229e-01
2.16000000e-02 9.97675778e-01
2.17000000e-02 9.97654229e-01
2.18000000e-02 9.97632580e-01
2.19000000e-02 9.97610833e-01
2.20000000e-02 9.97588986e-01
2.21000000e-02 9.97567040e-01
2.22000000e-02 9.97544994e-01
2.23000000e-02 9.97522850e-01
2.24000000e-02 9.97500607e-01
2.25000000e-02 9.97478264e-01
2.26000000e-02 9.97455822e-01
2.27000000e-02 9.97433282e-01
2.28000000e-02 9.97410642e-01
2.29000000e-02 9.97387903e-01
2.30000000e-02 9.97365065e-01
2.31000000e-02 9.97342128e-01
2.32000000e-02 9.97319092e-01
2.33000000e-02 9.97295956e-01
2.34000000e-02 9.97272722e-01
2.35000000e-02 9.97249389e-01
2.36000000e-02 9.97225956e-01
2.37000000e-02 9.97202425e-01
2.38000000e-02 9.97178794e-01
2.39000000e-02 9.97155065e-01
2.40000000e-02 9.97131236e-01
2.41000000e-02 9.97107309e-01
2.42000000e-02 9.97083282e-01
2.43000000e-02 9.97059156e-01
2.44000000e-02 9.97034932e-01
2.45000000e-02 9.97010608e-01
2.46000000e-02 9.96986186e-01
2.47000000e-02 9.96961664e-01
2.48000000e-02 9.96937044e-01
2.49000000e-02 9.96912324e-01
2.50000000e-02 9.96887506e-01
2.51000000e-02 9.96862588e-01
2.52000000e-02 9.96837572e-01
2.53000000e-02 9.96812456e-01
2.54000000e-02 9.96787242e-01
2.55000000e-02 9.96761929e-01
2.56000000e-02 9.96736517e-01
2.57000000e-02 9.96711006e-01
2.58000000e-02 9.96685396e-01
2.59000000e-02 9.96659687e-01
2.60000000e-02 9.96633879e-01
2.61000000e-02 9.96607972e-01
2.62000000e-02 9.96581967e-01
2.63000000e-02 9.96555862e-01
2.64000000e-02 9.96529659e-01
2.65000000e-02 9.96503357e-01
2.66000000e-02 9.96476955e-01
2.67000000e-02 9.96450456e-01
2.68000000e-02 9.96423857e-01
2.69000000e-02 9.96397159e-01
2.70000000e-02 9.96370363e-01
2.71000000e-02 9.96343467e-01
2.72000000e-02 9.96316473e-01
2.73000000e-02 9.96289380e-01
2.74000000e-02 9.96262188e-01
2.75000000e-02 9.96234898e-01
2.76000000e-02 9.96207508e-01
2.77000000e-02 9.96180020e-01
2.78000000e-02 9.96152433e-01
2.79000000e-02 9.96124747e-01
2.80000000e-02 9.96096963e-01
2.81000000e-02 9.96069080e-01
2.82000000e-02 9.96041098e-01
2.83000000e-02 9.96013017e-01
2.84000000e-02 9.95984837e-01
2.85000000e-02 9.95956559e-01
2.86000000e-02 9.95928182e-01
2.87000000e-02 9.95899706e-01
2.88000000e-02 9.95871132e-01
2.89000000e-02 9.95842459e-01
2.90000000e-02 9.95813687e-01
2.91000000e-02 9.95784816e-01
2.92000000e-02 9.95755847e-01
2.93000000e-02 9.95726779e-01
2.94000000e-02 9.95697612e-01
2.95000000e-02 9.95668347e-01
2.96000000e-02 9.95638983e-01
2.97000000e-02 9.95609521e-01
2.98000000e-02 9.95579959e-01
2.99000000e-02 9.95550299e-01
3.00000000e-02 9.95520541e-01
3.01000000e-02 9.95490684e-01
3.02000000e-02 9.95460728e-01
3.03000000e-02 9.95430674e-01
3.04000000e-02 9.95400521e-01
3.05000000e-02 9.95370269e-01
3.06000000e-02 9.95339919e-01
3.07000000e-02 9.95309470e-01
3.08000000e-02 9.95278923e-01
3.09000000e-02 9.95248277e-01
3.10000000e-02 9.95217533e-01
3.11000000e-02 9.95186690e-01
3.12000000e-02 9.95155748e-01
3.13000000e-02 9.95124708e-01
3.14000000e-02 9.95093570e-01
3.15000000e-02 9.95062333e-01
3.16000000e-02 9.95030997e-01
3.17000000e-02 9.94999563e-01
3.18000000e-02 9.94968031e-01
3.19000000e-02 9.94936399e-01
3.20000000e-02 9.94904670e-01
3.21000000e-02 9.94872842e-01
3.22000000e-02 9.94840915e-01
3.23000000e-02 9.94808890e-01
3.24000000e-02 9.94776767e-01
3.25000000e-02 9.94744545e-01
3.26000000e-02 9.94712225e-01
3.27000000e-02 9.94679806e-01
3.28000000e-02 9.94647289e-01
3.29000000e-02 9.94614674e-01
3.30000000e-02 9.94581960e-01
3.31000000e-02 9.94549147e-01
3.32000000e-02 9.94516237e-01
3.33000000e-02 9.94483228e-01
3.34000000e-02 9.94450120e-01
3.35000000e-02 9.94416915e-01
3.36000000e-02 9.94383610e-01
3.37000000e-02 9.94350208e-01
3.38000000e-02 9.94316707e-01
3.39000000e-02 9.94283108e-01
3.40000000e-02 9.94249410e-01
3.41000000e-02 9.94215615e-01
3.42000000e-02 9.94181721e-01
3.43000000e-02 9.94147728e-01
3.44000000e-02 9.94113638e-01
3.45000000e-02 9.94079449e-01
3.46000000e-02 9.94045161e-01
3.47000000e-02 9.94010776e-01
3.48000000e-02 9.93976292e-01
3.49000000e-02 9.93941710e-01
3.50000000e-02 9.93907030e-01
3.51000000e-02 9.93872252e-01
3.52000000e-02 9.93837375e-01
3.53000000e-02 9.93802400e-01
3.54000000e-02 9.93767327e-01
3.55000000e-02 9.93732156e-01
3.56000000e-02 9.93696887e-01
3.57000000e-02 9.93661519e-01
3.58000000e-02 9.93626053e-01
3.59000000e-02 9.93590489e-01
3.60000000e-02 9.93554827e-01
3.61000000e-02 9.93519067e-01
3.62000000e-02 9.93483209e-01
3.63000000e-02 9.93447252e-01
3.64000000e-02 9.93411198e-01
3.65000000e-02 9.93375045e-01
3.66000000e-02 9.93338794e-01
3.67000000e-02 9.93302445e-01
3.68000000e-02 9.93265998e-01
3.69000000e-02 9.93229453e-01
3.70000000e-02 9.93192810e-01
3.71000000e-02 9.93156069e-01
3.72000000e-02 9.93119230e-01
3.73000000e-02 9.93082293e-01
3.74000000e-02 9.93045258e-01
3.75000000e-02 9.93008124e-01
3.76000000e-02 9.92970893e-01
3.77000000e-02 9.92933564e-01
3.78000000e-02 9.92896137e-01
3.79000000e-02 9.92858612e-01
3.80000000e-02 9.92820988e-01
3.81000000e-02 9.92783267e-01
3.82000000e-02 9.92745448e-01
3.83000000e-02 9.92707531e-01
3.84000000e-02 9.92669516e-01
3.85000000e-02 9.92631404e-01
3.86000000e-02 9.92593193e-01
3.87000000e-02 9.92554884e-01
3.88000000e-02 9.92516478e-01
3.89000000e-02 9.92477973e-01
3.90000000e-02 9.92439371e-01
3.91000000e-02 9.92400671e-01
3.92000000e-02 9.92361873e-01
3.93000000e-02 9.92322977e-01
3.94000000e-02 9.92283983e-01
3.95000000e-02 9.92244891e-01
3.96000000e-02 9.92205702e-01
3.97000000e-02 9.92166415e-01
3.98000000e-02 9.92127030e-01
3.99000000e-02 9.92087547e-01
4.00000000e-02 9.92047967e-01
4.01000000e-02 9.92008288e-01
4.02000000e-02 9.91968512e-01
4.03000000e-02 9.91928638e-01
4.04000000e-02 9.91888667e-01
4.05000000e-02 9.91848598e-01
4.06000000e-02 9.91808431e-01
4.07000000e-02 9.91768166e-01
4.08000000e-02 9.91727803e-01
4.09000000e-02 9.91687343e-01
4.10000000e-02 9.91646786e-01
4.11000000e-02 9.91606130e-01
4.12000000e-02 9.91565377e-01
4.13000000e-02 9.91524526e-01
4.14000000e-02 9.91483578e-01
4.15000000e-02 9.91442532e-01
4.16000000e-02 9.91401388e-01
4.17000000e-02 9.91360147e-01
4.18000000e-02 9.91318808e-01
4.19000000e-02 9.91277372e-01
4.20000000e-02 9.91235838e-01
4.21000000e-02 9.91194206e-01
4.22000000e-02 9.91152477e-01
4.23000000e-02 9.91110650e-01
4.24000000e-02 9.91068726e-01
4.25000000e-02 9.91026704e-01
4.26000000e-02 9.90984585e-01
4.27000000e-02 9.90942368e-01
4.28000000e-02 9.90900054e-01
4.29000000e-02 9.90857642e-01
4.30000000e-02 9.90815133e-01
4.31000000e-02 9.90772526e-01
4.32000000e-02 9.90729822e-01
4.33000000e-02 9.90687020e-01
4.34000000e-02 9.90644121e-01
4.35000000e-02 9.90601125e-01
4.36000000e-02 9.90558031e-01
4.37000000e-02 9.90514840e-01
4.38000000e-02 9.90471551e-01
4.39000000e-02 9.90428165e-01
4.40000000e-02 9.90384682e-01
4.41000000e-02 9.90341101e-01
4.42000000e-02 9.90297423e-01
4.43000000e-02 9.90253647e-01
4.44000000e-02 9.90209774e-01
4.45000000e-02 9.90165804e-01
4.46000000e-02 9.90121737e-01
4.47000000e-02 9.90077572e-01
4.48000000e-02 9.90033310e-01
4.49000000e-02 9.89988951e-01
4.50000000e-02 9.89944494e-01
4.51000000e-02 9.89899941e-01
4.52000000e-02 9.89855290e-01
4.53000000e-02 9.89810541e-01
4.54000000e-02 9.89765696e-01
4.55000000e-02 9.89720753e-01
4.56000000e-02 9.89675713e-01
4.57000000e-02 9.89630576e-01
4.58000000e-02 9.89585342e-01
4.59000000e-02 9.89540011e-01
4.60000000e-02 9.89494582e-01
4.61000000e-02 9.89449057e-01
4.62000000e-02 9.89403434e-01
4.63000000e-02 9.89357714e-01
4.64000000e-02 9.89311897e-01
4.65000000e-02 9.89265983e-01
4.66000000e-02 9.89219971e-01
4.67000000e-02 9.89173863e-01
4.68000000e-02 9.89127658e-01
4.69000000e-02 9.89081355e-01
4.70000000e-02 9.89034956e-01
4.71000000e-02 9.88988460e-01
4.72000000e-02 9.88941866e-01
4.73000000e-02 9.88895176e-01
4.74000000e-02 9.88848388e-01
4.75000000e-02 9.88801504e-01
4.76000000e-02 9.88754522e-01
4.77000000e-02 9.88707444e-01
4.78000000e-02 9.88660269e-01
4.79000000e-02 9.88612996e-01
4.80000000e-02 9.88565627e-01
4.81000000e-02 9.88518161e-01
4.82000000e-02 9.88470598e-01
4.83000000e-02 9.88422938e-01
4.84000000e-02 9.88375181e-01
4.85000000e-02 9.88327328e-01
4.86000000e-02 9.88279377e-01
4.87000000e-02 9.88231330e-01
4.88000000e-02 9.88183186e-01
4.89000000e-02 9.88134945e-01
4.90000000e-02 9.88086607e-01
4.91000000e-02 9.88038172e-01
4.92000000e-02 9.87989641e-01
4.93000000e-02 9.87941013e-01
4.94000000e-02 9.87892288e-01
4.95000000e-02 9.87843466e-01
4.96000000e-02 9.87794548e-01
4.97000000e-02 9.87745533e-01
4.98000000e-02 9.87696421e-01
4.99000000e-02 9.87647213e-01
5.00000000e-02 9.87597907e-01
5.01000000e-02 9.87548506e-01
5.02000000e-02 9.87499007e-01
5.03000000e-02 9.87449412e-01
5.04000000e-02 9.87399720e-01
5.05000000e-02 9.87349932e-01
5.06000000e-02 9.87300047e-01
5.07000000e-02 9.87250065e-01
5.08000000e-02 9.87199987e-01
5.09000000e-02 9.87149812e-01
5.10000000e-02 9.87099541e-01
5.11000000e-02 9.87049173e-01
5.12000000e-02 9.86998708e-01
5.13000000e-02 9.86948147e-01
5.14000000e-02 9.86897490e-01
5.15000000e-02 9.86846736e-01
5.16000000e-02 9.86795885e-01
5.17000000e-02 9.86744938e-01
5.18000000e-02 9.86693895e-01
5.19000000e-02 9.86642755e-01
5.20000000e-02 9.86591519e-01
5.21000000e-02 9.86540186e-01
5.22000000e-02 9.86488757e-01
5.23000000e-02 9.86437231e-01
5.24000000e-02 9.86385609e-01
5.25000000e-02 9.86333891e-01
5.26000000e-02 9.86282076e-01
5.27000000e-02 9.86230165e-01
5.28000000e-02 9.86178158e-01
5.29000000e-02 9.86126054e-01
5.30000000e-02 9.86073854e-01
5.31000000e-02 9.86021558e-01
5.32000000e-02 9.85969165e-01
5.33000000e-02 9.85916676e-01
5.34000000e-02 9.85864091e-01
5.35000000e-02 9.85811410e-01
5.36000000e-02 9.85758632e-01
5.37000000e-02 9.85705758e-01
5.38000000e-02 9.85652788e-01
5.39000000e-02 9.85599722e-01
5.40000000e-02 9.85546559e-01
5.41000000e-02 9.85493301e-01
5.42000000e-02 9.85439946e-01
5.43000000e-02 9.85386495e-01
5.44000000e-02 9.85332948e-01
5.45000000e-02 9.85279305e-01
5.46000000e-02 9.85225566e-01
5.47000000e-02 9.85171730e-01
5.48000000e-02 9.85117799e-01
5.49000000e-02 9.85063771e-01
5.50000000e-02 9.85009648e-01
5.51000000e-02 9.84955428e-01
5.52000000e-02 9.84901113e-01
5.53000000e-02 9.84846701e-01
5.54000000e-02 9.84792193e-01
5.55000000e-02 9.84737590e-01
5.56000000e-02 9.84682890e-01
5.57000000e-02 9.84628095e-01
5.58000000e-02 9.84573203e-01
5.59000000e-02 9.84518216e-01
5.60000000e-02 9.84463132e-01
5.61000000e-02 9.84407953e-01
5.62000000e-02 9.84352678e-01
5.63000000e-02 9.84297307e-01
5.64000000e-02 9.84241840e-01
5.65000000e-02 9.84186277e-01
5.66000000e-02 9.84130619e-01
5.67000000e-02 9.84074865e-01
5.68000000e-02 9.84019014e-01
5.69000000e-02 9.83963068e-01
5.70000000e-02 9.83907027e-01
5.71000000e-02 9.83850889e-01
5.72000000e-02 9.83794656e-01
5.73000000e-02 9.83738327e-01
5.74000000e-02 9.83681902e-01
5.75000000e-02 9.83625382e-01
5.76000000e-02 9.83568766e-01
5.77000000e-02 9.83512054e-01
5.78000000e-02 9.83455246e-01
5.79000000e-02 9.83398343e-01
5.80000000e-02 9.83341344e-01
5.81000000e-02 9.83284250e-01
5.82000000e-02 9.83227060e-01
5.83000000e-02 9.83169774e-01
5.84000000e-02 9.83112393e-01
5.85000000e-02 9.83054916e-01
5.86000000e-02 9.82997344e-01
5.87000000e-02 9.82939676e-01
5.88000000e-02 9.82881912e-01
5.89000000e-02 9.82824053e-01
5.90000000e-02 9.82766099e-01
5.91000000e-02 9.82708049e-01
5.92000000e-02 9.82649904e-01
5.93000000e-02 9.82591663e-01
5.94000000e-02 9.82533326e-01
5.95000000e-02 9.82474895e-01
5.96000000e-02 9.82416367e-01
5.97000000e-02 9.82357745e-01
5.98000000e-02 9.82299027e-01
5.99000000e-02 9.82240214e-01
6.00000000e-02 9.82181305e-01
6.01000000e-02 9.82122301e-01
6.02000000e-02 9.82063202e-01
6.03000000e-02 9.82004007e-01
6.04000000e-02 9.81944717e-01
6.05000000e-02 9.81885332e-01
6.06000000e-02 9.81825851e-01
6.07000000e-02 9.81766275e-01
6.08000000e-02 9.81706604e-01
6.09000000e-02 9.81646838e-01
6.10000000e-02 9.81586977e-01
6.11000000e-02 9.81527020e-01
6.12000000e-02 9.81466968e-01
6.13000000e-02 9.81406821e-01
6.14000000e-02 9.81346579e-01
6.15000000e-02 9.81286242e-01
6.16000000e-02 9.81225809e-01
6.17000000e-02 9.81165282e-01
6.18000000e-02 9.81104659e-01
6.19000000e-02 9.81043941e-01
6.20000000e-02 9.80983128e-01
6.21000000e-02 9.80922221e-01
6.22000000e-02 9.80861218e-01
6.23000000e-02 9.80800120e-01
6.24000000e-02 9.80738927e-01
6.25000000e-02 9.80677639e-01
6.26000000e-02 9.80616256e-01
6.27000000e-02 9.80554778e-01
6.28000000e-02 9.80493206e-01
6.29000000e-02 9.80431538e-01
6.30000000e-02 9.80369775e-01
6.31000000e-02 9.80307918e-01
6.32000000e-02 9.80245965e-01
6.33000000e-02 9.80183918e-01
6.34000000e-02 9.80121776e-01
6.35000000e-02 9.80059539e-01
6.36000000e-02 9.79997207e-01
6.37000000e-02 9.79934781e-01
6.38000000e-02 9.79872259e-01
6.39000000e-02 9.79809643e-01
6.40000000e-02 9.79746932e-01
6.41000000e-02 9.79684127e-01
6.42000000e-02 9.79621226e-01
6.43000000e-02 9.79558231e-01
6.44000000e-02 9.79495141e-01
6.45000000e-02 9.79431957e-01
6.46000000e-02 9.79368678e-01
6.47000000e-02 9.79305304e-01
6.48000000e-02 9.79241835e-01
6.49000000e-02 9.79178272e-01
6.50000000e-02 9.79114614e-01
6.51000000e-02 9.79050862e-01
6.52000000e-02 9.78987015e-01
6.53000000e-02 9.78923074e-01
6.54000000e-02 9.78859038e-01
6.55000000e-02 9.78794907e-01
6.56000000e-02 9.78730682e-01
6.57000000e-02 9.78666363e-01
6.58000000e-02 9.78601949e-01
6.59000000e-02 9.78537441e-01
6.60000000e-02 9.78472838e-01
6.61000000e-02 9.78408140e-01
6.62000000e-02 9.78343349e-01
6.63000000e-02 9.78278462e-01
6.64000000e-02 9.78213482e-01
6.65000000e-02 9.78148407e-01
6.66000000e-02 9.78083238e-01
6.67000000e-02 9.78017974e-01
6.68000000e-02 9.77952616e-01
6.69000000e-02 9.77887164e-01
6.70000000e-02 9.77821617e-01
6.71000000e-02 9.77755976e-01
6.72000000e-02 9.77690241e-01
6.73000000e-02 9.77624412e-01
6.74000000e-02 9.77558489e-01
6.75000000e-02 9.77492471e-01
6.76000000e-02 9.77426359e-01
6.77000000e-02 9.77360153e-01
6.78000000e-02 9.77293853e-01
6.79000000e-02 9.77227458e-01
6.80000000e-02 9.77160970e-01
6.81000000e-02 9.77094387e-01
6.82000000e-02 9.77027710e-01
6.83000000e-02 9.76960939e-01
6.84000000e-02 9.76894074e-01
6.85000000e-02 9.76827115e-01
6.86000000e-02 9.76760062e-01
6.87000000e-02 9.76692915e-01
6.88000000e-02 9.76625674e-01
6.89000000e-02 9.76558339e-01
6.90000000e-02 9.76490910e-01
6.91000000e-02 9.76423388e-01
6.92000000e-02 9.76355771e-01
6.93000000e-02 9.76288060e-01
6.94000000e-02 9.76220255e-01
6.95000000e-02 9.76152357e-01
6.96000000e-02 9.76084364e-01
6.97000000e-02 9.76016278e-01
6.98000000e-02 9.75948098e-01
6.99000000e-02 9.75879824e-01
7.00000000e-02 9.75811457e-01
7.01000000e-02 9.75742995e-01
7.02000000e-02 9.75674440e-01
7.03000000e-02 9.75605791e-01
7.04000000e-02 9.75537048e-01
7.05000000e-02 9.75468212e-01
7.06000000e-02 9.75399282e-01
7.07000000e-02 9.75330258e-01
7.08000000e-02 9.75261140e-01
7.09000000e-02 9.75191929e-01
7.10000000e-02 9.75122624e-01
7.11000000e-02 9.75053226e-01
7.12000000e-02 9.74983734e-01
7.13000000e-02 9.74914148e-01
7.14000000e-02 9.74844469e-01
7.15000000e-02 9.74774697e-01
7.16000000e-02 9.74704831e-01
7.17000000e-02 9.74634871e-01
7.18000000e-02 9.74564818e-01
7.19000000e-02 9.74494671e-01
7.20000000e-02 9.74424431e-01
7.21000000e-02 9.74354097e-01
7.22000000e-02 9.74283670e-01
7.23000000e-02 9.74213150e-01
7.24000000e-02 9.74142536e-01
7.25000000e-02 9.74071829e-01
7.26000000e-02 9.74001028e-01
7.27000000e-02 9.73930134e-01
7.28000000e-02 9.73859147e-01
7.29000000e-02 9.73788067e-01
7.30000000e-02 9.73716893e-01
7.31000000e-02 9.73645626e-01
7.32000000e-02 9.73574266e-01
7.33000000e-02 9.73502812e-01
7.34000000e-02 9.73431265e-01
7.35000000e-02 9.73359625e-01
7.36000000e-02 9.73287892e-01
7.37000000e-02 9.73216066e-01
7.38000000e-02 9.73144146e-01
7.39000000e-02 9.73072134e-01
7.40000000e-02 9.73000028e-01
7.41000000e-02 9.72927829e-01
7.42000000e-02 9.72855538e-01
7.43000000e-02 9.72783153e-01
7.44000000e-02 9.72710675e-01
7.45000000e-02 9.72638104e-01
7.46000000e-02 9.72565440e-01
7.47000000e-02 9.72492683e-01
7.48000000e-02 9.72419833e-01
7.49000000e-02 9.72346890e-01
7.50000000e-02 9.72273854e-01
7.51000000e-02 9.72200725e-01
7.52000000e-02 9.72127504e-01
7.53000000e-02 9.72054189e-01
7.54000000e-02 9.71980782e-01
7.55000000e-02 9.71907281e-01
7.56000000e-02 9.71833688e-01
7.57000000e-02 9.71760002e-01
7.58000000e-02 9.71686224e-01
7.59000000e-02 9.71612352e-01
7.60000000e-02 9.71538388e-01
7.61000000e-02 9.71464331e-01
7.62000000e-02 9.71390182e-01
7.63000000e-02 9.71315939e-01
7.64000000e-02 9.71241604e-01
7.65000000e-02 9.71167176e-01
7.66000000e-02 9.71092656e-01
7.67000000e-02 9.71018043e-01
7.68000000e-02 9.70943338e-01
7.69000000e-02 9.70868539e-01
7.70000000e-02 9.70793649e-01
7.71000000e-02 9.70718665e-01
7.72000000e-02 9.70643589e-01
7.73000000e-02 9.70568421e-01
7.74000000e-02 9.70493160e-01
7.75000000e-02 9.70417807e-01
7.76000000e-02 9.70342361e-01
7.77000000e-02 9.70266823e-01
7.78000000e-02 9.70191192e-01
7.79000000e-02 9.70115469e-01
7.80000000e-02 9.70039654e-01
7.81000000e-02 9.69963746e-01
7.82000000e-02 9.69887746e-01
7.83000000e-02 9.69811653e-01
7.84000000e-02 9.69735468e-01
7.85000000e-02 9.69659191e-01
7.86000000e-02 9.69582822e-01
7.87000000e-02 9.69506360e-01
7.88000000e-02 9.69429806e-01
7.89000000e-02 9.69353160e-01
7.90000000e-02 9.69276422e-01
7.91000000e-02 9.69199591e-01
7.92000000e-02 9.69122668e-01
7.93000000e-02 9.69045654e-01
7.94000000e-02 9.68968547e-01
7.95000000e-02 9.68891348e-01
7.96000000e-02 9.68814056e-01
7.97000000e-02 9.68736673e-01
7.98000000e-02 9.68659198e-01
7.99000000e-02 9.68581631e-01
8.00000000e-02 9.68503971e-01
8.01000000e-02 9.68426220e-01
8.02000000e-02 9.68348377e-01
8.03000000e-02 9.68270441e-01
8.04000000e-02 9.68192414e-01
8.05000000e-02 9.68114295e-01
8.06000000e-02 9.68036084e-01
8.07000000e-02 9.67957781e-01
8.08000000e-02 9.67879386e-01
8.09000000e-02 9.67800900e-01
8.10000000e-02 9.67722321e-01
8.11000000e-02 9.67643651e-01
8.12000000e-02 9.67564889e-01
8.13000000e-02 9.67486035e-01
8.14000000e-02 9.67407090e-01
8.15000000e-02 9.67328053e-01
8.16000000e-02 9.67248924e-01
8.17000000e-02 9.67169703e-01
8.18000000e-02 9.67090391e-01
8.19000000e-02 9.67010987e-01
8.20000000e-02 9.66931491e-01
8.21000000e-02 9.66851904e-01
8.22000000e-02 9.66772225e-01
8.23000000e-02 9.66692455e-01
8.24000000e-02 9.66612593e-01
8.25000000e-02 9.66532639e-01
8.26000000e-02 9.66452594e-01
8.27000000e-02 9.66372458e-01
8.28000000e-02 9.66292230e-01
8.29000000e-02 9.66211910e-01
8.30000000e-02 9.66131500e-01
8.31000000e-02 9.66050997e-01
8.32000000e-02 9.65970404e-01
8.33000000e-02 9.65889719e-01
8.34000000e-02 9.65808942e-01
8.35000000e-02 9.65728075e-01
8.36000000e-02 9.65647116e-01
8.37000000e-02 9.65566065e-01
8.38000000e-02 9.65484924e-01
8.39000000e-02 9.65403691e-01
8.40000000e-02 9.65322367e-01
8.41000000e-02 9.65240951e-01
8.42000000e-02 9.65159445e-01
8.43000000e-02 9.65077847e-01
8.44000000e-02 9.64996158e-01
8.45000000e-02 9.64914378e-01
8.46000000e-02 9.64832507e-01
8.47000000e-02 9.64750545e-01
8.48000000e-02 9.64668492e-01
8.49000000e-02 9.64586347e-01
8.50000000e-02 9.64504112e-01
8.51000000e-02 9.64421785e-01
8.52000000e-02 9.64339368e-01
8.53000000e-02 9.64256860e-01
8.54000000e-02 9.64174260e-01
8.55000000e-02 9.64091570e-01
8.56000000e-02 9.64008789e-01
8.57000000e-02 9.63925917e-01
8.58000000e-02 9.63842954e-01
8.59000000e-02 9.63759900e-01
8.60000000e-02 9.63676755e-01
8.61000000e-02 9.63593520e-01
8.62000000e-02 9.63510193e-01
8.63000000e-02 9.63426776e-01
8.64000000e-02 9.63343269e-01
8.65000000e-02 9.63259670e-01
8.66000000e-02 9.63175981e-01
8.67000000e-02 9.63092201e-01
8.68000000e-02 9.63008330e-01
8.69000000e-02 9.62924369e-01
8.70000000e-02 9.62840317e-01
8.71000000e-02 9.62756174e-01
8.72000000e-02 9.62671941e-01
8.73000000e-02 9.62587618e-01
8.74000000e-02 9.62503203e-01
8.75000000e-02 9.62418698e-01
8.76000000e-02 9.62334103e-01
8.77000000e-02 9.62249417e-01
8.78000000e-02 9.62164641e-01
8.79000000e-02 9.62079774e-01
8.80000000e-02 9.61994817e-01
8.81000000e-02 9.61909770e-01
8.82000000e-02 9.61824632e-01
8.83000000e-02 9.61739404e-01
8.84000000e-02 9.61654085e-01
8.85000000e-02 9.61568676e-01
8.86000000e-02 9.61483177e-01
8.87000000e-02 9.61397587e-01
8.88000000e-02 9.61311907e-01
8.89000000e-02 9.61226137e-01
8.90000000e-02 9.61140277e-01
8.91000000e-02 9.61054327e-01
8.92000000e-02 9.60968286e-01
8.93000000e-02 9.60882155e-01
8.94000000e-02 9.60795934e-01
8.95000000e-02 9.60709623e-01
8.96000000e-02 9.60623222e-01
8.97000000e-02 9.60536731e-01
8.98000000e-02 9.60450150e-01
8.99000000e-02 9.60363478e-01
9.00000000e-02 9.60276717e-01
9.01000000e-02 9.60189866e-01
9.02000000e-02 9.60102925e-01
9.03000000e-02 9.60015893e-01
9.04000000e-02 9.59928772e-01
9.05000000e-02 9.59841561e-01
9.06000000e-02 9.59754260e-01
9.07000000e-02 9.59666869e-01
9.08000000e-02 9.59579389e-01
9.09000000e-02 9.59491818e-01
9.10000000e-02 9.59404158e-01
9.11000000e-02 9.59316408e-01
9.12000000e-02 9.59228568e-01
9.13000000e-02 9.59140639e-01
9.14000000e-02 9.59052620e-01
9.15000000e-02 9.58964511e-01
9.16000000e-02 9.58876312e-01
9.17000000e-02 9.58788024e-01
9.18000000e-02 9.58699646e-01
9.19000000e-02 9.58611179e-01
9.20000000e-02 9.58522622e-01
9.21000000e-02 9.58433975e-01
9.22000000e-02 9.58345239e-01
9.23000000e-02 9.58256414e-01
9.24000000e-02 9.58167498e-01
9.25000000e-02 9.58078494e-01
9.26000000e-02 9.57989400e-01
9.27000000e-02 9.57900216e-01
9.28000000e-02 9.57810943e-01
9.29000000e-02 9.57721581e-01
9.30000000e-02 9.57632129e-01
9.31000000e-02 9.57542588e-01
9.32000000e-02 9.57452958e-01
9.33000000e-02 9.57363239e-01
9.34000000e-02 9.57273430e-01
9.35000000e-02 9.57183531e-01
9.36000000e-02 9.57093544e-01
9.37000000e-02 9.57003468e-01
9.38000000e-02 9.56913302e-01
9.39000000e-02 9.56823047e-01
9.40000000e-02 9.56732703e-01
9.41000000e-02 9.56642269e-01
9.42000000e-02 9.56551747e-01
9.43000000e-02 9.56461136e-01
9.44000000e-02 9.56370435e-01
9.45000000e-02 9.56279646e-01
9.46000000e-02 9.56188767e-01
9.47000000e-02 9.56097800e-01
9.48000000e-02 9.56006743e-01
9.49000000e-02 9.55915598e-01
9.50000000e-02 9.55824363e-01
9.51000000e-02 9.55733040e-01
9.52000000e-02 9.55641628e-01
9.53000000e-02 9.55550127e-01
9.54000000e-02 9.55458537e-01
9.55000000e-02 9.55366859e-01
9.56000000e-02 9.55275091e-01
9.57000000e-02 9.55183235e-01
9.58000000e-02 9.55091290e-01
9.59000000e-02 9.54999256e-01
9.60000000e-02 9.54907134e-01
9.61000000e-02 9.54814923e-01
9.62000000e-02 9.54722623e-01
9.63000000e-02 9.54630235e-01
9.64000000e-02 9.54537758e-01
9.65000000e-02 9.54445192e-01
9.66000000e-02 9.54352538e-01
9.67000000e-02 9.54259795e-01
9.68000000e-02 9.54166964e-01
9.69000000e-02 9.54074044e-01
9.70000000e-02 9.53981036e-01
9.71000000e-02 9.53887939e-01
9.72000000e-02 9.53794754e-01
9.73000000e-02 9.53701481e-01
9.74000000e-02 9.53608119e-01
9.75000000e-02 9.53514669e-01
9.76000000e-02 9.53421130e-01
9.77000000e-02 9.53327503e-01
9.78000000e-02 9.53233788e-01
9.79000000e-02 9.53139985e-01
9.80000000e-02 9.53046093e-01
9.81000000e-02 9.52952113e-01
9.82000000e-02 9.52858045e-01
9.83000000e-02 9.52763888e-01
9.84000000e-02 9.52669644e-01
9.85000000e-02 9.52575311e-01
9.86000000e-02 9.52480891e-01
9.87000000e-02 9.52386382e-01
9.88000000e-02 9.52291785e-01
9.89000000e-02 9.52197100e-01
9.90000000e-02 9.52102327e-01
9.91000000e-02 9.52007466e-01
9.92000000e-02 9.51912517e-01
9.93000000e-02 9.51817480e-01
9.94000000e-02 9.51722355e-01
9.95000000e-02 9.51627142e-01
9.96000000e-02 9.51531842e-01
9.97000000e-02 9.51436453e-01
9.98000000e-02 9.51340977e-01
9.99000000e-02 9.51245413e-01
1.00000000e-01 9.51149761e-01
1.00900000e-01 9.50284947e-01
1.01800000e-01 9.49413041e-01
1.02700000e-01 9.48534059e-01
1.03600000e-01 9.47648020e-01
1.04500000e-01 9.46754941e-01
1.05400000e-01 9.45854839e-01
1.06300000e-01 9.44947732e-01
1.07200000e-01 9.44033638e-01
1.08100000e-01 9.43112575e-01
1.09000000e-01 9.42184560e-01
1.09900000e-01 9.41249612e-01
1.10800000e-01 9.40307750e-01
1.11700000e-01 9.39358991e-01
1.12600000e-01 9.38403355e-01
1.13500000e-01 9.37440860e-01
1.14400000e-01 9.36471524e-01
1.15300000e-01 9.35495368e-01
1.16200000e-01 9.34512410e-01
1.17100000e-01 9.33522669e-01
1.18000000e-01 9.32526165e-01
1.18900000e-01 9.31522917e-01
1.19800000e-01 9.30512945e-01
1.20700000e-01 9.29496269e-01
1.21600000e-01 9.28472907e-01
1.22500000e-01 9.27442882e-01
1.23400000e-01 9.26406211e-01
1.24300000e-01 9.25362917e-01
1.25200000e-01 9.24313018e-01
1.26100000e-01 9.23256536e-01
1.27000000e-01 9.22193491e-01
1.27900000e-01 9.21123904e-01
1.28800000e-01 9.20047796e-01
1.29700000e-01 9.18965187e-01
1.30600000e-01 9.17876099e-01
1.31500000e-01 9.16780553e-01
1.32400000e-01 9.15678570e-01
1.33300000e-01 9.14570172e-01
1.34200000e-01 9.13455380e-01
1.35100000e-01 9.12334216e-01
1.36000000e-01 9.11206701e-01
1.36900000e-01 9.10072858e-01
1.37800000e-01 9.08932709e-01
1.38700000e-01 9.07786275e-01
1.39600000e-01 9.06633579e-01
1.40500000e-01 9.05474644e-01
1.41400000e-01 9.04309491e-01
1.42300000e-01 9.03138143e-01
1.43200000e-01 9.01960623e-01
1.44100000e-01 9.00776954e-01
1.45000000e-01 8.99587158e-01
1.45900000e-01 8.98391259e-01
1.46800000e-01 8.97189280e-01
1.47700000e-01 8.95981243e-01
1.48600000e-01 8.94767173e-01
1.49500000e-01 8.93547093e-01
1.50400000e-01 8.92321025e-01
1.51300000e-01 8.91088995e-01
1.52200000e-01 8.89851025e-01
1.53100000e-01 8.88607140e-01
1.54000000e-01 8.87357363e-01
1.54900000e-01 8.86101718e-01
1.55800000e-01 8.84840230e-01
1.56700000e-01 8.83572923e-01
1.57600000e-01 8.82299821e-01
1.58500000e-01 8.81020949e-01
1.59400000e-01 8.79736331e-01
1.60300000e-01 8.78445992e-01
1.61200000e-01 8.77149957e-01
1.62100000e-01 8.75848250e-01
1.63000000e-01 8.74540896e-01
1.63900000e-01 8.73227921e-01
1.64800000e-01 8.71909350e-01
1.65700000e-01 8.70585208e-01
1.66600000e-01 8.69255519e-01
1.67500000e-01 8.67920310e-01
1.68400000e-01 8.66579607e-01
1.69300000e-01 8.65233434e-01
1.70200000e-01 8.63881817e-01
1.71100000e-01 8.62524783e-01
1.72000000e-01 8.61162356e-01
1.72900000e-01 8.59794564e-01
1.73800000e-01 8.58421432e-01
1.74700000e-01 8.57042986e-01
1.75600000e-01 8.55659252e-01
1.76500000e-01 8.54270257e-01
1.77400000e-01 8.52876027e-01
1.78300000e-01 8.51476589e-01
1.79200000e-01 8.50071969e-01
1.80100000e-01 8.48662194e-01
1.81000000e-01 8.47247290e-01
1.81900000e-01 8.45827285e-01
1.82800000e-01 8.44402205e-01
1.83700000e-01 8.42972077e-01
1.84600000e-01 8.41536929e-01
1.85500000e-01 8.40096787e-01
1.86400000e-01 8.38651679e-01
1.87300000e-01 8.37201632e-01
1.88200000e-01 8.35746673e-01
1.89100000e-01 8.34286829e-01
1.90000000e-01 8.32822129e-01
1.90900000e-01 8.31352600e-01
1.91800000e-01 8.29878270e-01
1.92700000e-01 8.28399165e-01
1.93600000e-01 8.26915315e-01
1.94500000e-01 8.25426747e-01
1.95400000e-01 8.23933489e-01
1.96300000e-01 8.22435569e-01
1.97200000e-01 8.20933014e-01
1.98100000e-01 8.19425854e-01
1.99000000e-01 8.17914117e-01
1.99900000e-01 8.16397830e-01
2.00800000e-01 8.14877023e-01
2.01700000e-01 8.13351723e-01
2.02600000e-01 8.11821959e-01
2.03500000e-01 8.10287760e-01
2.04400000e-01 8.08749154e-01
2.05300000e-01 8.07206170e-01
2.06200000e-01 8.05658837e-01
2.07100000e-01 8.04107183e-01
2.08000000e-01 8.02551238e-01
2.08900000e-01 8.00991030e-01
2.09800000e-01 7.99426588e-01
2.10700000e-01 7.97857942e-01
2.11600000e-01 7.96285121e-01
2.12500000e-01 7.94708153e-01
2.13400000e-01 7.93127068e-01
2.14300000e-01 7.91541895e-01
2.15200000e-01 7.89952664e-01
2.16100000e-01 7.88359403e-01
2.17000000e-01 7.86762144e-01
2.17900000e-01 7.85160913e-01
2.18800000e-01 7.83555743e-01
2.19700000e-01 7.81946661e-01
2.20600000e-01 7.80333698e-01
2.21500000e-01 7.78716883e-01
2.22400000e-01 7.77096247e-01
2.23300000e-01 7.75471818e-01
2.24200000e-01 7.73843627e-01
2.25100000e-01 7.72211704e-01
2.26000000e-01 7.70576078e-01
2.26900000e-01 7.68936780e-01
2.27800000e-01 7.67293839e-01
2.28700000e-01 7.65647286e-01
2.29600000e-01 7.63997151e-01
2.30500000e-01 7.62343463e-01
2.31400000e-01 7.60686254e-01
2.32300000e-01 7.59025553e-01
2.33200000e-01 7.57361390e-01
2.34100000e-01 7.55693796e-01
2.35000000e-01 7.54022802e-01
2.35900000e-01 7.52348437e-01
2.36800000e-01 7.50670732e-01
2.37700000e-01 7.48989717e-01
2.38600000e-01 7.47305424e-01
2.39500000e-01 7.45617882e-01
2.40400000e-01 7.43927121e-01
2.41300000e-01 7.42233174e-01
2.42200000e-01 7.40536070e-01
2.43100000e-01 7.38835839e-01
2.44000000e-01 7.37132513e-01
2.44900000e-01 7.35426122e-01
2.45800000e-01 7.33716698e-01
2.46700000e-01 7.32004269e-01
2.47600000e-01 7.30288869e-01
2.48500000e-01 7.28570527e-01
2.49400000e-01 7.26849274e-01
2.50300000e-01 7.25125141e-01
2.51200000e-01 7.23398159e-01
2.52100000e-01 7.21668359e-01
2.53000000e-01 7.19935771e-01
2.53900000e-01 7.18200427e-01
2.54800000e-01 7.16462358e-01
2.55700000e-01 7.14721595e-01
2.56600000e-01 7.12978168e-01
2.57500000e-01 7.11232109e-01
2.58400000e-01 7.09483449e-01
2.59300000e-01 7.07732219e-01
2.60200000e-01 7.05978449e-01
2.61100000e-01 7.04222172e-01
2.62000000e-01 7.02463417e-01
2.62900000e-01 7.00702217e-01
2.63800000e-01 6.98938603e-01
2.64700000e-01 6.97172604e-01
2.65600000e-01 6.95404254e-01
2.66500000e-01 6.93633582e-01
2.67400000e-01 6.91860620e-01
2.68300000e-01 6.90085400e-01
2.69200000e-01 6.88307952e-01
2.70100000e-01 6.86528307e-01
2.71000000e-01 6.84746497e-01
2.71900000e-01 6.82962553e-01
2.72800000e-01 6.81176507e-01
2.73700000e-01 6.79388389e-01
2.74600000e-01 6.77598230e-01
2.75500000e-01 6.75806062e-01
2.76400000e-01 6.74011917e-01
2.77300000e-01 6.72215824e-01
2.78200000e-01 6.70417817e-01
2.79100000e-01 6.68617925e-01
2.80000000e-01 6.66816180e-01
2.80900000e-01 6.65012613e-01
2.81800000e-01 6.63207256e-01
2.82700000e-01 6.61400139e-01
2.83600000e-01 6.59591294e-01
2.84500000e-01 6.57780752e-01
2.85400000e-01 6.55968545e-01
2.86300000e-01 6.54154703e-01
2.87200000e-01 6.52339257e-01
2.88100000e-01 6.50522240e-01
2.89000000e-01 6.48703681e-01
2.89900000e-01 6.46883612e-01
2.90800000e-01 6.45062065e-01
2.91700000e-01 6.43239070e-01
2.92600000e-01 6.41414658e-01
2.93500000e-01 6.39588862e-01
2.94400000e-01 6.37761710e-01
2.95300000e-01 6.35933236e-01
2.96200000e-01 6.34103469e-01
2.97100000e-01 6.32272442e-01
2.98000000e-01 6.30440184e-01
2.98900000e-01 6.28606727e-01
2.99800000e-01 6.26772102e-01
3.00700000e-01 6.24936340e-01
3.01600000e-01 6.23099472e-01
3.02500000e-01 6.21261528e-01
3.03400000e-01 6.19422540e-01
3.04300000e-01 6.17582539e-01
3.05200000e-01 6.15741555e-01
3.06100000e-01 6.13899619e-01
3.07000000e-01 6.12056763e-01
3.07900000e-01 6.10213016e-01
3.08800000e-01 6.08368410e-01
3.09700000e-01 6.06522975e-01
3.10600000e-01 6.04676742e-01
3.11500000e-01 6.02829743e-01
3.12400000e-01 6.00982006e-01
3.13300000e-01 5.99133563e-01
3.14200000e-01 5.97284445e-01
3.15100000e-01 5.95434683e-01
3.16000000e-01 5.93584305e-01
3.16900000e-01 5.91733344e-01
3.17800000e-01 5.89881830e-01
3.18700000e-01 5.88029793e-01
3.19600000e-01 5.86177263e-01
3.20500000e-01 5.84324271e-01
3.21400000e-01 5.82470847e-01
3.22300000e-01 5.80617022e-01
3.23200000e-01 5.78762825e-01
3.24100000e-01 5.76908287e-01
3.25000000e-01 5.75053438e-01
3.25900000e-01 5.73198308e-01
3.26800000e-01 5.71342927e-01
3.27700000e-01 5.69487326e-01
3.28600000e-01 5.67631534e-01
3.29500000e-01 5.65775581e-01
3.30400000e-01 5.63919497e-01
3.31300000e-01 5.62063313e-01
3.32200000e-01 5.60207057e-01
3.33100000e-01 5.58350760e-01
3.34000000e-01 5.56494451e-01
3.34900000e-01 5.54638160e-01
3.35800000e-01 5.52781917e-01
3.36700000e-01 5.50925751e-01
3.37600000e-01 5.49069691e-01
3.38500000e-01 5.47213769e-01
3.39400000e-01 5.45358011e-01
3.40300000e-01 5.43502449e-01
3.41200000e-01 5.41647112e-01
3.42100000e-01 5.39792028e-01
3.43000000e-01 5.37937227e-01
3.43900000e-01 5.36082738e-01
3.44800000e-01 5.34228590e-01
3.45700000e-01 5.32374813e-01
3.46600000e-01 5.30521435e-01
3.47500000e-01 5.28668485e-01
3.48400000e-01 5.26815993e-01
3.49300000e-01 5.24963986e-01
3.50200000e-01 5.23112494e-01
3.51100000e-01 5.21261546e-01
3.52000000e-01 5.19411170e-01
3.52900000e-01 5.17561394e-01
3.53800000e-01 5.15712248e-01
3.54700000e-01 5.13863760e-01
3.55600000e-01 5.12015957e-01
3.56500000e-01 5.10168870e-01
3.57400000e-01 5.08322525e-01
3.58300000e-01 5.06476951e-01
3.59200000e-01 5.04632176e-01
3.60100000e-01 5.02788228e-01
3.61000000e-01 5.00945136e-01
3.61900000e-01 4.99102927e-01
3.62800000e-01 4.97261629e-01
3.63700000e-01 4.95421270e-01
3.64600000e-01 4.93581877e-01
3.65500000e-01 4.91743479e-01
3.66400000e-01 4.89906103e-01
3.67300000e-01 4.88069777e-01
3.68200000e-01 4.86234527e-01
3.69100000e-01 4.84400382e-01
3.70000000e-01 4.82567368e-01
3.70900000e-01 4.80735513e-01
3.71800000e-01 4.78904845e-01
3.72700000e-01 4.77075389e-01
3.73600000e-01 4.75247174e-01
3.74500000e-01 4.73420226e-01
3.75400000e-01 4.71594572e-01
3.76300000e-01 4.69770239e-01
3.77200000e-01 4.67947253e-01
3.78100000e-01 4.66125641e-01
3.79000000e-01 4.64305431e-01
3.79900000e-01 4.62486647e-01
3.80800000e-01 4.60669317e-01
3.81700000e-01 4.58853467e-01
3.82600000e-01 4.57039123e-01
3.83500000e-01 4.55226311e-01
3.84400000e-01 4.53415058e-01
3.85300000e-01 4.51605389e-01
3.86200000e-01 4.49797331e-01
3.87100000e-01 4.47990908e-01
3.88000000e-01 4.46186148e-01
3.88900000e-01 4.44383075e-01
3.89800000e-01 4.42581715e-01
3.90700000e-01 4.40782094e-01
3.91600000e-01 4.38984236e-01
3.92500000e-01 4.37188168e-01
3.93400000e-01 4.35393915e-01
3.94300000e-01 4.33601501e-01
3.95200000e-01 4.31810952e-01
3.96100000e-01 4.30022292e-01
3.97000000e-01 4.28235547e-01
3.97900000e-01 4.26450741e-01
3.98800000e-01 4.24667899e-01
3.99700000e-01 4.22887046e-01
4.00600000e-01 4.21108206e-01
4.01500000e-01 4.19331403e-01
4.02400000e-01 4.17556662e-01
4.03300000e-01 4.15784007e-01
4.04200000e-01 4.14013462e-01
4.05100000e-01 4.12245052e-01
4.06000000e-01 4.10478799e-01
4.06900000e-01 4.08714729e-01
4.07800000e-01 4.06952864e-01
4.08700000e-01 4.05193228e-01
4.09600000e-01 4.03435846e-01
4.10500000e-01 4.01680740e-01
4.11400000e-01 3.99927933e-01
4.12300000e-01 3.98177450e-01
4.13200000e-01 3.96429313e-01
4.14100000e-01 3.94683545e-01
4.15000000e-01 3.92940170e-01
4.15900000e-01 3.91199209e-01
4.16800000e-01 3.89460686e-01
4.17700000e-01 3.87724624e-01
4.18600000e-01 3.85991045e-01
4.19500000e-01 3.84259971e-01
4.20400000e-01 3.82531426e-01
4.21300000e-01 3.80805430e-01
4.22200000e-01 3.79082007e-01
4.23100000e-01 3.77361178e-01
4.24000000e-01 3.75642966e-01
4.24900000e-01 3.73927391e-01
4.25800000e-01 3.72214477e-01
4.26700000e-01 3.70504244e-01
4.27600000e-01 3.68796714e-01
4.28500000e-01 3.67091909e-01
4.29400000e-01 3.65389849e-01
4.30300000e-01 3.63690557e-01
4.31200000e-01 3.61994052e-01
4.32100000e-01 3.60300357e-01
4.33000000e-01 3.58609492e-01
4.33900000e-01 3.56921477e-01
4.34800000e-01 3.55236334e-01
4.35700000e-01 3.53554083e-01
4.36600000e-01 3.51874745e-01
4.37500000e-01 3.50198339e-01
4.38400000e-01 3.48524886e-01
4.39300000e-01 3.46854406e-01
4.40200000e-01 3.45186920e-01
4.41100000e-01 3.43522446e-01
4.42000000e-01 3.41861006e-01
4.42900000e-01 3.40202618e-01
4.43800000e-01 3.38547302e-01
4.44700000e-01 3.36895077e-01
4.45600000e-01 3.35245964e-01
4.46500000e-01 3.33599980e-01
4.47400000e-01 3.31957146e-01
4.48300000e-01 3.30317480e-01
4.49200000e-01 3.28681001e-01
4.50100000e-01 3.27047728e-01
4.51000000e-01 3.25417680e-01
4.51900000e-01 3.23790874e-01
4.52800000e-01 3.22167330e-01
4.53700000e-01 3.20547066e-01
4.54600000e-01 3.18930100e-01
4.55500000e-01 3.17316450e-01
4.56400000e-01 3.15706133e-01
4.57300000e-01 3.14099169e-01
4.58200000e-01 3.12495574e-01
4.59100000e-01 3.10895367e-01
4.60000000e-01 3.09298564e-01
4.60900000e-01 3.07705183e-01
4.61800000e-01 3.06115241e-01
4.62700000e-01 3.04528756e-01
4.63600000e-01 3.02945745e-01
4.64500000e-01 3.01366223e-01
4.65400000e-01 2.99790209e-01
4.66300000e-01 2.98217719e-01
4.67200000e-01 2.96648768e-01
4.68100000e-01 2.95083375e-01
4.69000000e-01 2.93521555e-01
4.69900000e-01 2.91963323e-01
4.70800000e-01 2.90408698e-01
4.71700000e-01 2.88857693e-01
4.72600000e-01 2.87310325e-01
4.73500000e-01 2.85766610e-01
4.74400000e-01 2.84226563e-01
4.75300000e-01 2.82690200e-01
4.76200000e-01 2.81157536e-01
4.77100000e-01 2.79628587e-01
4.78000000e-01 2.78103366e-01
4.78900000e-01 2.76581890e-01
4.79800000e-01 2.75064173e-01
4.80700000e-01 2.73550230e-01
4.81600000e-01 2.72040076e-01
4.82500000e-01 2.70533724e-01
4.83400000e-01 2.69031190e-01
4.84300000e-01 2.67532487e-01
4.85200000e-01 2.66037629e-01
4.86100000e-01 2.64546631e-01
4.87000000e-01 2.63059507e-01
4.87900000e-01 2.61576270e-01
4.88800000e-01 2.60096933e-01
4.89700000e-01 2.58621510e-01
4.90600000e-01 2.57150016e-01
4.91500000e-01 2.55682461e-01
4.92400000e-01 2.54218861e-01
4.93300000e-01 2.52759228e-01
4.94200000e-01 2.51303574e-01
4.95100000e-01 2.49851913e-01
4.96000000e-01 2.48404256e-01
4.96900000e-01 2.46960618e-01
4.97800000e-01 2.45521009e-01
4.98700000e-01 2.44085442e-01
4.99600000e-01 2.42653929e-01
5.00500000e-01 2.41226482e-01
5.01400000e-01 2.39803114e-01
5.02300000e-01 2.38383835e-01
5.03200000e-01 2.36968657e-01
5.04100000e-01 2.35557592e-01
5.05000000e-01 2.34150651e-01
5.05900000e-01 2.32747846e-01
5.06800000e-01 2.31349186e-01
5.07700000e-01 2.29954685e-01
5.08600000e-01 2.28564351e-01
5.09500000e-01 2.27178196e-01
5.10400000e-01 2.25796231e-01
5.11300000e-01 2.24418465e-01
5.12200000e-01 2.23044910e-01
5.13100000e-01 2.21675575e-01
5.14000000e-01 2.20310471e-01
5.14900000e-01 2.18949607e-01
5.15800000e-01 2.17592993e-01
5.16700000e-01 2.16240639e-01
5.17600000e-01 2.14892555e-01
5.18500000e-01 2.13548750e-01
5.19400000e-01 2.12209233e-01
5.20300000e-01 2.10874013e-01
5.21200000e-01 2.09543100e-01
5.22100000e-01 2.08216502e-01
5.23000000e-01 2.06894228e-01
5.23900000e-01 2.05576288e-01
5.24800000e-01 2.04262688e-01
5.25700000e-01 2.02953439e-01
5.26600000e-01 2.01648547e-01
5.27500000e-01 2.00348022e-01
5.28400000e-01 1.99051871e-01
5.29300000e-01 1.97760102e-01
5.30200000e-01 1.96472724e-01
5.31100000e-01 1.95189743e-01
5.32000000e-01 1.93911167e-01
5.32900000e-01 1.92637004e-01
5.33800000e-01 1.91367260e-01
5.34700000e-01 1.90101944e-01
5.35600000e-01 1.88841061e-01
5.36500000e-01 1.87584620e-01
5.37400000e-01 1.86332626e-01
5.38300000e-01 1.85085086e-01
5.39200000e-01 1.83842007e-01
5.40100000e-01 1.82603395e-01
5.41000000e-01 1.81369257e-01
5.41900000e-01 1.80139598e-01
5.42800000e-01 1.78914425e-01
5.43700000e-01 1.77693744e-01
5.44600000e-01 1.76477559e-01
5.45500000e-01 1.75265878e-01
5.46400000e-01 1.74058705e-01
5.47300000e-01 1.72856045e-01
5.48200000e-01 1.71657904e-01
5.49100000e-01 1.70464288e-01
5.50000000e-01 1.69275201e-01
5.50900000e-01 1.68090647e-01
5.51800000e-01 1.66910632e-01
5.52700000e-01 1.65735161e-01
5.53600000e-01 1.64564237e-01
5.54500000e-01 1.63397866e-01
5.55400000e-01 1.62236051e-01
5.56300000e-01 1.61078797e-01
5.57200000e-01 1.59926107e-01
5.58100000e-01 1.58777985e-01
5.59000000e-01 1.57634436e-01
5.59900000e-01 1.56495463e-01
5.60800000e-01 1.55361069e-01
5.61700000e-01 1.54231257e-01
5.62600000e-01 1.53106032e-01
5.63500000e-01 1.51985396e-01
5.64400000e-01 1.50869351e-01
5.65300000e-01 1.49757902e-01
5.66200000e-01 1.48651050e-01
5.67100000e-01 1.47548799e-01
5.68000000e-01 1.46451151e-01
5.68900000e-01 1.45358108e-01
5.69800000e-01 1.44269672e-01
5.70700000e-01 1.43185846e-01
5.71600000e-01 1.42106632e-01
5.72500000e-01 1.41032032e-01
5.73400000e-01 1.39962047e-01
5.74300000e-01 1.38896679e-01
5.75200000e-01 1.37835929e-01
5.76100000e-01 1.36779800e-01
5.77000000e-01 1.35728292e-01
5.77900000e-01 1.34681406e-01
5.78800000e-01 1.33639145e-01
5.79700000e-01 1.32601507e-01
5.80600000e-01 1.31568495e-01
5.81500000e-01 1.30540109e-01
5.82400000e-01 1.29516350e-01
5.83300000e-01 1.28497218e-01
5.84200000e-01 1.27482713e-01
5.85100000e-01 1.26472836e-01
5.86000000e-01 1.25467587e-01
5.86900000e-01 1.24466966e-01
5.87800000e-01 1.23470972e-01
5.88700000e-01 1.22479606e-01
5.89600000e-01 1.21492866e-01
5.90500000e-01 1.20510754e-01
5.91400000e-01 1.19533267e-01
5.92300000e-01 1.18560405e-01
5.93200000e-01 1.17592169e-01
5.94100000e-01 1.16628555e-01
5.95000000e-01 1.15669564e-01
5.95900000e-01 1.14715194e-01
5.96800000e-01 1.13765445e-01
5.97700000e-01 1.12820313e-01
5.98600000e-01 1.11879799e-01
5.99500000e-01 1.10943901e-01
6.00400000e-01 1.10012616e-01
6.01300000e-01 1.09085943e-01
6.02200000e-01 1.08163880e-01
6.03100000e-01 1.07246424e-01
6.04000000e-01 1.06333574e-01
6.04900000e-01 1.05425328e-01
6.05800000e-01 1.04521682e-01
6.06700000e-01 1.03622635e-01
6.07600000e-01 1.02728184e-01
6.08500000e-01 1.01838325e-01
6.09400000e-01 1.00953057e-01
6.10300000e-01 1.00072375e-01
6.11200000e-01 9.91962779e-02
6.12100000e-01 9.83247614e-02
6.13000000e-01 9.74578226e-02
6.13900000e-01 9.65954578e-02
6.14800000e-01 9.57376637e-02
6.15700000e-01 9.48844366e-02
6.16600000e-01 9.40357728e-02
6.17500000e-01 9.31916684e-02
6.18400000e-01 9.23521195e-02
6.19300000e-01 9.15171220e-02
6.20200000e-01 9.06866718e-02
6.21100000e-01 8.98607646e-02
6.22000000e-01 8.90393961e-02
6.22900000e-01 8.82225617e-02
6.23800000e-01 8.74102569e-02
6.24700000e-01 8.66024769e-02
6.25600000e-01 8.57992171e-02
6.26500000e-01 8.50004725e-02
6.27400000e-01 8.42062381e-02
6.28300000e-01 8.34165089e-02
6.29200000e-01 8.26312795e-02
6.30100000e-01 8.18505448e-02
6.31000000e-01 8.10742993e-02
6.31900000e-01 8.03025375e-02
6.32800000e-01 7.95352538e-02
6.33700000e-01 7.87724425e-02
6.34600000e-01 7.80140978e-02
6.35500000e-01 7.72602138e-02
6.36400000e-01 7.65107845e-02
6.37300000e-01 7.57658037e-02
6.38200000e-01 7.50252653e-02
6.39100000e-01 7.42891630e-02
6.40000000e-01 7.35574904e-02
6.40900000e-01 7.28302410e-02
6.41800000e-01 7.21074082e-02
6.42700000e-01 7.13889852e-02
6.43600000e-01 7.06749654e-02
6.44500000e-01 6.99653419e-02
6.45400000e-01 6.92601076e-02
6.46300000e-01 6.85592556e-02
6.47200000e-01 6.78627786e-02
6.48100000e-01 6.71706694e-02
6.49000000e-01 6.64829207e-02
6.49900000e-01 6.57995249e-02
6.50800000e-01 6.51204747e-02
6.51700000e-01 6.44457623e-02
6.52600000e-01 6.37753801e-02
6.53500000e-01 6.31093202e-02
6.54400000e-01 6.24475747e-02
6.55300000e-01 6.17901358e-02
6.56200000e-01 6.11369952e-02
6.57100000e-01 6.04881448e-02
6.58000000e-01 5.98435764e-02
6.58900000e-01 5.92032816e-02
6.59800000e-01 5.85672521e-02
6.60700000e-01 5.79354792e-02
6.61600000e-01 5.73079545e-02
6.62500000e-01 5.66846691e-02
6.63400000e-01 5.60656144e-02
6.64300000e-01 5.54507814e-02
6.65200000e-01 5.48401613e-02
6.66100000e-01 5.42337450e-02
6.67000000e-01 5.36315234e-02
6.67900000e-01 5.30334874e-02
6.68800000e-01 5.24396275e-02
6.69700000e-01 5.18499346e-02
6.70600000e-01 5.12643991e-02
6.71500000e-01 5.06830115e-02
6.72400000e-01 5.01057622e-02
6.73300000e-01 4.95326416e-02
6.74200000e-01 4.89636399e-02
6.75100000e-01 4.83987472e-02
6.76000000e-01 4.78379536e-02
6.76900000e-01 4.72812492e-02
6.77800000e-01 4.67286238e-02
6.78700000e-01 4.61800674e-02
6.79600000e-01 4.56355696e-02
6.80500000e-01 4.50951203e-02
6.81400000e-01 4.45587089e-02
6.82300000e-01 4.40263251e-02
6.83200000e-01 4.34979583e-02
6.84100000e-01 4.29735980e-02
6.85000000e-01 4.24532334e-02
6.85900000e-01 4.19368538e-02
6.86800000e-01 4.14244484e-02
6.87700000e-01 4.09160063e-02
6.88600000e-01 4.04115165e-02
6.89500000e-01 3.99109680e-02
6.90400000e-01 3.94143497e-02
6.91300000e-01 3.89216505e-02
6.92200000e-01 3.84328590e-02
6.93100000e-01 3.79479640e-02
6.94000000e-01 3.74669541e-02
6.94900000e-01 3.69898179e-02
6.95800000e-01 3.65165438e-02
6.96700000e-01 3.60471202e-02
6.97600000e-01 3.55815355e-02
6.98500000e-01 3.51197781e-02
6.99400000e-01 3.46618361e-02
7.00300000e-01 3.42076976e-02
7.01200000e-01 3.37573508e-02
7.02100000e-01 3.33107838e-02
7.03000000e-01 3.28679844e-02
7.03900000e-01 3.24289407e-02
7.04800000e-01 3.19936403e-02
7.05700000e-01 3.15620712e-02
7.06600000e-01 3.11342211e-02
7.07500000e-01 3.07100776e-02
7.08400000e-01 3.02896283e-02
7.09300000e-01 2.98728607e-02
7.10200000e-01 2.94597625e-02
7.11100000e-01 2.90503209e-02
7.12000000e-01 2.86445234e-02
7.12900000e-01 2.82423573e-02
7.13800000e-01 2.78438099e-02
7.14700000e-01 2.74488683e-02
7.15600000e-01 2.70575198e-02
7.16500000e-01 2.66697514e-02
7.17400000e-01 2.62855501e-02
7.18300000e-01 2.59049030e-02
7.19200000e-01 2.55277969e-02
7.20100000e-01 2.51542189e-02
7.21000000e-01 2.47841557e-02
7.21900000e-01 2.44175941e-02
7.22800000e-01 2.40545208e-02
7.23700000e-01 2.36949225e-02
7.24600000e-01 2.33387859e-02
7.25500000e-01 2.29860976e-02
7.26400000e-01 2.26368441e-02
7.27300000e-01 2.22910118e-02
7.28200000e-01 2.19485873e-02
7.29100000e-01 2.16095569e-02
7.30000000e-01 2.12739069e-02
7.30900000e-01 2.09416238e-02
7.31800000e-01 2.06126937e-02
7.32700000e-01 2.02871029e-02
7.33600000e-01 1.99648376e-02
7.34500000e-01 1.96458839e-02
7.35400000e-01 1.93302278e-02
7.36300000e-01 1.90178555e-02
7.37200000e-01 1.87087529e-02
7.38100000e-01 1.84029061e-02
7.39000000e-01 1.81003009e-02
7.39900000e-01 1.78009232e-02
7.40800000e-01 1.75047589e-02
7.41700000e-01 1.72117938e-02
7.42600000e-01 1.69220137e-02
7.43500000e-01 1.66354043e-02
7.44400000e-01 1.63519513e-02
7.45300000e-01 1.60716404e-02
7.46200000e-01 1.57944572e-02
7.47100000e-01 1.55203874e-02
7.48000000e-01 1.52494164e-02
7.48900000e-01 1.49815298e-02
7.49800000e-01 1.47167131e-02
7.50700000e-01 1.44549518e-02
7.51600000e-01 1.41962313e-02
7.52500000e-01 1.39405370e-02
7.53400000e-01 1.36878542e-02
7.54300000e-01 1.34381684e-02
7.55200000e-01 1.31914648e-02
7.56100000e-01 1.29477287e-02
7.57000000e-01 1.27069454e-02
7.57900000e-01 1.24691001e-02
7.58800000e-01 1.22341779e-02
7.59700000e-01 1.20021641e-02
7.60600000e-01 1.17730439e-02
7.61500000e-01 1.15468022e-02
7.62400000e-01 1.13234243e-02
7.63300000e-01 1.11028952e-02
7.64200000e-01 1.08851999e-02
7.65100000e-01 1.06703235e-02
7.66000000e-01 1.04582510e-02
7.66900000e-01 1.02489673e-02
7.67800000e-01 1.00424575e-02
7.68700000e-01 9.83870640e-03
7.69600000e-01 9.63769901e-03
7.70500000e-01 9.43942021e-03
7.71400000e-01 9.24385486e-03
7.72300000e-01 9.05098785e-03
7.73200000e-01 8.86080400e-03
7.74100000e-01 8.67328815e-03
7.75000000e-01 8.48842512e-03
7.75900000e-01 8.30619969e-03
7.76800000e-01 8.12659664e-03
7.77700000e-01 7.94960074e-03
7.78600000e-01 7.77519675e-03
7.79500000e-01 7.60336939e-03
7.80400000e-01 7.43410338e-03
7.81300000e-01 7.26738345e-03
7.82200000e-01 7.10319428e-03
7.83100000e-01 6.94152057e-03
7.84000000e-01 6.78234698e-03
7.84900000e-01 6.62565819e-03
7.85800000e-01 6.47143886e-03
7.86700000e-01 6.31967361e-03
7.87600000e-01 6.17034711e-03
7.88500000e-01 6.02344396e-03
7.89400000e-01 5.87894880e-03
7.90300000e-01 5.73684625e-03
7.91200000e-01 5.59712090e-03
7.92100000e-01 5.45975736e-03
7.93000000e-01 5.32474023e-03
7.93900000e-01 5.19205410e-03
7.94800000e-01 5.06168356e-03
7.95700000e-01 4.93361320e-03
7.96600000e-01 4.80782759e-03
7.97500000e-01 4.68431131e-03
7.98400000e-01 4.56304895e-03
7.99300000e-01 4.44402507e-03
8.00200000e-01 4.32722425e-03
8.01100000e-01 4.21263107e-03
8.02000000e-01 4.10023010e-03
8.02900000e-01 3.99000591e-03
8.03800000e-01 3.88194309e-03
8.04700000e-01 3.77602621e-03
8.05600000e-01 3.67223985e-03
8.06500000e-01 3.57056860e-03
8.07400000e-01 3.47099704e-03
8.08300000e-01 3.37350976e-03
8.09200000e-01 3.27809137e-03
8.10100000e-01 3.18472646e-03
8.11000000e-01 3.09339964e-03
8.11900000e-01 3.00409553e-03
8.12800000e-01 2.91679873e-03
8.13700000e-01 2.83149389e-03
8.14600000e-01 2.74816563e-03
8.15500000e-01 2.66679861e-03
8.16400000e-01 2.58737746e-03
8.17300000e-01 2.50988686e-03
8.18200000e-01 2.43431147e-03
8.19100000e-01 2.36063598e-03
8.20000000e-01 2.28884508e-03
8.20900000e-01 2.21892347e-03
8.21800000e-01 2.15085588e-03
8.22700000e-01 2.08462703e-03
8.23600000e-01 2.02022166e-03
8.24500000e-01 1.95762453e-03
8.25400000e-01 1.89682041e-03
8.26300000e-01 1.83779409e-03
8.27200000e-01 1.78053037e-03
8.28100000e-01 1.72501405e-03
8.29000000e-01 1.67122998e-03
8.29900000e-01 1.61916300e-03
8.30800000e-01 1.56879798e-03
8.31700000e-01 1.52011980e-03
8.32600000e-01 1.47311336e-03
8.33500000e-01 1.42776358e-03
8.34400000e-01 1.38405541e-03
8.35300000e-01 1.34197380e-03
8.36200000e-01 1.30150374e-03
8.37100000e-01 1.26263021e-03
8.38000000e-01 1.22533826e-03
8.38900000e-01 1.18961290e-03
8.39800000e-01 1.15543923e-03
8.40700000e-01 1.12280231e-03
8.41600000e-01 1.09168727e-03
8.42500000e-01 1.06207923e-03
8.43400000e-01 1.03396336e-03
8.44300000e-01 1.00732484e-03
8.45200000e-01 9.82148882e-04
8.46100000e-01 9.58420718e-04
8.47000000e-01 9.36125608e-04
8.47900000e-01 9.15248840e-04
8.48800000e-01 8.95775728e-04
8.49700000e-01 8.77691613e-04
8.50600000e-01 8.60981866e-04
8.51500000e-01 8.45631883e-04
8.52400000e-01 8.31627093e-04
8.53300000e-01 8.18952950e-04
8.54200000e-01 8.07594941e-04
8.55100000e-01 7.97538583e-04
8.56000000e-01 7.88769422e-04
8.56900000e-01 7.81273037e-04
8.57800000e-01 7.75035036e-04
8.58700000e-01 7.70041063e-04
8.59600000e-01 7.66276792e-04
8.60500000e-01 7.63727929e-04
8.61400000e-01 7.62380216e-04
8.62300000e-01 7.62219427e-04
8.63200000e-01 7.63231372e-04
8.64100000e-01 7.65401894e-04
8.65000000e-01 7.68716872e-04
8.65900000e-01 7.73162221e-04
8.66800000e-01 7.78723890e-04
8.67700000e-01 7.85387868e-04
8.68600000e-01 7.93140179e-04
8.69500000e-01 8.01966882e-04
8.70400000e-01 8.11854078e-04
8.71300000e-01 8.22787904e-04
8.72200000e-01 8.34754536e-04
8.73100000e-01 8.47740188e-04
8.74000000e-01 8.61731115e-04
8.74900000e-01 8.76713610e-04
8.75800000e-01 8.92674009e-04
8.76700000e-01 9.09598685e-04
8.77600000e-01 9.27474056e-04
8.78500000e-01 9.46286579e-04
8.79400000e-01 9.66022752e-04
8.80300000e-01 9.86669119e-04
8.81200000e-01 1.00821226e-03
8.82100000e-01 1.03063881e-03
8.83000000e-01 1.05393543e-03
8.83900000e-01 1.07808884e-03
8.84800000e-01 1.10308581e-03
8.85700000e-01 1.12891312e-03
8.86600000e-01 1.15555763e-03
8.87500000e-01 1.18300624e-03
8.88400000e-01 1.21124588e-03
8.89300000e-01 1.24026354e-03
8.90200000e-01 1.27004625e-03
8.91100000e-01 1.30058109e-03
8.92000000e-01 1.33185519e-03
8.92900000e-01 1.36385572e-03
8.93800000e-01 1.39656990e-03
8.94700000e-01 1.42998500e-03
8.95600000e-01 1.46408834e-03
8.96500000e-01 1.49886729e-03
8.97400000e-01 1.53430927e-03
8.98300000e-01 1.57040174e-03
8.99200000e-01 1.60713221e-03
9.00100000e-01 1.64448826e-03
9.01000000e-01 1.68245750e-03
9.01900000e-01 1.72102761e-03
9.02800000e-01 1.76018630e-03
9.03700000e-01 1.79992134e-03
9.04600000e-01 1.84022057e-03
9.05500000e-01 1.88107185e-03
9.06400000e-01 1.92246311e-03
9.07300000e-01 1.96438234e-03
9.08200000e-01 2.00681758e-03
9.09100000e-01 2.04975691e-03
9.10000000e-01 2.09318847e-03
9.10900000e-01 2.13710047e-03
9.11800000e-01 2.18148115e-03
9.12700000e-01 2.22631883e-03
9.13600000e-01 2.27160187e-03
9.14500000e-01 2.31731868e-03
9.15400000e-01 2.36345774e-03
9.16300000e-01 2.41000757e-03
9.17200000e-01 2.45695678e-03
9.18100000e-01 2.50429399e-03
9.19000000e-01 2.55200791e-03
9.19900000e-01 2.60008730e-03
9.20800000e-01 2.64852096e-03
9.21700000e-01 2.69729779e-03
9.22600000e-01 2.74640670e-03
9.23500000e-01 2.79583668e-03
9.24400000e-01 2.84557679e-03
9.25300000e-01 2.89561613e-03
9.26200000e-01 2.94594386e-03
9.27100000e-01 2.99654922e-03
9.28000000e-01 3.04742149e-03
9.28900000e-01 3.09855001e-03
9.29800000e-01 3.14992419e-03
9.30700000e-01 3.20153350e-03
9.31600000e-01 3.25336746e-03
9.32500000e-01 3.30541566e-03
9.33400000e-01 3.35766776e-03
9.34300000e-01 3.41011345e-03
9.35200000e-01 3.46274252e-03
9.36100000e-01 3.51554480e-03
9.37000000e-01 3.56851018e-03
9.37900000e-01 3.62162862e-03
9.38800000e-01 3.67489015e-03
9.39700000e-01 3.72828485e-03
9.40600000e-01 3.78180287e-03
9.41500000e-01 3.83543442e-03
9.42400000e-01 3.88916977e-03
9.43300000e-01 3.94299926e-03
9.44200000e-01 3.99691329e-03
9.45100000e-01 4.05090233e-03
9.46000000e-01 4.10495691e-03
9.46900000e-01 4.15906763e-03
9.47800000e-01 4.21322514e-03
9.48700000e-01 4.26742017e-03
9.49600000e-01 4.32164350e-03
9.50500000e-01 4.37588600e-03
9.51400000e-01 4.43013859e-03
9.52300000e-01 4.48439225e-03
9.53200000e-01 4.53863803e-03
9.54100000e-01 4.59286705e-03
9.55000000e-01 4.64707049e-03
9.55900000e-01 4.70123962e-03
9.56800000e-01 4.75536573e-03
9.57700000e-01 4.80944022e-03
9.58600000e-01 4.86345455e-03
9.59500000e-01 4.91740021e-03
9.60400000e-01 4.97126881e-03
9.61300000e-01 5.02505200e-03
9.62200000e-01 5.07874148e-03
9.63100000e-01 5.13232906e-03
9.64000000e-01 5.18580659e-03
9.64900000e-01 5.23916599e-03
9.65800000e-01 5.29239924e-03
9.66700000e-01 5.34549842e-03
9.67600000e-01 5.39845565e-03
9.68500000e-01 5.45126312e-03
9.69400000e-01 5.50391311e-03
9.70300000e-01 5.55639793e-03
9.71200000e-01 5.60871001e-03
9.72100000e-01 5.66084180e-03
9.73000000e-01 5.71278585e-03
9.73900000e-01 5.76453477e-03
9.74800000e-01 5.81608124e-03
9.75700000e-01 5.86741800e-03
9.76600000e-01 5.91853788e-03
9.77500000e-01 5.96943376e-03
9.78400000e-01 6.02009859e-03
9.79300000e-01 6.07052541e-03
9.80200000e-01 6.12070732e-03
9.81100000e-01 6.17063747e-03
9.82000000e-01 6.22030911e-03
9.82900000e-01 6.26971554e-03
9.83800000e-01 6.31885015e-03
9.84700000e-01 6.36770637e-03
9.85600000e-01 6.41627772e-03
9.86500000e-01 6.46455780e-03
9.87400000e-01 6.51254027e-03
9.88300000e-01 6.56021885e-03
9.89200000e-01 6.60758734e-03
9.90100000e-01 6.65463961e-03
9.91000000e-01 6.70136961e-03
9.91900000e-01 6.74777135e-03
9.92800000e-01 6.79383891e-03
9.93700000e-01 6.83956644e-03
9.94600000e-01 6.88494817e-03
9.95500000e-01 6.92997840e-03
9.96400000e-01 6.97465149e-03
9.97300000e-01 7.01896189e-03
9.98200000e-01 7.06290409e-03
9.99100000e-01 7.10647269e-03
1.00000000e+00 7.14966233e-03
1.00900000e+00 7.55959034e-03
1.01800000e+00 7.92626824e-03
1.02700000e+00 8.24552274e-03
1.03600000e+00 8.51389031e-03
1.04500000e+00 8.72861213e-03
1.05400000e+00 8.88762616e-03
1.06300000e+00 8.98955669e-03
1.07200000e+00 9.03370112e-03
1.08100000e+00 9.02001435e-03
1.09000000e+00 8.94909067e-03
1.09900000e+00 8.82214341e-03
1.10800000e+00 8.64098227e-03
1.11700000e+00 8.40798866e-03
1.12600000e+00 8.12608902e-03
1.13500000e+00 7.79872632e-03
1.14400000e+00 7.42982985e-03
1.15300000e+00 7.02378341e-03
1.16200000e+00 6.58539221e-03
1.17100000e+00 6.11984832e-03
1.18000000e+00 5.63269516e-03
1.18900000e+00 5.12979096e-03
1.19800000e+00 4.61727140e-03
1.20700000e+00 4.10151164e-03
1.21600000e+00 3.58908789e-03
1.22500000e+00 3.08673855e-03
1.23400000e+00 2.60132531e-03
1.24300000e+00 2.13979411e-03
1.25200000e+00 1.70913638e-03
1.26100000e+00 1.31635047e-03
1.27000000e+00 9.68403576e-04
1.27900000e+00 6.72194280e-04
1.28800000e+00 4.34515793e-04
1.29700000e+00 2.62020113e-04
1.30600000e+00 1.61183189e-04
1.31500000e+00 1.38271234e-04
1.32400000e+00 1.99308304e-04
1.33300000e+00 3.50045274e-04
1.34200000e+00 5.95930310e-04
1.35100000e+00 9.42080940e-04
1.36000000e+00 1.39325784e-03
1.36900000e+00 1.95384037e-03
1.37800000e+00 2.62780406e-03
1.38700000e+00 3.41869994e-03
1.39600000e+00 4.32963595e-03
1.40500000e+00 5.36326038e-03
1.41400000e+00 6.52174743e-03
1.42300000e+00 7.80678495e-03
1.43200000e+00 9.21956429e-03
1.44100000e+00 1.07607724e-02
1.45000000e+00 1.24305862e-02
1.45900000e+00 1.42286689e-02
1.46800000e+00 1.61541691e-02
1.47700000e+00 1.82057212e-02
1.48600000e+00 2.03814490e-02
1.49500000e+00 2.26789705e-02
1.50400000e+00 2.50954057e-02
1.51300000e+00 2.76273855e-02
1.52200000e+00 3.02710634e-02
1.53100000e+00 3.30221287e-02
1.54000000e+00 3.58758217e-02
1.54900000e+00 3.88269507e-02
1.55800000e+00 4.18699107e-02
1.56700000e+00 4.49987034e-02
1.57600000e+00 4.82069595e-02
1.58500000e+00 5.14879615e-02
1.59400000e+00 5.48346684e-02
1.60300000e+00 5.82397415e-02
1.61200000e+00 6.16955712e-02
1.62100000e+00 6.51943046e-02
1.63000000e+00 6.87278744e-02
1.63900000e+00 7.22880284e-02
1.64800000e+00 7.58663592e-02
1.65700000e+00 7.94543347e-02
1.66600000e+00 8.30433292e-02
1.67500000e+00 8.66246545e-02
1.68400000e+00 9.01895906e-02
1.69300000e+00 9.37294175e-02
1.70200000e+00 9.72354458e-02
1.71100000e+00 1.00699048e-01
1.72000000e+00 1.04111687e-01
1.72900000e+00 1.07464949e-01
1.73800000e+00 1.10750571e-01
1.74700000e+00 1.13960468e-01
1.75600000e+00 1.17086765e-01
1.76500000e+00 1.20121817e-01
1.77400000e+00 1.23058243e-01
1.78300000e+00 1.25888941e-01
1.79200000e+00 1.28607122e-01
1.80100000e+00 1.31206322e-01
1.81000000e+00 1.33680429e-01
1.81900000e+00 1.36023701e-01
1.82800000e+00 1.38230782e-01
1.83700000e+00 1.40296718e-01
1.84600000e+00 1.42216977e-01
1.85500000e+00 1.43987452e-01
1.86400000e+00 1.45604481e-01
1.87300000e+00 1.47064852e-01
1.88200000e+00 1.48365811e-01
1.89100000e+00 1.49505071e-01
1.90000000e+00 1.50480810e-01
1.90900000e+00 1.51291680e-01
1.91800000e+00 1.51936802e-01
1.92700000e+00 1.52415770e-01
1.93600000e+00 1.52728643e-01
1.94500000e+00 1.52875944e-01
1.95400000e+00 1.52858653e-01
1.96300000e+00 1.52678197e-01
1.97200000e+00 1.52336443e-01
1.98100000e+00 1.51835686e-01
1.99000000e+00 1.51178638e-01
1.99900000e+00 1.50368409e-01
2.00800000e+00 1.49408500e-01
2.01700000e+00 1.48302779e-01
2.02600000e+00 1.47055468e-01
2.03500000e+00 1.45671121e-01
2.04400000e+00 1.44154609e-01
2.05300000e+00 1.42511092e-01
2.06200000e+00 1.40746006e-01
2.07100000e+00 1.38865035e-01
2.08000000e+00 1.36874088e-01
2.08900000e+00 1.34779279e-01
2.09800000e+00 1.32586903e-01
2.10700000e+00 1.30303408e-01
2.11600000e+00 1.27935374e-01
2.12500000e+00 1.25489488e-01
2.13400000e+00 1.22972519e-01
2.14300000e+00 1.20391294e-01
2.15200000e+00 1.17752672e-01
2.16100000e+00 1.15063523e-01
2.17000000e+00 1.12330701e-01
2.17900000e+00 1.09561026e-01
2.18800000e+00 1.06761254e-01
2.19700000e+00 1.03938062e-01
2.20600000e+00 1.01098022e-01
2.21500000e+00 9.82475831e-02
2.22400000e+00 9.53930508e-02
2.23300000e+00 9.25405686e-02
2.24200000e+00 8.96961005e-02
2.25100000e+00 8.68654142e-02
2.26000000e+00 8.40540655e-02
2.26900000e+00 8.12673843e-02
2.27800000e+00 7.85104613e-02
2.28700000e+00 7.57881362e-02
2.29600000e+00 7.31049873e-02
2.30500000e+00 7.04653217e-02
2.31400000e+00 6.78731683e-02
2.32300000e+00 6.53322703e-02
2.33200000e+00 6.28460807e-02
2.34100000e+00 6.04177580e-02
2.35000000e+00 5.80501637e-02
2.35900000e+00 5.57458615e-02
2.36800000e+00 5.35071171e-02
2.37700000e+00 5.13358999e-02
2.38600000e+00 4.92338857e-02
2.39500000e+00 4.72024606e-02
2.40400000e+00 4.52427262e-02
2.41300000e+00 4.33555062e-02
2.42200000e+00 4.15413537e-02
2.43100000e+00 3.98005600e-02
2.44000000e+00 3.81331637e-02
2.44900000e+00 3.65389620e-02
2.45800000e+00 3.50175212e-02
2.46700000e+00 3.35681898e-02
2.47600000e+00 3.21901109e-02
2.48500000e+00 3.08822363e-02
2.49400000e+00 2.96433402e-02
2.50300000e+00 2.84720347e-02
2.51200000e+00 2.73667844e-02
2.52100000e+00 2.63259224e-02
2.53000000e+00 2.53476660e-02
2.53900000e+00 2.44301327e-02
2.54800000e+00 2.35713566e-02
2.55700000e+00 2.27693043e-02
2.56600000e+00 2.20218914e-02
2.57500000e+00 2.13269981e-02
2.58400000e+00 2.06824856e-02
2.59300000e+00 2.00862108e-02
2.60200000e+00 1.95360424e-02
2.61100000e+00 1.90298748e-02
2.62000000e+00 1.85656426e-02
2.62900000e+00 1.81413343e-02
2.63800000e+00 1.77550051e-02
2.64700000e+00 1.74047893e-02
2.65600000e+00 1.70889117e-02
2.66500000e+00 1.68056982e-02
2.67400000e+00 1.65535856e-02
2.68300000e+00 1.63311306e-02
2.69200000e+00 1.61370176e-02
2.70100000e+00 1.59700658e-02
2.71000000e+00 1.58292349e-02
2.71900000e+00 1.57136299e-02
2.72800000e+00 1.56225054e-02
2.73700000e+00 1.55552677e-02
2.74600000e+00 1.55114766e-02
2.75500000e+00 1.54908463e-02
2.76400000e+00 1.54932444e-02
2.77300000e+00 1.55186905e-02
2.78200000e+00 1.55673532e-02
2.79100000e+00 1.56395468e-02
2.80000000e+00 1.57357261e-02
2.80900000e+00 1.58564807e-02
2.81800000e+00 1.60025283e-02
2.82700000e+00 1.61747069e-02
2.83600000e+00 1.63739663e-02
2.84500000e+00 1.66013585e-02
2.85400000e+00 1.68580278e-02
2.86300000e+00 1.71451994e-02
2.87200000e+00 1.74641679e-02
2.88100000e+00 1.78162853e-02
2.89000000e+00 1.82029480e-02
2.89900000e+00 1.86255832e-02
2.90800000e+00 1.90856359e-02
2.91700000e+00 1.95845540e-02
2.92600000e+00 2.01237749e-02
2.93500000e+00 2.07047102e-02
2.94400000e+00 2.13287316e-02
2.95300000e+00 2.19971562e-02
2.96200000e+00 2.27112318e-02
2.97100000e+00 2.34721223e-02
2.98000000e+00 2.42808939e-02
2.98900000e+00 2.51385009e-02
2.99800000e+00 2.60457718e-02
3.00700000e+00 2.70033968e-02
3.01600000e+00 2.80119146e-02
3.02500000e+00 2.90717005e-02
3.03400000e+00 3.01829550e-02
3.04300000e+00 3.13456933e-02
3.05200000e+00 3.25597351e-02
3.06100000e+00 3.38246957e-02
3.07000000e+00 3.51399778e-02
3.07900000e+00 3.65047642e-02
3.08800000e+00 3.79180121e-02
3.09700000e+00 3.93784473e-02
3.10600000e+00 4.08845604e-02
3.11500000e+00 4.24346041e-02
3.12400000e+00 4.40265913e-02
3.13300000e+00 4.56582942e-02
3.14200000e+00 4.73272455e-02
3.15100000e+00 4.90307397e-02
3.16000000e+00 5.07658364e-02
3.16900000e+00 5.25293647e-02
3.17800000e+00 5.43179285e-02
3.18700000e+00 5.61279131e-02
3.19600000e+00 5.79554936e-02
3.20500000e+00 5.97966436e-02
3.21400000e+00 6.16471457e-02
3.22300000e+00 6.35026027e-02
3.23200000e+00 6.53584503e-02
3.24100000e+00 6.72099707e-02
3.25000000e+00 6.90523070e-02
3.25900000e+00 7.08804787e-02
3.26800000e+00 7.26893982e-02
3.27700000e+00 7.44738883e-02
3.28600000e+00 7.62286998e-02
3.29500000e+00 7.79485307e-02
3.30400000e+00 7.96280453e-02
3.31300000e+00 8.12618943e-02
3.32200000e+00 8.28447350e-02
3.33100000e+00 8.43712527e-02
3.34000000e+00 8.58361812e-02
3.34900000e+00 8.72343247e-02
3.35800000e+00 8.85605790e-02
3.36700000e+00 8.98099533e-02
3.37600000e+00 9.09775918e-02
3.38500000e+00 9.20587948e-02
3.39400000e+00 9.30490401e-02
3.40300000e+00 9.39440041e-02
3.41200000e+00 9.47395819e-02
3.42100000e+00 9.54319075e-02
3.43000000e+00 9.60173733e-02
3.43900000e+00 9.64926484e-02
3.44800000e+00 9.68546970e-02
3.45700000e+00 9.71007956e-02
3.46600000e+00 9.72285486e-02
3.47500000e+00 9.72359041e-02
3.48400000e+00 9.71211679e-02
3.49300000e+00 9.68830162e-02
3.50200000e+00 9.65205076e-02
3.51100000e+00 9.60330935e-02
3.52000000e+00 9.54206275e-02
3.52900000e+00 9.46833726e-02
3.53800000e+00 9.38220083e-02
3.54700000e+00 9.28376345e-02
3.55600000e+00 9.17317759e-02
3.56500000e+00 9.05063829e-02
3.57400000e+00 8.91638322e-02
3.58300000e+00 8.77069257e-02
3.59200000e+00 8.61388868e-02
3.60100000e+00 8.44633565e-02
3.61000000e+00 8.26843868e-02
3.61900000e+00 8.08064333e-02
3.62800000e+00 7.88343451e-02
3.63700000e+00 7.67733547e-02
3.64600000e+00 7.46290648e-02
3.65500000e+00 7.24074347e-02
3.66400000e+00 7.01147644e-02
3.67300000e+00 6.77576781e-02
3.68200000e+00 6.53431053e-02
3.69100000e+00 6.28782619e-02
3.70000000e+00 6.03706284e-02
3.70900000e+00 5.78279284e-02
3.71800000e+00 5.52581052e-02
3.72700000e+00 5.26692971e-02
3.73600000e+00 5.00698127e-02
3.74500000e+00 4.74681040e-02
3.75400000e+00 4.48727403e-02
3.76300000e+00 4.22923797e-02
3.77200000e+00 3.97357411e-02
3.78100000e+00 3.72115755e-02
3.79000000e+00 3.47286368e-02
3.79900000e+00 3.22956518e-02
3.80800000e+00 2.99212913e-02
3.81700000e+00 2.76141394e-02
3.82600000e+00 2.53826646e-02
3.83500000e+00 2.32351895e-02
3.84400000e+00 2.11798614e-02
3.85300000e+00 1.92246239e-02
3.86200000e+00 1.73771874e-02
3.87100000e+00 1.56450019e-02
3.88000000e+00 1.40352289e-02
3.88900000e+00 1.25547155e-02
3.89800000e+00 1.12099681e-02
3.90700000e+00 1.00071281e-02
3.91600000e+00 8.95194817e-03
3.92500000e+00 8.04976954e-03
3.93400000e+00 7.30550110e-03
3.94300000e+00 6.72359936e-03
3.95200000e+00 6.30805002e-03
3.96100000e+00 6.06235107e-03
3.97000000e+00 5.98949735e-03
3.97900000e+00 6.09196688e-03
3.98800000e+00 6.37170873e-03
3.99700000e+00 6.83013278e-03
4.00600000e+00 7.46810120e-03
4.01500000e+00 8.28592173e-03
4.02400000e+00 9.28334293e-03
4.03300000e+00 1.04595512e-02
4.04200000e+00 1.18131700e-02
4.05100000e+00 1.33422603e-02
4.06000000e+00 1.50443240e-02
4.06900000e+00 1.69163083e-02
4.07800000e+00 1.89546128e-02
4.08700000e+00 2.11550978e-02
4.09600000e+00 2.35130949e-02
4.10500000e+00 2.60234196e-02
4.11400000e+00 2.86803852e-02
4.12300000e+00 3.14778190e-02
4.13200000e+00 3.44090798e-02
4.14100000e+00 3.74670775e-02
4.15000000e+00 4.06442941e-02
4.15900000e+00 4.39328059e-02
4.16800000e+00 4.73243080e-02
4.17700000e+00 5.08101393e-02
4.18600000e+00 5.43813093e-02
4.19500000e+00 5.80285262e-02
4.20400000e+00 6.17422256e-02
4.21300000e+00 6.55126008e-02
4.22200000e+00 6.93296335e-02
4.23100000e+00 7.31831260e-02
4.24000000e+00 7.70627332e-02
4.24900000e+00 8.09579956e-02
4.25800000e+00 8.48583735e-02
4.26700000e+00 8.87532801e-02
4.27600000e+00 9.26321158e-02
4.28500000e+00 9.64843026e-02
4.29400000e+00 1.00299318e-01
4.30300000e+00 1.04066730e-01
4.31200000e+00 1.07776229e-01
4.32100000e+00 1.11417664e-01
4.33000000e+00 1.14981071e-01
4.33900000e+00 1.18456712e-01
4.34800000e+00 1.21835101e-01
4.35700000e+00 1.25107036e-01
4.36600000e+00 1.28263632e-01
4.37500000e+00 1.31296345e-01
4.38400000e+00 1.34197003e-01
4.39300000e+00 1.36957832e-01
4.40200000e+00 1.39571480e-01
4.41100000e+00 1.42031041e-01
4.42000000e+00 1.44330078e-01
4.42900000e+00 1.46462642e-01
4.43800000e+00 1.48423293e-01
4.44700000e+00 1.50207113e-01
4.45600000e+00 1.51809726e-01
4.46500000e+00 1.53227311e-01
4.47400000e+00 1.54456608e-01
4.48300000e+00 1.55494935e-01
4.49200000e+00 1.56340192e-01
4.50100000e+00 1.56990865e-01
4.51000000e+00 1.57446033e-01
4.51900000e+00 1.57705368e-01
4.52800000e+00 1.57769135e-01
4.53700000e+00 1.57638188e-01
4.54600000e+00 1.57313968e-01
4.55500000e+00 1.56798495e-01
4.56400000e+00 1.56094360e-01
4.57300000e+00 1.55204714e-01
4.58200000e+00 1.54133254e-01
4.59100000e+00 1.52884215e-01
4.60000000e+00 1.51462347e-01
4.60900000e+00 1.49872900e-01
4.61800000e+00 1.48121606e-01
4.62700000e+00 1.46214655e-01
4.63600000e+00 1.44158675e-01
4.64500000e+00 1.41960708e-01
4.65400000e+00 1.39628181e-01
4.66300000e+00 1.37168884e-01
4.67200000e+00 1.34590940e-01
4.68100000e+00 1.31902775e-01
4.69000000e+00 1.29113090e-01
4.69900000e+00 1.26230831e-01
4.70800000e+00 1.23265155e-01
4.71700000e+00 1.20225398e-01
4.72600000e+00 1.17121047e-01
4.73500000e+00 1.13961701e-01
4.74400000e+00 1.10757042e-01
4.75300000e+00 1.07516797e-01
4.76200000e+00 1.04250713e-01
4.77100000e+00 1.00968514e-01
4.78000000e+00 9.76798739e-02
4.78900000e+00 9.43943820e-02
4.79800000e+00 9.11215107e-02
4.80700000e+00 8.78705839e-02
4.81600000e+00 8.46507460e-02
4.82500000e+00 8.14709314e-02
4.83400000e+00 7.83398352e-02
4.84300000e+00 7.52658849e-02
4.85200000e+00 7.22572128e-02
4.86100000e+00 6.93216306e-02
4.87000000e+00 6.64666038e-02
4.87900000e+00 6.36992287e-02
4.88800000e+00 6.10262104e-02
4.89700000e+00 5.84538424e-02
4.90600000e+00 5.59879875e-02
4.91500000e+00 5.36340609e-02
4.92400000e+00 5.13970146e-02
4.93300000e+00 4.92813235e-02
4.94200000e+00 4.72909742e-02
4.95100000e+00 4.54294539e-02
4.96000000e+00 4.36997433e-02
4.96900000e+00 4.21043095e-02
4.97800000e+00 4.06451023e-02
4.98700000e+00 3.93235513e-02
4.99600000e+00 3.81405655e-02
5.00500000e+00 3.70965350e-02
5.01400000e+00 3.61913339e-02
5.02300000e+00 3.54243258e-02
5.03200000e+00 3.47943707e-02
5.04100000e+00 3.42998339e-02
5.05000000e+00 3.39385968e-02
5.05900000e+00 3.37080690e-02
5.06800000e+00 3.36052025e-02
5.07700000e+00 3.36265076e-02
5.08600000e+00 3.37680696e-02
5.09500000e+00 3.40255680e-02
5.10400000e+00 3.43942963e-02
5.11300000e+00 3.48691837e-02
5.12200000e+00 3.54448173e-02
5.13100000e+00 3.61154664e-02
5.14000000e+00 3.68751070e-02
5.14900000e+00 3.77174475e-02
5.15800000e+00 3.86359558e-02
5.16700000e+00 3.96238860e-02
5.17600000e+00 4.06743070e-02
5.18500000e+00 4.17801304e-02
5.19400000e+00 4.29341401e-02
5.20300000e+00 4.41290207e-02
5.21200000e+00 4.53573877e-02
5.22100000e+00 4.66118163e-02
5.23000000e+00 4.78848712e-02
5.23900000e+00 4.91691357e-02
5.24800000e+00 5.04572406e-02
5.25700000e+00 5.17418932e-02
5.26600000e+00 5.30159048e-02
5.27500000e+00 5.42722188e-02
5.28400000e+00 5.55039371e-02
5.29300000e+00 5.67043466e-02
5.30200000e+00 5.78669437e-02
5.31100000e+00 5.89854590e-02
5.32000000e+00 6.00538801e-02
5.32900000e+00 6.10664736e-02
5.33800000e+00 6.20178057e-02
5.34700000e+00 6.29027615e-02
5.35600000e+00 6.37165631e-02
5.36500000e+00 6.44547862e-02
5.37400000e+00 6.51133748e-02
5.38300000e+00 6.56886548e-02
5.39200000e+00 6.61773460e-02
5.40100000e+00 6.65765721e-02
5.41000000e+00 6.68838692e-02
5.41900000e+00 6.70971929e-02
5.42800000e+00 6.72149232e-02
5.43700000e+00 6.72358678e-02
5.44600000e+00 6.71592640e-02
5.45500000e+00 6.69847783e-02
5.46400000e+00 6.67125048e-02
5.47300000e+00 6.63429617e-02
5.48200000e+00 6.58770858e-02
5.49100000e+00 6.53162259e-02
5.50000000e+00 6.46621340e-02
5.50900000e+00 6.39169554e-02
5.51800000e+00 6.30832170e-02
5.52700000e+00 6.21638142e-02
5.53600000e+00 6.11619962e-02
5.54500000e+00 6.00813501e-02
5.55400000e+00 5.89257838e-02
5.56300000e+00 5.76995075e-02
5.57200000e+00 5.64070139e-02
5.58100000e+00 5.50530579e-02
5.59000000e+00 5.36426348e-02
5.59900000e+00 5.21809577e-02
5.60800000e+00 5.06734343e-02
5.61700000e+00 4.91256430e-02
5.62600000e+00 4.75433082e-02
5.63500000e+00 4.59322753e-02
5.64400000e+00 4.42984852e-02
5.65300000e+00 4.26479486e-02
5.66200000e+00 4.09867201e-02
5.67100000e+00 3.93208722e-02
5.68000000e+00 3.76564693e-02
5.68900000e+00 3.59995419e-02
5.69800000e+00 3.43560613e-02
5.70700000e+00 3.27319138e-02
5.71600000e+00 3.11328764e-02
5.72500000e+00 2.95645926e-02
5.73400000e+00 2.80325484e-02
5.74300000e+00 2.65420499e-02
5.75200000e+00 2.50982009e-02
5.76100000e+00 2.37058823e-02
5.77000000e+00 2.23697313e-02
5.77900000e+00 2.10941231e-02
5.78800000e+00 1.98831528e-02
5.79700000e+00 1.87406183e-02
5.80600000e+00 1.76700058e-02
5.81500000e+00 1.66744753e-02
5.82400000e+00 1.57568478e-02
5.83300000e+00 1.49195951e-02
5.84200000e+00 1.41648289e-02
5.85100000e+00 1.34942941e-02
5.86000000e+00 1.29093611e-02
5.86900000e+00 1.24110215e-02
5.87800000e+00 1.19998849e-02
5.88700000e+00 1.16761767e-02
5.89600000e+00 1.14397385e-02
5.90500000e+00 1.12900296e-02
5.91400000e+00 1.12261298e-02
5.92300000e+00 1.12467447e-02
5.93200000e+00 1.13502119e-02
5.94100000e+00 1.15345088e-02
5.95000000e+00 1.17972623e-02
5.95900000e+00 1.21357593e-02
5.96800000e+00 1.25469598e-02
5.97700000e+00 1.30275099e-02
5.98600000e+00 1.35737575e-02
5.99500000e+00 1.41817683e-02
6.00400000e+00 1.48473437e-02
6.01300000e+00 1.55660392e-02
6.02200000e+00 1.63331842e-02
6.03100000e+00 1.71439033e-02
6.04000000e+00 1.79931369e-02
6.04900000e+00 1.88756648e-02
6.05800000e+00 1.97861284e-02
6.06700000e+00 2.07190554e-02
6.07600000e+00 2.16688831e-02
6.08500000e+00 2.26299840e-02
6.09400000e+00 2.35966906e-02
6.10300000e+00 2.45633204e-02
6.11200000e+00 2.55242018e-02
6.12100000e+00 2.64736994e-02
6.13000000e+00 2.74062391e-02
6.13900000e+00 2.83163336e-02
6.14800000e+00 2.91986074e-02
6.15700000e+00 3.00478211e-02
6.16600000e+00 3.08588953e-02
6.17500000e+00 3.16269346e-02
6.18400000e+00 3.23472500e-02
6.19300000e+00 3.30153809e-02
6.20200000e+00 3.36271168e-02
6.21100000e+00 3.41785166e-02
6.22000000e+00 3.46659289e-02
6.22900000e+00 3.50860094e-02
6.23800000e+00 3.54357378e-02
6.24700000e+00 3.57124342e-02
6.25600000e+00 3.59137726e-02
6.26500000e+00 3.60377945e-02
6.27400000e+00 3.60829203e-02
6.28300000e+00 3.60479595e-02
6.29200000e+00 3.59321190e-02
6.30100000e+00 3.57350106e-02
6.31000000e+00 3.54566561e-02
6.31900000e+00 3.50974912e-02
6.32800000e+00 3.46583679e-02
6.33700000e+00 3.41405548e-02
6.34600000e+00 3.35457363e-02
6.35500000e+00 3.28760094e-02
6.36400000e+00 3.21338799e-02
6.37300000e+00 3.13222559e-02
6.38200000e+00 3.04444403e-02
6.39100000e+00 2.95041218e-02
6.40000000e+00 2.85053638e-02
6.40900000e+00 2.74525922e-02
6.41800000e+00 2.63505814e-02
6.42700000e+00 2.52044397e-02
6.43600000e+00 2.40195918e-02
6.44500000e+00 2.28017615e-02
6.45400000e+00 2.15569524e-02
6.46300000e+00 2.02914274e-02
6.47200000e+00 1.90116870e-02
6.48100000e+00 1.77244472e-02
6.49000000e+00 1.64366160e-02
6.49900000e+00 1.51552684e-02
6.50800000e+00 1.38876221e-02
6.51700000e+00 1.26410110e-02
6.52600000e+00 1.14228592e-02
6.53500000e+00 1.02406539e-02
6.54400000e+00 9.10191784e-03
6.55300000e+00 8.01418214e-03
6.56200000e+00 6.98495804e-03
6.57100000e+00 6.02170916e-03
6.58000000e+00 5.13182350e-03
6.58900000e+00 4.32258563e-03
6.59800000e+00 3.60114904e-03
6.60700000e+00 2.97450884e-03
6.61600000e+00 2.44947484e-03
6.62500000e+00 2.03264514e-03
6.63400000e+00 1.73038035e-03
6.64300000e+00 1.54877849e-03
6.65200000e+00 1.49365064e-03
6.66100000e+00 1.57049756e-03
6.67000000e+00 1.78448722e-03
6.67900000e+00 2.14043334e-03
6.68800000e+00 2.64277518e-03
6.69700000e+00 3.29555838e-03
6.70600000e+00 4.10241721e-03
6.71500000e+00 5.06655804e-03
6.72400000e+00 6.19074433e-03
6.73300000e+00 7.47728293e-03
6.74200000e+00 8.92801206e-03
6.75100000e+00 1.05442906e-02
6.76000000e+00 1.23269894e-02
6.76900000e+00 1.42764835e-02
6.77800000e+00 1.63926467e-02
6.78700000e+00 1.86748477e-02
6.79600000e+00 2.11219473e-02
6.80500000e+00 2.37322980e-02
6.81400000e+00 2.65037452e-02
6.82300000e+00 2.94336297e-02
6.83200000e+00 3.25187923e-02
6.84100000e+00 3.57555796e-02
6.85000000e+00 3.91398525e-02
6.85900000e+00 4.26669947e-02
6.86800000e+00 4.63319244e-02
6.87700000e+00 5.01291063e-02
6.88600000e+00 5.40525663e-02
6.89500000e+00 5.80959065e-02
6.90400000e+00 6.22523222e-02
6.91300000e+00 6.65146207e-02
6.92200000e+00 7.08752402e-02
6.93100000e+00 7.53262712e-02
6.94000000e+00 7.98594782e-02
6.94900000e+00 8.44663226e-02
6.95800000e+00 8.91379872e-02
6.96700000e+00 9.38654007e-02
6.97600000e+00 9.86392640e-02
6.98500000e+00 1.03450076e-01
6.99400000e+00 1.08288162e-01
7.00300000e+00 1.13143699e-01
7.01200000e+00 1.18006748e-01
7.02100000e+00 1.22867277e-01
7.03000000e+00 1.27715197e-01
7.03900000e+00 1.32540384e-01
7.04800000e+00 1.37332712e-01
7.05700000e+00 1.42082081e-01
7.06600000e+00 1.46778446e-01
7.07500000e+00 1.51411847e-01
7.08400000e+00 1.55972436e-01
7.09300000e+00 1.60450504e-01
7.10200000e+00 1.64836512e-01
7.11100000e+00 1.69121115e-01
7.12000000e+00 1.73295190e-01
7.12900000e+00 1.77349858e-01
7.13800000e+00 1.81276515e-01
7.14700000e+00 1.85066852e-01
7.15600000e+00 1.88712875e-01
7.16500000e+00 1.92206934e-01
7.17400000e+00 1.95541737e-01
7.18300000e+00 1.98710371e-01
7.19200000e+00 2.01706325e-01
7.20100000e+00 2.04523500e-01
7.21000000e+00 2.07156228e-01
7.21900000e+00 2.09599287e-01
7.22800000e+00 2.11847911e-01
7.23700000e+00 2.13897805e-01
7.24600000e+00 2.15745150e-01
7.25500000e+00 2.17386616e-01
7.26400000e+00 2.18819367e-01
7.27300000e+00 2.20041062e-01
7.28200000e+00 2.21049868e-01
7.29100000e+00 2.21844452e-01
7.30000000e+00 2.22423989e-01
7.30900000e+00 2.22788158e-01
7.31800000e+00 2.22937137e-01
7.32700000e+00 2.22871606e-01
7.33600000e+00 2.22592735e-01
7.34500000e+00 2.22102178e-01
7.35400000e+00 2.21402069e-01
7.36300000e+00 2.20495008e-01
7.37200000e+00 2.19384051e-01
7.38100000e+00 2.18072699e-01
7.39000000e+00 2.16564883e-01
7.39900000e+00 2.14864951e-01
7.40800000e+00 2.12977650e-01
7.41700000e+00 2.10908111e-01
7.42600000e+00 2.08661831e-01
7.43500000e+00 2.06244653e-01
7.44400000e+00 2.03662747e-01
7.45300000e+00 2.00922590e-01
7.46200000e+00 1.98030948e-01
7.47100000e+00 1.94994847e-01
7.48000000e+00 1.91821557e-01
7.48900000e+00 1.88518568e-01
7.49800000e+00 1.85093567e-01
7.50700000e+00 1.81554413e-01
7.51600000e+00 1.77909115e-01
7.52500000e+00 1.74165809e-01
7.53400000e+00 1.70332734e-01
7.54300000e+00 1.66418206e-01
7.55200000e+00 1.62430597e-01
7.56100000e+00 1.58378313e-01
7.57000000e+00 1.54269767e-01
7.57900000e+00 1.50113357e-01
7.58800000e+00 1.45917448e-01
7.59700000e+00 1.41690345e-01
7.60600000e+00 1.37440274e-01
7.61500000e+00 1.33175361e-01
7.62400000e+00 1.28903612e-01
7.63300000e+00 1.24632893e-01
7.64200000e+00 1.20370912e-01
7.65100000e+00 1.16125203e-01
7.66000000e+00 1.11903106e-01
7.66900000e+00 1.07711752e-01
7.67800000e+00 1.03558051e-01
7.68700000e+00 9.94486742e-02
7.69600000e+00 9.53900424e-02
7.70500000e+00 9.13883153e-02
7.71400000e+00 8.74493794e-02
7.72300000e+00 8.35788391e-02
7.73200000e+00 7.97820076e-02
7.74100000e+00 7.60639000e-02
7.75000000e+00 7.24292265e-02
7.75900000e+00 6.88823877e-02
7.76800000e+00 6.54274704e-02
7.77700000e+00 6.20682443e-02
7.78600000e+00 5.88081611e-02
7.79500000e+00 5.56503526e-02
7.80400000e+00 5.25976323e-02
7.81300000e+00 4.96524958e-02
7.82200000e+00 4.68171238e-02
7.83100000e+00 4.40933854e-02
7.84000000e+00 4.14828425e-02
7.84900000e+00 3.89867551e-02
7.85800000e+00 3.66060874e-02
7.86700000e+00 3.43415151e-02
7.87600000e+00 3.21934331e-02
7.88500000e+00 3.01619640e-02
7.89400000e+00 2.82469677e-02
7.90300000e+00 2.64480510e-02
7.91200000e+00 2.47645782e-02
7.92100000e+00 2.31956826e-02
7.93000000e+00 2.17402775e-02
7.93900000e+00 2.03970685e-02
7.94800000e+00 1.91645658e-02
7.95700000e+00 1.80410970e-02
7.96600000e+00 1.70248199e-02
7.97500000e+00 1.61137357e-02
7.98400000e+00 1.53057022e-02
7.99300000e+00 1.45984475e-02
8.00200000e+00 1.39895826e-02
8.01100000e+00 1.34766158e-02
8.02000000e+00 1.30569651e-02
8.02900000e+00 1.27279718e-02
8.03800000e+00 1.24869132e-02
8.04700000e+00 1.23310154e-02
8.05600000e+00 1.22574658e-02
8.06500000e+00 1.22634250e-02
8.07400000e+00 1.23460384e-02
8.08300000e+00 1.25024478e-02
8.09200000e+00 1.27298018e-02
8.10100000e+00 1.30252666e-02
8.11000000e+00 1.33860352e-02
8.11900000e+00 1.38093371e-02
8.12800000e+00 1.42924465e-02
8.13700000e+00 1.48326909e-02
8.14600000e+00 1.54274576e-02
8.15500000e+00 1.60742014e-02
8.16400000e+00 1.67704500e-02
8.17300000e+00 1.75138096e-02
8.18200000e+00 1.83019694e-02
8.19100000e+00 1.91327060e-02
8.20000000e+00 2.00038863e-02
8.20900000e+00 2.09134703e-02
8.21800000e+00 2.18595130e-02
8.22700000e+00 2.28401656e-02
8.23600000e+00 2.38536761e-02
8.24500000e+00 2.48983892e-02
8.25400000e+00 2.59727455e-02
8.26300000e+00 2.70752803e-02
8.27200000e+00 2.82046216e-02
8.28100000e+00 2.93594874e-02
8.29000000e+00 3.05386830e-02
8.29900000e+00 3.17410969e-02
8.30800000e+00 3.29656972e-02
8.31700000e+00 3.42115269e-02
8.32600000e+00 3.54776986e-02
8.33500000e+00 3.67633898e-02
8.34400000e+00 3.80678367e-02
8.35300000e+00 3.93903285e-02
8.36200000e+00 4.07302007e-02
8.37100000e+00 4.20868294e-02
8.38000000e+00 4.34596238e-02
8.38900000e+00 4.48480197e-02
8.39800000e+00 4.62514728e-02
8.40700000e+00 4.76694514e-02
8.41600000e+00 4.91014295e-02
8.42500000e+00 5.05468797e-02
8.43400000e+00 5.20052665e-02
8.44300000e+00 5.34760396e-02
8.45200000e+00 5.49586266e-02
8.46100000e+00 5.64524272e-02
8.47000000e+00 5.79568066e-02
8.47900000e+00 5.94710896e-02
8.48800000e+00 6.09945546e-02
8.49700000e+00 6.25264287e-02
8.50600000e+00 6.40658822e-02
8.51500000e+00 6.56120242e-02
8.52400000e+00 6.71638983e-02
8.53300000e+00 6.87204785e-02
8.54200000e+00 7.02806665e-02
8.55100000e+00 7.18432880e-02
8.56000000e+00 7.34070909e-02
8.56900000e+00 7.49707433e-02
8.57800000e+00 7.65328317e-02
8.58700000e+00 7.80918611e-02
8.59600000e+00 7.96462536e-02
8.60500000e+00 8.11943497e-02
8.61400000e+00 8.27344083e-02
8.62300000e+00 8.42646085e-02
8.63200000e+00 8.57830515e-02
8.64100000e+00 8.72877629e-02
8.65000000e+00 8.87766956e-02
8.65900000e+00 9.02477334e-02
8.66800000e+00 9.16986952e-02
8.67700000e+00 9.31273391e-02
8.68600000e+00 9.45313677e-02
8.69500000e+00 9.59084333e-02
8.70400000e+00 9.72561439e-02
8.71300000e+00 9.85720693e-02
8.72200000e+00 9.98537479e-02
8.73100000e+00 1.01098694e-01
8.74000000e+00 1.02304403e-01
8.74900000e+00 1.03468364e-01
8.75800000e+00 1.04588062e-01
8.76700000e+00 1.05660988e-01
8.77600000e+00 1.06684649e-01
8.78500000e+00 1.07656576e-01
8.79400000e+00 1.08574331e-01
8.80300000e+00 1.09435514e-01
8.81200000e+00 1.10237777e-01
8.82100000e+00 1.10978830e-01
8.83000000e+00 1.11656447e-01
8.83900000e+00 1.12268480e-01
8.84800000e+00 1.12812863e-01
8.85700000e+00 1.13287622e-01
8.86600000e+00 1.13690882e-01
8.87500000e+00 1.14020880e-01
8.88400000e+00 1.14275965e-01
8.89300000e+00 1.14454612e-01
8.90200000e+00 1.14555425e-01
8.91100000e+00 1.14577144e-01
8.92000000e+00 1.14518657e-01
8.92900000e+00 1.14378997e-01
8.93800000e+00 1.14157355e-01
8.94700000e+00 1.13853082e-01
8.95600000e+00 1.13465693e-01
8.96500000e+00 1.12994873e-01
8.97400000e+00 1.12440480e-01
8.98300000e+00 1.11802546e-01
8.99200000e+00 1.11081284e-01
9.00100000e+00 1.10277086e-01
9.01000000e+00 1.09390524e-01
9.01900000e+00 1.08422355e-01
9.02800000e+00 1.07373517e-01
9.03700000e+00 1.06245132e-01
9.04600000e+00 1.05038500e-01
9.05500000e+00 1.03755103e-01
9.06400000e+00 1.02396599e-01
9.07300000e+00 1.00964823e-01
9.08200000e+00 9.94617783e-02
9.09100000e+00 9.78896365e-02
9.10000000e+00 9.62507321e-02
9.10900000e+00 9.45475575e-02
9.11800000e+00 9.27827567e-02
9.12700000e+00 9.09591204e-02
9.13600000e+00 8.90795783e-02
9.14500000e+00 8.71471931e-02
9.15400000e+00 8.51651521e-02
9.16300000e+00 8.31367603e-02
9.17200000e+00 8.10654312e-02
9.18100000e+00 7.89546791e-02
9.19000000e+00 7.68081093e-02
9.19900000e+00 7.46294096e-02
9.20800000e+00 7.24223404e-02
9.21700000e+00 7.01907251e-02
9.22600000e+00 6.79384402e-02
9.23500000e+00 6.56694052e-02
9.24400000e+00 6.33875725e-02
9.25300000e+00 6.10969169e-02
9.26200000e+00 5.88014255e-02
9.27100000e+00 5.65050873e-02
9.28000000e+00 5.42118826e-02
9.28900000e+00 5.19257732e-02
9.29800000e+00 4.96506918e-02
9.30700000e+00 4.73905320e-02
9.31600000e+00 4.51491386e-02
9.32500000e+00 4.29302977e-02
9.33400000e+00 4.07377270e-02
9.34300000e+00 3.85750670e-02
9.35200000e+00 3.64458717e-02
9.36100000e+00 3.43536003e-02
9.37000000e+00 3.23016082e-02
9.37900000e+00 3.02931398e-02
9.38800000e+00 2.83313206e-02
9.39700000e+00 2.64191500e-02
9.40600000e+00 2.45594948e-02
9.41500000e+00 2.27550828e-02
9.42400000e+00 2.10084970e-02
9.43300000e+00 1.93221703e-02
9.44200000e+00 1.76983811e-02
9.45100000e+00 1.61392482e-02
9.46000000e+00 1.46467280e-02
9.46900000e+00 1.32226104e-02
9.47800000e+00 1.18685170e-02
9.48700000e+00 1.05858981e-02
9.49600000e+00 9.37603162e-03
9.50500000e+00 8.24002197e-03
9.51400000e+00 7.17879942e-03
9.52300000e+00 6.19312019e-03
9.53200000e+00 5.28356702e-03
9.54100000e+00 4.45055019e-03
9.55000000e+00 3.69430916e-03
9.55900000e+00 3.01491463e-03
9.56800000e+00 2.41227112e-03
9.57700000e+00 1.88612006e-03
9.58600000e+00 1.43604326e-03
9.59500000e+00 1.06146686e-03
9.60400000e+00 7.61665730e-04
9.61300000e+00 5.35768226e-04
9.62200000e+00 3.82761328e-04
9.63100000e+00 3.01496157e-04
9.64000000e+00 2.90693800e-04
9.64900000e+00 3.48951459e-04
9.65800000e+00 4.74748868e-04
9.66700000e+00 6.66454970e-04
9.67600000e+00 9.22334824e-04
9.68500000e+00 1.24055671e-03
9.69400000e+00 1.61919941e-03
9.70300000e+00 2.05625963e-03
9.71200000e+00 2.54965953e-03
9.72100000e+00 3.09725441e-03
9.73000000e+00 3.69684032e-03
9.73900000e+00 4.34616186e-03
9.74800000e+00 5.04291991e-03
9.75700000e+00 5.78477929e-03
9.76600000e+00 6.56937652e-03
9.77500000e+00 7.39432736e-03
9.78400000e+00 8.25723434e-03
9.79300000e+00 9.15569414e-03
9.80200000e+00 1.00873049e-02
9.81100000e+00 1.10496731e-02
9.82000000e+00 1.20404208e-02
9.82900000e+00 1.30571919e-02
9.83800000e+00 1.40976591e-02
9.84700000e+00 1.51595296e-02
9.85600000e+00 1.62405516e-02
9.86500000e+00 1.73385193e-02
9.87400000e+00 1.84512792e-02
9.88300000e+00 1.95767343e-02
9.89200000e+00 2.07128496e-02
9.90100000e+00 2.18576563e-02
9.91000000e+00 2.30092557e-02
9.91900000e+00 2.41658234e-02
9.92800000e+00 2.53256126e-02
9.93700000e+00 2.64869574e-02
9.94600000e+00 2.76482753e-02
9.95500000e+00 2.88080697e-02
9.96400000e+00 2.99649322e-02
9.97300000e+00 3.11175443e-02
9.98200000e+00 3.22646786e-02
9.99100000e+00 3.34052001e-02
1.00000000e+01 3.45380667e-02
1.00900000e+01 4.52829214e-02
1.01800000e+01 5.47857713e-02
1.02700000e+01 6.33533475e-02
1.03600000e+01 7.17602448e-02
1.04500000e+01 8.09081189e-02
1.05400000e+01 9.15366638e-02
1.06300000e+01 1.04018812e-01
1.07200000e+01 1.18222285e-01
1.08100000e+01 1.33409713e-01
1.09000000e+01 1.48181367e-01
1.09900000e+01 1.60512740e-01
1.10800000e+01 1.67965467e-01
1.11700000e+01 1.68123692e-01
1.12600000e+01 1.59224831e-01
1.13500000e+01 1.40842065e-01
1.14400000e+01 1.14387969e-01
1.15300000e+01 8.31970524e-02
1.16200000e+01 5.20374363e-02
1.17100000e+01 2.60830134e-02
1.18000000e+01 9.58855211e-03
1.18900000e+01 4.66838567e-03
1.19800000e+01 1.06099921e-02
1.20700000e+01 2.40237200e-02
1.21600000e+01 3.98668274e-02
1.22500000e+01 5.30686926e-02
1.23400000e+01 6.02387096e-02
1.24300000e+01 6.08600232e-02
1.25200000e+01 5.75074141e-02
1.26100000e+01 5.49450442e-02
1.27000000e+01 5.83558244e-02
1.27900000e+01 7.12872045e-02
1.28800000e+01 9.40399602e-02
1.29700000e+01 1.23112073e-01
1.30600000e+01 1.51965867e-01
1.31500000e+01 1.72926937e-01
1.32400000e+01 1.79610522e-01
1.33300000e+01 1.69057498e-01
1.34200000e+01 1.42833511e-01
1.35100000e+01 1.06684776e-01
1.36000000e+01 6.88376686e-02
1.36900000e+01 3.75019851e-02
1.37800000e+01 1.84190001e-02
1.38700000e+01 1.32814964e-02
1.39600000e+01 1.95462040e-02
1.40500000e+01 3.16689050e-02
1.41400000e+01 4.32954905e-02
1.42300000e+01 4.96177156e-02
1.43200000e+01 4.90657738e-02
1.44100000e+01 4.37701631e-02
1.45000000e+01 3.86824145e-02
1.45900000e+01 3.97267409e-02
1.46800000e+01 5.16848046e-02
1.47700000e+01 7.65762942e-02
1.48600000e+01 1.13075281e-01
1.49500000e+01 1.57090009e-01
1.50400000e+01 2.03195010e-01
1.51300000e+01 2.46308068e-01
1.52200000e+01 2.82959478e-01
1.53100000e+01 3.11715285e-01
1.54000000e+01 3.32694883e-01
1.54900000e+01 3.46508464e-01
1.55800000e+01 3.53173404e-01
1.56700000e+01 3.51556900e-01
1.57600000e+01 3.39642453e-01
1.58500000e+01 3.15536287e-01
1.59400000e+01 2.78777851e-01
1.60300000e+01 2.31347377e-01
1.61200000e+01 1.77851276e-01
1.62100000e+01 1.24684772e-01
1.63000000e+01 7.83949397e-02
1.63900000e+01 4.38222176e-02
1.64800000e+01 2.27326038e-02
1.65700000e+01 1.34990565e-02
1.66600000e+01 1.19982126e-02
1.67500000e+01 1.34066343e-02
1.68400000e+01 1.42024262e-02
1.69300000e+01 1.35632764e-02
1.70200000e+01 1.35615380e-02
1.71100000e+01 1.80232470e-02
1.72000000e+01 3.04660604e-02
1.72900000e+01 5.19438378e-02
1.73800000e+01 7.97282380e-02
1.74700000e+01 1.07489677e-01
1.75600000e+01 1.27084584e-01
1.76500000e+01 1.31414839e-01
1.77400000e+01 1.17345513e-01
1.78300000e+01 8.75467351e-02
1.79200000e+01 5.04345662e-02
1.80100000e+01 1.80327584e-02
1.81000000e+01 2.33660146e-03
1.81900000e+01 1.13522444e-02
1.82800000e+01 4.61798367e-02
1.83700000e+01 1.00214994e-01
1.84600000e+01 1.60846913e-01
1.85500000e+01 2.13171436e-01
1.86400000e+01 2.44520411e-01
1.87300000e+01 2.48298051e-01
1.88200000e+01 2.25832497e-01
1.89100000e+01 1.85627905e-01
1.90000000e+01 1.40302573e-01
1.90900000e+01 1.02300601e-01
1.91800000e+01 7.98795330e-02
1.92700000e+01 7.47540169e-02
1.93600000e+01 8.21603881e-02
1.94500000e+01 9.32237795e-02
1.95400000e+01 9.86806480e-02
1.96300000e+01 9.25380412e-02
1.97200000e+01 7.43072385e-02
1.98100000e+01 4.90091911e-02
1.99000000e+01 2.50018493e-02
1.99900000e+01 1.05060618e-02
2.00800000e+01 1.01984354e-02
2.01700000e+01 2.32124257e-02
2.02600000e+01 4.33526458e-02
2.03500000e+01 6.14818672e-02
2.04400000e+01 6.92016216e-02
2.05300000e+01 6.24306752e-02
2.06200000e+01 4.34875566e-02
2.07100000e+01 2.08085991e-02
2.08000000e+01 6.29231554e-03
2.08900000e+01 1.11404316e-02
2.09800000e+01 4.16425771e-02
2.10700000e+01 9.64121841e-02
2.11600000e+01 1.66100091e-01
2.12500000e+01 2.35760860e-01
2.13400000e+01 2.89129433e-01
2.14300000e+01 3.13408929e-01
2.15200000e+01 3.03004003e-01
2.16100000e+01 2.61009935e-01
2.17000000e+01 1.98043159e-01
2.17900000e+01 1.28893147e-01
2.18800000e+01 6.81727531e-02
2.19700000e+01 2.64086667e-02
2.20600000e+01 7.77209642e-03
2.21500000e+01 1.00120010e-02
2.22400000e+01 2.63653441e-02
2.23300000e+01 4.85687850e-02
2.24200000e+01 6.98066485e-02
2.25100000e+01 8.65800778e-02
2.26000000e+01 9.89854669e-02
2.26900000e+01 1.09534976e-01
2.27800000e+01 1.21187080e-01
2.28700000e+01 1.35486834e-01
2.29600000e+01 1.51577903e-01
2.30500000e+01 1.66422122e-01
2.31400000e+01 1.76035770e-01
2.32300000e+01 1.77142373e-01
2.33200000e+01 1.68508537e-01
2.34100000e+01 1.51411581e-01
2.35000000e+01 1.29094169e-01
2.35900000e+01 1.05510796e-01
2.36800000e+01 8.39698060e-02
2.37700000e+01 6.62964675e-02
2.38600000e+01 5.28805149e-02
2.39500000e+01 4.35406992e-02
2.40400000e+01 3.87287680e-02
2.41300000e+01 4.03906776e-02
2.42200000e+01 5.19059828e-02
2.43100000e+01 7.69112125e-02
2.44000000e+01 1.17331313e-01
2.44900000e+01 1.71380561e-01
2.45800000e+01 2.32455421e-01
2.46700000e+01 2.89631258e-01
2.47600000e+01 3.29941298e-01
2.48500000e+01 3.41941465e-01
2.49400000e+01 3.19499717e-01
2.50300000e+01 2.64519861e-01
2.51200000e+01 1.87531794e-01
2.52100000e+01 1.05705662e-01
2.53000000e+01 3.86780593e-02
2.53900000e+01 3.33148885e-03
2.54800000e+01 9.07640922e-03
2.55700000e+01 5.50937410e-02
2.56600000e+01 1.30420376e-01
2.57500000e+01 2.16885125e-01
2.58400000e+01 2.94017150e-01
2.59300000e+01 3.44447717e-01
2.60200000e+01 3.58206166e-01
2.61100000e+01 3.34704309e-01
2.62000000e+01 2.81968238e-01
2.62900000e+01 2.13549202e-01
2.63800000e+01 1.44234100e-01
2.64700000e+01 8.59628467e-02
2.65600000e+01 4.51714479e-02
2.66500000e+01 2.22079258e-02
2.67400000e+01 1.27305669e-02
2.68300000e+01 1.03553127e-02
2.69200000e+01 9.48306364e-03
2.70100000e+01 7.29926358e-03
2.71000000e+01 4.34325630e-03
2.71900000e+01 3.62272958e-03
2.72800000e+01 8.77992973e-03
2.73700000e+01 2.21153979e-02
2.74600000e+01 4.32536738e-02
2.75500000e+01 6.89283285e-02
2.76400000e+01 9.39066621e-02
2.77300000e+01 1.12647489e-01
2.78200000e+01 1.21043452e-01
2.79100000e+01 1.17616575e-01
2.80000000e+01 1.03784464e-01
2.80900000e+01 8.31829683e-02
2.81800000e+01 6.03716745e-02
2.82700000e+01 3.94365461e-02
2.83600000e+01 2.29825384e-02
2.84500000e+01 1.18059390e-02
2.85400000e+01 5.24626595e-03
2.86300000e+01 1.96092095e-03
2.87200000e+01 7.39059642e-04
2.88100000e+01 1.01145998e-03
2.89000000e+01 2.88818763e-03
2.89900000e+01 6.78184189e-03
2.90800000e+01 1.28534461e-02
2.91700000e+01 2.05795380e-02
2.92600000e+01 2.86654283e-02
2.93500000e+01 3.53610930e-02
2.94400000e+01 3.90502887e-02
2.95300000e+01 3.88608350e-02
2.96200000e+01 3.50344037e-02
2.97100000e+01 2.88972933e-02
2.98000000e+01 2.24414605e-02
2.98900000e+01 1.76840316e-02
2.99800000e+01 1.60566871e-02
3.00700000e+01 1.80514834e-02
3.01600000e+01 2.32317416e-02
3.02500000e+01 3.05596815e-02
3.03400000e+01 3.88654404e-02
3.04300000e+01 4.72386908e-02
3.05200000e+01 5.51799496e-02
3.06100000e+01 6.24755566e-02
3.07000000e+01 6.88990151e-02
3.07900000e+01 7.39282749e-02
3.08800000e+01 7.66635132e-02
3.09700000e+01 7.60343172e-02
3.10600000e+01 7.12412104e-02
3.11500000e+01 6.22492947e-02
3.12400000e+01 5.01008850e-02
3.13300000e+01 3.68667863e-02
3.14200000e+01 2.51947036e-02
3.15100000e+01 1.75818335e-02
3.16000000e+01 1.56251897e-02
3.16900000e+01 1.95309488e-02
3.17800000e+01 2.80764442e-02
3.18700000e+01 3.90473022e-02
3.19600000e+01 4.99861576e-02
3.20500000e+01 5.89656154e-02
3.21400000e+01 6.50900329e-02
3.22300000e+01 6.85444638e-02
3.23200000e+01 7.01995776e-02
3.24100000e+01 7.09695504e-02
3.25000000e+01 7.12254256e-02
3.25900000e+01 7.05416185e-02
3.26800000e+01 6.79047188e-02
3.27700000e+01 6.23017622e-02
3.28600000e+01 5.34201356e-02
3.29500000e+01 4.21165744e-02
3.30400000e+01 3.03885563e-02
3.31300000e+01 2.07853090e-02
3.32200000e+01 1.54482723e-02
3.33100000e+01 1.51659786e-02
3.34000000e+01 1.88759421e-02
3.34900000e+01 2.39113714e-02
3.35800000e+01 2.70119794e-02
3.36700000e+01 2.57974451e-02
3.37600000e+01 2.01667097e-02
3.38500000e+01 1.30399617e-02
3.39400000e+01 1.00395096e-02
3.40300000e+01 1.80612387e-02
3.41200000e+01 4.30982111e-02
3.42100000e+01 8.79911090e-02
3.43000000e+01 1.50872732e-01
3.43900000e+01 2.24897552e-01
3.44800000e+01 2.99451726e-01
3.45700000e+01 3.62556098e-01
3.46600000e+01 4.03772952e-01
3.47500000e+01 4.16749917e-01
3.48400000e+01 4.00646474e-01
3.49300000e+01 3.60051642e-01
3.50200000e+01 3.03487600e-01
3.51100000e+01 2.41032555e-01
3.52000000e+01 1.81836289e-01
3.52900000e+01 1.32268361e-01
3.53800000e+01 9.51579402e-02
3.54700000e+01 7.01710691e-02
3.55600000e+01 5.49843268e-02
3.56500000e+01 4.66933449e-02
3.57400000e+01 4.29092676e-02
3.58300000e+01 4.22192885e-02
3.59200000e+01 4.40112017e-02
3.60100000e+01 4.79439720e-02
3.61000000e+01 5.34688475e-02
3.61900000e+01 5.97238232e-02
3.62800000e+01 6.58844097e-02
3.63700000e+01 7.17720905e-02
3.64600000e+01 7.83348886e-02
3.65500000e+01 8.76186185e-02
3.66400000e+01 1.02055216e-01
3.67300000e+01 1.23225132e-01
3.68200000e+01 1.50560168e-01
3.69100000e+01 1.80593557e-01
3.70000000e+01 2.07248150e-01
3.70900000e+01 2.23297582e-01
3.71800000e+01 2.22660905e-01
3.72700000e+01 2.02784360e-01
3.73600000e+01 1.66202493e-01
3.74500000e+01 1.20551352e-01
3.75400000e+01 7.67970102e-02
3.76300000e+01 4.60848290e-02
3.77200000e+01 3.61753093e-02
3.78100000e+01 4.86883910e-02
3.79000000e+01 7.82047763e-02
3.79900000e+01 1.13698371e-01
3.80800000e+01 1.41979681e-01
3.81700000e+01 1.52092151e-01
3.82600000e+01 1.39195492e-01
3.83500000e+01 1.06560592e-01
3.84400000e+01 6.48855209e-02
3.85300000e+01 2.90370829e-02
3.86200000e+01 1.32223240e-02
3.87100000e+01 2.61794643e-02
3.88000000e+01 6.80286337e-02
3.88900000e+01 1.29903689e-01
3.89800000e+01 1.96563173e-01
3.90700000e+01 2.51164812e-01
3.91600000e+01 2.80636274e-01
3.92500000e+01 2.79851750e-01
3.93400000e+01 2.53213192e-01
3.94300000e+01 2.13106743e-01
3.95200000e+01 1.75758720e-01
3.96100000e+01 1.55887047e-01
3.97000000e+01 1.61933089e-01
3.97900000e+01 1.93435659e-01
3.98800000e+01 2.41358794e-01
3.99700000e+01 2.91175905e-01
4.00600000e+01 3.27598850e-01
4.01500000e+01 3.39334311e-01
4.02400000e+01 3.22313593e-01
4.03300000e+01 2.80432979e-01
4.04200000e+01 2.23733306e-01
4.05100000e+01 1.64815000e-01
4.06000000e+01 1.14825564e-01
4.06900000e+01 8.03970960e-02
4.07800000e+01 6.24657228e-02
4.08700000e+01 5.71613563e-02
4.09600000e+01 5.82018934e-02
4.10500000e+01 5.97368152e-02
4.11400000e+01 5.85242745e-02
4.12300000e+01 5.46880762e-02
4.13200000e+01 5.09223384e-02
4.14100000e+01 5.06381369e-02
4.15000000e+01 5.59349332e-02
4.15900000e+01 6.62907931e-02
4.16800000e+01 7.85138093e-02
4.17700000e+01 8.79399034e-02
4.18600000e+01 9.03326628e-02
4.19500000e+01 8.36541015e-02
4.20400000e+01 6.89427657e-02
4.21300000e+01 4.99228864e-02
4.22200000e+01 3.15108704e-02
4.23100000e+01 1.78567690e-02
4.24000000e+01 1.07619052e-02
4.24900000e+01 9.16271577e-03
4.25800000e+01 9.92358253e-03
4.26700000e+01 9.61922101e-03
4.27600000e+01 6.54194303e-03
4.28500000e+01 2.03010522e-03
4.29400000e+01 4.50528240e-04
4.30300000e+01 7.69801550e-03
4.31200000e+01 2.86956306e-02
4.32100000e+01 6.48422423e-02
4.33000000e+01 1.12464184e-01
4.33900000e+01 1.63022642e-01
4.34800000e+01 2.05205413e-01
4.35700000e+01 2.28316805e-01
4.36600000e+01 2.25843283e-01
4.37500000e+01 1.97927558e-01
4.38400000e+01 1.51801870e-01
4.39300000e+01 9.99120202e-02
4.40200000e+01 5.62684353e-02
4.41100000e+01 3.21983078e-02
4.42000000e+01 3.29081722e-02
4.42900000e+01 5.60069832e-02
4.43800000e+01 9.24732654e-02
4.44700000e+01 1.29712284e-01
4.45600000e+01 1.55639567e-01
4.46500000e+01 1.62398155e-01
4.47400000e+01 1.48482396e-01
4.48300000e+01 1.18634905e-01
4.49200000e+01 8.16846351e-02
4.50100000e+01 4.72100770e-02
4.51000000e+01 2.22852534e-02
4.51900000e+01 9.47039546e-03
4.52800000e+01 6.69165870e-03
4.53700000e+01 8.91728104e-03
4.54600000e+01 1.08606776e-02
4.55500000e+01 9.57583121e-03
4.56400000e+01 5.88762262e-03
4.57300000e+01 4.08209538e-03
4.58200000e+01 9.97999183e-03
4.59100000e+01 2.81631450e-02
4.60000000e+01 5.94716907e-02
4.60900000e+01 9.98089115e-02
4.61800000e+01 1.40810467e-01
4.62700000e+01 1.72235902e-01
4.63600000e+01 1.85283867e-01
4.64500000e+01 1.75663089e-01
4.65400000e+01 1.45306449e-01
4.66300000e+01 1.02076326e-01
4.67200000e+01 5.75083890e-02
4.68100000e+01 2.33256000e-02
4.69000000e+01 7.87977666e-03
4.69900000e+01 1.36964162e-02
4.70800000e+01 3.69096081e-02
4.71700000e+01 6.87225223e-02
4.72600000e+01 9.83491624e-02
4.73500000e+01 1.16421751e-01
4.74400000e+01 1.17740609e-01
4.75300000e+01 1.02521151e-01
4.76200000e+01 7.58411295e-02
4.77100000e+01 4.56068412e-02
4.78000000e+01 1.98234980e-02
4.78900000e+01 4.12126410e-03
4.79800000e+01 3.18402149e-04
4.80700000e+01 6.38118565e-03
4.81600000e+01 1.76339264e-02
4.82500000e+01 2.86657427e-02
4.83400000e+01 3.52071070e-02
4.84300000e+01 3.53474103e-02
4.85200000e+01 2.97721879e-02
4.86100000e+01 2.10828968e-02
4.87000000e+01 1.25759558e-02
4.87900000e+01 6.99496728e-03
4.88800000e+01 5.70149329e-03
4.89700000e+01 8.48689104e-03
4.90600000e+01 1.39750089e-02
4.91500000e+01 2.03546639e-02
4.92400000e+01 2.61060098e-02
4.93300000e+01 3.04569867e-02
4.94200000e+01 3.34742021e-02
4.95100000e+01 3.58711938e-02
4.96000000e+01 3.87248955e-02
4.96900000e+01 4.32862497e-02
4.97800000e+01 5.09663341e-02
4.98700000e+01 6.34344487e-02
4.99600000e+01 8.26563752e-02
5.00500000e+01 1.10688526e-01
5.01400000e+01 1.49140874e-01
5.02300000e+01 1.98390155e-01
5.03200000e+01 2.56790259e-01
5.04100000e+01 3.20210284e-01
5.05000000e+01 3.82183765e-01
5.05900000e+01 4.34779449e-01
5.06800000e+01 4.70062233e-01
5.07700000e+01 4.81791941e-01
5.08600000e+01 4.66893637e-01
5.09500000e+01 4.26274044e-01
5.10400000e+01 3.64744776e-01
5.11300000e+01 2.90079791e-01
5.12200000e+01 2.11487247e-01
5.13100000e+01 1.37926689e-01
5.14000000e+01 7.67032060e-02
5.14900000e+01 3.26305898e-02
5.15800000e+01 7.83704781e-03
5.16700000e+01 2.07730801e-03
5.17600000e+01 1.32917926e-02
5.18500000e+01 3.81545603e-02
5.19400000e+01 7.24608525e-02
5.20300000e+01 1.11361711e-01
5.21200000e+01 1.49579508e-01
5.22100000e+01 1.81773432e-01
5.23000000e+01 2.03150446e-01
5.23900000e+01 2.10268348e-01
5.24800000e+01 2.01823424e-01
5.25700000e+01 1.79132320e-01
5.26600000e+01 1.46055238e-01
5.27500000e+01 1.08264464e-01
5.28400000e+01 7.19851654e-02
5.29300000e+01 4.25386862e-02
5.30200000e+01 2.31184495e-02
5.31100000e+01 1.41779539e-02
5.32000000e+01 1.36195481e-02
5.32900000e+01 1.77076010e-02
5.33800000e+01 2.23873007e-02
5.34700000e+01 2.45610897e-02
5.35600000e+01 2.29070025e-02
5.36500000e+01 1.80036929e-02
5.37400000e+01 1.17857874e-02
5.38300000e+01 6.59117117e-03
5.39200000e+01 4.18951956e-03
5.40100000e+01 5.15442743e-03
5.41000000e+01 8.77739583e-03
5.41900000e+01 1.34921718e-02
5.42800000e+01 1.75780273e-02
5.43700000e+01 1.98206908e-02
5.44600000e+01 1.98617959e-02
5.45500000e+01 1.81330195e-02
5.46400000e+01 1.54726506e-02
5.47300000e+01 1.26684576e-02
5.48200000e+01 1.01946399e-02
5.49100000e+01 8.30015914e-03
5.50000000e+01 7.40983953e-03
5.50900000e+01 8.60874187e-03
5.51800000e+01 1.38877080e-02
5.52700000e+01 2.58882216e-02
5.53600000e+01 4.70868428e-02
5.54500000e+01 7.86269730e-02
5.55400000e+01 1.19224994e-01
5.56300000e+01 1.64644435e-01
5.57200000e+01 2.08096118e-01
5.58100000e+01 2.41615279e-01
5.59000000e+01 2.58094391e-01
5.59900000e+01 2.53356124e-01
5.60800000e+01 2.27559954e-01
5.61700000e+01 1.85403638e-01
5.62600000e+01 1.34964865e-01
5.63500000e+01 8.54989409e-02
5.64400000e+01 4.48928520e-02
5.65300000e+01 1.76242980e-02
5.66200000e+01 3.91787781e-03
5.67100000e+01 3.74016426e-04
5.68000000e+01 1.81507073e-03
5.68900000e+01 3.64302479e-03
5.69800000e+01 3.80688456e-03
5.70700000e+01 3.61772627e-03
5.71600000e+01 7.08242834e-03
5.72500000e+01 1.89970226e-02
5.73400000e+01 4.25334140e-02
5.74300000e+01 7.72775999e-02
5.75200000e+01 1.18538898e-01
5.76100000e+01 1.58289708e-01
5.77000000e+01 1.87480271e-01
5.77900000e+01 1.98933735e-01
5.78800000e+01 1.89772788e-01
5.79700000e+01 1.62466565e-01
5.80600000e+01 1.24075146e-01
5.81500000e+01 8.39328064e-02
5.82400000e+01 5.06017815e-02
5.83300000e+01 2.92179163e-02
5.84200000e+01 2.02186356e-02
5.85100000e+01 1.99300590e-02
5.86000000e+01 2.27791603e-02
5.86900000e+01 2.42553405e-02
5.87800000e+01 2.34223757e-02
5.88700000e+01 2.39119376e-02
5.89600000e+01 3.28809760e-02
5.90500000e+01 5.81932149e-02
5.91400000e+01 1.04802888e-01
5.92300000e+01 1.71701860e-01
5.93200000e+01 2.50680457e-01
5.94100000e+01 3.27567224e-01
5.95000000e+01 3.85749829e-01
5.95900000e+01 4.10943464e-01
5.96800000e+01 3.95668985e-01
5.97700000e+01 3.41923140e-01
5.98600000e+01 2.61075381e-01
5.99500000e+01 1.70927569e-01
6.00400000e+01 9.08143014e-02
6.01300000e+01 3.62756384e-02
6.02200000e+01 1.49730340e-02
6.03100000e+01 2.50965940e-02
6.04000000e+01 5.66773845e-02
6.04900000e+01 9.52644904e-02
6.05800000e+01 1.26681635e-01
6.06700000e+01 1.41290888e-01
6.07600000e+01 1.36443162e-01
6.08500000e+01 1.16477456e-01
6.09400000e+01 9.04873515e-02
6.10300000e+01 6.87982599e-02
6.11200000e+01 5.94478820e-02
6.12100000e+01 6.58376732e-02
6.13000000e+01 8.62024171e-02
6.13900000e+01 1.14844339e-01
6.14800000e+01 1.44465313e-01
6.15700000e+01 1.68623035e-01
6.16600000e+01 1.83422809e-01
6.17500000e+01 1.87968819e-01
6.18400000e+01 1.83649074e-01
6.19300000e+01 1.72787084e-01
6.20200000e+01 1.57382141e-01
6.21100000e+01 1.38520296e-01
6.22000000e+01 1.16650367e-01
6.22900000e+01 9.24649285e-02
6.23800000e+01 6.78104212e-02
6.24700000e+01 4.60148187e-02
6.25600000e+01 3.12852058e-02
6.26500000e+01 2.72788659e-02
6.27400000e+01 3.53925412e-02
6.28300000e+01 5.35443130e-02
6.29200000e+01 7.61218939e-02
6.30100000e+01 9.53563904e-02
6.31000000e+01 1.03803196e-01
6.31900000e+01 9.71019665e-02
6.32800000e+01 7.59643042e-02
6.33700000e+01 4.65178896e-02
6.34600000e+01 1.86816736e-02
6.35500000e+01 2.97197867e-03
6.36400000e+01 6.77418266e-03
6.37300000e+01 3.14068848e-02
6.38200000e+01 7.11193618e-02
6.39100000e+01 1.14537656e-01
6.40000000e+01 1.48217145e-01
6.40900000e+01 1.61175071e-01
6.41800000e+01 1.48857823e-01
6.42700000e+01 1.15115308e-01
6.43600000e+01 7.13892339e-02
6.44500000e+01 3.32653209e-02
6.45400000e+01 1.54644929e-02
6.46300000e+01 2.69253396e-02
6.47200000e+01 6.76463150e-02
6.48100000e+01 1.28393475e-01
6.49000000e+01 1.93425246e-01
6.49900000e+01 2.45367540e-01
6.50800000e+01 2.70643426e-01
6.51700000e+01 2.63674567e-01
6.52600000e+01 2.28490444e-01
6.53500000e+01 1.77258149e-01
6.54400000e+01 1.26274797e-01
6.55300000e+01 9.07915814e-02
6.56200000e+01 8.03848253e-02
6.57100000e+01 9.63487468e-02
6.58000000e+01 1.31856621e-01
6.58900000e+01 1.74686761e-01
6.59800000e+01 2.11470511e-01
6.60700000e+01 2.31973621e-01
6.61600000e+01 2.32004211e-01
6.62500000e+01 2.14094949e-01
6.63400000e+01 1.85916974e-01
6.64300000e+01 1.57153379e-01
6.65200000e+01 1.36025836e-01
6.66100000e+01 1.26686753e-01
6.67000000e+01 1.28285531e-01
6.67900000e+01 1.35863681e-01
6.68800000e+01 1.42580228e-01
6.69700000e+01 1.42348913e-01
6.70600000e+01 1.31914236e-01
6.71500000e+01 1.11694020e-01
6.72400000e+01 8.52320996e-02
6.73300000e+01 5.76276086e-02
6.74200000e+01 3.36420733e-02
6.75100000e+01 1.62230322e-02
6.76000000e+01 5.93539174e-03
6.76900000e+01 1.37978600e-03
6.77800000e+01 2.76218229e-04
6.78700000e+01 6.59594162e-04
6.79600000e+01 1.65151670e-03
6.80500000e+01 3.51451954e-03
6.81400000e+01 7.04558541e-03
6.82300000e+01 1.26711174e-02
6.83200000e+01 1.97365977e-02
6.84100000e+01 2.63892146e-02
6.85000000e+01 3.01752494e-02
6.85900000e+01 2.91363957e-02
6.86800000e+01 2.29360074e-02
6.87700000e+01 1.34882313e-02
6.88600000e+01 4.73053289e-03
6.89500000e+01 1.51097134e-03
6.90400000e+01 7.92544437e-03
6.91300000e+01 2.56906724e-02
6.92200000e+01 5.31717879e-02
6.93100000e+01 8.54786423e-02
6.94000000e+01 1.15674269e-01
6.94900000e+01 1.36739205e-01
6.95800000e+01 1.43655777e-01
6.96700000e+01 1.34921671e-01
6.97600000e+01 1.12992584e-01
6.98500000e+01 8.35192158e-02
6.99400000e+01 5.36502638e-02
7.00300000e+01 2.99746238e-02
7.01200000e+01 1.67687124e-02
7.02100000e+01 1.50745824e-02
7.03000000e+01 2.28226048e-02
7.03900000e+01 3.58497683e-02
7.04800000e+01 4.93837107e-02
7.05700000e+01 5.94579085e-02
7.06600000e+01 6.38180381e-02
7.07500000e+01 6.21205125e-02
7.08400000e+01 5.55076416e-02
7.09300000e+01 4.58578841e-02
7.10200000e+01 3.50783677e-02
7.11100000e+01 2.47177812e-02
7.12000000e+01 1.59827928e-02
7.12900000e+01 1.00317789e-02
7.13800000e+01 8.28743882e-03
7.14700000e+01 1.25087672e-02
7.15600000e+01 2.44883637e-02
7.16500000e+01 4.54342296e-02
7.17400000e+01 7.52689457e-02
7.18300000e+01 1.12155524e-01
7.19200000e+01 1.52502226e-01
7.20100000e+01 1.91528759e-01
7.21000000e+01 2.24261779e-01
7.21900000e+01 2.46655891e-01
7.22800000e+01 2.56477891e-01
7.23700000e+01 2.53671455e-01
7.24600000e+01 2.40105934e-01
7.25500000e+01 2.18832746e-01
7.26400000e+01 1.93139936e-01
7.27300000e+01 1.65746106e-01
7.28200000e+01 1.38393077e-01
7.29100000e+01 1.11919634e-01
7.30000000e+01 8.67008693e-02
7.30900000e+01 6.31995031e-02
7.31800000e+01 4.23507529e-02
7.32700000e+01 2.55963286e-02
7.33600000e+01 1.45520814e-02
7.34500000e+01 1.04637650e-02
7.35400000e+01 1.37035914e-02
7.36300000e+01 2.35458046e-02
7.37200000e+01 3.83398801e-02
7.38100000e+01 5.60274850e-02
7.39000000e+01 7.47986056e-02
7.39900000e+01 9.36183400e-02
7.40800000e+01 1.12406709e-01
7.41700000e+01 1.31798334e-01
7.42600000e+01 1.52585716e-01
7.43500000e+01 1.75083735e-01
7.44400000e+01 1.98686454e-01
7.45300000e+01 2.21805668e-01
7.46200000e+01 2.42218445e-01
7.47100000e+01 2.57677793e-01
7.48000000e+01 2.66531288e-01
7.48900000e+01 2.68094999e-01
7.49800000e+01 2.62643726e-01
7.50700000e+01 2.51054086e-01
7.51600000e+01 2.34296171e-01
7.52500000e+01 2.13039569e-01
7.53400000e+01 1.87585102e-01
7.54300000e+01 1.58174402e-01
7.55200000e+01 1.25533781e-01
7.56100000e+01 9.13661879e-02
7.57000000e+01 5.84869539e-02
7.57900000e+01 3.04263326e-02
7.58800000e+01 1.05510748e-02
7.59700000e+01 9.95157726e-04
7.60600000e+01 1.82955913e-03
7.61500000e+01 1.08681425e-02
7.62400000e+01 2.42942636e-02
7.63300000e+01 3.79705685e-02
7.64200000e+01 4.89872055e-02
7.65100000e+01 5.68432467e-02
7.66000000e+01 6.37273242e-02
7.66900000e+01 7.36642380e-02
7.67800000e+01 9.07281061e-02
7.68700000e+01 1.16928799e-01
7.69600000e+01 1.50590872e-01
7.70500000e+01 1.85957353e-01
7.71400000e+01 2.14366615e-01
7.72300000e+01 2.26787591e-01
7.73200000e+01 2.16955087e-01
7.74100000e+01 1.84031436e-01
7.75000000e+01 1.33772695e-01
7.75900000e+01 7.76096713e-02
7.76800000e+01 2.97383734e-02
7.77700000e+01 3.02084007e-03
7.78600000e+01 4.97264343e-03
7.79500000e+01 3.51729671e-02
7.80400000e+01 8.50322708e-02
7.81300000e+01 1.40108940e-01
7.82200000e+01 1.84324855e-01
7.83100000e+01 2.04779198e-01
7.84000000e+01 1.95630686e-01
7.84900000e+01 1.59799649e-01
7.85800000e+01 1.07945200e-01
7.86700000e+01 5.50629937e-02
7.87600000e+01 1.58225527e-02
7.88500000e+01 1.56565924e-04
7.89400000e+01 1.04970213e-02
7.90300000e+01 4.14723013e-02
7.91200000e+01 8.20433534e-02
7.92100000e+01 1.19258673e-01
7.93000000e+01 1.42319840e-01
7.93900000e+01 1.45627871e-01
7.94800000e+01 1.29912488e-01
7.95700000e+01 1.01258468e-01
7.96600000e+01 6.85700185e-02
7.97500000e+01 4.04968351e-02
7.98400000e+01 2.29265926e-02
7.99300000e+01 1.78251623e-02
8.00200000e+01 2.36251083e-02
8.01100000e+01 3.67604259e-02
8.02000000e+01 5.35525798e-02
8.02900000e+01 7.16085784e-02
8.03800000e+01 9.01922611e-02
8.04700000e+01 1.09534877e-01
8.05600000e+01 1.29543020e-01
8.06500000e+01 1.48635119e-01
8.07400000e+01 1.63379884e-01
8.08300000e+01 1.69247615e-01
8.09200000e+01 1.62270928e-01
8.10100000e+01 1.40962937e-01
8.11000000e+01 1.07652255e-01
8.11900000e+01 6.85561160e-02
8.12800000e+01 3.23744822e-02
8.13700000e+01 7.77346316e-03
8.14600000e+01 6.03322484e-04
8.15500000e+01 1.18671479e-02
8.16400000e+01 3.72380339e-02
8.17300000e+01 6.83834579e-02
8.18200000e+01 9.56920731e-02
8.19100000e+01 1.11462193e-01
8.20000000e+01 1.12412985e-01
8.20900000e+01 1.00604707e-01
8.21800000e+01 8.24284759e-02
8.22700000e+01 6.60388238e-02
8.23600000e+01 5.81859987e-02
8.24500000e+01 6.16358858e-02
8.25400000e+01 7.41505339e-02
8.26300000e+01 8.94168644e-02
8.27200000e+01 9.95728744e-02
8.28100000e+01 9.83684433e-02
8.29000000e+01 8.37463272e-02
8.29900000e+01 5.88381567e-02
8.30800000e+01 3.09658593e-02
8.31700000e+01 8.99820538e-03
8.32600000e+01 4.72339259e-05
8.33500000e+01 6.75613872e-03
8.34400000e+01 2.62222902e-02
8.35300000e+01 5.09897940e-02
8.36200000e+01 7.17628233e-02
8.37100000e+01 8.08306891e-02
8.38000000e+01 7.49120598e-02
8.38900000e+01 5.63324692e-02
8.39800000e+01 3.20743913e-02
8.40700000e+01 1.10502091e-02
8.41600000e+01 6.38330569e-04
8.42500000e+01 3.82558267e-03
8.43400000e+01 1.80915741e-02
8.44300000e+01 3.65214113e-02
8.45200000e+01 5.07794130e-02
8.46100000e+01 5.48379880e-02
8.47000000e+01 4.80156337e-02
8.47900000e+01 3.60755744e-02
8.48800000e+01 2.98131843e-02
8.49700000e+01 4.14776439e-02
8.50600000e+01 8.01986004e-02
8.51500000e+01 1.48016341e-01
8.52400000e+01 2.37978176e-01
8.53300000e+01 3.35100307e-01
8.54200000e+01 4.20030147e-01
8.55100000e+01 4.74315899e-01
8.56000000e+01 4.85624558e-01
8.56900000e+01 4.51245515e-01
8.57800000e+01 3.78775778e-01
8.58700000e+01 2.83808529e-01
8.59600000e+01 1.85417882e-01
8.60500000e+01 1.00917261e-01
8.61400000e+01 4.15415030e-02
8.62300000e+01 1.03215240e-02
8.63200000e+01 2.63596597e-03
8.64100000e+01 9.02137943e-03
8.65000000e+01 1.91148112e-02
8.65900000e+01 2.53213260e-02
8.66800000e+01 2.50148598e-02
8.67700000e+01 2.06870388e-02
8.68600000e+01 1.82176457e-02
8.69500000e+01 2.40756838e-02
8.70400000e+01 4.25570198e-02
8.71300000e+01 7.40444170e-02
8.72200000e+01 1.14815081e-01
8.73100000e+01 1.58314014e-01
8.74000000e+01 1.97291642e-01
8.74900000e+01 2.25954581e-01
8.75800000e+01 2.41367738e-01
8.76700000e+01 2.43710249e-01
8.77600000e+01 2.35464307e-01
8.78500000e+01 2.20011292e-01
8.79400000e+01 2.00277247e-01
8.80300000e+01 1.77963170e-01
8.81200000e+01 1.53580810e-01
8.82100000e+01 1.27137214e-01
8.83000000e+01 9.90331640e-02
8.83900000e+01 7.06739219e-02
8.84800000e+01 4.44538897e-02
8.85700000e+01 2.30903884e-02
8.86600000e+01 8.60443127e-03
8.87500000e+01 1.43513890e-03
8.88400000e+01 1.44607929e-04
8.89300000e+01 1.93030594e-03
8.90200000e+01 3.81098382e-03
8.91100000e+01 4.03754055e-03
8.92000000e+01 3.13861847e-03
8.92900000e+01 4.11024942e-03
8.93800000e+01 1.15704363e-02
8.94700000e+01 3.01061337e-02
8.95600000e+01 6.23819764e-02
8.96500000e+01 1.07717776e-01
8.97400000e+01 1.61711810e-01
8.98300000e+01 2.17128639e-01
8.99200000e+01 2.65812749e-01
9.00100000e+01 3.01003351e-01
9.01000000e+01 3.19258563e-01
9.01900000e+01 3.21316448e-01
9.02800000e+01 3.11586931e-01
9.03700000e+01 2.96450985e-01
9.04600000e+01 2.81965942e-01
9.05500000e+01 2.71784300e-01
9.06400000e+01 2.66012448e-01
9.07300000e+01 2.61395687e-01
9.08200000e+01 2.52741661e-01
9.09100000e+01 2.35057409e-01
9.10000000e+01 2.05631535e-01
9.10900000e+01 1.65325382e-01
9.11800000e+01 1.18627608e-01
9.12700000e+01 7.24651150e-02
9.13600000e+01 3.41906936e-02
9.14500000e+01 9.43434673e-03
9.15400000e+01 5.24744808e-04
9.16300000e+01 5.96475627e-03
9.17200000e+01 2.10707637e-02
9.18100000e+01 3.94981826e-02
9.19000000e+01 5.51096596e-02
9.19900000e+01 6.35801473e-02
9.20800000e+01 6.32786926e-02
9.21700000e+01 5.52508707e-02
9.22600000e+01 4.24362372e-02
9.23500000e+01 2.84815518e-02
9.24400000e+01 1.65842497e-02
9.25300000e+01 8.71594367e-03
9.26200000e+01 5.38522143e-03
9.27100000e+01 5.88736365e-03
9.28000000e+01 8.83673668e-03
9.28900000e+01 1.27317905e-02
9.29800000e+01 1.63606276e-02
9.30700000e+01 1.89734263e-02
9.31600000e+01 2.02649683e-02
9.32500000e+01 2.02749108e-02
9.33400000e+01 1.93056725e-02
9.34300000e+01 1.78952566e-02
9.35200000e+01 1.68077252e-02
9.36100000e+01 1.69628081e-02
9.37000000e+01 1.92437830e-02
9.37900000e+01 2.41924274e-02
9.38800000e+01 3.16855920e-02
9.39700000e+01 4.07422118e-02
9.40600000e+01 4.95965785e-02
9.41500000e+01 5.60880654e-02
9.42400000e+01 5.82892604e-02
9.43300000e+01 5.51776806e-02
9.44200000e+01 4.71057652e-02
9.45100000e+01 3.58701858e-02
9.46000000e+01 2.43151331e-02
9.46900000e+01 1.55766859e-02
9.47800000e+01 1.22176873e-02
9.48700000e+01 1.55538014e-02
9.49600000e+01 2.54053792e-02
9.50500000e+01 4.03481231e-02
9.51400000e+01 5.83412908e-02
9.52300000e+01 7.74649058e-02
9.53200000e+01 9.64603015e-02
9.54100000e+01 1.14860366e-01
9.55000000e+01 1.32681762e-01
9.55900000e+01 1.49853904e-01
9.56800000e+01 1.65690282e-01
9.57700000e+01 1.78704982e-01
9.58600000e+01 1.86933529e-01
9.59500000e+01 1.88686325e-01
9.60400000e+01 1.83440846e-01
9.61300000e+01 1.72465196e-01
9.62200000e+01 1.58821844e-01
9.63100000e+01 1.46620007e-01
9.64000000e+01 1.39691316e-01
9.64900000e+01 1.40135329e-01
9.65800000e+01 1.47301065e-01
9.66700000e+01 1.57672004e-01
9.67600000e+01 1.65822008e-01
9.68500000e+01 1.66209157e-01
9.69400000e+01 1.55223275e-01
9.70300000e+01 1.32744442e-01
9.71200000e+01 1.02582941e-01
9.72100000e+01 7.15350217e-02
9.73000000e+01 4.72834807e-02
9.73900000e+01 3.58183711e-02
9.74800000e+01 3.92785161e-02
9.75700000e+01 5.50194707e-02
9.76600000e+01 7.63141931e-02
9.77500000e+01 9.45207913e-02
9.78400000e+01 1.02010942e-01
9.79300000e+01 9.48449472e-02
9.80200000e+01 7.42292063e-02
9.81100000e+01 4.61956764e-02
9.82000000e+01 1.95657730e-02
9.82900000e+01 2.88203467e-03
9.83800000e+01 1.38204062e-03
9.84700000e+01 1.51004601e-02
9.85600000e+01 3.88022866e-02
9.86500000e+01 6.38034799e-02
9.87400000e+01 8.10546187e-02
9.88300000e+01 8.43962754e-02
9.89200000e+01 7.28155629e-02
9.90100000e+01 5.08766570e-02
9.91000000e+01 2.71451625e-02
9.91900000e+01 1.11457834e-02
9.92800000e+01 9.92497475e-03
9.93700000e+01 2.54414350e-02
9.94600000e+01 5.37211579e-02
9.95500000e+01 8.60924832e-02
9.96400000e+01 1.12083541e-01
9.97300000e+01 1.22982557e-01
9.98200000e+01 1.14837115e-01
9.99100000e+01 8.98768718e-02
1.00000000e+02 5.59037704e-02
1.00900901e+02 2.95937632e-01
1.01801802e+02 1.39934389e-02
1.02702703e+02 2.38585955e-02
1.03603604e+02 9.53843182e-02
1.04504505e+02 1.41051926e-01
1.05405405e+02 1.52037502e-01
1.06306306e+02 4.18677387e-02
1.07207207e+02 1.66387209e-01
1.08108108e+02 4.58515575e-03
1.09009009e+02 1.22734025e-01
1.09909910e+02 2.62160300e-02
1.10810811e+02 1.08030644e-01
1.11711712e+02 3.31094195e-01
1.12612613e+02 1.10380337e-01
1.13513514e+02 1.54690934e-02
1.14414414e+02 1.38905045e-02
1.15315315e+02 1.47143038e-01
1.16216216e+02 9.63989070e-02
1.17117117e+02 1.13644745e-02
1.18018018e+02 2.74198118e-02
1.18918919e+02 1.74387604e-02
1.19819820e+02 1.10658135e-01
1.20720721e+02 1.45961938e-02
1.21621622e+02 2.89137407e-02
1.22522523e+02 2.21049741e-01
1.23423423e+02 4.39156859e-02
1.24324324e+02 8.56360215e-02
1.25225225e+02 1.00984280e-01
1.26126126e+02 1.04300460e-01
1.27027027e+02 1.46605781e-01
1.27927928e+02 1.12911254e-01
1.28828829e+02 3.06226385e-02
1.29729730e+02 2.72712511e-02
1.30630631e+02 2.31864407e-01
1.31531532e+02 6.05609322e-02
1.32432432e+02 1.78662252e-02
1.33333333e+02 2.60160660e-03
1.34234234e+02 6.36950519e-03
1.35135135e+02 7.55931494e-02
1.36036036e+02 6.35835108e-02
1.36936937e+02 1.10599239e-01
1.37837838e+02 2.62767223e-01
1.38738739e+02 2.48100957e-03
1.39639640e+02 9.02035802e-02
1.40540541e+02 4.77628774e-02
1.41441441e+02 3.16246539e-01
1.42342342e+02 1.05671987e-01
1.43243243e+02 1.11359046e-01
1.44144144e+02 6.47844961e-02
1.45045045e+02 8.90771923e-02
1.45945946e+02 1.89623943e-01
1.46846847e+02 2.56974902e-01
1.47747748e+02 2.54403672e-01
1.48648649e+02 2.90511201e-02
1.49549550e+02 1.10764916e-01
1.50450450e+02 7.61549737e-02
1.51351351e+02 1.54509486e-01
1.52252252e+02 2.87161103e-02
1.53153153e+02 1.57520467e-02
1.54054054e+02 3.65332232e-02
1.54954955e+02 1.93699805e-01
1.55855856e+02 9.16060637e-02
1.56756757e+02 8.70478312e-02
1.57657658e+02 3.73404822e-02
1.58558559e+02 4.38382699e-02
1.59459459e+02 2.47601919e-02
1.60360360e+02 7.08005274e-02
1.61261261e+02 1.32246744e-01
1.62162162e+02 7.46136167e-02
1.63063063e+02 5.11761159e-01
1.63963964e+02 8.05162713e-02
1.64864865e+02 2.21271502e-01
1.65765766e+02 8.22541696e-02
1.66666667e+02 5.11402654e-02
1.67567568e+02 1.31716017e-01
1.68468468e+02 1.63900431e-01
1.69369369e+02 6.52783475e-02
1.70270270e+02 3.36517183e-01
1.71171171e+02 1.13445318e-01
1.72072072e+02 1.94545935e-02
1.72972973e+02 9.59837110e-02
1.73873874e+02 9.43796875e-02
1.74774775e+02 1.95346875e-03
1.75675676e+02 8.32874987e-02
1.76576577e+02 7.06202258e-02
1.77477477e+02 1.41594683e-01
1.78378378e+02 9.34616585e-02
1.79279279e+02 2.69777580e-02
1.80180180e+02 2.75257557e-02
1.81081081e+02 1.92520747e-01
1.81981982e+02 1.38021907e-01
1.82882883e+02 8.54849846e-02
1.83783784e+02 3.45766239e-02
1.84684685e+02 5.60639124e-02
1.85585586e+02 3.94348246e-02
1.86486486e+02 2.78443198e-01
1.87387387e+02 3.81897524e-02
1.88288288e+02 5.29934209e-04
1.89189189e+02 9.07301345e-02
1.90090090e+02 1.37278417e-01
1.90990991e+02 1.15023594e-01
1.91891892e+02 1.01072796e-01
1.92792793e+02 1.57719553e-03
1.93693694e+02 2.87422391e-02
1.94594595e+02 3.38320776e-02
1.95495495e+02 4.37011582e-02
1.96396396e+02 1.13730839e-01
1.97297297e+02 2.65329511e-01
1.98198198e+02 9.90155789e-02
1.99099099e+02 7.02301092e-02
2.00000000e+02 2.54873179e-02
2.00900901e+02 4.50937802e-02
2.01801802e+02 1.42137582e-01
2.02702703e+02 1.57697225e-01
2.03603604e+02 5.23116670e-03
2.04504505e+02 1.80095714e-02
2.05405405e+02 2.40148624e-01
2.06306306e+02 1.39879291e-01
2.07207207e+02 1.49552780e-01
2.08108108e+02 1.86348933e-02
2.09009009e+02 1.78653048e-02
2.09909910e+02 1.48724870e-02
2.10810811e+02 2.60692965e-02
2.11711712e+02 1.34151991e-02
2.12612613e+02 1.22463948e-01
2.13513514e+02 2.15068590e-01
2.14414414e+02 3.60309993e-02
2.15315315e+02 5.42155018e-02
2.16216216e+02 1.29287340e-01
2.17117117e+02 2.72048101e-03
2.18018018e+02 6.63243910e-02
2.18918919e+02 8.86798056e-02
2.19819820e+02 6.18409787e-03
2.20720721e+02 4.19594941e-01
2.21621622e+02 4.69108510e-02
2.22522523e+02 2.10052856e-01
2.23423423e+02 1.26628165e-01
2.24324324e+02 7.84315185e-03
2.25225225e+02 7.47068446e-02
2.26126126e+02 4.97709162e-02
2.27027027e+02 1.66417709e-01
2.27927928e+02 2.90603804e-01
2.28828829e+02 8.91341775e-02
2.29729730e+02 1.77268681e-01
2.30630631e+02 2.13380182e-03
2.31531532e+02 1.09127366e-01
2.32432432e+02 2.21716720e-01
2.33333333e+02 2.30114529e-01
2.34234234e+02 8.44896444e-03
2.35135135e+02 1.30963318e-01
2.36036036e+02 1.58352170e-02
2.36936937e+02 2.53436770e-01
2.37837838e+02 9.42708724e-02
2.38738739e+02 1.35354583e-02
2.39639640e+02 2.04534639e-02
2.40540541e+02 5.51350660e-02
2.41441441e+02 7.48013938e-02
2.42342342e+02 3.24702400e-01
2.43243243e+02 5.45182985e-02
2.44144144e+02 4.03756834e-02
2.45045045e+02 3.82785509e-03
2.45945946e+02 1.30765715e-01
2.46846847e+02 1.82804077e-01
2.47747748e+02 2.84236719e-02
2.48648649e+02 3.61063788e-01
2.49549550e+02 6.62135986e-02
2.50450450e+02 7.53300404e-02
2.51351351e+02 1.06498410e-01
2.52252252e+02 2.35818861e-02
2.53153153e+02 2.54132961e-01
2.54054054e+02 1.13042448e-01
2.54954955e+02 1.17207567e-01
2.55855856e+02 2.87882770e-01
2.56756757e+02 4.32079100e-02
2.57657658e+02 4.44437799e-02
2.58558559e+02 2.52065392e-01
2.59459459e+02 3.51836249e-02
2.60360360e+02 6.81389062e-02
2.61261261e+02 1.88414886e-02
2.62162162e+02 1.87635418e-02
2.63063063e+02 2.67659202e-02
2.63963964e+02 9.66967675e-02
2.64864865e+02 3.66830404e-02
2.65765766e+02 2.30905645e-02
2.66666667e+02 6.08442065e-02
2.67567568e+02 6.96977068e-02
2.68468468e+02 1.41751398e-01
2.69369369e+02 5.71589860e-02
2.70270270e+02 1.37781503e-01
2.71171171e+02 1.20573971e-01
2.72072072e+02 1.84683268e-01
2.72972973e+02 2.69209071e-02
2.73873874e+02 1.17467982e-01
2.74774775e+02 1.09540826e-01
2.75675676e+02 5.36198759e-03
2.76576577e+02 1.44507411e-02
2.77477477e+02 1.69270270e-01
2.78378378e+02 7.10477081e-02
2.79279279e+02 2.55019950e-02
2.80180180e+02 8.23086982e-02
2.81081081e+02 6.34351095e-02
2.81981982e+02 1.01805681e-01
2.82882883e+02 1.42804775e-01
2.83783784e+02 1.36841994e-02
2.84684685e+02 8.84143534e-02
2.85585586e+02 1.83733567e-01
2.86486486e+02 2.55223495e-02
2.87387387e+02 1.58789316e-01
2.88288288e+02 8.09088768e-02
2.89189189e+02 7.14474671e-02
2.90090090e+02 3.27215771e-02
2.90990991e+02 4.27989409e-02
2.91891892e+02 7.09826655e-02
2.92792793e+02 3.95919302e-01
2.93693694e+02 1.20812592e-01
2.94594595e+02 6.23373349e-02
2.95495495e+02 6.03900172e-02
2.96396396e+02 9.92329128e-02
2.97297297e+02 3.34196574e-02
2.98198198e+02 7.00444835e-02
2.99099099e+02 6.12311630e-02
3.00000000e+02 2.97334035e-04
3.00900901e+02 6.35557221e-02
3.01801802e+02 1.03724352e-01
3.02702703e+02 5.94171888e-02
3.03603604e+02 1.71824904e-02
3.04504505e+02 1.08851526e-01
3.05405405e+02 6.65627520e-02
3.06306306e+02 3.10165775e-01
3.07207207e+02 7.29860820e-02
3.08108108e+02 2.26538095e-01
3.09009009e+02 2.55058625e-01
3.09909910e+02 5.99773977e-02
3.10810811e+02 3.17998310e-01
3.11711712e+02 1.63377935e-01
3.12612613e+02 8.49850403e-02
3.13513514e+02 8.72064252e-02
3.14414414e+02 1.39307094e-01
3.15315315e+02 6.09527410e-02
3.16216216e+02 3.76436261e-02
3.17117117e+02 2.54729185e-02
3.18018018e+02 3.66415761e-01
3.18918919e+02 9.52318765e-02
3.19819820e+02 3.85887720e-02
3.20720721e+02 1.09935749e-01
3.21621622e+02 6.02430079e-02
3.22522523e+02 6.31162786e-02
3.23423423e+02 6.37883332e-03
3.24324324e+02 1.43473577e-01
3.25225225e+02 5.97208634e-02
3.26126126e+02 9.40486780e-02
3.27027027e+02 1.06346288e-02
3.27927928e+02 3.22854526e-01
3.28828829e+02 7.74768372e-02
3.29729730e+02 9.47951412e-02
3.30630631e+02 3.08244352e-03
3.31531532e+02 1.11793218e-01
3.32432432e+02 1.98990878e-01
3.33333333e+02 4.18727189e-01
3.34234234e+02 1.20208471e-01
3.35135135e+02 5.54471218e-03
3.36036036e+02 6.74592527e-03
3.36936937e+02 2.08882174e-01
3.37837838e+02 3.22645087e-02
3.38738739e+02 4.94057274e-02
3.39639640e+02 3.25943670e-02
3.40540541e+02 9.41573818e-02
3.41441441e+02 3.61472098e-02
3.42342342e+02 5.57916457e-03
3.43243243e+02 1.19636069e-01
3.44144144e+02 3.32758435e-01
3.45045045e+02 8.00947342e-02
3.45945946e+02 1.40375386e-01
3.46846847e+02 2.99574097e-02
3.47747748e+02 3.23791151e-02
3.48648649e+02 1.29698647e-01
3.49549550e+02 6.98882931e-02
3.50450450e+02 5.77178232e-03
3.51351351e+02 5.87641157e-03
3.52252252e+02 1.37846319e-01
3.53153153e+02 7.87817807e-02
3.54054054e+02 2.30979316e-02
3.54954955e+02 9.70940541e-02
3.55855856e+02 3.71759747e-02
3.56756757e+02 4.09377168e-02
3.57657658e+02 5.79456859e-02
3.58558559e+02 6.14689021e-02
3.59459459e+02 2.08223179e-01
3.60360360e+02 1.59682932e-01
3.61261261e+02 1.11503067e-01
3.62162162e+02 3.31849923e-02
3.63063063e+02 1.19625700e-02
3.63963964e+02 4.32590736e-02
3.64864865e+02 6.27547538e-02
3.65765766e+02 6.76035184e-02
3.66666667e+02 1.23686059e-02
3.67567568e+02 2.09870424e-01
3.68468468e+02 2.87367008e-01
3.69369369e+02 1.31964966e-02
3.70270270e+02 2.64845653e-01
3.71171171e+02 1.26339568e-01
3.72072072e+02 5.89243819e-02
3.72972973e+02 9.49173274e-03
3.73873874e+02 5.64763848e-02
3.74774775e+02 1.14136803e-01
3.75675676e+02 9.12113459e-02
3.76576577e+02 9.08970155e-02
3.77477477e+02 4.89541254e-02
3.78378378e+02 1.59745752e-01
3.79279279e+02 6.39685604e-02
3.80180180e+02 5.10389311e-02
3.81081081e+02 6.24943818e-02
3.81981982e+02 5.74821795e-03
3.82882883e+02 1.28656406e-01
3.83783784e+02 4.53977512e-01
3.84684685e+02 1.72193366e-02
3.85585586e+02 1.27747245e-01
3.86486486e+02 3.71003258e-02
3.87387387e+02 5.34528625e-02
3.88288288e+02 2.38615156e-02
3.89189189e+02 1.00491075e-01
3.90090090e+02 8.86724218e-02
3.90990991e+02 1.54424022e-01
3.91891892e+02 6.66743120e-02
3.92792793e+02 2.54152277e-01
3.93693694e+02 1.50237828e-01
3.94594595e+02 1.37782763e-01
3.95495495e+02 4.37530979e-02
3.96396396e+02 4.37692387e-01
3.97297297e+02 1.19089711e-01
3.98198198e+02 1.80439754e-01
3.99099099e+02 8.39253902e-03
4.00000000e+02 2.01967817e-01
4.00900901e+02 3.03989517e-02
4.01801802e+02 8.51334806e-02
4.02702703e+02 4.04114582e-02
4.03603604e+02 1.93182584e-01
4.04504505e+02 2.22980309e-02
4.05405405e+02 2.09241741e-01
4.06306306e+02 2.14687174e-03
4.07207207e+02 7.79705600e-02
4.08108108e+02 8.54989260e-02
4.09009009e+02 1.33626237e-02
4.09909910e+02 1.60113238e-01
4.10810811e+02 1.68549118e-02
4.11711712e+02 2.90556460e-01
4.12612613e+02 3.78469609e-02
4.13513514e+02 9.97270433e-03
4.14414414e+02 3.95565403e-02
4.15315315e+02 8.04546621e-02
4.16216216e+02 8.28646661e-02
4.17117117e+02 5.73658611e-02
4.18018018e+02 1.60218691e-01
4.18918919e+02 4.57004240e-01
4.19819820e+02 1.09967783e-01
4.20720721e+02 7.03196562e-02
4.21621622e+02 3.75220944e-02
4.22522523e+02 1.06037260e-01
4.23423423e+02 2.11709381e-01
4.24324324e+02 1.98803778e-02
4.25225225e+02 2.07331742e-02
4.26126126e+02 9.29407046e-03
4.27027027e+02 8.81117738e-02
4.27927928e+02 6.82337125e-03
4.28828829e+02 1.10575053e-02
4.29729730e+02 1.60761305e-01
4.30630631e+02 2.28200304e-02
4.31531532e+02 4.29164865e-02
4.32432432e+02 2.53104925e-03
4.33333333e+02 1.83993465e-01
4.34234234e+02 3.08516437e-01
4.35135135e+02 4.78848466e-02
4.36036036e+02 8.96737237e-02
4.36936937e+02 7.32656384e-03
4.37837838e+02 7.47960434e-02
4.38738739e+02 3.97240680e-02
4.39639640e+02 4.87228311e-02
4.40540541e+02 1.65472853e-01
4.41441441e+02 2.74050429e-02
4.42342342e+02 3.72072223e-02
4.43243243e+02 1.00340080e-01
4.44144144e+02 1.55925679e-02
4.45045045e+02 1.78500661e-01
4.45945946e+02 3.23817906e-02
4.46846847e+02 6.51238149e-02
4.47747748e+02 1.18254010e-02
4.48648649e+02 2.77388658e-01
4.49549550e+02 6.48758045e-02
4.50450450e+02 7.14573522e-02
4.51351351e+02 2.89780893e-02
4.52252252e+02 8.00933433e-02
4.53153153e+02 1.33295846e-01
4.54054054e+02 9.23861508e-02
4.54954955e+02 2.66524387e-03
4.55855856e+02 5.65478251e-01
4.56756757e+02 1.59912685e-02
4.57657658e+02 2.22222735e-01
4.58558559e+02 3.72356080e-02
4.59459459e+02 1.01333823e-01
4.60360360e+02 1.50615439e-01
4.61261261e+02 3.66128466e-02
4.62162162e+02 1.36387362e-01
4.63063063e+02 4.07125473e-02
4.63963964e+02 6.57755248e-02
4.64864865e+02 6.29276122e-02
4.65765766e+02 7.83657541e-03
4.66666667e+02 1.49613964e-02
4.67567568e+02 4.37381977e-02
4.68468468e+02 2.58791670e-02
4.69369369e+02 3.13861904e-01
4.70270270e+02 1.74924348e-02
4.71171171e+02 3.03832369e-01
4.72072072e+02 9.82167004e-02
4.72972973e+02 2.15825315e-02
4.73873874e+02 1.73010207e-01
4.74774775e+02 2.90569185e-01
4.75675676e+02 1.55042796e-01
4.76576577e+02 1.37578545e-01
4.77477477e+02 3.10441265e-02
4.78378378e+02 9.01592556e-02
4.79279279e+02 2.81799669e-01
4.80180180e+02 2.88218256e-02
4.81081081e+02 1.67868522e-01
4.81981982e+02 1.73625361e-01
4.82882883e+02 8.97842499e-02
4.83783784e+02 2.45892212e-01
4.84684685e+02 2.36489369e-02
4.85585586e+02 3.96403926e-02
4.86486486e+02 9.21635072e-02
4.87387387e+02 1.84753932e-02
4.88288288e+02 1.39101614e-01
4.89189189e+02 1.96234166e-02
4.90090090e+02 5.04063094e-02
4.90990991e+02 2.26472910e-01
4.91891892e+02 6.09796530e-02
4.92792793e+02 1.12257733e-01
4.93693694e+02 2.73250897e-02
4.94594595e+02 2.64088093e-02
4.95495495e+02 2.01513313e-01
4.96396396e+02 7.94415383e-02
4.97297297e+02 1.91057679e-01
4.98198198e+02 1.27612169e-01
4.99099099e+02 6.88114512e-02
5.00000000e+02 5.65919186e-02
5.00900901e+02 6.31670320e-02
5.01801802e+02 9.14145205e-02
5.02702703e+02 6.07932430e-02
5.03603604e+02 2.45638812e-03
5.04504505e+02 9.53158130e-02
5.05405405e+02 7.15874210e-02
5.06306306e+02 1.21602917e-01
5.07207207e+02 1.60518595e-01
5.08108108e+02 1.85790921e-01
5.09009009e+02 1.65840501e-01
5.09909910e+02 6.53394410e-03
5.10810811e+02 3.35531707e-02
5.11711712e+02 5.64848998e-02
5.12612613e+02 6.94874446e-02
5.13513514e+02 9.85723184e-02
5.14414414e+02 1.12819984e-01
5.15315315e+02 1.85453684e-01
5.16216216e+02 4.48031089e-02
5.17117117e+02 1.15597912e-03
5.18018018e+02 2.94020925e-02
5.18918919e+02 3.04076504e-02
5.19819820e+02 1.58738386e-01
5.20720721e+02 6.55446141e-03
5.21621622e+02 8.08584673e-02
5.22522523e+02 4.22255827e-02
5.23423423e+02 2.02941758e-01
5.24324324e+02 9.15515899e-02
5.25225225e+02 6.72768538e-02
5.26126126e+02 2.75092989e-02
5.27027027e+02 1.05227891e-01
5.27927928e+02 2.97886272e-03
5.28828829e+02 3.26489151e-02
5.29729730e+02 7.78981236e-02
5.30630631e+02 2.84616669e-01
5.31531532e+02 1.57738295e-01
5.32432432e+02 8.36588412e-04
5.33333333e+02 4.18477467e-02
5.34234234e+02 2.99966304e-01
5.35135135e+02 1.41565416e-01
5.36036036e+02 1.37086517e-02
5.36936937e+02 1.17043902e-02
5.37837838e+02 3.89801316e-02
5.38738739e+02 3.52021938e-01
5.39639640e+02 8.31645283e-02
5.40540541e+02 3.93622742e-02
5.41441441e+02 3.19851389e-01
5.42342342e+02 3.31606544e-02
5.43243243e+02 1.61540773e-01
5.44144144e+02 1.22719595e-02
5.45045045e+02 1.10929909e-02
5.45945946e+02 2.68916469e-01
5.46846847e+02 1.02362964e-01
5.47747748e+02 1.52877940e-01
5.48648649e+02 9.05073347e-02
5.49549550e+02 1.23808549e-01
5.50450450e+02 3.12512059e-02
5.51351351e+02 7.01473583e-02
5.52252252e+02 1.78954265e-02
5.53153153e+02 1.16689203e-01
5.54054054e+02 1.21546664e-01
5.54954955e+02 6.84061904e-02
5.55855856e+02 4.76686137e-02
5.56756757e+02 1.97059623e-01
5.57657658e+02 1.73272226e-01
5.58558559e+02 4.19406385e-02
5.59459459e+02 1.39832178e-01
5.60360360e+02 2.37055286e-01
5.61261261e+02 2.49572728e-01
5.62162162e+02 3.67587616e-02
5.63063063e+02 1.17932750e-01
5.63963964e+02 1.11911721e-02
5.64864865e+02 4.00216120e-01
5.65765766e+02 1.39386856e-02
5.66666667e+02 3.45486374e-01
5.67567568e+02 5.97058628e-02
5.68468468e+02 2.04139486e-02
5.69369369e+02 6.28281635e-02
5.70270270e+02 7.20895424e-02
5.71171171e+02 4.64846927e-02
5.72072072e+02 1.97178133e-02
5.72972973e+02 3.16714748e-04
5.73873874e+02 2.15413143e-01
5.74774775e+02 5.28287254e-02
5.75675676e+02 1.25038708e-01
5.76576577e+02 1.59136667e-02
5.77477477e+02 3.96171154e-02
5.78378378e+02 1.28253729e-02
5.79279279e+02 5.94453433e-02
5.80180180e+02 1.37058641e-01
5.81081081e+02 1.45762477e-01
5.81981982e+02 2.14843998e-01
5.82882883e+02 1.82804354e-01
5.83783784e+02 2.13636018e-02
5.84684685e+02 2.65757527e-02
5.85585586e+02 3.91686131e-03
5.86486486e+02 2.38593342e-01
5.87387387e+02 7.34643946e-03
5.88288288e+02 1.38275694e-01
5.89189189e+02 1.04981657e-01
5.90090090e+02 5.88977949e-02
5.90990991e+02 7.60861019e-02
5.91891892e+02 8.88183824e-03
5.92792793e+02 1.37111094e-01
5.93693694e+02 6.21483968e-02
5.94594595e+02 4.46664697e-03
5.95495495e+02 4.34201776e-02
5.96396396e+02 6.07949911e-02
5.97297297e+02 1.57400035e-01
5.98198198e+02 1.37429112e-01
5.99099099e+02 1.41939819e-01
6.00000000e+02 6.75523651e-02
6.00900901e+02 3.63111458e-02
6.01801802e+02 1.79887845e-01
6.02702703e+02 2.90658734e-02
6.03603604e+02 2.59207908e-01
6.04504505e+02 6.80521509e-02
6.05405405e+02 9.51927712e-02
6.06306306e+02 1.88716375e-02
6.07207207e+02 2.62888867e-02
6.08108108e+02 2.88437585e-02
6.09009009e+02 7.13605271e-02
6.09909910e+02 3.55795698e-03
6.10810811e+02 1.18788459e-01
6.11711712e+02 6.10243368e-02
6.12612613e+02 7.18938400e-02
6.13513514e+02 1.14223377e-01
6.14414414e+02 7.34249831e-02
6.15315315e+02 6.14297328e-02
6.16216216e+02 1.20800877e-01
6.17117117e+02 3.09445662e-01
6.18018018e+02 3.92247741e-03
6.18918919e+02 2.92578603e-01
6.19819820e+02 6.92225530e-02
6.20720721e+02 2.99782463e-01
6.21621622e+02 9.34949645e-03
6.22522523e+02 9.85698049e-02
6.23423423e+02 3.78378710e-02
6.24324324e+02 2.81342760e-01
6.25225225e+02 1.07817384e-01
6.26126126e+02 3.03091064e-01
6.27027027e+02 6.70889444e-02
6.27927928e+02 1.43649711e-02
6.28828829e+02 3.83298039e-02
6.29729730e+02 1.47468959e-01
6.30630631e+02 3.93550148e-02
6.31531532e+02 6.57665188e-02
6.32432432e+02 1.24982234e-01
6.33333333e+02 1.03114973e-01
6.34234234e+02 2.43058149e-02
6.35135135e+02 1.09577406e-01
6.36036036e+02 1.17901400e-02
6.36936937e+02 1.12617853e-01
6.37837838e+02 7.74233907e-02
6.38738739e+02 2.83830409e-01
6.39639640e+02 3.03147958e-01
6.40540541e+02 2.24471569e-02
6.41441441e+02 4.15595639e-02
6.42342342e+02 2.51450960e-01
6.43243243e+02 6.66099106e-02
6.44144144e+02 1.18533362e-01
6.45045045e+02 8.49354836e-02
6.45945946e+02 1.93100058e-01
6.46846847e+02 1.55364396e-01
6.47747748e+02 2.21444821e-02
6.48648649e+02 9.66593965e-02
6.49549550e+02 2.20021033e-02
6.50450450e+02 1.41980688e-01
6.51351351e+02 6.82474645e-02
6.52252252e+02 2.28663675e-01
6.53153153e+02 5.17973369e-02
6.54054054e+02 1.98717158e-01
6.54954955e+02 1.59682603e-01
6.55855856e+02 3.19528538e-02
6.56756757e+02 4.64964654e-02
6.57657658e+02 2.78935114e-02
6.58558559e+02 2.89718741e-02
6.59459459e+02 5.63223521e-03
6.60360360e+02 9.45956182e-03
6.61261261e+02 3.27901723e-01
6.62162162e+02 2.61880073e-02
6.63063063e+02 6.52382645e-02
6.63963964e+02 2.42554486e-03
6.64864865e+02 9.13449923e-02
6.65765766e+02 1.52023117e-01
6.66666667e+02 2.79278828e-03
6.67567568e+02 1.07422118e-01
6.68468468e+02 7.62224502e-02
6.69369369e+02 7.38839889e-02
6.70270270e+02 1.42555655e-01
6.71171171e+02 3.06710356e-02
6.72072072e+02 1.39109646e-01
6.72972973e+02 5.87538397e-03
6.73873874e+02 7.42927716e-02
6.74774775e+02 9.30693942e-03
6.75675676e+02 1.51618420e-02
6.76576577e+02 3.73208065e-01
6.77477477e+02 5.31591664e-02
6.78378378e+02 2.75993509e-01
6.79279279e+02 1.83660058e-02
6.80180180e+02 4.95734751e-02
6.81081081e+02 6.52316998e-02
6.81981982e+02 1.91674313e-02
6.82882883e+02 1.17656176e-01
6.83783784e+02 4.90256846e-02
6.84684685e+02 1.08397325e-02
6.85585586e+02 1.73015959e-01
6.86486486e+02 1.79985993e-02
6.87387387e+02 9.98735341e-02
6.88288288e+02 3.52614752e-02
6.89189189e+02 3.21695435e-01
6.90090090e+02 1.05861512e-01
6.90990991e+02 2.97358289e-03
6.91891892e+02 7.88893329e-02
6.92792793e+02 1.08886903e-01
6.93693694e+02 1.18969125e-01
6.94594595e+02 1.26614344e-01
6.95495495e+02 2.57748823e-02
6.96396396e+02 3.77648349e-02
6.97297297e+02 1.01375858e-01
6.98198198e+02 1.24008697e-01
6.99099099e+02 6.08359727e-02
7.00000000e+02 6.05209584e-02
7.00900901e+02 1.49369131e-02
7.01801802e+02 2.42362501e-01
7.02702703e+02 2.05294104e-01
7.03603604e+02 4.55462346e-02
7.04504505e+02 5.28449055e-01
7.05405405e+02 3.25717470e-02
7.06306306e+02 1.07244477e-01
7.07207207e+02 4.76137565e-02
7.08108108e+02 1.03449795e-01
7.09009009e+02 1.80726332e-01
7.09909910e+02 1.05803003e-02
7.10810811e+02 1.35812934e-01
7.11711712e+02 3.41409991e-01
7.12612613e+02 6.95369065e-02
7.13513514e+02 9.20585903e-02
7.14414414e+02 8.86250611e-02
7.15315315e+02 5.33309263e-02
7.16216216e+02 1.62096223e-01
7.17117117e+02 5.84416403e-02
7.18018018e+02 7.67718063e-02
7.18918919e+02 1.47899736e-03
7.19819820e+02 4.24438055e-02
7.20720721e+02 2.15791577e-01
7.21621622e+02 2.46266950e-03
7.22522523e+02 6.85224315e-03
7.23423423e+02 8.85105795e-02
7.24324324e+02 1.58441740e-01
7.25225225e+02 1.12089227e-01
7.26126126e+02 1.58817656e-01
7.27027027e+02 6.45511508e-02
7.27927928e+02 3.38214365e-01
7.28828829e+02 1.02087684e-01
7.29729730e+02 3.90141038e-01
7.30630631e+02 1.13255906e-01
7.31531532e+02 1.63740369e-02
7.32432432e+02 2.14533323e-02
7.33333333e+02 4.16034622e-02
7.34234234e+02 5.28828302e-02
7.35135135e+02 3.19586143e-02
7.36036036e+02 8.95832138e-02
7.36936937e+02 1.34357439e-01
7.37837838e+02 7.28359918e-02
7.38738739e+02 2.01498030e-02
7.39639640e+02 1.24772531e-01
7.40540541e+02 1.00886563e-01
7.41441441e+02 4.15469186e-02
7.42342342e+02 4.56243463e-02
7.43243243e+02 7.48071432e-02
7.44144144e+02 1.26778275e-01
7.45045045e+02 1.99932270e-01
7.45945946e+02 4.93266698e-03
7.46846847e+02 7.41746322e-02
7.47747748e+02 6.85778970e-03
7.48648649e+02 8.51478114e-02
7.49549550e+02 5.62176369e-02
7.50450450e+02 1.58134735e-02
7.51351351e+02 2.56553934e-01
7.52252252e+02 1.14085193e-01
7.53153153e+02 5.87686676e-02
7.54054054e+02 3.31861303e-02
7.54954955e+02 1.09590723e-01
7.55855856e+02 1.30533528e-01
7.56756757e+02 3.01566071e-02
7.57657658e+02 1.00055384e-02
7.58558559e+02 7.87921691e-03
7.59459459e+02 8.40594722e-03
7.60360360e+02 8.71902920e-02
7.61261261e+02 4.48360648e-02
7.62162162e+02 2.77557706e-01
7.63063063e+02 2.80434966e-02
7.63963964e+02 2.98699396e-01
7.64864865e+02 7.68817178e-02
7.65765766e+02 1.93155583e-03
7.66666667e+02 3.51182036e-01
7.67567568e+02 1.40321071e-01
7.68468468e+02 1.48772327e-01
7.69369369e+02 2.37945800e-02
7.70270270e+02 2.12092132e-03
7.71171171e+02 1.44983065e-01
7.72072072e+02 2.40688018e-02
7.72972973e+02 5.50821255e-03
7.73873874e+02 1.21652219e-01
7.74774775e+02 2.73643269e-02
7.75675676e+02 3.90919675e-02
7.76576577e+02 1.15714563e-01
7.77477477e+02 9.33225662e-02
7.78378378e+02 5.80844839e-02
7.79279279e+02 1.09192776e-01
7.80180180e+02 2.97016079e-01
7.81081081e+02 5.51669244e-02
7.81981982e+02 1.43025079e-01
7.82882883e+02 2.73009273e-02
7.83783784e+02 1.90845904e-01
7.84684685e+02 2.59138877e-03
7.85585586e+02 2.31855701e-01
7.86486486e+02 1.59941670e-02
7.87387387e+02 2.81516611e-01
7.88288288e+02 1.15584158e-01
7.89189189e+02 2.46796456e-01
7.90090090e+02 3.21341602e-01
7.90990991e+02 1.58216937e-02
7.91891892e+02 1.10079169e-02
7.92792793e+02 1.85115279e-01
7.93693694e+02 7.71178840e-02
7.94594595e+02 2.33662588e-01
7.95495495e+02 7.19129879e-02
7.96396396e+02 4.31041123e-02
7.97297297e+02 5.65015032e-02
7.98198198e+02 2.48861191e-03
7.99099099e+02 4.10305211e-02
8.00000000e+02 1.13746392e-01
8.00900901e+02 7.15951998e-02
8.01801802e+02 2.64657774e-01
8.02702703e+02 1.60180875e-01
8.03603604e+02 1.13067014e-01
8.04504505e+02 7.92562776e-02
8.05405405e+02 6.04841978e-02
8.06306306e+02 8.14231888e-02
8.07207207e+02 8.82439055e-02
8.08108108e+02 7.82375109e-02
8.09009009e+02 1.99446961e-01
8.09909910e+02 3.36887372e-02
8.10810811e+02 3.78417427e-02
8.11711712e+02 1.14476050e-01
8.12612613e+02 2.63390599e-02
8.13513514e+02 1.37236774e-01
8.14414414e+02 2.78127773e-02
8.15315315e+02 2.38253001e-01
8.16216216e+02 2.39299400e-01
8.17117117e+02 1.55835883e-01
8.18018018e+02 5.67328285e-02
8.18918919e+02 5.99564518e-03
8.19819820e+02 1.97761157e-01
8.20720721e+02 1.66789538e-02
8.21621622e+02 1.41005997e-03
8.22522523e+02 2.75501609e-03
8.23423423e+02 9.38387582e-02
8.24324324e+02 1.92318104e-01
8.25225225e+02 3.50676525e-02
8.26126126e+02 1.07605578e-01
8.27027027e+02 8.15179041e-02
8.27927928e+02 1.68917206e-02
8.28828829e+02 4.38198763e-02
8.29729730e+02 3.22404340e-02
8.30630631e+02 2.01739297e-01
8.31531532e+02 8.73710516e-02
8.32432432e+02 7.28031165e-02
8.33333333e+02 7.23997979e-03
8.34234234e+02 5.40815817e-03
8.35135135e+02 1.39103622e-01
8.36036036e+02 5.80567615e-02
8.36936937e+02 7.45434510e-02
8.37837838e+02 1.69607906e-02
8.38738739e+02 5.47891903e-02
8.39639640e+02 2.45877669e-01
8.40540541e+02 5.38272781e-02
8.41441441e+02 2.93980291e-01
8.42342342e+02 4.71314685e-02
8.43243243e+02 3.49823452e-02
8.44144144e+02 7.19166744e-03
8.45045045e+02 9.48942299e-02
8.45945946e+02 1.86032452e-01
8.46846847e+02 7.19152808e-02
8.47747748e+02 3.82348555e-02
8.48648649e+02 9.55015818e-02
8.49549550e+02 1.07850947e-01
8.50450450e+02 1.03549921e-01
8.51351351e+02 3.74518630e-02
8.52252252e+02 4.11574227e-01
8.53153153e+02 1.09452827e-01
8.54054054e+02 1.41961733e-01
8.54954955e+02 4.42126973e-02
8.55855856e+02 4.06779582e-02
8.56756757e+02 1.55487138e-01
8.57657658e+02 9.88676059e-02
8.58558559e+02 4.57637519e-02
8.59459459e+02 2.04800616e-01
8.60360360e+02 5.55375199e-02
8.61261261e+02 2.63560432e-02
8.62162162e+02 2.15749916e-02
8.63063063e+02 9.18171000e-02
8.63963964e+02 2.18400046e-02
8.64864865e+02 5.09488299e-02
8.65765766e+02 1.40522771e-01
8.66666667e+02 1.14011160e-01
8.67567568e+02 4.87969528e-01
8.68468468e+02 3.83120626e-02
8.69369369e+02 6.88498560e-02
8.70270270e+02 1.31423200e-02
8.71171171e+02 1.54432120e-01
8.72072072e+02 2.06059471e-01
8.72972973e+02 1.09056905e-01
8.73873874e+02 8.30433467e-02
8.74774775e+02 3.24039842e-01
8.75675676e+02 3.25227531e-01
8.76576577e+02 7.49612254e-02
8.77477477e+02 1.85832019e-02
8.78378378e+02 6.87155061e-02
8.79279279e+02 1.82870500e-01
8.80180180e+02 3.07314794e-02
8.81081081e+02 1.15485586e-01
8.81981982e+02 4.71517416e-02
8.82882883e+02 1.25952004e-01
8.83783784e+02 1.48102857e-02
8.84684685e+02 2.33286283e-02
8.85585586e+02 5.86744379e-02
8.86486486e+02 9.01664274e-02
8.87387387e+02 3.66459029e-02
8.88288288e+02 3.66995147e-02
8.89189189e+02 1.16357945e-01
8.90090090e+02 8.17862077e-02
8.90990991e+02 2.53456876e-01
8.91891892e+02 1.49669592e-01
8.92792793e+02 1.27504390e-01
8.93693694e+02 1.19535953e-01
8.94594595e+02 1.93240895e-01
8.95495495e+02 7.88467717e-03
8.96396396e+02 1.79245260e-02
8.97297297e+02 7.45130373e-02
8.98198198e+02 1.50572656e-01
8.99099099e+02 1.11383174e-01
9.00000000e+02 3.03797578e-02
9.00900901e+02 7.27907182e-02
9.01801802e+02 1.21388490e-01
9.02702703e+02 8.74704405e-02
9.03603604e+02 1.39494877e-02
9.04504505e+02 4.71054176e-02
9.05405405e+02 9.60711467e-02
9.06306306e+02 5.07174197e-02
9.07207207e+02 1.39040310e-01
9.08108108e+02 6.77059616e-02
9.09009009e+02 5.81398485e-02
9.09909910e+02 2.04611270e-01
9.10810811e+02 9.02611158e-02
9.11711712e+02 8.95918537e-02
9.12612613e+02 3.47121043e-02
9.13513514e+02 7.29916024e-02
9.14414414e+02 1.08182287e-01
9.15315315e+02 4.20264843e-02
9.16216216e+02 1.18408607e-01
9.17117117e+02 6.85341093e-02
9.18018018e+02 1.54266429e-01
9.18918919e+02 1.80253234e-03
9.19819820e+02 5.07360727e-02
9.20720721e+02 4.09044365e-02
9.21621622e+02 2.69027143e-02
9.22522523e+02 3.92305074e-02
9.23423423e+02 3.98360990e-02
9.24324324e+02 2.32968230e-03
9.25225225e+02 2.79246771e-01
9.26126126e+02 6.73600848e-02
9.27027027e+02 3.22679222e-01
9.27927928e+02 4.44265780e-02
9.28828829e+02 1.28977743e-03
9.29729730e+02 1.21923571e-01
9.30630631e+02 9.08663573e-02
9.31531532e+02 3.64073119e-01
9.32432432e+02 1.94674783e-01
9.33333333e+02 1.14273211e-02
9.34234234e+02 8.31811252e-02
9.35135135e+02 2.25725924e-01
9.36036036e+02 3.89808949e-02
9.36936937e+02 1.88670377e-01
9.37837838e+02 5.50465578e-02
9.38738739e+02 6.95616891e-02
9.39639640e+02 6.11409722e-02
9.40540541e+02 6.92423036e-03
9.41441441e+02 1.20580030e-01
9.42342342e+02 1.94607064e-01
9.43243243e+02 4.76297714e-02
9.44144144e+02 1.05356814e-01
9.45045045e+02 7.88105848e-02
9.45945946e+02 6.42071310e-02
9.46846847e+02 1.54716547e-01
9.47747748e+02 5.63765400e-02
9.48648649e+02 1.97219583e-01
9.49549550e+02 1.12634041e-02
9.50450450e+02 3.17243461e-01
9.51351351e+02 8.27714581e-02
9.52252252e+02 1.91463415e-02
9.53153153e+02 3.31968456e-01
9.54054054e+02 1.19837452e-01
9.54954955e+02 2.23083045e-03
9.55855856e+02 4.09474721e-02
9.56756757e+02 6.85399351e-02
9.57657658e+02 4.55424245e-01
9.58558559e+02 8.61476023e-02
9.59459459e+02 2.06852956e-02
9.60360360e+02 1.10482855e-01
9.61261261e+02 1.72135359e-01
9.62162162e+02 1.66857749e-03
9.63063063e+02 2.01739905e-01
9.63963964e+02 4.96674447e-02
9.64864865e+02 1.81087462e-01
9.65765766e+02 2.52626030e-02
9.66666667e+02 1.52597715e-01
9.67567568e+02 1.97694617e-02
9.68468468e+02 7.86556452e-02
9.69369369e+02 1.03780396e-02
9.70270270e+02 1.10729942e-01
9.71171171e+02 1.38196839e-02
9.72072072e+02 2.82027413e-01
9.72972973e+02 6.00441617e-02
9.73873874e+02 5.65019556e-03
9.74774775e+02 1.44209639e-02
9.75675676e+02 1.82059317e-02
9.76576577e+02 2.14303116e-01
9.77477477e+02 3.40843071e-02
9.78378378e+02 2.70033051e-02
9.79279279e+02 2.46876017e-01
9.80180180e+02 5.54921090e-02
9.81081081e+02 7.19622923e-03
9.81981982e+02 8.47885207e-02
9.82882883e+02 1.96792014e-01
9.83783784e+02 9.54020659e-02
9.84684685e+02 7.05396272e-02
9.85585586e+02 8.26229738e-02
9.86486486e+02 8.96154430e-02
9.87387387e+02 2.40601432e-01
9.88288288e+02 3.10766438e-02
9.89189189e+02 2.18624738e-02
9.90090090e+02 7.56635682e-02
9.90990991e+02 2.59405653e-02
9.91891892e+02 4.96759483e-02
9.92792793e+02 4.90072308e-02
9.93693694e+02 3.24053976e-02
9.94594595e+02 2.36153176e-01
9.95495495e+02 2.92996007e-02
9.96396396e+02 7.01519153e-02
9.97297297e+02 7.71850710e-02
9.98198198e+02 1.89367422e-01
9.99099099e+02 8.53369013e-02
1.00000000e+03 5.13705823e-02
