0.0	1.0000000000000004
0.0001	0.9999999883695596
0.0002	0.9999999534790617
0.00030000000000000003	0.9999998953302344
0.0004	0.9999998139248301
0.0005	0.9999997092645851
0.0006000000000000001	0.9999995813512682
0.0007	0.9999994301866132
0.0008	0.9999992557723695
0.0009000000000000001	0.9999990581103064
0.001	0.9999988372021605
0.0011	0.9999985930497058
0.0012000000000000001	0.999998325654683
0.0013000000000000002	0.9999980350188541
0.0014	0.9999977211439943
0.0015	0.9999973840318468
0.0016	0.9999970236841845
0.0017000000000000001	0.999996640102768
0.0018000000000000002	0.9999962332893751
0.0019	0.9999958032457701
0.002	0.9999953499737142
0.0021000000000000003	0.9999948734749806
0.0022	0.9999943737513592
0.0023	0.9999938508045972
0.0024000000000000002	0.9999933046364984
0.0025	0.9999927352488173
0.0026000000000000003	0.999992142643352
0.0027	0.9999915268218675
0.0028	0.9999908877861589
0.0029000000000000002	0.9999902255380082
0.003	0.9999895400791933
0.0031000000000000003	0.9999888314114987
0.0032	0.9999880995367334
0.0033	0.9999873444566593
0.0034000000000000002	0.9999865661730902
0.0035	0.9999857646878135
0.0036000000000000003	0.9999849400026142
0.0037	0.9999840921192993
0.0038	0.9999832210396686
0.0039000000000000003	0.9999823267655116
0.004	0.9999814092986429
0.0041	0.9999804686408497
0.004200000000000001	0.9999795047939379
0.0043	0.9999785177597188
0.0044	0.9999775075400047
0.0045000000000000005	0.9999764741365973
0.0046	0.9999754175513038
0.0047	0.9999743377859358
0.0048000000000000004	0.9999732348423167
0.0049	0.9999721087222526
0.005	0.9999709594275532
0.0051	0.9999697869600512
0.005200000000000001	0.9999685913215673
0.0053	0.999967372513907
0.0054	0.9999661305388998
0.0055000000000000005	0.9999648653983616
0.0056	0.9999635770941385
0.0057	0.9999622656280498
0.0058000000000000005	0.9999609310019133
0.0059	0.9999595732175582
0.006	0.9999581922768322
0.0061	0.9999567881815555
0.006200000000000001	0.999955360933568
0.0063	0.9999539105347063
0.0064	0.9999524369868108
0.006500000000000001	0.9999509402917045
0.0066	0.9999494204512522
0.0067	0.9999478774672794
0.0068000000000000005	0.9801822376376826
0.006900000000000001	0.9801806679003302
0.007	0.9801790754962854
0.0071	0.9801774604273614
0.007200000000000001	0.9801758226953576
0.0073	0.9801741623020981
0.0074	0.9801724792493958
0.007500000000000001	0.9801707735390582
0.0076	0.9801690451729179
0.0077	0.9801672941527654
0.0078000000000000005	0.9801655204804488
0.0079	0.9801637241577787
0.008	0.9801619051865678
0.0081	0.9801600635686579
0.0082	0.9801581993058683
0.0083	0.9801563124000147
0.008400000000000001	0.9801544028529418
0.0085	0.980152470666476
0.0086	0.9801505158424395
0.008700000000000001	0.9801485383826765
0.0088	0.9801465382890131
0.0089	0.9801445155632925
0.009000000000000001	0.9801424702073478
0.0091	0.9801404022230298
0.0092	0.9801383116121606
0.009300000000000001	0.9801361983765946
0.0094	0.9801340625181673
0.0095	0.9801319040387263
0.009600000000000001	0.9801297229401298
0.0097	0.9801275192242035
0.0098	0.9801252928928238
0.0099	0.9801230439478236
0.01	0.9801207723910532
0.010100000000000001	0.9801184782243733
0.0102	0.9801161614496456
0.0103	0.9801138220687162
0.010400000000000001	0.9801114600834465
0.0105	0.980109075495698
0.0106	0.980106668307332
0.010700000000000001	0.9801042385202078
0.0108	0.9801017861361935
0.0109	0.980099311157165
0.011000000000000001	0.9800968135849668
0.0111	0.9800942934214886
0.0112	0.9800917506685858
0.011300000000000001	0.9800891853281297
0.0114	0.9800865974020129
0.0115	0.9800839868920878
0.011600000000000001	0.980081353800246
0.0117	0.9800786981283602
0.0118	0.9800760198783045
0.0119	0.980073319051958
0.012	0.9800705956512182
0.012100000000000001	0.9800678496779506
0.0122	0.9800650811340518
0.0123	0.9800622900214065
0.012400000000000001	0.9800594763418962
0.0125	0.9800566400974178
0.0126	0.9800537812898568
0.012700000000000001	0.9800508999211124
0.0128	0.9800479959930698
0.0129	0.9800450695076289
0.013000000000000001	0.9800421204666849
0.0131	0.9800391488721382
0.0132	0.9800361547258859
0.013300000000000001	0.9800331380298332
0.0134	0.9800300987858833
0.0135	0.9800270369959324
0.013600000000000001	0.9800239526618898
0.0137	0.9800208457856596
0.013800000000000002	0.9800177163691635
0.013900000000000001	0.9800145644143029
0.014	0.9800113899229855
0.014100000000000001	0.9800081928971233
0.0142	0.9800049733386386
0.0143	0.9800017312494398
0.014400000000000001	0.9799984666314492
0.0145	0.9799951794865879
0.0146	0.9799918698167719
0.014700000000000001	0.9799885376239174
0.0148	0.9799851829099534
0.0149	0.9799818056768171
0.015000000000000001	0.979978405926405
0.0151	0.9799749836606707
0.0152	0.979971538881528
0.015300000000000001	0.9799680715909165
0.0154	0.9799645817907688
0.0155	0.979961069483006
0.015600000000000001	0.9799575346695758
0.015700000000000002	0.9799539773524082
0.0158	0.9799503975334413
0.0159	0.9799467952146145
0.016	0.9799431703978745
0.0161	0.9799395230851536
0.0162	0.9799358532784075
0.016300000000000002	0.9799321609795597
0.0164	0.9799284461905756
0.0165	0.9799247089134013
0.0166	0.9799209491499853
0.0167	0.9799171669022707
0.016800000000000002	0.9799133621722139
0.016900000000000002	0.9799095349617666
0.017	0.9799056852728936
0.0171	0.979901813107536
0.0172	0.9798979184676664
0.0173	0.9798940013552397
0.017400000000000002	0.9798900617722116
0.0175	0.9798860997205517
0.0176	0.9798821152022147
0.0177	0.9798781082191755
0.0178	0.9798740787733917
0.0179	0.9798700268668444
0.018000000000000002	0.979865952501493
0.0181	0.9798618556793107
0.0182	0.9798577364022653
0.0183	0.9798535946723351
0.0184	0.9798494304915001
0.018500000000000003	0.9798452438617359
0.018600000000000002	0.9798410347850091
0.0187	0.9798368032633179
0.0188	0.9798325492986195
0.0189	0.9798282728929205
0.019	0.9798239740481983
0.019100000000000002	0.9798196527664269
0.019200000000000002	0.9798153090496025
0.0193	0.9798109428997182
0.0194	0.979806554318754
0.0195	0.9798021433087054
0.0196	0.9797977098715618
0.019700000000000002	0.9797932540093175
0.0198	0.9797887757239733
0.0199	0.979784275017521
0.02	0.9797797518919661
0.0201	0.9797752063493043
0.020200000000000003	0.979770638391529
0.020300000000000002	0.9797660480206545
0.0204	0.9797614352386799
0.0205	0.9797568000476176
0.0206	0.979752142449456
0.0207	0.9797474624462206
0.020800000000000003	0.9797427600399174
0.020900000000000002	0.979738035232562
0.021	0.9797332880261522
0.0211	0.9797285184227149
0.0212	0.9797237264242696
0.0213	0.9797189120328202
0.021400000000000002	0.9797140752503869
0.021500000000000002	0.9797092160790027
0.0216	0.9797043345206741
0.0217	0.9796994305774306
0.0218	0.9796945042512961
0.0219	0.9796895555442863
0.022000000000000002	0.9796845844584464
0.0221	0.9796795909957937
0.0222	0.9796745751583619
0.0223	0.9796695369481803
0.0224	0.9796644763672802
0.022500000000000003	0.9796593934176944
0.022600000000000002	0.9796542881014657
0.0227	0.9796491604206252
0.0228	0.9796440103772124
0.0229	0.9796388379732656
0.023	0.9796336432108325
0.023100000000000002	0.979628426091951
0.023200000000000002	0.9796231866186605
0.0233	0.9796179247930112
0.0234	0.979612640617049
0.0235	0.9796073340928253
0.0236	0.9796020052223843
0.023700000000000002	0.9795966540077805
0.0238	0.9795912804510684
0.0239	0.9795858845543067
0.024	0.9795804663195339
0.0241	0.979575025748824
0.024200000000000003	0.9795695628442163
0.024300000000000002	0.9795640776077961
0.0244	0.9795585700416004
0.0245	0.9795530401477017
0.0246	0.9795474879281759
0.0247	0.9795419133850652
0.024800000000000003	0.9795363165204473
0.024900000000000002	0.9795306973363932
0.025	0.9795250558349704
0.0251	0.9795193920182539
0.0252	0.979513705888307
0.0253	0.979507997447206
0.025400000000000002	0.9795022666970297
0.025500000000000002	0.9794965136398504
0.0256	0.9794907382777474
0.0257	0.9794849406128004
0.0258	0.9794791206470975
0.025900000000000003	0.9794732783827098
0.026000000000000002	0.979467413821723
0.0261	0.9794615269662308
0.0262	0.979455617818303
0.0263	0.9794496863800428
0.0264	0.9794437326535407
0.026500000000000003	0.9794377566408762
0.026600000000000002	0.9794317583441428
0.0267	0.9794257377654413
0.0268	0.9794196949068616
0.0269	0.9794136297704982
0.027	0.9794075423584517
0.027100000000000003	0.9794014326728219
0.027200000000000002	0.9793953007157036
0.0273	0.9793891464892067
0.0274	0.9793829699954285
0.0275	0.9793767712364865
0.027600000000000003	0.9793705502144652
0.027700000000000002	0.9793643069314824
0.027800000000000002	0.9793580413896534
0.0279	0.9793517535910765
0.028	0.9793454435378772
0.0281	0.9793391112321531
0.028200000000000003	0.9793327566760208
0.028300000000000002	0.9793263798716166
0.0284	0.9793199808210298
0.0285	0.9793135595263995
0.0286	0.9793071159898353
0.0287	0.9793006502134552
0.028800000000000003	0.9792941621993938
0.028900000000000002	0.9792876519497661
0.029	0.9792811194666999
0.0291	0.9792745647523295
0.0292	0.9792679878087713
0.029300000000000003	0.9792613886381635
0.029400000000000003	0.97925476724263
0.029500000000000002	0.9792481236243129
0.0296	0.9792414577853396
0.0297	0.9792347697278428
0.0298	0.9792280594539652
0.029900000000000003	0.9792213269658367
0.030000000000000002	0.9792145722656117
0.030100000000000002	0.9792077953554102
0.0302	0.9792009962374011
0.0303	0.9791941749137055
0.0304	0.9791873313864657
0.030500000000000003	0.9791804656578476
0.030600000000000002	0.9791735777299916
0.0307	0.9791666676050459
0.0308	0.9791597352851522
0.0309	0.9791527807724798
0.031	0.9791458040691642
0.031100000000000003	0.9791388051773652
0.031200000000000002	0.9791317840992435
0.0313	0.979124740836958
0.031400000000000004	0.9791176753926663
0.0315	0.9791105877685231
0.0316	0.9791034779666877
0.0317	0.9790963459893337
0.0318	0.9790891918386199
0.031900000000000005	0.979082015516717
0.032	0.9790748170257769
0.032100000000000004	0.9790675963679891
0.0322	0.9790603535455068
0.0323	0.9790530885605091
0.0324	0.9790458014151597
0.0325	0.979038492111647
0.032600000000000004	0.9790311606521385
0.0327	0.9790238070388081
0.0328	0.9790164312738373
0.0329	0.9790090333594029
0.033	0.9790016132976842
0.033100000000000004	0.9789941710908806
0.0332	0.9789867067411485
0.0333	0.9789792202506977
0.0334	0.9789717116216939
0.0335	0.9789641808563354
0.033600000000000005	0.9789566279568113
0.0337	0.9789490529253062
0.033800000000000004	0.9789414557640175
0.0339	0.9789338364751431
0.034	0.9789261950608641
0.0341	0.9789185315233901
0.0342	0.9789108458648996
0.034300000000000004	0.9789031380876158
0.0344	0.9788954081937253
0.0345	0.9788876561854242
0.0346	0.9788798820649213
0.0347	0.978872085834417
0.034800000000000005	0.9788642674961286
0.0349	0.9788564270522497
0.035	0.9788485645049879
0.0351	0.9788406798565626
0.0352	0.9788327731091867
0.035300000000000005	0.9788248442650525
0.0354	0.9788168933263949
0.035500000000000004	0.9788089202954181
0.0356	0.9788009251743415
0.0357	0.978792907965384
0.0358	0.9787848686707565
0.0359	0.9787768072926903
0.036000000000000004	0.9787687238334049
0.0361	0.9787606182951104
0.0362	0.9787524906800547
0.0363	0.9787443409904403
0.0364	0.9787361692285044
0.036500000000000005	0.9787279753964735
0.0366	0.9787197594965906
0.0367	0.9787115215310656
0.0368	0.9787032615021426
0.0369	0.9786949794120512
0.037000000000000005	0.9786866752630393
0.0371	0.9786783490573224
0.037200000000000004	0.9786700007971563
0.0373	0.9786616304847724
0.0374	0.9786532381224093
0.0375	0.9786448237123186
0.0376	0.9786363872567269
0.037700000000000004	0.9786279287579024
0.0378	0.9786194482180665
0.0379	0.9786109456394829
0.038	0.978602421024398
0.0381	0.9785938743750557
0.038200000000000005	0.9785853056937119
0.0383	0.9785767149826111
0.038400000000000004	0.9785681022440252
0.0385	0.9785594674801958
0.0386	0.9785508106933813
0.038700000000000005	0.9785421318858378
0.0388	0.9785334310598378
0.038900000000000004	0.9785247082176245
0.039	0.9785159633614733
0.0391	0.9785071964936419
0.0392	0.9784984076163983
0.0393	0.9784895967320039
0.039400000000000004	0.9784807638427278
0.0395	0.978471908950837
0.0396	0.9784630320586081
0.0397	0.9784541331683133
0.0398	0.9784452122822186
0.039900000000000005	0.9784362694025968
0.04	0.9784273045317302
0.040100000000000004	0.9784183176718946
0.0402	0.9784093088253571
0.0403	0.978400277994422
0.040400000000000005	0.9783912251813391
0.0405	0.9783821503884199
0.040600000000000004	0.9783730536179305
0.0407	0.9783639348721538
0.0408	0.9783547941533848
0.0409	0.9783456314639115
0.041	0.9783364468060177
0.041100000000000005	0.9783272401819948
0.0412	0.9783180115941432
0.0413	0.9783087610447366
0.0414	0.9782994885360825
0.0415	0.9782901940704787
0.041600000000000005	0.9782808776502155
0.0417	0.978271539277595
0.041800000000000004	0.978262178954908
0.0419	0.9782527966844662
0.042	0.9782433924685638
0.042100000000000005	0.978233966309519
0.0422	0.9782245182096182
0.042300000000000004	0.9782150481711724
0.0424	0.9782055561964927
0.0425	0.9781960422878913
0.0426	0.9781865064476687
0.0427	0.9781769486781519
0.042800000000000005	0.9781673689816388
0.0429	0.9781577673604445
0.043000000000000003	0.9781481438168868
0.0431	0.9781384983532878
0.0432	0.9781288309719566
0.043300000000000005	0.9781191416752266
0.0434	0.9781094304654023
0.043500000000000004	0.978099697344816
0.0436	0.9780899423157834
0.0437	0.9780801653806352
0.0438	0.9780703665417019
0.0439	0.9780605458012936
0.044000000000000004	0.9780507031617607
0.0441	0.9780408386254157
0.0442	0.9780309521945943
0.0443	0.9780210438716368
0.0444	0.9780111136588683
0.044500000000000005	0.9780011615586267
0.0446	0.9779911875732499
0.044700000000000004	0.9779811917050781
0.0448	0.9779711739564367
0.0449	0.977961134329688
0.045000000000000005	0.9779510728271509
0.0451	0.9779409894511918
0.045200000000000004	0.9779308842041329
0.0453	0.9779207570883334
0.0454	0.9779106081061403
0.0455	0.9779004372598895
0.0456	0.9778902445519528
0.045700000000000005	0.9778800299846552
0.0458	0.9778697935603714
0.0459	0.9778595352814324
0.046	0.9778492551502141
0.0461	0.9778389531690653
0.046200000000000005	0.9778286293403373
0.0463	0.9778182836664009
0.046400000000000004	0.9778079161495986
0.0465	0.9777975267923054
0.0466	0.977787115596887
0.046700000000000005	0.977776682565692
0.0468	0.9777662277011048
0.046900000000000004	0.9777557510054784
0.047	0.9777452524811748
0.0471	0.9777347321305792
0.0472	0.9777241899560566
0.0473	0.9777136259599823
0.047400000000000005	0.9777030401447114
0.0475	0.9776924325126446
0.0476	0.9776818030661306
0.0477	0.9776711518075739
0.0478	0.9776604787393318
0.047900000000000005	0.9776497838637935
0.048	0.9776390671833274
0.048100000000000004	0.9776283287003368
0.0482	0.9776175684171895
0.0483	0.9776067863362715
0.048400000000000006	0.9775959824599793
0.0485	0.9775851567906904
0.048600000000000004	0.9775743093307866
0.0487	0.9775634400826798
0.0488	0.9775525490487416
0.0489	0.9775416362313725
0.049	0.9775307016329643
0.049100000000000005	0.9775197452559116
0.0492	0.977508767102617
0.049300000000000004	0.977497767175472
0.0494	0.9774867454768734
0.0495	0.9774757020092251
0.049600000000000005	0.9579491082795133
0.0497	0.9579382376824989
0.049800000000000004	0.957927345770861
0.0499	0.957916432546931
0.05	0.9579054980130826
0.050100000000000006	0.9578945421716681
0.0502	0.9578835650250423
0.050300000000000004	0.9385553524080927
0.0504	0.9385445500448931
0.0505	0.9385337268257968
0.0506	0.9385228827530963
0.0507	0.9385120178291252
0.050800000000000005	0.9385011320561903
0.0509	0.9384902254366054
0.051000000000000004	0.9384792979726965
0.0511	0.93846834966678
0.0512	0.9384573805211768
0.051300000000000005	0.9384463905382118
0.0514	0.9384353797202145
0.051500000000000004	0.9384243480694948
0.0516	0.9384132955883848
0.0517	0.9384022222792253
0.051800000000000006	0.9383911281443195
0.0519	0.9383800131860244
0.052000000000000005	0.9383688774066489
0.0521	0.9383577208085324
0.0522	0.9383465433940182
0.0523	0.93833534516543
0.0524	0.9383241261251067
0.052500000000000005	0.9383128862753789
0.0526	0.9383016256185932
0.052700000000000004	0.9382903441570916
0.0528	0.9382790418932078
0.0529	0.9382677188292889
0.053000000000000005	0.9382563749676779
0.0531	0.9382450103107128
0.053200000000000004	0.9382336248607375
0.0533	0.9382222186201172
0.0534	0.9382107915911834
0.053500000000000006	0.9381993437762876
0.0536	0.9381878751777805
0.053700000000000005	0.9381763857980179
0.0538	0.9381648756393539
0.0539	0.9381533447041316
0.054	0.9381417929947242
0.0541	0.938130220513474
0.054200000000000005	0.9381186272627502
0.0543	0.9381070132448918
0.054400000000000004	0.938095378462283
0.0545	0.93808372291727
0.0546	0.9380720466122249
0.054700000000000006	0.9380603495495006
0.0548	0.9380486317314735
0.054900000000000004	0.9380368931604989
0.055	0.9380251338389565
0.0551	0.9380133537692027
0.055200000000000006	0.9380015529536175
0.0553	0.937989731394571
0.055400000000000005	0.9379778890944312
0.0555	0.9379660260555676
0.055600000000000004	0.9379541422803712
0.0557	0.9379422377712026
0.0558	0.9379303125304398
0.055900000000000005	0.9379183665604732
0.056	0.9379063998636646
0.056100000000000004	0.9378944124424177
0.0562	0.9378824042990901
0.0563	0.9378703754360871
0.056400000000000006	0.9378583258557763
0.0565	0.9378462555605526
0.056600000000000004	0.9378341645527951
0.0567	0.937822052834905
0.0568	0.9378099204092549
0.056900000000000006	0.9377977672782459
0.057	0.9377855934442703
0.057100000000000005	0.9377733989097219
0.0572	0.9377611836769866
0.057300000000000004	0.9377489477484641
0.0574	0.9377366911265549
0.0575	0.9377244138136425
0.057600000000000005	0.9377121158121433
0.0577	0.9376997971244507
0.057800000000000004	0.9376874577529646
0.0579	0.9376750977000927
0.058	0.9376627169682297
0.058100000000000006	0.9376503155597807
0.0582	0.9376378934771619
0.058300000000000005	0.9376254507227726
0.0584	0.9376129872990264
0.0585	0.937600503208328
0.058600000000000006	0.9375879984530876
0.0587	0.9375754730357216
0.058800000000000005	0.9375629269586381
0.0589	0.9375503602242627
0.059000000000000004	0.9375377728349955
0.0591	0.9375251647932618
0.0592	0.9375125361014791
0.059300000000000005	0.9374998867620651
0.0594	0.9374872167774505
0.059500000000000004	0.9374745261500403
0.0596	0.9374618148822601
0.0597	0.9374490829765396
0.059800000000000006	0.9374363304353085
0.0599	0.9374235572609828
0.060000000000000005	0.9374107634559976
0.0601	0.9373979490227728
0.060200000000000004	0.937385113963744
0.0603	0.9373722582813452
0.0604	0.9373593819780066
0.060500000000000005	0.9373464850561574
0.0606	0.9373335675182339
0.060700000000000004	0.9373206293666729
0.0608	0.9373076706039168
0.0609	0.9372946912323947
0.061000000000000006	0.9372816912545512
0.0611	0.9372686706728184
0.061200000000000004	0.9372556294896547
0.0613	0.9372425677074843
0.0614	0.93722948532877
0.061500000000000006	0.937216382355941
0.0616	0.9372032587914508
0.061700000000000005	0.9371901146377463
0.0618	0.9371769498972714
0.061900000000000004	0.9371637645724886
0.062	0.9371505586658327
0.0621	0.9371373321797647
0.062200000000000005	0.937124085116747
0.0623	0.937110817479216
0.062400000000000004	0.9370975292696383
0.0625	0.9370842204904773
0.0626	0.9370708911441735
0.0627	0.9370575412331993
0.06280000000000001	0.937044170760004
0.0629	0.9370307797270624
0.063	0.9370173681368311
0.0631	0.9370039359917848
0.0632	0.9369904832943619
0.06330000000000001	0.9369770100470548
0.0634	0.9369635162523237
0.0635	0.9178621231669268
0.0636	0.9178488611946469
0.0637	0.9178355791131729
0.06380000000000001	0.917822276924922
0.0639	0.9178089546323084
0.064	0.9177956122377656
0.0641	0.9177822497437066
0.06420000000000001	0.9177688671525539
0.06430000000000001	0.917755464466741
0.0644	0.917742041688697
0.0645	0.9177285988208348
0.0646	0.9177151358655947
0.06470000000000001	0.9177016528253986
0.0648	0.9176881497026859
0.0649	0.9176746264998863
0.065	0.917661083219437
0.0651	0.9176475198637569
0.06520000000000001	0.9176339364352977
0.0653	0.9176203329364886
0.0654	0.9176067093697745
0.0655	0.9175930657375848
0.0656	0.9175794020423599
0.06570000000000001	0.917565718286551
0.0658	0.9175520144725887
0.0659	0.9175382906029259
0.066	0.9175245466800027
0.0661	0.9175107827062667
0.06620000000000001	0.9174969986841676
0.0663	0.9174831946161455
0.0664	0.9174693705046514
0.0665	0.917455526352136
0.0666	0.9174416621610582
0.06670000000000001	0.9174277779338594
0.0668	0.9174138736730022
0.0669	0.9173999493809338
0.067	0.9173860050601191
0.0671	0.9173720407130108
0.06720000000000001	0.9173580563420701
0.0673	0.9173440519497408
0.0674	0.9173300275385017
0.0675	0.9173159831108132
0.06760000000000001	0.9173019186691249
0.06770000000000001	0.9172878342159115
0.0678	0.9172737297536376
0.0679	0.9172596052847644
0.068	0.917245460811755
0.06810000000000001	0.917231296337097
0.0682	0.9172171118632411
0.0683	0.9172029073926605
0.0684	0.9171886829278292
0.0685	0.9171744384712248
0.06860000000000001	0.9171601740253162
0.0687	0.9171458895925771
0.0688	0.9171315851754901
0.0689	0.9171172607765279
0.069	0.9171029163981699
0.06910000000000001	0.9170885520428931
0.0692	0.9170741677131797
0.0693	0.9170597634115092
0.0694	0.9170453391403763
0.0695	0.9170308949022469
0.06960000000000001	0.9170164306996197
0.0697	0.9170019465349796
0.0698	0.9169874424108034
0.0699	0.9169729183295947
0.07	0.9169583742938263
0.07010000000000001	0.9169438103060005
0.0702	0.9169292263686136
0.0703	0.9169146224841465
0.0704	0.916899998655096
0.07050000000000001	0.9168853548839565
0.07060000000000001	0.9168706911732373
0.0707	0.9168560075254237
0.0708	0.916841303943006
0.0709	0.9168265804284998
0.07100000000000001	0.916811836984399
0.0711	0.9167970736132075
0.0712	0.916782290317431
0.0713	0.9167674870995615
0.0714	0.9167526639621133
0.07150000000000001	0.9167378209075919
0.0716	0.9167229579385102
0.0717	0.9167080750573607
0.0718	0.9166931722666678
0.0719	0.9166782495689338
0.07200000000000001	0.9166633069666847
0.0721	0.9166483444624116
0.0722	0.9166333620586423
0.0723	0.9166183597578822
0.0724	0.9166033375626632
0.07250000000000001	0.9165882954754893
0.0726	0.9165732334988814
0.0727	0.9165581516353675
0.0728	0.9165430498874511
0.0729	0.916527928257673
0.07300000000000001	0.9165127867485413
0.0731	0.9164976253625852
0.0732	0.9164824441023312
0.0733	0.9164672429703089
0.0734	0.9164520219690371
0.07350000000000001	0.9164367811010462
0.0736	0.916421520368862
0.0737	0.9164062397750331
0.0738	0.9163909393220686
0.07390000000000001	0.916375619012512
0.07400000000000001	0.9163602788488957
0.0741	0.9163449188337555
0.0742	0.9163295389696188
0.0743	0.9163141392590388
0.07440000000000001	0.916298719704539
0.0745	0.9162832803086711
0.0746	0.916267821073965
0.0747	0.9162523420029611
0.0748	0.9162368430982105
0.07490000000000001	0.9162213243622517
0.075	0.9162057857976338
0.0751	0.9161902274068922
0.0752	0.9161746491925846
0.0753	0.9161590511572578
0.07540000000000001	0.9161434333034599
0.0755	0.9161277956337313
0.0756	0.9161121381506366
0.0757	0.9160964608567178
0.0758	0.9160807637545394
0.07590000000000001	0.9160650468466445
0.076	0.9160493101355895
0.0761	0.9160335536239435
0.0762	0.9160177773142486
0.0763	0.9160019812090717
0.07640000000000001	0.9159861653109729
0.0765	0.915970329622518
0.0766	0.9159544741462561
0.0767	0.9159385988847569
0.07680000000000001	0.9159227038405855
0.07690000000000001	0.9159067890163087
0.077	0.9158908544144871
0.0771	0.9158749000376913
0.0772	0.9158589258884916
0.07730000000000001	0.9158429319694535
0.07740000000000001	0.9158269182831598
0.0775	0.9158108848321649
0.0776	0.9157948316190457
0.0777	0.9157787586463842
0.07780000000000001	0.915762665916751
0.0779	0.9157465534327246
0.078	0.9157304211968772
0.0781	0.9157142692117853
0.0782	0.9156980974800342
0.07830000000000001	0.9156819060042101
0.0784	0.9156656947868775
0.0785	0.915649463830634
0.0786	0.9156332131380525
0.0787	0.91561694271172
0.07880000000000001	0.9156006525542294
0.0789	0.9155843426681654
0.079	0.9155680130561087
0.0791	0.9155516637206504
0.0792	0.8966920190915236
0.07930000000000001	0.8966759671390147
0.0794	0.896659895888661
0.0795	0.8966438053430037
0.0796	0.8966276955045842
0.07970000000000001	0.8966115663759342
0.07980000000000001	0.8965954179596043
0.0799	0.8965792502581197
0.08	0.8965630632740434
0.0801	0.8965468570099112
0.08020000000000001	0.8965306314682644
0.08030000000000001	0.8965143866516501
0.0804	0.8964981225626123
0.0805	0.8964818392037093
0.0806	0.8964655365774834
0.08070000000000001	0.8964492146864823
0.08080000000000001	0.8964328735332608
0.0809	0.8964165131203797
0.081	0.8964001334503768
0.0811	0.896383734525811
0.08120000000000001	0.8963673163492405
0.0813	0.8963508789232226
0.0814	0.8963344222503077
0.0815	0.8963179463330637
0.0816	0.8963014511740459
0.08170000000000001	0.8962849367758134
0.0818	0.8962684031409277
0.0819	0.896251850271956
0.082	0.8962352781714614
0.0821	0.8962186868419972
0.08220000000000001	0.896202076286141
0.0823	0.8961854465064569
0.0824	0.8961687975055133
0.0825	0.8961521292858764
0.0826	0.8961354418501158
0.08270000000000001	0.8961187352008073
0.0828	0.8961020093405127
0.0829	0.8960852642718135
0.083	0.8960684999972824
0.08310000000000001	0.8960517165194939
0.08320000000000001	0.8960349138410257
0.0833	0.8960180919644535
0.0834	0.896001250892349
0.0835	0.8959843906272945
0.08360000000000001	0.895967511171876
0.08370000000000001	0.8959506125286711
0.0838	0.8959336947002665
0.0839	0.8959167576892348
0.084	0.8958998014981675
0.08410000000000001	0.8958828261296449
0.08420000000000001	0.8958658315862564
0.0843	0.8958488178705966
0.0844	0.8958317849852405
0.0845	0.895814732932781
0.08460000000000001	0.8957976617158143
0.0847	0.8957805713369305
0.0848	0.8957634617987226
0.0849	0.8957463331037754
0.085	0.8957291852546875
0.08510000000000001	0.8957120182540582
0.0852	0.8956948321044822
0.0853	0.895677626808557
0.0854	0.8956604023688816
0.0855	0.8956431587880571
0.08560000000000001	0.8956258960686753
0.0857	0.8956086142133497
0.0858	0.8955913132246671
0.0859	0.8955739931052537
0.08600000000000001	0.8955566538576871
0.08610000000000001	0.895539295484594
0.0862	0.8955219179885755
0.0863	0.8955045213722387
0.0864	0.8954871056381888
0.08650000000000001	0.8954696707890392
0.08660000000000001	0.8954522168273997
0.0867	0.8954347437558802
0.0868	0.8954172515770897
0.0869	0.8953997402936502
0.08700000000000001	0.8953822099081802
0.08710000000000001	0.8953646604232818
0.0872	0.8953470918415778
0.0873	0.8953295041656824
0.0874	0.8953118973982274
0.08750000000000001	0.8952942715418185
0.0876	0.8952766265990779
0.0877	0.8952589625726379
0.0878	0.8952412794651067
0.0879	0.8952235772791227
0.08800000000000001	0.8952058560173018
0.0881	0.8951881156822632
0.0882	0.8951703562766475
0.0883	0.895152577803083
0.0884	0.8951347802641842
0.08850000000000001	0.8951169636625915
0.0886	0.8950991280009368
0.0887	0.895081273281841
0.0888	0.8950633995079509
0.0889	0.8950455066818875
0.08900000000000001	0.8950275948062942
0.0891	0.8950096638838041
0.0892	0.894991713917056
0.0893	0.8949737449086839
0.08940000000000001	0.8949557568613267
0.08950000000000001	0.8949377497776337
0.0896	0.8949197236602242
0.0897	0.8949016785117646
0.0898	0.8948836143348812
0.08990000000000001	0.8948655311322276
0.09000000000000001	0.8948474289064459
0.0901	0.8948293076601735
0.0902	0.8948111673960644
0.0903	0.8947930081167729
0.09040000000000001	0.8947748298249374
0.09050000000000001	0.8947566325232088
0.0906	0.8947384162142383
0.0907	0.8947201809006876
0.0908	0.8947019265851894
0.09090000000000001	0.8946836532704174
0.091	0.8946653609590187
0.0911	0.8946470496536442
0.0912	0.8946287193569503
0.0913	0.8946103700716026
0.09140000000000001	0.8945920018002571
0.0915	0.894573614545577
0.0916	0.8945552083102124
0.0917	0.8945367830968356
0.0918	0.8945183389081027
0.09190000000000001	0.8944998757466708
0.092	0.8944813936152256
0.0921	0.8944628925164091
0.0922	0.8944443724529053
0.09230000000000001	0.8944258334273731
0.09240000000000001	0.8944072754424817
0.0925	0.8943886985009036
0.0926	0.8943701026053065
0.0927	0.8943514877583575
0.09280000000000001	0.8943328539627435
0.09290000000000001	0.894314201221123
0.093	0.8942955295361739
0.0931	0.8942768389105755
0.0932	0.8942581293470074
0.09330000000000001	0.8942394008481361
0.09340000000000001	0.8942206534166522
0.0935	0.8942018870552225
0.0936	0.8941831017665374
0.0937	0.894164297553272
0.09380000000000001	0.8941454744181041
0.09390000000000001	0.8941266323637359
0.094	0.8941077713928322
0.0941	0.8940888915080811
0.0942	0.8940699927121766
0.09430000000000001	0.8940510750078076
0.0944	0.8940321383976471
0.0945	0.8940131828844009
0.0946	0.893994208470744
0.0947	0.8939752151593804
0.09480000000000001	0.8939562029529947
0.0949	0.8939371718542828
0.095	0.8939181218659392
0.0951	0.8938990529906535
0.0952	0.893879965231133
0.09530000000000001	0.8938608585900613
0.0954	0.8938417330701358
0.0955	0.8938225886740706
0.0956	0.8938034254045462
0.09570000000000001	0.8937842432642844
0.09580000000000001	0.8937650422559716
0.0959	0.8937458223823107
0.096	0.8937265836460129
0.0961	0.8937073260497784
0.09620000000000001	0.8936880495963095
0.09630000000000001	0.8936687542883133
0.0964	0.8936494401285071
0.0965	0.8936301071195939
0.0966	0.8936107552642751
0.09670000000000001	0.8935913845652733
0.09680000000000001	0.8935719950252947
0.0969	0.8935525866470476
0.097	0.8935331594332446
0.0971	0.8935137133866151
0.09720000000000001	0.8934942485098556
0.09730000000000001	0.8934747648056864
0.0974	0.8934552622768366
0.0975	0.8934357409260056
0.0976	0.8934162007559299
0.09770000000000001	0.8933966417693219
0.0978	0.8933770639688964
0.0979	0.8933574673573869
0.098	0.8933378519375109
0.0981	0.893318217711995
0.09820000000000001	0.8932985646835515
0.0983	0.8932788928549189
0.0984	0.8932592022288254
0.0985	0.8932394928079838
0.09860000000000001	0.8746456266634962
0.09870000000000001	0.8746262926282835
0.0988	0.8746069402087734
0.0989	0.8745875694076266
0.099	0.8745681802275331
0.09910000000000001	0.8745487726711517
0.09920000000000001	0.8745293467411618
0.0993	0.8745099024402418
0.0994	0.8744904397710617
0.0995	0.8560957077692987
0.09960000000000001	0.8560766205762768
0.09970000000000001	0.8560575154204078
0.0998	0.8560383923043179
0.0999	0.8560192512306324
0.1	0.8560000922019689
0.1009	0.8558268534035939
0.1018	0.8556521623824295
0.1027	0.855476021061434
0.10360000000000001	0.8552984313694749
0.10450000000000001	0.8369603599966119
0.10540000000000001	0.8367837409645312
0.1063	0.836605710944206
0.1072	0.8364262718448322
0.1081	0.818296927500786
0.109	0.8181186212929253
0.1099	0.8179389428088312
0.11080000000000001	0.8177578939370493
0.11170000000000001	0.8175754765716072
0.1126	0.8173916926119228
0.1135	0.7819416238365322
0.1144	0.7644265194293947
0.1153	0.7642508620814349
0.1162	0.7640739359440661
0.11710000000000001	0.7638957428146309
0.11800000000000001	0.7637162844956153
0.1189	0.7635355627943603
0.1198	0.7633535795230637
0.1207	0.7631703364987381
0.12160000000000001	0.7629858355432019
0.1225	0.7628000784830313
0.12340000000000001	0.7626130671495666
0.12430000000000001	0.7624248033788701
0.1252	0.7622352890116866
0.1261	0.7620445258934588
0.127	0.7618525158742571
0.1279	0.7616592608087894
0.1288	0.761464762556366
0.1297	0.7612690229808647
0.1306	0.7610720439507096
0.1315	0.7608738273388693
0.13240000000000002	0.7606743750228016
0.1333	0.7604736888844423
0.1342	0.7602717708101798
0.1351	0.7600686226908363
0.136	0.7598642464216334
0.13690000000000002	0.759658643902167
0.1378	0.7594518170363949
0.1387	0.7592437677326006
0.1396	0.7590344979033701
0.1405	0.7588240094655874
0.1414	0.7586123043403639
0.1423	0.7583993844530712
0.1432	0.7581852517332653
0.1441	0.757969908114705
0.14500000000000002	0.7577533555352891
0.1459	0.7575355959370607
0.1468	0.7573166312661749
0.1477	0.7570964634728635
0.1486	0.7568750945114292
0.1495	0.7566525263401978
0.1504	0.7564287609215149
0.1513	0.7562038002217243
0.1522	0.7559776462111037
0.1531	0.7557503008639032
0.154	0.7555217661582676
0.1549	0.7552920440762297
0.1558	0.7550611366037032
0.1567	0.7548290457304359
0.15760000000000002	0.7545957734499875
0.1585	0.754361321759716
0.15940000000000001	0.7541256926607557
0.1603	0.7538888881579756
0.1612	0.7536509102599661
0.1621	0.7534117609790179
0.163	0.7531714423310909
0.1639	0.7529299563358036
0.1648	0.7526873050163774
0.16570000000000001	0.7524434903996609
0.1666	0.7521985145160541
0.1675	0.7519523793995191
0.1684	0.7517050870875571
0.1693	0.7514566396211584
0.17020000000000002	0.7512070390447884
0.1711	0.7509562874063882
0.172	0.733878195293459
0.1729	0.7336309318190516
0.1738	0.7333825499417986
0.17470000000000002	0.7331330516757273
0.1756	0.732882439037854
0.1765	0.7326307140485471
0.1774	0.7323778787313903
0.17830000000000001	0.7321239351131612
0.1792	0.7318688852237962
0.1801	0.7316127310963866
0.181	0.7313554747671432
0.1819	0.73109711827537
0.18280000000000002	0.730837663663456
0.1837	0.7305771129768442
0.1846	0.7303154682639915
0.1855	0.7300527315763805
0.1864	0.7297889049684705
0.18730000000000002	0.7295239904976736
0.1882	0.7292579902243511
0.1891	0.7289909062117733
0.19	0.7287227405261046
0.19090000000000001	0.7284534952363788
0.1918	0.7281831724144645
0.19269999999999998	0.7279117741350748
0.1936	0.727639302475711
0.1945	0.7273657595166485
0.19540000000000002	0.7106145887433254
0.1963	0.7103452971176012
0.1972	0.7100749653895381
0.1981	0.709803595601563
0.199	0.7095311897984811
0.19990000000000002	0.7092577500278057
0.2008	0.7089832783395857
0.2017	0.7087077767864299
0.2026	0.7084312474234468
0.20350000000000001	0.7081536923082418
0.2044	0.7078751135008947
0.20529999999999998	0.7075955130639214
0.2062	0.7073148930622859
0.2071	0.7070332555633454
0.20800000000000002	0.70675060263683
0.2089	0.7064669363548555
0.2098	0.7061822587918529
0.2107	0.7058965720245912
0.2116	0.7056098781321224
0.21250000000000002	0.7053221791957827
0.2134	0.7050334772991531
0.2143	0.7047437745280497
0.2152	0.7044530729705006
0.21610000000000001	0.7041613747167212
0.217	0.7038686818590866
0.21789999999999998	0.7035749964921241
0.2188	0.7032803207124949
0.2197	0.702984656618941
0.22060000000000002	0.7026880063122972
0.2215	0.7023903718954637
0.2224	0.7020917554733695
0.2233	0.7017921591529586
0.2242	0.7014915850431861
0.2251	0.7011900352549687
0.226	0.6848307777365197
0.2269	0.6845344130154619
0.2278	0.684237101936778
0.22870000000000001	0.683938846569151
0.2296	0.6836396489828461
0.2305	0.6833395112500648
0.2314	0.6830384354447795
0.2323	0.6827364236427296
0.2332	0.6824334779214085
0.2341	0.6821296003600142
0.23500000000000001	0.6818247930394568
0.2359	0.6815190580423375
0.2368	0.6812123974529022
0.2377	0.6809048133570498
0.2386	0.6805963078422965
0.2395	0.6802868829977621
0.2404	0.6799765409141516
0.24130000000000001	0.6796652836837204
0.2422	0.6793531134002745
0.2431	0.6633088253162294
0.244	0.6630023073539586
0.2449	0.6626949043861504
0.2458	0.6623866184624674
0.2467	0.6620774516337926
0.24760000000000001	0.661767405952491
0.2485	0.6614564834723015
0.2494	0.6611446862482957
0.25029999999999997	0.6608320163368953
0.2512	0.6605184757958092
0.2521	0.6602040666840595
0.253	0.6598887910619246
0.2539	0.6595726509909403
0.2548	0.6592556485338809
0.25570000000000004	0.658937785754733
0.2566	0.6586190647186763
0.2575	0.6428747875442615
0.25839999999999996	0.6425620794621529
0.2593	0.6422485400234471
0.2602	0.6419341712479364
0.2611	0.6416189751562679
0.262	0.6413029537702468
0.2629	0.6409861091127255
0.26380000000000003	0.6406684432075683
0.2647	0.6403499580796481
0.2656	0.640030655754816
0.2665	0.6397105382598864
0.26739999999999997	0.6393896076226294
0.2683	0.6390678658717303
0.2692	0.6387453150367972
0.2701	0.6384219571483265
0.271	0.638097794237689
0.27190000000000003	0.6377728283371112
0.27280000000000004	0.6374470614796661
0.2737	0.6371204956992449
0.2746	0.636793133030537
0.27549999999999997	0.6364649755090287
0.2764	0.6361360251709721
0.2773	0.63580628405336
0.2782	0.6354757541939362
0.2791	0.6351444376311471
0.28	0.6348123364041395
0.28090000000000004	0.6344794525527523
0.2818	0.6341457881174776
0.2827	0.6338113451394592
0.28359999999999996	0.6334761256604623
0.2845	0.6331401317228793
0.2854	0.6328033653696848
0.2863	0.6324658286444321
0.2872	0.6321275235912478
0.2881	0.6317884522547855
0.28900000000000003	0.6314486166802338
0.2899	0.6311080189132932
0.2908	0.63076666100015
0.29169999999999996	0.6304245449874741
0.29259999999999997	0.6300816729223895
0.2935	0.6297380468524624
0.2944	0.629393668825689
0.2953	0.6290485408904691
0.2962	0.6287026650955962
0.29710000000000003	0.6283560434902384
0.298	0.6280086781239316
0.2989	0.6276605710465356
0.2998	0.612454854810794
0.30069999999999997	0.612113816373007
0.3016	0.6117720604768109
0.3025	0.61142958912294
0.3034	0.6110864043124966
0.3043	0.5961065773039529
0.3052	0.5957705016863718
0.30610000000000004	0.5954337362444617
0.307	0.5950962829304114
0.3079	0.5947581436963412
0.30879999999999996	0.594419320494631
0.3097	0.594079815277808
0.3106	0.5937396299985191
0.3115	0.5933987666095123
0.3124	0.5930572270636212
0.3133	0.5927150133137654
0.31420000000000003	0.5923721273129153
0.3151	0.5920285710140918
0.316	0.591684346370342
0.31689999999999996	0.5913394553347295
0.31779999999999997	0.590993899860323
0.3187	0.5763279209547213
0.3196	0.5759897416909675
0.3205	0.5756509204689698
0.3214	0.5753114591925629
0.32230000000000003	0.574971359765269
0.3232	0.5746306240906336
0.3241	0.5742892540721116
0.325	0.5739472516130361
0.32589999999999997	0.5595306963360299
0.3268	0.5591961551903791
0.3277	0.5588610033353817
0.3286	0.5446523619424057
0.3295	0.530634854273725
0.3304	0.5303151126957147
0.33130000000000004	0.5299947988667614
0.3322	0.5296739145451779
0.3331	0.5293524614885637
0.33399999999999996	0.5290304414545173
0.3349	0.5287078562003742
0.3358	0.5283847074832071
0.3367	0.5280609970597998
0.3376	0.5277367266866428
0.3385	0.5274118981199176
0.33940000000000003	0.5270865131154868
0.3403	0.5267605734288813
0.3412	0.5264340808152853
0.34209999999999996	0.5261070370295245
0.34299999999999997	0.5257794438260566
0.3439	0.5254513029589589
0.3448	0.5251226161819125
0.3457	0.5247933852481903
0.3466	0.5244636119106529
0.34750000000000003	0.5241332979217299
0.3484	0.5238024450333969
0.3493	0.5234710549971934
0.35019999999999996	0.5231391295641784
0.35109999999999997	0.5228066704849376
0.352	0.5224736795095691
0.3529	0.5221401583876665
0.3538	0.5218061088683118
0.3547	0.5214715327000596
0.3556	0.521136431630926
0.35650000000000004	0.520800807408383
0.35740000000000005	0.5204646617793408
0.35829999999999995	0.5201279964901377
0.35919999999999996	0.5197908132865265
0.3601	0.5194531139136697
0.361	0.5191149001161184
0.3619	0.5187761736378116
0.3628	0.5184369362220543
0.3637	0.5180971896115165
0.36460000000000004	0.5177569355482112
0.36550000000000005	0.517416175773496
0.36639999999999995	0.5170749120280478
0.36729999999999996	0.5167331460518636
0.36819999999999997	0.5163908795842407
0.3691	0.5160481143637722
0.37	0.5157048521283284
0.3709	0.5153610946150556
0.3718	0.5150168435603599
0.37270000000000003	0.514672100699898
0.37360000000000004	0.5143268677685585
0.37449999999999994	0.5139811465004614
0.37539999999999996	0.5136349386289477
0.37629999999999997	0.5132882458865546
0.3772	0.5129410700050271
0.3781	0.4995616856534029
0.379	0.499222761425591
0.3799	0.49888337196081206
0.3808	0.4985435189412883
0.38170000000000004	0.4982032040484819
0.38260000000000005	0.4978624289630021
0.38349999999999995	0.4975211953646054
0.38439999999999996	0.49717950493217433
0.3853	0.4968373593437187
0.3862	0.4964947602763545
0.3871	0.49615170940630016
0.388	0.4958082084088698
0.3889	0.4954642589584595
0.38980000000000004	0.495119862728532
0.39070000000000005	0.4947750213916153
0.39159999999999995	0.4944297366192972
0.39249999999999996	0.4940840100821951
0.39339999999999997	0.4937378434499718
0.3943	0.48069517210446333
0.3952	0.48035744222152305
0.3961	0.48001928897361945
0.397	0.47968071398132117
0.39790000000000003	0.47934171886432875
0.39880000000000004	0.4790023052410925
0.39969999999999994	0.4786624747291849
0.40059999999999996	0.47832222894514903
0.40149999999999997	0.4779815695045127
0.4024	0.4776404980217594
0.4033	0.4648621448801381
0.4042	0.464529555422169
0.4051	0.4641965698836773
0.406	0.4638631898307705
0.40690000000000004	0.4635294168282435
0.40780000000000005	0.4631952524399654
0.40869999999999995	0.4628606982287208
0.40959999999999996	0.45031843699241564
0.4105	0.4499923583638083
0.4114	0.44966590526069244
0.4123	0.4493390791981309
0.4132	0.4490118816898544
0.4141	0.4486843142486184
0.41500000000000004	0.44835637838607995
0.41590000000000005	0.44802807561278446
0.41679999999999995	0.4476994074381619
0.41769999999999996	0.44737037537051144
0.41859999999999997	0.4470409809170015
0.4195	0.44671122558366266
0.4204	0.44638111087537063
0.4213	0.4460506382958446
0.4222	0.4457198093476462
0.42310000000000003	0.4453886255321567
0.42400000000000004	0.44505708834958124
0.42489999999999994	0.44472519929893606
0.42579999999999996	0.4443929598780498
0.42669999999999997	0.4440603715835388
0.4276	0.44372743591082014
0.4285	0.4433941543540817
0.4294	0.443060528406297
0.4303	0.4427265595592088
0.4312	0.4423922493033137
0.43210000000000004	0.4420575991278634
0.43300000000000005	0.44172261052086387
0.43389999999999995	0.4413872849690568
0.43479999999999996	0.44105162395791037
0.4357	0.44071562897162664
0.4366	0.4403793014931192
0.4375	0.4400426430040227
0.4384	0.4397056549846658
0.4393	0.4393683389140791
0.44020000000000004	0.43903069626998525
0.44110000000000005	0.4386927285287874
0.44199999999999995	0.43835443716556943
0.44289999999999996	0.4380158236540793
0.4438	0.4376768894667401
0.4447	0.4373376360746169
0.4456	0.4369980649474343
0.4465	0.4366581775535578
0.4474	0.4363179753599888
0.44830000000000003	0.4359774598323649
0.44920000000000004	0.43563663243493433
0.45009999999999994	0.43529549463057865
0.45099999999999996	0.43495404788078074
0.45189999999999997	0.43461229364562326
0.4528	0.43427023338380133
0.4537	0.4339278685525912
0.4546	0.43358520060785294
0.4555	0.43324223100403514
0.45640000000000003	0.4328989611941512
0.45730000000000004	0.4325553926297848
0.45819999999999994	0.43221152676107805
0.45909999999999995	0.43186736503673057
0.45999999999999996	0.4315229089039851
0.4609	0.431178159808634
0.4618	0.43083311919500156
0.4627	0.43048778850593894
0.4636	0.4301421691828317
0.4645	0.42979626266556986
0.46540000000000004	0.42945007039257227
0.46630000000000005	0.4291035938007499
0.46719999999999995	0.42875683432552325
0.46809999999999996	0.42840979340080565
0.469	0.4280624724589995
0.4699	0.42771487293099186
0.4708	0.427366996246146
0.4717	0.4270188438323004
0.4726	0.42667041711575926
0.47350000000000003	0.42632171752128944
0.47440000000000004	0.42597274647211103
0.47529999999999994	0.42562350538989674
0.47619999999999996	0.4252739956947583
0.47709999999999997	0.4249242188052616
0.478	0.42457417613838905
0.4789	0.4242238691095617
0.4798	0.41258136769991566
0.4807	0.41224036864906793
0.48160000000000003	0.41189911674413465
0.48250000000000004	0.41155761335400864
0.48339999999999994	0.41121585984606707
0.48429999999999995	0.41087385758585704
0.48519999999999996	0.4105316079375
0.4861	0.4101891122635367
0.487	0.40984637192494383
0.4879	0.4095033882811087
0.4888	0.4091601626898327
0.4897	0.4088166965073341
0.49060000000000004	0.40847299108822815
0.49150000000000005	0.3862577811794095
0.49239999999999995	0.37523300135792736
0.49329999999999996	0.3749175418618497
0.4942	0.37460186810092655
0.4951	0.3742859813059849
0.496	0.37396988270630915
0.4969	0.3736535735298187
0.4978	0.373337055002922
0.49870000000000003	0.37302032835052074
0.49960000000000004	0.37270339479600295
0.5005	0.36192258033111874
0.5014	0.3616146645208833
0.5023	0.3613065514694507
0.5032	0.36099824235705014
0.5041	0.3606897383624112
0.505	0.3603810406628133
0.5059	0.36007215043403656
0.5068	0.3597630688503592
0.5077	0.35945379708454805
0.5085999999999999	0.35914433630787274
0.5095	0.3588346876900856
0.5104	0.3585248523994222
0.5113	0.35821483160259737
0.5122	0.3579046264648111
0.5131	0.3575942381497343
0.514	0.3572836678195032
0.5149	0.3569729166347264
0.5158	0.3465088215519813
0.5167	0.346207097483343
0.5176	0.34590520132933705
0.5185	0.3456031342086469
0.5194	0.34530089723857127
0.5203	0.3449984915346472
0.5212	0.34469591821103096
0.5221	0.3443931783803578
0.523	0.3440902731537512
0.5239	0.3437872036408076
0.5248	0.3434839709496075
0.5257	0.34318057618669395
0.5266	0.3428770204570922
0.5275	0.34257330486428633
0.5284	0.3422694305102281
0.5293	0.3419653984953322
0.5302	0.3416612099184684
0.5311	0.3413568658769673
0.532	0.3410523674666109
0.5329	0.3407477157816284
0.5337999999999999	0.340442911914703
0.5347	0.3401379569569614
0.5356	0.33003448264548313
0.5365	0.32973858234371717
0.5374	0.3294425386675922
0.5383	0.32914635266766284
0.5392	0.3288500253930225
0.5401	0.32855355789124613
0.541	0.32825695120837506
0.5419	0.32796020638892376
0.5428	0.32766332447587754
0.5437	0.3273663065106803
0.5446	0.3270691535332454
0.5455	0.3267718665819435
0.5464	0.31693215660902113
0.5473	0.3166438662732276
0.5482	0.31635544905270274
0.5491	0.30669391486282715
0.55	0.306414374656077
0.5509	0.3061347143822059
0.5518	0.30585493500330674
0.5527	0.3055750374797612
0.5536	0.3052950227706067
0.5545	0.30501489183341485
0.5554	0.30473464562427893
0.5563	0.3044542850978262
0.5572	0.3041738112072052
0.5581	0.3038932249040885
0.5589999999999999	0.3036125271386704
0.5599	0.303331718859667
0.5608	0.3030508010143085
0.5617	0.302769774548344
0.5626	0.3024886404060379
0.5635	0.3022073995301655
0.5644	0.3019260528620156
0.5653	0.30164460134138465
0.5662	0.3013630459065784
0.5670999999999999	0.30108138749441193
0.568	0.2917606391667686
0.5689	0.2914878361687711
0.5698	0.2912149360978648
0.5707	0.29094193985379174
0.5716	0.2906688483348664
0.5725	0.2903956624379465
0.5734	0.29012238305843385
0.5743	0.28984901109027367
0.5752	0.2895755474259431
0.5761	0.28930199295646536
0.577	0.2890283485713965
0.5779	0.28875461515883066
0.5788	0.2884807936053934
0.5797	0.2882068847962442
0.5806	0.2879328896150786
0.5815	0.2788942021741232
0.5824	0.27862899385368295
0.5833	0.2783637044047199
0.5841999999999999	0.2780983346752995
0.5851	0.2778328855118222
0.586	0.27756735775938024
0.5869	0.2773017522616324
0.5878	0.27703606986081425
0.5887	0.27677031139772146
0.5896	0.276504477711726
0.5905	0.2762385696407555
0.5914	0.2759725880213144
0.5922999999999999	0.2671855114473519
0.5932	0.2669282254897433
0.5941	0.26667087069594836
0.595	0.266413447867905
0.5959	0.26615595780627826
0.5968	0.26589840131010434
0.5977	0.2656407791771376
0.5986	0.26538309220374556
0.5995	0.2651253411848933
0.6003999999999999	0.26486752691415283
0.6013	0.2646096501836978
0.6022	0.2643517117843079
0.6031	0.2640937125053589
0.604	0.263835653134831
0.6049	0.2635775344593032
0.6058	0.26331935726395594
0.6067	0.26306112233256806
0.6075999999999999	0.26280283044751573
0.6084999999999999	0.2625444823897774
0.6093999999999999	0.26228607893892497
0.6103	0.26202762087312664
0.6112	0.26176910896915295
0.6121	0.2615105440023639
0.613	0.2612519267467216
0.6139	0.2609932579747772
0.6148	0.2607345384576803
0.6156999999999999	0.2604757689651735
0.6165999999999999	0.26279024058368144
0.6174999999999999	0.2625272478932264
0.6184	0.26226421137211775
0.6193	0.2620011317882363
0.6202	0.2617380099098035
0.6211	0.2614748465027015
0.622	0.2612116423313698
0.6229	0.2609483981587975
0.6237999999999999	0.2606851147465254
0.6246999999999999	0.26042179285464695
0.6255999999999999	0.26015843324180704
0.6265	0.25180629584221087
0.6274	0.2515516929888759
0.6283	0.25129705574636074
0.6292	0.25104238484078084
0.6301	0.2507876809969049
0.631	0.25053294493809697
0.6319	0.25027817738632335
0.6327999999999999	0.25002337906214883
0.6336999999999999	0.24976855068473683
0.6345999999999999	0.2495136929718493
0.6355	0.24925880663984804
0.6364	0.24900389240369403
0.6373	0.2487489509769451
0.6382	0.24849398307176007
0.6391	0.24823898939889927
0.64	0.2479839706677187
0.6408999999999999	0.24772892758617504
0.6417999999999999	0.24747386086082485
0.6426999999999999	0.24721877119682556
0.6436	0.24696365929793385
0.6445	0.2467085258665042
0.6454	0.24645337160349556
0.6463	0.24619819720846503
0.6472	0.2459430033795709
0.6481	0.2456877908135713
0.6489999999999999	0.24543256020582765
0.6498999999999999	0.2451773122503019
0.6507999999999999	0.24492204763955555
0.6517	0.244666767064756
0.6526	0.24441147121567172
0.6535	0.24415616078067146
0.6544	0.24390083644672816
0.6553	0.24364549889942055
0.6562	0.2433901488229266
0.6571	0.23547582281015753
0.6579999999999999	0.23522915810781475
0.6588999999999999	0.23498248310025976
0.6597999999999999	0.23473579844149783
0.6607	0.2344891047842393
0.6616	0.2342424027796145
0.6625	0.2339956930775218
0.6634	0.23374897632651273
0.6643	0.23350225317379575
0.6652	0.23325552426523227
0.6660999999999999	0.2330087902453383
0.6669999999999999	0.23276205175728715
0.6678999999999999	0.23251530944290863
0.6688	0.2322685639426869
0.6697	0.23202181589576598
0.6706	0.23177506593994684
0.6715	0.23152831471168928
0.6724	0.23128156284611023
0.6733	0.23103481097698797
0.6741999999999999	0.2307880597367606
0.6750999999999999	0.23054130975652518
0.6759999999999999	0.23029456166604106
0.6769	0.23004781609373195
0.6778	0.22980107366668115
0.6787	0.22955433501063327
0.6796	0.22930760075000137
0.6805	0.2290608715078608
0.6814	0.22881414790595297
0.6822999999999999	0.21410246350242787
0.6831999999999999	0.21387272245892508
0.6840999999999999	0.2136429879596277
0.6849999999999999	0.21341326057537813
0.6859	0.21318354087589478
0.6868	0.2129538294296541
0.6877	0.21272412680389294
0.6886	0.21249443356461448
0.6895	0.2122647502765852
0.6904	0.2120350775033324
0.6912999999999999	0.21180541580715154
0.6921999999999999	0.21157576574910258
0.6930999999999999	0.21134612788901283
0.694	0.21111650278547522
0.6949	0.21088689099585203
0.6958	0.21065729307627504
0.6967	0.21042770958164395
0.6976	0.21019814106563103
0.6985	0.2099685880806777
0.6993999999999999	0.20973905117800018
0.7002999999999999	0.20262325656695382
0.7011999999999999	0.20240200370987335
0.7021	0.2021807676887809
0.703	0.19521309812312782
0.7039	0.19499999550925934
0.7048	0.19478691037070286
0.7057	0.19457384320836016
0.7066	0.19436079452199884
0.7074999999999999	0.19414776481025603
0.7083999999999999	0.19393475457063963
0.7092999999999999	0.19372176429952448
0.7101999999999999	0.1935087944921606
0.7111	0.1932958456426679
0.712	0.19473883559259222
0.7129	0.19452302983046163
0.7138	0.19430725009738944
0.7147	0.19409149688166719
0.7156	0.19387577067181777
0.7164999999999999	0.19366007195453688
0.7173999999999999	0.19344440121537496
0.7182999999999999	0.19322875893874286
0.7192	0.1930131456079121
0.7201	0.192797561705012
0.721	0.1925820077110389
0.7219	0.19236648410584772
0.7228	0.19215099136816177
0.7237	0.19193552997556834
0.7245999999999999	0.1917201004045214
0.7254999999999999	0.19150470313034318
0.7263999999999999	0.19128933862722444
0.7273	0.19107400736822794
0.7282	0.19085870982528555
0.7291	0.1906434464692022
0.73	0.1904282177696566
0.7309	0.1902130241952024
0.7318	0.18999786621326914
0.7326999999999999	0.18978274429016395
0.7335999999999999	0.18956765889107013
0.7344999999999999	0.18935261048005367
0.7353999999999999	0.18913759952005804
0.7363	0.1889226264729109
0.7372	0.18870769179932068
0.7381	0.18849279595888294
0.739	0.18827793941007698
0.7399	0.1880631226102681
0.7408	0.18784834601571018
0.7416999999999999	0.1876336100815472
0.7425999999999999	0.18741891526181206
0.7434999999999999	0.1872042620094301
0.7444	0.1869896507762186
0.7453	0.1867750820128893
0.7462	0.1865605561690494
0.7471	0.1863460736932031
0.748	0.186131635032752
0.7489	0.18591724063399495
0.7497999999999999	0.18570289094213469
0.7506999999999999	0.18548858640127333
0.7515999999999999	0.18527432745441524
0.7525	0.17884835270623653
0.7534	0.17864211541426248
0.7543	0.1784359230002518
0.7552	0.17214793504291653
0.7561	0.17194960906724027
0.757	0.17175132718269384
0.7578999999999999	0.1715530897892442
0.7587999999999999	0.17135489728595443
0.7596999999999999	0.17115675007088627
0.7605999999999999	0.17095864854110218
0.7615	0.17076059309266353
0.7624	0.1705625841206346
0.7633	0.17036462201908475
0.7642	0.1701667071810858
0.7651	0.16996883999871612
0.766	0.16977102086306242
0.7668999999999999	0.16957325016421906
0.7677999999999999	0.16937552829128957
0.7686999999999999	0.1691778556323907
0.7696	0.16898023257464895
0.7705	0.16878265950420762
0.7714	0.16858513680622214
0.7723	0.16838766486486675
0.7732	0.16819024406333305
0.7741	0.16799287478383
0.7749999999999999	0.16779555740758823
0.7758999999999999	0.16759829231485882
0.7767999999999999	0.16740107988491834
0.7777	0.16720392049606556
0.7786	0.16700681452562602
0.7795	0.1668097623499511
0.7804	0.16661276434442232
0.7813	0.16641582088344847
0.7822	0.1662189323404712
0.7830999999999999	0.16602209908796495
0.7839999999999999	0.1658253214974362
0.7848999999999999	0.16562859993942752
0.7857999999999999	0.16543193478351798
0.7867	0.16523532639832486
0.7876	0.16503877515150198
0.7885	0.16484228140974824
0.7894	0.16464584553880035
0.7903	0.164449467903441
0.7912	0.1642531488674953
0.7920999999999999	0.16405688879383568
0.7929999999999999	0.16386068804438217
0.7938999999999999	0.16366454698010263
0.7948	0.16346846596101558
0.7957	0.1632724453461908
0.7966	0.1630764854937517
0.7975	0.1628805867608756
0.7984	0.1626847495037942
0.7993	0.16248897407779858
0.8001999999999999	0.16229326083723636
0.8010999999999999	0.1620976101355164
0.8019999999999999	0.16190202232510745
0.8029	0.16170649775754095
0.8038	0.16151103678341444
0.8047	0.16131563975238847
0.8056	0.16112030701319138
0.8065	0.16092503891362028
0.8074	0.16072983580054054
0.8082999999999999	0.16053469801989068
0.8091999999999999	0.16033962591667805
0.8100999999999999	0.16014461983498843
0.8109999999999999	0.15994968011797986
0.8119	0.1597548071078871
0.8128	0.15956000114602478
0.8137	0.15936526257278494
0.8146	0.15917059172764256
0.8155	0.15897598894915255
0.8163999999999999	0.1587814545749574
0.8172999999999999	0.15858698894177925
0.8181999999999999	0.1583925923854319
0.8190999999999999	0.15819826524081507
0.82	0.158004007841918
0.8209	0.15780982052182022
0.8218	0.15221233502727372
0.8227	0.1520257371716255
0.8236	0.15183920721045996
0.8245	0.15165274545898547
0.8253999999999999	0.15146635223154614
0.8262999999999999	0.15128002784162473
0.8271999999999999	0.15109377260184245
0.8281	0.15090758682396183
0.829	0.15072147081888665
0.8299	0.15053542489666538
0.8308	0.15034944936649008
0.8317	0.15016354453669933
0.8326	0.14997771071477917
0.8334999999999999	0.14979194820736533
0.8343999999999999	0.149606257320243
0.8352999999999999	0.14942063835834996
0.8361999999999999	0.14923509162577578
0.8371	0.14386773168236558
0.838	0.1436895828793682
0.8389	0.14351150387057016
0.8398	0.14333349494327305
0.8407	0.1431555563840636
0.8415999999999999	0.13296135155554972
0.8424999999999999	0.1327976004491881
0.8433999999999999	0.12777607624528767
0.8442999999999999	0.1276192578237873
0.8452	0.12746250136264164
0.8461	0.12730580710605074
0.847	0.12714917529760802
0.8479	0.12699260618022087
0.8488	0.1268360999961109
0.8497	0.1266796569868155
0.8505999999999999	0.1265232773931899
0.8514999999999999	0.1263669614554068
0.8523999999999999	0.1262107094129591
0.8533	0.12605452150465943
0.8542	0.12589839796864308
0.8551	0.12106404856977954
0.856	0.12091467602408539
0.8569	0.12076536528851925
0.8578	0.12061611658705432
0.8586999999999999	0.12046693014304997
0.8595999999999999	0.12031780617906922
0.8604999999999999	0.12016874491711892
0.8613999999999999	0.1200197465785689
0.8623	0.11987081138415627
0.8632	0.11972193955398493
0.8641	0.11957313130752782
0.865	0.11942438686362697
0.8659	0.1192757064404961
0.8667999999999999	0.11912709025572024
0.8676999999999999	0.1189785385262584
0.8685999999999999	0.1188300514684432
0.8694999999999999	0.11868162929798368
0.8704	0.1185332722299659
0.8713	0.11838498047885367
0.8722	0.1182367542584891
0.8731	0.11808859378209714
0.874	0.11794049926228277
0.8749	0.11779247091103465
0.8757999999999999	0.11764450893972454
0.8766999999999999	0.11749661355911065
0.8775999999999999	0.11734878497933691
0.8785	0.117201023409936
0.8794	0.117053329059828
0.8803	0.11690570213732428
0.8812	0.11675814285012683
0.8821	0.1166106514053306
0.883	0.1164632280094234
0.8838999999999999	0.11631587286828914
0.8847999999999999	0.11616858618720659
0.8856999999999999	0.11602136817085246
0.8865999999999999	0.11587421902330164
0.8875	0.11572713894802829
0.8884	0.11558012814790788
0.8893	0.11543318682521751
0.8902	0.11528631518163715
0.8911	0.11513951341825174
0.8919999999999999	0.11067408654082152
0.8928999999999999	0.11053377189757597
0.8937999999999999	0.11039352409819445
0.8946999999999999	0.11025334333145112
0.8956	0.11011322978558499
0.8965	0.10997318364812862
0.8974	0.10983320510613213
0.8983	0.10969329434608832
0.8992	0.10955345155393638
0.9001	0.1094136769150618
0.9009999999999999	0.10927397061429898
0.9018999999999999	0.10913433283592887
0.9027999999999999	0.10899476376368354
0.9037	0.10885526358074676
0.9046	0.10871583246975262
0.9055	0.10857647061279001
0.9064	0.10843717819140165
0.9073	0.10829795538658482
0.9082	0.10815880237879506
0.9090999999999999	0.10801971934794428
0.9099999999999999	0.1078807064734035
0.9108999999999999	0.10774176393400403
0.9117999999999999	0.10760289190803776
0.9127	0.10746409057325833
0.9136	0.10732536010688364
0.9145	0.10718670068559467
0.9154	0.10704811248553858
0.9163	0.10690959568232941
0.9171999999999999	0.10677115045104738
0.9180999999999999	0.10663277696624289
0.9189999999999999	0.10649447540193448
0.9198999999999999	0.10635624593161357
0.9208	0.10621808872824168
0.9217	0.10608000396425459
0.9226	0.10594199181156115
0.9235	0.10580405244154638
0.9244	0.10566618602507073
0.9252999999999999	0.10552839273247278
0.9261999999999999	0.10539067273356896
0.9270999999999999	0.10525302619765525
0.9279999999999999	0.10511545329350837
0.9289	0.10497795418938714
0.9298	0.10484052905303129
0.9307	0.10470317805166693
0.9316	0.10456590135200236
0.9325	0.10442869912023392
0.9334	0.10429157152204388
0.9342999999999999	0.10415451872260217
0.9351999999999999	0.10401754088656791
0.9360999999999999	0.1038806381780916
0.9369999999999999	0.10374381076081352
0.9379	0.10360705879786641
0.9388	0.10347038245187636
0.9397	0.10333378188496316
0.9406	0.10319725725874412
0.9415	0.10306080873432984
0.9423999999999999	0.10292443647233084
0.9432999999999999	0.1027881406328541
0.9441999999999999	0.10265192137550797
0.9450999999999999	0.10251577885939966
0.946	0.09852146018623426
0.9469	0.09839146012540909
0.9478	0.09826153318599871
0.9487	0.09813167951699359
0.9496	0.0980018992669828
0.9504999999999999	0.09787219258408866
0.9513999999999999	0.09774255961596877
0.9522999999999999	0.09761300050981796
0.9531999999999999	0.09748351541236804
0.9541	0.09735410446988942
0.955	0.09722476782819195
0.9559	0.0970955056326247
0.9568	0.09696631802807962
0.9577	0.09683720515898915
0.9586	0.09670816716932948
0.9594999999999999	0.0965792042026219
0.9603999999999999	0.09645031640193123
0.9612999999999999	0.09632150390986935
0.9621999999999999	0.09619276686859449
0.9631	0.09606410541981301
0.964	0.09593551970478036
0.9649	0.0958070098643015
0.9658	0.09567857603873235
0.9667	0.09555021836798057
0.9675999999999999	0.09542193699150546
0.9684999999999999	0.09529373204832133
0.9693999999999999	0.09516560367699627
0.9702999999999999	0.09503755201565388
0.9712	0.09490957720197371
0.9721	0.09478167937319285
0.973	0.09465385866610726
0.9739	0.09452611521707113
0.9748	0.09439844916199887
0.9756999999999999	0.0942708606363658
0.9765999999999999	0.09414334977520923
0.9774999999999999	0.09401591671312921
0.9783999999999999	0.09388856158428951
0.9793	0.09376128452241866
0.9802	0.09363408566080987
0.9811	0.09350696513232383
0.982	0.09337992306938771
0.9829	0.09325295960399682
0.9838	0.09312607486771618
0.9846999999999999	0.09299926899168032
0.9855999999999999	0.09287254210659406
0.9864999999999999	0.09274589434273578
0.9873999999999999	0.09261932582995387
0.9883	0.09249283669767282
0.9892	0.09236642707488901
0.9901	0.09224009709017601
0.991	0.08862743420118432
0.9919	0.08850691857186098
0.9927999999999999	0.08838647860011875
0.9936999999999999	0.0882661144062235
0.9945999999999999	0.08814582611006823
0.9954999999999999	0.08802561383115033
0.9964	0.08790547768857455
0.9973	0.0877854178010535
0.9982	0.08766543428690682
0.9991	0.08754552726406493
1.0	0.08742569685006686
1.009	0.08623163177785176
1.018	0.08504535401764633
1.027	0.08386697479651001
1.036	0.08269660161210256
1.045	0.08153433830674071
1.054	0.077351703483713
1.063	0.07625799753153856
1.072	0.07517222107573765
1.081	0.07409445949794898
1.09	0.07302479507804532
1.099	0.07196330704691184
1.108	0.0709100716401713
1.117	0.06986516214847519
1.126	0.06882864896525787
1.135	0.06780059963248605
1.144	0.06678107888558386
1.153	0.06577014869224664
1.162	0.06476786829229435
1.171	0.061455012924135057
1.18	0.06051493965298747
1.189	0.05739793119799086
1.198	0.056517298248030194
1.207	0.05564456818223278
1.216	0.054779781521672684
1.225	0.05392297663709493
1.234	0.05307418976418383
1.2429999999999999	0.052233455018559215
1.252	0.05140080441422982
1.261	0.04876817710436726
1.27	0.04798977029368516
1.279	0.047219039508433334
1.288	0.046536914143855475
1.297	0.045778212006970846
1.306	0.04344074494409516
1.315	0.04273246291024943
1.3239999999999998	0.042031513853570956
1.333	0.04133791263762231
1.342	0.040651672426074176
1.351	0.03997280468383002
1.3599999999999999	0.03930131918151891
1.369	0.03732111733862047
1.378	0.03679695718428871
1.387	0.03494405948327141
1.396	0.034358226839369725
1.405	0.03377892379615753
1.414	0.03320615319760769
1.423	0.03154878515301124
1.432	0.0310160568577867
1.4409999999999998	0.030489429313507954
1.45	0.02996890145748049
1.459	0.028491607221999265
1.468	0.027087525455975696
1.4769999999999999	0.02663338762709996
1.486	0.026184523235138868
1.4949999999999999	0.025740928900065626
1.504	0.024493327744181385
1.513	0.023310026390652442
1.5219999999999998	0.022924480311552028
1.531	0.02254343851355311
1.54	0.020786860263576776
1.549	0.01979942512687689
1.5579999999999998	0.019487752346496152
1.567	0.019179560755079126
1.576	0.018874848854454975
1.585	0.018573614403818318
1.5939999999999999	0.017725538867676912
1.603	0.017447531534846884
1.612	0.01724032032921952
1.621	0.01696638781334421
1.63	0.016695639361718112
1.6389999999999998	0.016428070709870304
1.648	0.016163676892908013
1.657	0.01590245224631443
1.666	0.015644390406031695
1.6749999999999998	0.014599908182639686
1.684	0.014374800742837328
1.693	0.01415229432406488
1.702	0.013932384795114982
1.7109999999999999	0.013383536504466194
1.72	0.013180746261979737
1.729	0.012677817713879306
1.738	0.012490937139767889
1.7469999999999999	0.012031676951415264
1.7559999999999998	0.011859574298258315
1.765	0.01168933400763593
1.774	0.011520954445114289
1.783	0.011354433514747155
1.7919999999999998	0.011189768660201757
1.801	0.011026956867170017
1.81	0.010865994665775801
1.819	0.010706878133953011
1.8279999999999998	0.010454650405117298
1.837	0.010133635077668155
1.846	0.009987744052346332
1.855	0.009843516443698866
1.8639999999999999	0.00970094815359879
1.8729999999999998	0.009560034674655684
1.882	0.009420771094976738
1.891	0.009283152104810562
1.9	0.009147172002397336
1.9089999999999998	0.008986468590108076
1.918	0.008852973386076282
1.927	0.008721116921689705
1.936	0.008519767317349427
1.9449999999999998	0.008252478736535326
1.954	0.008131460737881471
1.963	0.008011918638360994
1.972	0.007843361959087853
1.9809999999999999	0.0077263111502053955
1.9899999999999998	0.007610734702203284
1.9989999999999999	0.007496624736098081
2.008	0.007366580528082471
2.017	0.007260429220282089
2.026	0.007155572363167958
2.035	0.007052003252069444
2.0439999999999996	0.006949714913817695
2.053	0.006848700116284014
2.062	0.006748951377194474
2.0709999999999997	0.006650460972828022
2.08	0.0065532209467193
2.089	0.006457223118579382
2.098	0.006362459093171062
2.107	0.006268920269263852
2.1159999999999997	0.006176597848581778
2.125	0.006085482844774878
2.134	0.005824774765377717
2.143	0.005736503860809595
2.152	0.005649437387821692
2.1609999999999996	0.005563565217246416
2.17	0.005478877074880961
2.179	0.005395362550855329
2.1879999999999997	0.005313011108424156
2.197	0.0052318120927096895
2.206	0.005151754739402661
2.215	0.0050728281833004665
2.224	0.00496087553772969
2.2329999999999997	0.004884048272368244
2.242	0.00480832887812909
2.251	0.004703574088235894
2.26	0.004629884520350926
2.269	0.004557278458732402
2.2779999999999996	0.004485744213081798
2.287	0.004371193374990598
2.296	0.004301888631353078
2.3049999999999997	0.004176635671160365
2.314	0.004216891376223214
2.323	0.0041523482468966005
2.332	0.00408874239388526
2.341	0.004140193197648461
2.3499999999999996	0.004079619580378222
2.359	0.0040198794322829695
2.368	0.003960964074365424
2.377	0.0039028648145519765
2.386	0.0038455729530238064
2.3949999999999996	0.00391439140197716
2.404	0.0038595510965790157
2.413	0.0038054278686883406
2.4219999999999997	0.0037520145834339814
2.431	0.003666867261998963
2.44	0.0037463504529957133
2.449	0.0036950101183493805
2.458	0.0036443267716401158
2.4669999999999996	0.0035942936645281085
2.476	0.0035449040658396764
2.485	0.0034961512643206403
2.4939999999999998	0.0034480285715723343
2.503	0.0034005293246807755
2.5119999999999996	0.003353646888832401
2.521	0.003307374659732885
2.53	0.0032617060659125524
2.5389999999999997	0.0032166345708964316
2.548	0.0031721536752493808
2.557	0.0031282569184880385
2.566	0.0030849378808812822
2.575	0.002969010051650321
2.5839999999999996	0.0029274888786152424
2.593	0.002886527514040189
2.602	0.002846119487541424
2.6109999999999998	0.0028062583816402483
2.62	0.0027669378328366878
2.6289999999999996	0.002728151532667304
2.638	0.0026898932285991193
2.647	0.0026521567248439584
2.6559999999999997	0.00261493588309062
2.665	0.0027254638513641762
2.674	0.002688906845328608
2.683	0.002652815397997853
2.692	0.0026171845729836894
2.7009999999999996	0.0025820094774686025
2.71	0.0025472852627552835
2.719	0.002513007124431344
2.7279999999999998	0.0026301785234575654
2.737	0.0025962778757766033
2.7459999999999996	0.002562781284611873
2.755	0.002529684989065327
2.764	0.002496985258014622
2.7729999999999997	0.002464678391332854
2.782	0.002432760719996732
2.791	0.0024012286059910933
2.8	0.002370078442236699
2.809	0.0023393066524522903
2.8179999999999996	0.002164507098484688
2.827	0.0021356953600942196
2.836	0.0021072529233799953
2.8449999999999998	0.0020791760881716404
2.854	0.002051461185702005
2.8629999999999995	0.0018895313770663621
2.872	0.001863714319082129
2.881	0.0018382480985548045
2.8899999999999997	0.0018131289527285987
2.899	0.0017883531510625309
2.908	0.0019030365394282634
2.917	0.001878098236100015
2.926	0.001835299106134117
2.9349999999999996	0.001811272296034724
2.944	0.0017875547978824502
2.953	0.0017641436122209306
2.9619999999999997	0.00174103576113504
2.971	0.0017182282878194304
2.9799999999999995	0.0016957182563214779
2.989	0.0016735027513414195
2.9979999999999998	0.0016515788779540893
3.0069999999999997	0.001629943761383653
3.016	0.001608594546767365
3.025	0.0015098320933091005
3.034	0.001490170574005717
3.0429999999999997	0.0014707772292743317
3.052	0.001451649163950789
3.061	0.0014327835078824466
3.07	0.001414177415378245
3.0789999999999997	0.001395828064936574
3.0879999999999996	0.0013777326590678194
3.097	0.0012726050127792306
3.106	0.001256123457477752
3.1149999999999998	0.0012398798523386516
3.1239999999999997	0.001223871368774266
3.133	0.001208095205626299
3.142	0.0012355220017088912
3.151	0.001219500549761333
3.1599999999999997	0.0012037100455352212
3.169	0.0011881478593613881
3.178	0.0011728113824655355
3.187	0.0011576980270291864
3.1959999999999997	0.0011428052260546687
3.2049999999999996	0.001128130433261165
3.214	0.0011136711230021704
3.223	0.0010994247901742627
3.2319999999999998	0.0010853889501397055
3.2409999999999997	0.0010715611386442443
3.25	0.0010579389117425857
3.259	0.0010445198457251523
3.268	0.0010313015370495102
3.2769999999999997	0.0010182816022737697
3.286	0.001000386815312307
3.295	0.0009879375127807566
3.304	0.0009756758973933457
3.3129999999999997	0.0010702315737398634
3.3219999999999996	0.0010575170804719214
3.331	0.0010449803642729326
3.34	0.0010326194329053505
3.3489999999999998	0.001020432310503119
3.3579999999999997	0.0010084170375452722
3.367	0.0009965716708274755
3.376	0.0009848942834082962
3.385	0.0009733829645856107
3.3939999999999997	0.0009620358198440515
3.403	0.0009508509708138671
3.412	0.0009398265552261036
3.421	0.0009289607268665148
3.4299999999999997	0.0009182516555286949
3.4389999999999996	0.0008856428978064758
3.448	0.0008758389708178632
3.457	0.0008661760893199501
3.4659999999999997	0.0008566525714728121
3.4749999999999996	0.0008488013484176893
3.484	0.0008396821083625777
3.493	0.0008306934978908216
3.502	0.0008218339307075008
3.5109999999999997	0.0008131018378822512
3.52	0.0008044956676747634
3.529	0.0007960138853776332
3.538	0.00078765497314742
3.5469999999999997	0.0007794174298380033
3.5559999999999996	0.0007712997708332911
3.565	0.0007633005278763059
3.574	0.0007554182488971913
3.5829999999999997	0.000747651497841089
3.5919999999999996	0.0007399988544934249
3.601	0.0007324589143045312
3.61	0.0007250302882125429
3.6189999999999998	0.000717711602464885
3.6279999999999997	0.0007105014984388146
3.637	0.0007033986324603104
3.646	0.0006964016756219201
3.655	0.0007836122954435692
3.6639999999999997	0.0007758688842974494
3.6729999999999996	0.0007682322599991257
3.682	0.0007607012213851268
3.691	0.0007532745788497908
3.6999999999999997	0.000745951154163925
3.7089999999999996	0.0007387297802957075
3.718	0.0007316093012628467
3.727	0.0007245885719449322
3.7359999999999998	0.0007176664579142733
3.7449999999999997	0.000710841835259248
3.754	0.0007041135904095672
3.763	0.0006974806199590235
3.772	0.0006909418304902227
3.7809999999999997	0.0006844961383955839
3.7899999999999996	0.0006781424697000823
3.799	0.0006718797598834229
3.808	0.000665706953701795
3.8169999999999997	0.0006596230050093004
3.8259999999999996	0.0006632072754518949
3.835	0.0006574593432305656
3.844	0.0006517914428476017
3.8529999999999998	0.0006554342735297957
3.8619999999999997	0.0006501272347804078
3.871	0.0006448934447893188
3.88	0.0006397319774903358
3.889	0.0006346419149959562
3.8979999999999997	0.0006296223473730548
3.9069999999999996	0.0006322777099222402
3.916	0.0006274588953810771
3.925	0.0006227048229293207
3.9339999999999997	0.0006180146316660518
3.9429999999999996	0.000613387468066288
3.952	0.0006088224858008591
3.961	0.0006043188455494261
3.9699999999999998	0.0005998757148279103
3.9789999999999996	0.0005954922678054979
3.988	0.0005911676851351189
3.997	0.0005869011537782783
4.006	0.0005826918668354388
4.015	0.0005785390233788839
4.023999999999999	0.0005744418282885982
4.0329999999999995	0.0005703994920899174
4.042	0.000566411230795166
4.051	0.0005624762657476057
4.06	0.0005585938234689219
4.069	0.0005643744999967685
4.077999999999999	0.0005606270808081978
4.087	0.0005569271034522362
4.096	0.0005532738306763224
4.105	0.0005496665299644352
4.114	0.0005461044734157721
4.122999999999999	0.0005425869376113743
4.132	0.000539113203502628
4.141	0.000535682556288926
4.15	0.0005322942853101297
4.159	0.0005289476839351905
4.167999999999999	0.0005256420494588526
4.177	0.00052237668300166
4.186	0.0005191508894145014
4.195	0.0005266184335772648
4.204	0.0005234855566897132
4.212999999999999	0.0005203875476867772
4.2219999999999995	0.0005173237403561021
4.231	0.0005142934721080996
4.24	0.0005112960839232639
4.249	0.0005183874906764822
4.257999999999999	0.0005154738250232778
4.2669999999999995	0.0005125885081389631
4.276	0.0005097309068287503
4.285	0.0005069003916448636
4.294	0.0005040963368550324
4.303	0.0005013181204377436
4.311999999999999	0.0004985651240701554
4.321	0.0004958367331296194
4.33	0.0004931323366935427
4.339	0.000476266548886343
4.348	0.0004735166988579661
4.356999999999999	0.00047079070145831636
4.366	0.0004680879830132071
4.375	0.00046540797353966873
4.384	0.00046275010677012784
4.393	0.00046011382018094937
4.401999999999999	0.000457498555027186
4.411	0.0004549037563810655
4.42	0.00045232887317674185
4.429	0.0004497733582586466
4.438	0.000455237586108052
4.446999999999999	0.0004528724959038612
4.4559999999999995	0.0004505202917152619
4.465	0.0004481804803021912
4.474	0.0004458525726923075
4.483	0.00044353608427416226
4.491999999999999	0.00044123053488472633
4.5009999999999994	0.0004389354489142421
4.51	0.0004366503554063452
4.519	0.0004343747881676011
4.528	0.00043210828587888936
4.537	0.0004298503922118057
4.545999999999999	0.00042760065594979474
4.555	0.00042535863111274684
4.564	0.00042312387708550234
4.5729999999999995	0.0004302846944080141
4.582	0.00042806338358312334
4.590999999999999	0.00042584591312340404
4.6	0.00042363187631797765
4.609	0.0004214208731038139
4.618	0.0004192125102231118
4.627	0.00041700640138168395
4.635999999999999	0.00041480216741562556
4.645	0.00041259943645358636
4.654	0.0004103978440834143
4.663	0.0004427068054473944
4.672	0.00043985138867286896
4.680999999999999	0.0004370051707279505
4.6899999999999995	0.00043416776293103584
4.699	0.0004313387848387638
4.708	0.0004269755086008747
4.717	0.0004242642863128287
4.725999999999999	0.00042156025640681713
4.734999999999999	0.00041886303362301036
4.744	0.0004161722416603099
4.753	0.00041348751334203726
4.762	0.0004108084907905326
4.771	0.00040813482560326
4.779999999999999	0.0004054661790221959
4.789	0.0004028022221010285
4.798	0.00040014263587122333
4.8069999999999995	0.0003974871115043104
4.816	0.0003948353504718867
4.824999999999999	0.0003921870647021426
4.834	0.00038954197673254324
4.843	0.0003868998198591778
4.852	0.00038426033828169626
4.861	0.0003816232872442546
4.869999999999999	0.00037898843317174974
4.879	0.0003763555538012684
4.888	0.00037372443830855235
4.897	0.0003710948874291314
4.906	0.0003684667135738134
4.914999999999999	0.00036583974093839974
4.9239999999999995	0.00036321380560731494
4.933	0.0003605887556509022
4.942	0.00035796445121615196
4.951	0.0003553407646106013
4.959999999999999	0.00035271758037918254
4.968999999999999	0.0003500947953737225
4.978	0.0003474723188149351
4.987	0.0003448500723465867
4.9959999999999996	0.00034222799008193074
5.005	0.00033960601864168574
5.013999999999999	0.0003369841171835343
5.023	0.00033436225742324764
5.032	0.0003317404236468419
5.0409999999999995	0.000329118612714206
5.05	0.0003264968340524317
5.058999999999999	0.0003238751096408274
5.068	0.00032125347398670966
5.077	0.00031863197409063833
5.085999999999999	0.00031601066940230673
5.095	0.0003133896317663731
5.104	0.0003107689453586112
5.1129999999999995	0.00030814870661170725
5.122	0.0003055290241309593
5.130999999999999	0.0003029100185996733
5.14	0.00030029182267427056
5.149	0.00029767458086902724
5.1579999999999995	0.0003037185453905295
5.167	0.00030107745123935113
5.175999999999999	0.00029843617374049244
5.185	0.0002957949274743337
5.194	0.0002931539386406446
5.202999999999999	0.00029051344487340553
5.212	0.0002878736950468823
5.221	0.00028523494906837254
5.2299999999999995	0.0002825974776610685
5.239	0.0002799615621380484
5.247999999999999	0.00027732749416362805
5.257	0.0002746955755053846
5.266	0.00027206611777578615
5.2749999999999995	0.00026943944216397276
5.284	0.00027237248301785976
5.292999999999999	0.00026976032292655693
5.302	0.0002671506279804747
5.311	0.00026454376177515723
5.319999999999999	0.0002619400966193133
5.329	0.0002593400132004596
5.338	0.00025674390025376116
5.3469999999999995	0.0002541521542208167
5.356	0.00025156517889949036
5.364999999999999	0.00024898338508657676
5.374	0.00024640719021297946
5.383	0.00024383701797215472
5.3919999999999995	0.00024127329794204605
5.401	0.00023871646520107662
5.409999999999999	0.0002361669599385704
5.419	0.00023362522706017437
5.428	0.00023109171578866695
5.436999999999999	0.00022856687926074118
5.446	0.00022605117412024766
5.455	0.00022354506010844837
5.4639999999999995	0.00022104899965184443
5.473	0.00021856345744805875
5.481999999999999	0.0002160889000504182
5.491	0.00021362579545183808
5.5	0.00021117461266849318
5.5089999999999995	0.0002087358213240848
5.518	0.00020630989123501372
5.526999999999999	0.00020389729199730606
5.536	0.00020149849257591188
5.545	0.00019911396089678575
5.553999999999999	0.00019674416344283573
5.563	0.0001991001895887766
5.572	0.00019677773478497874
5.5809999999999995	0.0001944700537272681
5.59	0.00019217761127437262
5.598999999999999	0.00018990086971723452
5.608	0.0001876402884076961
5.617	0.00018539632337456256
5.6259999999999994	0.00018316942696149362
5.635	0.00018096004746932266
5.643999999999999	0.0001787686288079678
5.653	0.00017659561015765103
5.662	0.00017923238198852467
5.670999999999999	0.0001770986657239078
5.68	0.0001749835466129633
5.689	0.0001728874556299499
5.6979999999999995	0.00017081081806826463
5.707	0.00016875405324988333
5.715999999999999	0.00016671757425514093
5.725	0.0001647017876644207
5.734	0.00016270709331376744
5.742999999999999	0.00016073388406496442
5.752	0.0001587825455906055
5.760999999999999	0.00015685345617456547
5.77	0.0001549469865284319
5.779	0.00015306349962422027
5.787999999999999	0.0001559555077314459
5.797	0.00015413482040733427
5.806	0.00015233680744500692
5.8149999999999995	0.00015056181602709736
5.824	0.00014881018579724904
5.832999999999999	0.00014708224876441462
5.842	0.00014537832922408353
5.851	0.00014369874370189718
5.859999999999999	0.00014204380091378306
5.869	0.00014041380175154708
5.877999999999999	0.00013880903927248158
5.887	0.0001372297987184762
5.896	0.00013567635755019357
5.904999999999999	0.00013414898550138487
5.914	0.00013785518981047792
5.923	0.00013638736137336702
5.9319999999999995	0.0001349451372424878
5.941	0.0001335287802093152
5.949999999999999	0.00013213854631610465
5.959	0.00013077468497374586
5.968	0.0001294374391082394
5.976999999999999	0.00012812704531208724
5.986	0.00012684373402239085
5.994999999999999	0.00012558772971297717
6.004	0.00012435925110520027
6.013	0.00012315851139492874
6.021999999999999	0.00012198571849659092
6.031	0.00012084107530342462
6.04	0.00011972477996389572
6.0489999999999995	0.00011863702617365776
6.058	0.00011757800348283546
6.066999999999999	0.00011654789761808469
6.076	0.00011554689081896175
6.085	0.00011457516218808187
6.093999999999999	0.00011363288805453492
6.103	0.0001127202423500279
6.111999999999999	0.00011183739699715778
6.1209999999999996	0.00011098452230904361
6.13	0.00011016178739986771
6.138999999999999	0.00010936936060553496
6.148	0.0001086074099137362
6.157	0.00010787610340272552
6.1659999999999995	0.00011100195388416179
6.175	0.00011034463465221347
6.183999999999999	0.00010971770528803108
6.193	0.00010912135189566357
6.202	0.0001085557626432636
6.210999999999999	0.00010802112818364263
6.22	0.00010751764208536404
6.228999999999999	0.0001070455012635968
6.2379999999999995	0.0001110749877331989
6.247	0.00011068173023716173
6.255999999999999	0.00011031958595777568
6.265	0.00010998878064183152
6.274	0.00010968954489753772
6.2829999999999995	0.00010942211457059385
6.292	0.00010918673112415146
6.300999999999999	0.00010898364200581512
6.31	0.0001088131010174586
6.319	0.00010867536867665176
6.327999999999999	0.00010857071257415509
6.337	0.00010849940772362925
6.345999999999999	0.00010846173690434582
6.3549999999999995	0.0001084579909951744
6.364	0.0001084884692996752
6.372999999999999	0.00010610676717650638
6.382	0.0001062240314791939
6.391	0.00011093431077771222
6.3999999999999995	0.00011113571162918472
6.409	0.0001113720141010466
6.417999999999999	0.00011164356777947876
6.427	0.00011657406753053237
6.436	0.0001169238169269545
6.444999999999999	0.0001173089806272055
6.454	0.00011772993513206251
6.462999999999999	0.00011818706593185001
6.4719999999999995	0.00011868076760841022
6.481	0.00011921144392394999
6.489999999999999	0.00011977950788855904
6.499	0.00012038538181638787
6.508	0.00012102949736324164
6.5169999999999995	0.00012171229554902048
6.526	0.00012243422676225084
6.534999999999999	0.0001231957507474545
6.544	0.00012399733657451694
6.553	0.00012483946258989213
6.561999999999999	0.0001257226163492086
6.571	0.00012664729453114884
6.579999999999999	0.0001276140028321372
6.5889999999999995	0.00012862325584178219
6.598	0.00012967557689868049
6.606999999999999	0.0001307714979265673
6.616	0.00013191155925051048
6.625	0.00013309630939308873
6.6339999999999995	0.0001343263048504868
6.643	0.00013560210984837456
6.651999999999999	0.00013692429607756323
6.661	0.00013829344240943282
6.67	0.00013971013459114091
6.678999999999999	0.00014117496492067826
6.688	0.00014268853190184424
6.696999999999999	0.0001442514398792701
6.7059999999999995	0.00014586429865362516
6.715	0.00014752772307717984
6.723999999999999	0.00014920981111395457
6.733	0.00014857442856515442
6.742	0.00015041495110173012
6.7509999999999994	0.00015230881803574231
6.76	0.00015425666051808854
6.768999999999999	0.00015625911171369115
6.778	0.00015831680625884043
6.787	0.00016043037968997963
6.795999999999999	0.00016648539379952033
6.805	0.00016869720608602508
6.813999999999999	0.0001709645209400455
6.8229999999999995	0.00017328791119013392
6.832	0.0001756679467373588
6.840999999999999	0.000178105193953072
6.85	0.00018060021506723624
6.859	0.0001831535675452947
6.867999999999999	0.00018576580345782315
6.877	0.00018843746883932515
6.885999999999999	0.00019116910304149129
6.895	0.00019396123807777742
6.904	0.0001968143979621349
6.912999999999999	0.00019972909804149427
6.922	0.00020270584432321867
6.930999999999999	0.00020574513279793583
6.9399999999999995	0.00020884744875873532
6.949	0.0002120132661171507
6.957999999999999	0.00021524304671696393
6.967	0.00021853723964627812
6.976	0.0002218962805488088
6.984999999999999	0.00022532059093500868
6.994	0.0002288105774938707
7.002999999999999	0.00023236663140609168
7.012	0.00023598912765939578
7.021	0.00023967842436674696
7.029999999999999	0.00024343486208821727
7.039	0.00024725876315726886
7.047999999999999	0.00025115043101219675
7.0569999999999995	0.00025511014953348034
7.066	0.00025913818238778663
7.074999999999999	0.0002632347723793775
7.084	0.0002674001408096812
7.093	0.00027163448684574594
7.101999999999999	0.0002759379868981134
7.111	0.00028031079400916064
7.119999999999999	0.0002847530372524762
7.129	0.0002892648211438075
7.138	0.00029384622506442977
7.146999999999999	0.000298497302697606
7.156	0.00030321808147872644
7.164999999999999	0.00030800856205976583
7.1739999999999995	0.00031163535957498014
7.183	0.0003164253696331295
7.191999999999999	0.0003212807023606705
7.201	0.0003262012060613146
7.21	0.0003311867014658627
7.218999999999999	0.0003362369813613404
7.228	0.0003413518102327571
7.236999999999999	0.0003465309239287389
7.2459999999999996	0.00034287579854867903
7.255	0.00034790846650283085
7.263999999999999	0.00035299951490798344
7.273	0.0003581485647414932
7.281999999999999	0.00036335520971810545
7.2909999999999995	0.00036861901611263655
7.3	0.0003739395225991547
7.308999999999999	0.0003793162401119903
7.318	0.00038474865172537654
7.327	0.00039023621255066063
7.335999999999999	0.00039577834965472727
7.345	0.00040137446199807063
7.353999999999999	0.0004070239203927476
7.3629999999999995	0.0004127260674800606
7.372	0.0004184802177285582
7.380999999999999	0.0004242856574521109
7.39	0.0004301416448482826
7.398999999999999	0.0004360474100568819
7.4079999999999995	0.0004420021552388709
7.417	0.00043825694107272147
7.425999999999999	0.00044430895740275167
7.435	0.00045040938381695953
7.444	0.0004565573252927484
7.452999999999999	0.00046275185841065475
7.462	0.00046899203150855173
7.470999999999999	0.00047527686488957213
7.4799999999999995	0.00048160535104967703
7.489	0.0004879764549190017
7.497999999999999	0.0004943891141271292
7.507	0.0005008422392867663
7.515999999999999	0.0005073347142981873
7.5249999999999995	0.0005138653966728305
7.534	0.0005204331178768402
7.542999999999999	0.0005270366836932237
7.552	0.0005336748746033967
7.561	0.0005403464461870188
7.569999999999999	0.0005470501295405375
7.579	0.0005537846317135438
7.587999999999999	0.0005605486361629897
7.5969999999999995	0.0005673408032247864
7.606	0.0005741597706024657
7.614999999999999	0.000581004153872561
7.624	0.0005878725470063188
7.632999999999999	0.0005947635229073882
7.6419999999999995	0.0006016756339650852
7.651	0.00060860741262282
7.659999999999999	0.0006155573719613094
7.669	0.0006225240062961287
7.678	0.0006295057917891454
7.686999999999999	0.0006365011870734855
7.696	0.0006435086338915306
7.704999999999999	0.0006505265577454986
7.7139999999999995	0.0006575533685601457
7.723	0.0006645874613571369
7.731999999999999	0.0006716272169406582
7.741	0.000678671002593692
7.749999999999999	0.0006857171727846242
7.7589999999999995	0.000692764069883551
7.768	0.0006998100248878817
7.776999999999999	0.0007068533581567628
7.786	0.0007138923801537771
7.795	0.0007038011386378309
7.803999999999999	0.0007105114420299007
7.813	0.0007172103400741081
7.821999999999999	0.0007238961992114283
7.8309999999999995	0.0007305673817351058
7.84	0.0007372222465401813
7.848999999999999	0.0007438591498609885
7.858	0.0007504764460311118
7.866999999999999	0.0007570724882319282
7.8759999999999994	0.0007654350202299308
7.885	0.0007720474922613085
7.893999999999999	0.0007786309493922028
7.903	0.0007851836801971359
7.911999999999999	0.00079170397745819
7.920999999999999	0.0007981901389479641
7.93	0.0008046404682508714
7.938999999999999	0.000811053275581474
7.9479999999999995	0.0008174268785935043
7.957	0.0008237596031890451
7.965999999999999	0.0008300497843212709
7.975	0.0008283138399644493
7.983999999999999	0.0008347251275843931
7.992999999999999	0.000841091439747108
8.001999999999999	0.0008474110510378549
8.011	0.0008536822475054023
8.02	0.0008599033272049059
8.029	0.0008660726010130933
8.038	0.0008721883935137331
8.047	0.0008506681867543774
8.056	0.0008563720678369111
8.065	0.0008620186901688276
8.074	0.0008676065432947072
8.082999999999998	0.0008731341346829416
8.091999999999999	0.0008785999904573073
8.100999999999999	0.0008840026561050508
8.11	0.0008893406971926227
8.119	0.0009040030397237123
8.128	0.00090924721093849
8.137	0.0009144204339663118
8.145999999999999	0.0009195213378225839
8.155	0.0009245485760983669
8.164	0.0009295008275006383
8.172999999999998	0.0009343767964359924
8.181999999999999	0.0009391752137584864
8.190999999999999	0.0009438948373382396
8.2	0.0009485344526590726
8.209	0.0009530928734017833
8.218	0.0009575689420113844
8.227	0.0009619615302484228
8.236	0.0009662695397270397
8.245	0.000937482354102939
8.254	0.0009413734155665752
8.262999999999998	0.0009451800770240624
8.271999999999998	0.0009489014540657981
8.280999999999999	0.0009525366935341981
8.29	0.0009223819698360483
8.299	0.0009256304440387656
8.308	0.0009287940598987122
8.317	0.000931872169112918
8.326	0.0009348641551149855
8.334999999999999	0.0009121802265623122
8.344	0.0009148538125640421
8.353	0.0009174453641532536
8.361999999999998	0.000919954456263789
8.370999999999999	0.0009220325907780381
8.379999999999999	0.0009246551666691739
8.389	0.0009271926940299108
8.398	0.0009296447168280724
8.407	0.0009320108097293454
8.416	0.0009342905782514638
8.425	0.00090196813276955
8.434	0.000871148715955854
8.443	0.0008728942425884937
8.451999999999998	0.0008745605773318831
8.460999999999999	0.0008761475761340585
8.469999999999999	0.000877655123300445
8.479	0.0008790831315060877
8.488	0.000880431541799372
8.497	0.0008817003235941543
8.506	0.0008828894746424434
8.515	0.0008839990209954205
8.524	0.0008850290169477624
8.533	0.0008859795449690132
8.542	0.000886850715620126
8.550999999999998	0.0008876426674559157
8.559999999999999	0.000888355566913322
8.568999999999999	0.0008555157170520828
8.578	0.0008560209252425168
8.587	0.0008681665432747378
8.596	0.0008686617361249353
8.605	0.0007993094774176433
8.613999999999999	0.0007994916627052485
8.623	0.0007996078225718055
8.632	0.0007996583385526379
8.640999999999998	0.0007996436146634003
8.649999999999999	0.0007995640771650753
8.658999999999999	0.0007994201742845047
8.668	0.0007992123759610404
8.677	0.0007989411735556038
8.686	0.0007986070795649774
8.695	0.0007982106273143286
8.704	0.0007977523706452828
8.713	0.0007972328835911511
8.722	0.000796652760043912
8.730999999999998	0.000796012613410299
8.739999999999998	0.0007953130762591681
8.748999999999999	0.0007945547999585761
8.758	0.0007937384543043444
8.767	0.0007928647271394101
8.776	0.0007919343239647338
8.785	0.0007909479675416862
8.794	0.0007899063974862618
8.802999999999999	0.0007888103698554775
8.812	0.0007876606567260943
8.821	0.0007864580457660545
8.829999999999998	0.0007852033397988591
8.838999999999999	0.0007838973563611628
8.847999999999999	0.0007825409272539682
8.857	0.0007811348980876257
8.866	0.0007796801278210063
8.875	0.0007781774882951815
8.884	0.0007766278637618257
8.893	0.0007750321504068847
8.902	0.0007733912558696019
8.911	0.0007717060987572975
8.919999999999998	0.0007416367432443538
8.928999999999998	0.0007399749263836942
8.937999999999999	0.0007382745618486049
8.947	0.0007365365574882512
8.956	0.0007347618288767043
8.965	0.000732951298850104
8.974	0.0007311058970359111
8.983	0.0007292265593873627
8.991999999999999	0.0007273142277114789
9.001	0.0007253698491993626
9.01	0.000723394375955053
9.019	0.0007213887645251778
9.027999999999999	0.0007232359523637385
9.036999999999999	0.0007212359799697107
9.046	0.0007192037340165442
9.055	0.0007171401696974342
9.064	0.0007150462471900086
9.072999999999999	0.0007129229310922913
9.081999999999999	0.0007107711899443953
9.091	0.0007085919957224094
9.1	0.0007063863233450979
9.109	0.0007041551501767699
9.117999999999999	0.000701899455533518
9.126999999999999	0.0006684590945181462
9.136	0.0006665023935567569
9.145	0.0006645262975513787
9.154	0.0006625316564402453
9.163	0.0006605193202153912
9.171999999999999	0.0006584901383659058
9.181	0.0006564449594776479
9.19	0.0006543846308556812
9.199	0.0006523099981240201
9.208	0.0006502219048458358
9.216999999999999	0.0006481211921486864
9.225999999999999	0.0006265115199422046
9.235	0.0006245565272560078
9.244	0.0006225921840878238
9.253	0.00062061926106547
9.261999999999999	0.0006186385249410831
9.270999999999999	0.0006166507382607434
9.28	0.0006146566590521726
9.289	0.0006126570405167274
9.298	0.0006106526307312666
9.306999999999999	0.000608644172351142
9.315999999999999	0.000606632402321301
9.325	0.0006046180515924037
9.334	0.0006026018448434397
9.343	0.0006005845002103091
9.351999999999999	0.0005985667290210246
9.360999999999999	0.0005965492355369269
9.37	0.0005945327167007944
9.379	0.0005925178618912611
9.388	0.0005905053526841842
9.397	0.0005884958626206449
9.405999999999999	0.0005864900569818316
9.415	0.0005844885925708534
9.424	0.000582492117501463
9.433	0.0005805012709938226
9.442	0.0005785166831772326
9.450999999999999	0.0005765389748999089
9.459999999999999	0.0005745687575459559
9.469	0.00057260663285928
9.478	0.0005706531927745118
9.487	0.0005687090192551987
9.495999999999999	0.0005667746841389004
9.504999999999999	0.0005648507489892758
9.514	0.0005629377649553086
9.523	0.000551113293235684
9.532	0.0005493924650335259
9.540999999999999	0.0005476830878473115
9.549999999999999	0.0005459856318035859
9.559	0.0005443005569339187
9.568	0.0005347420817303362
9.577	0.0005332500673214078
9.585999999999999	0.0005317702730850694
9.594999999999999	0.0005303030840512322
9.604	0.0005288488756864416
9.613	0.0005274080138300799
9.622	0.0005259808546340467
9.631	0.0005245677445085943
9.639999999999999	0.0005231690200692251
9.649	0.000521785008094256
9.658	0.0005204160254799587
9.667	0.0005190623792034439
9.676	0.0005177243662883357
9.684999999999999	0.0005164022737750683
9.693999999999999	0.000515096378694572
9.703	0.0005138069480462451
9.712	0.0005125342387791588
9.721	0.0005112784977771901
9.729999999999999	0.000510039961847414
9.738999999999999	0.0005088188577121332
9.748	0.0005076154020040289
9.757	0.0005064298012646657
9.766	0.0005052622519460874
9.774999999999999	0.0005041129404153654
9.783999999999999	0.0005029820429621407
9.793	0.0005018697258089901
9.802	0.0005007761451245298
9.811	0.0004997014470391811
9.819999999999999	0.000498645767663487
9.828999999999999	0.0004976092331089113
9.838	0.0004965919595110423
9.847	0.0004955940530550608
9.856	0.0004946156100034579
9.865	0.0004936567167259031
9.873999999999999	0.0004927174497311701
9.883	0.000491797875701048
9.892	0.0004908980515261591
9.901	0.000490018024343689
9.91	0.000489157831576811
9.918999999999999	0.0004883175009759468
9.927999999999999	0.0004874970506616557
9.937	0.00048669648916901866
9.946	0.00048591581549372367
9.955	0.0004851550191396189
9.963999999999999	0.00048441408016772805
9.972999999999999	0.0004836929692466851
9.982	0.0004829916477045429
9.991	0.0004823100675819807
10.0	0.0004816481716867725
10.09	0.0004463595894683981
10.18	0.0004533764564275121
10.27	0.0004524185608471743
10.36	0.00045292270424666123
10.45	0.0004415800729611873
10.54	0.00044347270167456273
10.63	0.0004457916450657252
10.72	0.00044807043698513635
10.81	0.00044982951809819093
10.9	0.00045059669026035614
10.99	0.00044992929277146973
11.08	0.00044743730714263383
11.17	0.00044280512481363377
11.26	0.00044561929719968594
11.35	0.00043615414448541697
11.44	0.00042403754151353014
11.53	0.00040151137116592597
11.62	0.0003929157738994474
11.71	0.0003830247940861382
11.8	0.00037200417464056926
11.89	0.000360245152447835
11.98	0.00033928355869918713
12.07	0.0003287099286550193
12.16	0.00030428993863603946
12.25	0.00026824427064584975
12.34	0.0002576420635293197
12.43	0.00024040956395772746
12.52	0.0002246824889574117
12.61	0.00021989449389101377
12.7	0.00020341687563096844
12.79	0.00020144507742715672
12.879999999999999	0.00019349310133242548
12.969999999999999	0.0001874234857026553
13.06	0.00018328706920376993
13.15	0.00017902325223344664
13.24	0.00017894414933587057
13.33	0.00018277420919620964
13.42	0.00018563172618981977
13.51	0.00019006334516867012
13.6	0.0001952725414290927
13.69	0.00020276724233261805
13.78	0.0002072605839140281
13.87	0.00021656864168287298
13.96	0.00021909528749144687
14.05	0.00022782931549886104
14.14	0.00023641507612506786
14.23	0.00024453975693459
14.32	0.0002518958139362826
14.41	0.00024729499553730115
14.5	0.00025457736660472094
14.59	0.000257517429908482
14.68	0.0002590808807324033
14.77	0.0002586383340931372
14.86	0.00025654691846085405
14.95	0.00025973195441877386
15.04	0.00025566841659718976
15.129999999999999	0.0002500332845894042
15.219999999999999	0.0002430877283157083
15.309999999999999	0.00024034157797751975
15.399999999999999	0.00023170301380744644
15.49	0.00022244071767257975
15.58	0.0002129438146931758
15.67	0.00020451312453681456
15.76	0.0001965336788625154
15.85	0.00018914850233868474
15.94	0.0001826025729085409
16.03	0.0001770932941908029
16.12	0.0001727690598980489
16.21	0.000169730500962623
16.3	0.00016803292984454436
16.39	0.00016768927072035713
16.48	0.00016867224013092957
16.57	0.0001709158635466947
16.66	0.00017917298104669067
16.75	0.0001834157583929802
16.84	0.00018949975675610178
16.93	0.0001948815136897262
17.02	0.0002004196834199425
17.11	0.00021029509602628717
17.2	0.0002152981669066443
17.29	0.0002195375666619939
17.38	0.00022276877103115847
17.47	0.00022478269929233582
17.56	0.00020340649330358954
17.65	0.00020356385332287065
17.74	0.00020957626478353112
17.83	0.0002060032241280224
17.92	0.00020081528553512207
18.009999999999998	0.00019415626695829088
18.1	0.00018623214814735884
18.189999999999998	0.00017729830485488046
18.28	0.0001676439889891837
18.369999999999997	0.00015347042678911426
18.46	0.00014020506782060107
18.549999999999997	0.0001304079310832093
18.64	0.00012090616983186114
18.73	0.00011182882608576959
18.82	0.00010381411645261504
18.91	9.664569470447058e-05
19.0	9.0434166660672e-05
19.09	8.525249820852462e-05
19.18	8.114161095248492e-05
19.27	7.81169355492776e-05
19.36	7.617477972826341e-05
19.45	7.529753437782917e-05
19.54	7.216125549641193e-05
19.63	7.335655977736916e-05
19.72	7.546843406573555e-05
19.810000000000002	7.844042885943591e-05
19.9	8.220060576802567e-05
19.990000000000002	8.665787594044001e-05
20.08	9.169896829096343e-05
20.17	9.718680500904166e-05
20.259999999999998	0.00010296083573374667
20.35	0.00010883978916756371
20.439999999999998	0.0001053575845635806
20.53	0.00011005347238040756
20.619999999999997	0.00011432033081583199
20.71	0.00011800116624500828
20.799999999999997	0.00012095986078939792
20.89	0.0001230893828256148
20.98	0.00011945629661562443
21.07	0.00011990486786710175
21.16	0.00011946042998350639
21.25	0.00011817190449918062
21.34	0.00011612656990126719
21.43	0.0001134444418983096
21.52	0.00011228860495710402
21.61	0.00011029387164639536
21.7	0.00010646138467574282
21.79	0.00010246008649263993
21.88	9.846391764991138e-05
21.97	9.463557780032862e-05
22.06	9.112013093900159e-05
22.15	8.804086968167955e-05
22.240000000000002	8.724183910674642e-05
22.33	8.549443758057436e-05
22.42	8.323458160291022e-05
22.509999999999998	8.236247284232227e-05
22.6	8.21118803469458e-05
22.689999999999998	8.247548629199015e-05
22.78	8.036234472548798e-05
22.869999999999997	8.194992130044328e-05
22.96	8.635381515035174e-05
23.049999999999997	8.916833523799379e-05
23.14	9.22789153364027e-05
23.229999999999997	9.556331553328653e-05
23.32	9.888518103863231e-05
23.41	9.867186433666426e-05
23.5	0.00010130845548928703
23.59	0.00010600611568843945
23.68	0.00010775181481508184
23.77	0.00010884134412924672
23.86	0.00010919532578823247
23.95	0.00010876549251598632
24.04	0.00010753798969115577
24.13	0.00010747914631389234
24.22	0.00010419318398379656
24.31	0.00010024389753265491
24.4	9.577161677938489e-05
24.490000000000002	9.093537028997068e-05
24.58	8.590277572763163e-05
24.67	8.084031744185491e-05
24.759999999999998	7.59048505684597e-05
24.85	7.123696568798325e-05
24.939999999999998	6.695659478531806e-05
25.03	6.316097261615149e-05
25.119999999999997	5.9924725926250214e-05
25.21	5.730169970034494e-05
25.299999999999997	5.716387727319683e-05
25.39	5.597141100151691e-05
25.479999999999997	5.5226616349954963e-05
25.57	5.5387648037386214e-05
25.66	5.6177056217376235e-05
25.75	5.7579492616764646e-05
25.84	5.9571783222891934e-05
25.93	6.212131735682781e-05
26.02	6.518413736155651e-05
26.11	6.870310578617443e-05
26.2	7.260658323914713e-05
26.29	7.680796179870861e-05
26.38	8.120632990182355e-05
26.47	8.568842604200044e-05
26.56	8.802927361195592e-05
26.65	9.199973962625538e-05
26.74	9.570280083135215e-05
26.83	9.903274438509856e-05
26.919999999999998	0.00010189541489753144
27.009999999999998	0.00010421295122660823
27.099999999999998	0.00010592776761249611
27.189999999999998	0.00010560482951237425
27.28	0.00010603491834574993
27.37	0.00010584943923828798
27.46	0.00010508863788549412
27.55	0.00010000239702484935
27.64	9.822513066856697e-05
27.73	9.613936339070412e-05
27.82	9.384584216889035e-05
27.91	8.919670543343829e-05
28.0	8.403898336473355e-05
28.09	8.119209488717261e-05
28.18	7.851809354847366e-05
28.27	7.610072803431483e-05
28.36	7.40100069888639e-05
28.45	7.230172501941775e-05
28.54	7.027128793384343e-05
28.63	6.94354462956929e-05
28.72	6.907574235012839e-05
28.81	6.919518838191355e-05
28.9	6.832864373865407e-05
28.99	6.9193970588028e-05
29.08	7.049365518597243e-05
29.169999999999998	7.01539002907414e-05
29.259999999999998	7.199699124597034e-05
29.349999999999998	7.4093780126571e-05
29.439999999999998	7.637444768607389e-05
29.529999999999998	7.876114550891864e-05
29.62	7.849793973251114e-05
29.71	8.08077338477826e-05
29.8	8.301730981737684e-05
29.89	8.504648126907166e-05
29.98	8.682074154667083e-05
30.07	8.827472733121742e-05
30.16	8.935538717644108e-05
30.25	9.002461084274703e-05
30.34	9.02611144749148e-05
30.43	9.00614389767774e-05
30.52	8.943997560707777e-05
30.61	8.842803214894002e-05
30.7	8.70719954511186e-05
30.79	8.543074978646787e-05
30.88	8.357254833965136e-05
30.97	8.15715895042589e-05
31.06	8.65034926412787e-05
31.15	8.456840097050315e-05
31.24	8.546083632307336e-05
31.33	8.364400523647186e-05
31.419999999999998	8.180431924495079e-05
31.509999999999998	8.000215706349095e-05
31.599999999999998	7.829398684310827e-05
31.689999999999998	7.673079666612797e-05
31.779999999999998	7.535694980804754e-05
31.869999999999997	7.420939152942788e-05
31.96	7.331713122112598e-05
32.05	7.27009110738958e-05
32.14	7.237297782011186e-05
32.230000000000004	7.233689441037648e-05
32.32	7.258735571642805e-05
32.41	6.822515283381897e-05
32.5	6.922703059917629e-05
32.59	7.04270116499022e-05
32.68	7.17774192651092e-05
32.769999999999996	7.322483199090883e-05
32.86	7.471134370155712e-05
32.95	7.617612067128642e-05
33.04	7.755728147872796e-05
33.129999999999995	7.879405435770209e-05
33.22	7.982914122543643e-05
33.31	8.061116190912644e-05
33.4	8.10970279141611e-05
33.489999999999995	8.125406516019585e-05
33.58	8.106173091864995e-05
33.67	7.973175829511507e-05
33.76	7.886174893646013e-05
33.849999999999994	7.767220999447379e-05
33.94	7.619378971206215e-05
34.03	7.446795869301219e-05
34.12	7.25448011735811e-05
34.21	7.048045927950222e-05
34.3	6.833445559735041e-05
34.39	6.616705707798889e-05
34.480000000000004	6.456224911100638e-05
34.57	6.243411951623121e-05
34.66	6.09125703311064e-05
34.75	5.956645435065806e-05
34.84	5.6835707650228604e-05
34.93	5.598331983504427e-05
35.019999999999996	5.804180840903371e-05
35.11	5.765934873770532e-05
35.2	5.7473153923717e-05
35.29	5.7483474592170886e-05
35.379999999999995	5.768641119459412e-05
35.47	5.807397943539983e-05
35.56	5.8634185927641835e-05
35.65	5.935110399595925e-05
35.739999999999995	6.020500316186192e-05
35.83	6.117256573562205e-05
35.92	6.222722143844302e-05
36.01	6.333965853553674e-05
36.099999999999994	6.447852455485648e-05
36.19	6.517070132327508e-05
36.28	6.761090311224623e-05
36.37	6.880917594829888e-05
36.459999999999994	6.852047717567288e-05
36.55	6.935614894198204e-05
36.64	6.993855039535141e-05
36.730000000000004	7.025717693962102e-05
36.82	7.031288688750148e-05
36.91	7.011789173622633e-05
37.0	6.969504173897098e-05
37.09	6.907647407086611e-05
37.18	6.830174346962587e-05
37.269999999999996	6.741561438890084e-05
37.36	6.646570247866394e-05
37.45	6.550015910653497e-05
37.54	6.456555448057643e-05
37.629999999999995	6.370508246388753e-05
37.72	6.237125110794194e-05
37.81	6.178647069061372e-05
37.9	6.138002227452116e-05
37.989999999999995	6.117091729615581e-05
38.08	6.117122926680304e-05
38.17	6.13860748305043e-05
38.26	6.181369336011081e-05
38.349999999999994	6.244559284673202e-05
38.44	6.326674494239439e-05
38.53	6.425585705913213e-05
38.62	6.538573762101863e-05
38.709999999999994	6.662380929924326e-05
38.8	6.793281064267376e-05
38.89	6.927172234541777e-05
38.980000000000004	7.059692825180363e-05
39.07	7.186362174697797e-05
39.16	7.302740127831245e-05
39.25	7.40460181894466e-05
39.34	7.403034267381633e-05
39.43	7.467297281844335e-05
39.519999999999996	7.508777402065454e-05
39.61	7.525696998501967e-05
39.7	7.517198608937609e-05
39.79	7.48338545763132e-05
39.879999999999995	7.42531297023388e-05
39.97	7.344931476504531e-05
40.06	7.244985759473768e-05
40.15	7.128877143674914e-05
40.239999999999995	6.974910258488362e-05
40.33	6.849583688451186e-05
40.42	6.717789346156006e-05
40.51	6.58390674447155e-05
40.599999999999994	6.486394512707502e-05
40.69	6.365415397483468e-05
40.78	6.253088472078314e-05
40.87	6.152745137475361e-05
40.959999999999994	6.067309160625941e-05
41.05	5.99923145677723e-05
41.14	5.9504482453673317e-05
41.230000000000004	5.922356697603209e-05
41.32	5.915804238328818e-05
41.41	5.931085462859216e-05
41.5	5.967943696716968e-05
41.59	6.0050348436705185e-05
41.68	5.9979089175089916e-05
41.769999999999996	5.876838746575994e-05
41.86	5.956552715353886e-05
41.95	6.038434922745492e-05
42.04	6.120254252583375e-05
42.129999999999995	6.199867119584006e-05
42.22	6.27528947687064e-05
42.31	6.344760115592837e-05
42.4	6.406791429757216e-05
42.49	6.397445431944176e-05
42.58	6.440164938828572e-05
42.67	6.474072268434307e-05
42.76	6.498970452523868e-05
42.85	6.515003355812242e-05
42.94	6.52262842563746e-05
43.03	6.437104402899433e-05
43.12	6.431071457437673e-05
43.21	6.421012525661973e-05
43.3	6.40819170644414e-05
43.39	6.393967357790137e-05
43.48	6.379738801498802e-05
43.57	6.366893528928698e-05
43.66	6.343841192056898e-05
43.75	6.324834845026189e-05
43.839999999999996	6.3051853397659e-05
43.93	6.070522390099593e-05
44.019999999999996	5.792667849359806e-05
44.11	5.806865460494242e-05
44.199999999999996	5.833198238272581e-05
44.29	5.87134328522041e-05
44.379999999999995	5.920715925060125e-05
44.47	5.905495411892872e-05
44.56	5.822807454641886e-05
44.65	5.901927609634209e-05
44.74	6.474709327048423e-05
44.83	6.464922109253119e-05
44.92	6.769181443422244e-05
45.01	6.805878415019182e-05
45.1	6.84653706324021e-05
45.19	6.955608218654167e-05
45.28	6.99989734207982e-05
45.37	7.090229151237944e-05
45.46	7.107226702830761e-05
45.55	7.099564859532208e-05
45.64	6.992244982416956e-05
45.73	6.829500527600482e-05
45.82	6.732201771877004e-05
45.91	6.618102460133668e-05
46.0	6.492396942934209e-05
46.089999999999996	6.36068517510561e-05
46.18	6.228674481944902e-05
46.269999999999996	6.101909528568601e-05
46.36	5.762643871523658e-05
46.449999999999996	5.636491484747167e-05
46.54	5.528605851959968e-05
46.629999999999995	5.44254946254924e-05
46.72	5.3811032797529744e-05
46.809999999999995	5.346262574098732e-05
46.9	5.339248688634958e-05
46.99	5.3605248375985116e-05
47.08	5.4098091245003126e-05
47.17	5.4860800672961295e-05
47.26	5.587577147830087e-05
47.35	5.711800972837176e-05
47.44	5.7023289416438615e-05
47.53	5.841385038475484e-05
47.62	5.9813893250973464e-05
47.71	6.117572069458541e-05
47.8	6.245187831427663e-05
47.89	6.359723799262369e-05
47.98	6.45710947525818e-05
48.07	6.533912857523201e-05
48.16	6.587509622617673e-05
48.25	6.535679471321821e-05
48.339999999999996	6.541993187809465e-05
48.43	6.524658149903075e-05
48.519999999999996	6.405594290308342e-05
48.61	6.34956314679079e-05
48.699999999999996	6.189742842358055e-05
48.79	6.110206552898987e-05
48.879999999999995	6.023822393864055e-05
48.97	5.9346107947762224e-05
49.059999999999995	5.8467199107947e-05
49.15	5.76426581755054e-05
49.24	5.69119262480881e-05
49.33	5.631154514925947e-05
49.42	5.5874233621747165e-05
49.51	5.50305967680439e-05
49.6	5.5030773998604846e-05
49.69	5.5271487246346765e-05
49.78	5.5763748720712356e-05
49.87	5.651299266557871e-05
49.96	5.675391139318321e-05
50.05	5.79912555302864e-05
50.14	5.947546616481046e-05
50.23	6.11877221356541e-05
50.32	6.310261501663283e-05
50.41	6.518815238570791e-05
50.5	6.740601423673039e-05
50.589999999999996	6.971211076247806e-05
50.68	7.205748895220908e-05
50.769999999999996	7.438959314918775e-05
50.86	7.665385197228265e-05
50.949999999999996	7.879555781696888e-05
51.04	8.07619315472958e-05
51.129999999999995	8.25042709113442e-05
51.22	8.398006654913838e-05
51.309999999999995	8.515492050301458e-05
51.4	7.952655745243801e-05
51.49	7.984368354396455e-05
51.58	8.204543585752567e-05
51.67	8.226028542163213e-05
51.76	8.254613879346818e-05
51.85	8.270021718522986e-05
51.94	8.260363888388466e-05
52.03	8.22752304706385e-05
52.12	8.174237745912463e-05
52.21	8.10393336843554e-05
52.3	8.020532330586141e-05
52.39	7.92825733887207e-05
52.48	7.831437626690329e-05
52.57	7.734329258143355e-05
52.66	7.640955562204251e-05
52.75	7.55497291179152e-05
52.839999999999996	7.410560712383619e-05
52.93	7.351590995196441e-05
53.019999999999996	7.219595584323259e-05
53.11	7.195563904837429e-05
53.199999999999996	7.183430126797105e-05
53.29	7.183505898217138e-05
53.379999999999995	7.15699343314677e-05
53.47	7.175684477943419e-05
53.559999999999995	7.199135369697843e-05
53.65	7.22624972888449e-05
53.739999999999995	7.202895049675924e-05
53.83	7.225675591181923e-05
53.92	7.242253466221593e-05
54.01	7.251676698214183e-05
54.1	7.25329169288626e-05
54.19	7.246772424254743e-05
54.28	7.232131466329806e-05
54.37	7.20264276027798e-05
54.46	7.155067428604045e-05
54.55	7.095687598533074e-05
54.64	7.026216605874819e-05
54.73	6.948752197747068e-05
54.82	6.838890812904993e-05
54.91	6.740934210575446e-05
55.0	6.643523126813318e-05
55.089999999999996	6.457336212922539e-05
55.18	6.421575184865439e-05
55.269999999999996	6.283134739891246e-05
55.36	6.284069879028548e-05
55.449999999999996	6.299478799798116e-05
55.54	6.557406111187537e-05
55.629999999999995	6.58403284862085e-05
55.72	6.624543885107274e-05
55.809999999999995	6.678530473070525e-05
55.9	6.745254395391115e-05
55.989999999999995	6.82368423962422e-05
56.08	6.761380992805175e-05
56.17	6.929459692835274e-05
56.26	6.99728216788152e-05
56.35	6.981504826629516e-05
56.44	7.037931125553491e-05
56.53	7.054144035033852e-05
56.62	7.076190175615855e-05
56.71	6.718348465216268e-05
56.8	6.305892541950049e-05
56.89	6.25779226217637e-05
56.98	6.208025101777777e-05
57.07	6.160141217403433e-05
57.16	6.117676495508192e-05
57.25	6.0840043879430505e-05
57.339999999999996	6.062213994439865e-05
57.43	6.055013462366467e-05
57.519999999999996	6.0646589363764973e-05
57.61	6.092904273802342e-05
57.699999999999996	6.140966026239979e-05
57.79	6.209499849139379e-05
57.879999999999995	6.298583772572772e-05
57.97	6.407706739235613e-05
58.059999999999995	6.535761747874568e-05
58.15	6.681045382098027e-05
58.239999999999995	6.660978041007456e-05
58.33	6.821482568791398e-05
58.42	6.9850310310928e-05
58.51	7.148131403759705e-05
58.6	7.307143858199005e-05
58.69	7.458400275931658e-05
58.78	7.59833279546076e-05
58.87	7.723606927648261e-05
58.96	7.831252657288122e-05
59.05	7.918788181722025e-05
59.14	7.984327954875973e-05
59.23	8.026670782909614e-05
59.32	8.045360119348324e-05
59.41	8.085904826057523e-05
59.5	8.057033259789486e-05
59.589999999999996	7.734672961101803e-05
59.68	7.567080534777467e-05
59.769999999999996	7.561763002594178e-05
59.86	7.545092742237524e-05
59.949999999999996	7.518609351219097e-05
60.04	7.48424515368618e-05
60.129999999999995	7.168745683617197e-05
60.22	7.135704859219536e-05
60.309999999999995	7.012092355865742e-05
60.4	6.892283058546255e-05
60.489999999999995	6.859488010925316e-05
60.58	7.038518267429734e-05
60.669999999999995	7.028464615983588e-05
60.76	7.023479741660827e-05
60.85	7.013241800270358e-05
60.94	7.037284918902564e-05
61.03	6.933679643684611e-05
61.12	6.964691577594225e-05
61.21	6.995857603495129e-05
61.3	7.027062230963739e-05
61.39	7.049336836978452e-05
61.48	7.067948896745071e-05
61.57	6.873615807759203e-05
61.66	6.588052732711124e-05
61.75	6.618375506340682e-05
61.839999999999996	6.650395399998125e-05
61.93	6.613024249502362e-05
62.019999999999996	6.654801090594015e-05
62.11	6.701017821354018e-05
62.199999999999996	6.75219722981787e-05
62.29	6.808854335518687e-05
62.379999999999995	6.575405455295949e-05
62.47	6.654838295389373e-05
62.559999999999995	6.691343705859941e-05
62.65	6.716748392361947e-05
62.739999999999995	6.732210043848915e-05
62.83	6.739232000848177e-05
62.919999999999995	6.73960442178358e-05
63.01	6.735326026460292e-05
63.1	6.728510769786677e-05
63.19	6.721284536601571e-05
63.28	6.715679692394156e-05
63.37	6.71353414561206e-05
63.46	6.918330433459861e-05
63.55	6.92218836847716e-05
63.64	6.926172830730372e-05
63.73	6.930636018355788e-05
63.82	6.859111022412511e-05
63.91	6.86954408147316e-05
64.0	6.881552681531545e-05
64.09	6.89461743236042e-05
64.18	6.908170501778757e-05
64.27	6.92164112163184e-05
64.36	6.714727687619428e-05
64.44999999999999	6.759748928854938e-05
64.53999999999999	6.808479355858967e-05
64.63	6.859621386265445e-05
64.72	6.911940101854067e-05
64.81	6.96428366631175e-05
64.9	7.015602010198876e-05
64.99	7.064962604350971e-05
65.08	7.039847411495578e-05
65.16999999999999	7.067575850576297e-05
65.25999999999999	7.085790170000343e-05
65.35	7.061907700760312e-05
65.44	7.050055050197756e-05
65.53	7.024485374675516e-05
65.62	6.986764184700323e-05
65.71000000000001	6.938963154826495e-05
65.8	6.810414224912854e-05
65.89	6.754758348607485e-05
65.97999999999999	6.698496483743803e-05
66.07	6.532816963832949e-05
66.16	6.497485366952444e-05
66.25	6.395776603971544e-05
66.34	6.394684298177369e-05
66.43	6.408744106547864e-05
66.52	6.439089035853046e-05
66.61	6.486495595051744e-05
66.69999999999999	6.551343122654042e-05
66.78999999999999	6.633589350355659e-05
66.88	6.732760492900655e-05
66.97	6.847955555420855e-05
67.06	7.044573152222883e-05
67.15	7.225917813664476e-05
67.24	7.41774288135422e-05
67.33	7.616561127796301e-05
67.41999999999999	7.818682644437791e-05
67.50999999999999	7.784815128761794e-05
67.6	7.966085250086271e-05
67.69	8.133452181141946e-05
67.78	8.122973722264094e-05
67.87	8.259624967120429e-05
67.96000000000001	8.378096594756484e-05
68.05	8.477149976356146e-05
68.14	8.556301310839074e-05
68.22999999999999	8.615792960972455e-05
68.32	8.656535255513311e-05
68.41	8.680026728577103e-05
68.5	8.688259728536418e-05
68.59	8.893241956840923e-05
68.68	8.858340955466866e-05
68.77	8.803116157012449e-05
68.86	8.730956144569011e-05
68.94999999999999	8.645701806999967e-05
69.03999999999999	8.551520735893381e-05
69.13	8.452767275616677e-05
69.22	8.353833112529336e-05
69.31	8.258995765935104e-05
69.4	8.172272656114246e-05
69.49	8.097288011611098e-05
69.58	8.037157962661918e-05
69.66999999999999	7.994398961611969e-05
69.75999999999999	7.970859438228379e-05
69.85	7.967677405416308e-05
69.94	7.985260636269411e-05
70.03	8.023289743063705e-05
70.12	7.833442043133788e-05
70.21000000000001	7.816538075076382e-05
70.3	7.8851709440071e-05
70.39	7.955870478122969e-05
70.47999999999999	8.026181623653242e-05
70.57	8.054784396795855e-05
70.66	8.10316972973328e-05
70.75	8.196701659022691e-05
70.84	8.195234676593589e-05
70.93	8.179188169351704e-05
71.02	8.149789592108292e-05
71.11	8.108820788951008e-05
71.19999999999999	8.058502020742666e-05
71.28999999999999	8.001364036188375e-05
71.38	7.886816993034207e-05
71.47	7.817247221062388e-05
71.56	7.744310432943749e-05
71.65	7.6707012992497e-05
71.74	7.599111688321435e-05
71.83	7.341155051909139e-05
71.91999999999999	7.27865226946525e-05
72.00999999999999	7.21961067769957e-05
72.1	7.166505918893785e-05
72.19	7.121703485285138e-05
72.28	7.087400290110586e-05
72.37	7.0655628565397e-05
72.46000000000001	7.057864013944533e-05
72.55	7.065620456680406e-05
72.64	7.089734154557363e-05
72.72999999999999	7.130641773033151e-05
72.82	7.133618419325014e-05
72.91	7.1950904134276e-05
73.0	7.26565514886593e-05
73.09	7.343893017404084e-05
73.18	7.428080045985533e-05
73.27	7.516249999555339e-05
73.36	7.60626910240361e-05
73.44999999999999	7.695917463046632e-05
73.53999999999999	7.782974002533599e-05
73.63	7.865299947972513e-05
73.72	7.887929568667578e-05
73.81	7.934466785779689e-05
73.9	7.78587229248322e-05
73.99	7.790207749846823e-05
74.08	7.470103729400919e-05
74.17	7.419118374354324e-05
74.25999999999999	7.157268386978155e-05
74.35	7.050643446262082e-05
74.44	6.851397692520371e-05
74.53	6.713730977456291e-05
74.62	6.56648467538551e-05
74.71	6.414893834031819e-05
74.8	6.264158347566957e-05
74.89	6.119240807628471e-05
74.98	5.984701838589993e-05
75.07	5.864574309870425e-05
75.16	5.762279823812618e-05
75.25	5.6805797856661045e-05
75.34	5.621556329266007e-05
75.42999999999999	5.586612636235525e-05
75.52	5.576484346922451e-05
75.61	5.5912554876992785e-05
75.7	5.6303744283364784e-05
75.78999999999999	5.6926688031546975e-05
75.88	5.776360605694981e-05
75.97	5.879085627436954e-05
76.06	5.9979233920623455e-05
76.14999999999999	6.12944332711745e-05
76.24	6.269773160427564e-05
76.33	6.41469303194127e-05
76.42	6.559757038366467e-05
76.50999999999999	6.530732446075265e-05
76.6	6.666060299331237e-05
76.69	6.793092106462895e-05
76.78	6.908128879297078e-05
76.87	7.007896232434432e-05
76.96	7.089682704628402e-05
77.05	7.151456094596586e-05
77.14	7.191947532283892e-05
77.23	7.210698506225119e-05
77.32	7.208067842245164e-05
77.41	7.185198686914703e-05
77.5	7.14394808542665e-05
77.59	7.08678568352692e-05
77.67999999999999	6.898171554820386e-05
77.77	6.810257003557838e-05
77.86	6.56941893928059e-05
77.95	6.447804316323533e-05
78.03999999999999	6.317708565087532e-05
78.13	6.183854662380134e-05
78.22	6.0508955228408644e-05
78.31	5.923258808168087e-05
78.39999999999999	5.8050117844452216e-05
78.49	5.699751515490349e-05
78.58	5.545986712568572e-05
78.67	5.479729066155271e-05
78.75999999999999	5.434505448691812e-05
78.85	5.411299190335329e-05
78.94	5.410454427956225e-05
79.03	5.431678297319135e-05
79.12	5.4740522137377674e-05
79.21	5.5360524573379735e-05
79.3	5.6155815910819376e-05
79.39	5.710012912592072e-05
79.48	5.8162509601098404e-05
79.57	5.9308112022887435e-05
79.66	6.049919553500145e-05
79.75	6.169631068716241e-05
79.84	6.285964253823969e-05
79.92999999999999	6.395046493149707e-05
80.02	6.493262650774692e-05
80.11	6.577399417215798e-05
80.2	6.559902099866351e-05
80.28999999999999	6.593693768370554e-05
80.38	6.677710009936752e-05
80.47	6.719861422834176e-05
80.56	6.743500599668041e-05
80.64999999999999	6.748374898223099e-05
80.74	6.735018195756308e-05
80.83	6.704702020488632e-05
80.92	6.659356316563198e-05
81.00999999999999	6.601466117724179e-05
81.1	6.533950918379117e-05
81.19	6.30127202147959e-05
81.28	6.214975715940534e-05
81.36999999999999	6.1239446179433e-05
81.46	6.032008740392177e-05
81.55	5.942922271816149e-05
81.64	5.860238087369872e-05
81.73	5.787198219984859e-05
81.82	5.6573623701060784e-05
81.91	5.721641273240866e-05
82.0	5.679007117826125e-05
82.09	5.584828377190754e-05
82.17999999999999	5.407479328637049e-05
82.27	5.406758234360875e-05
82.36	5.417719259963188e-05
82.45	5.317353555657674e-05
82.53999999999999	5.27493592465899e-05
82.63	5.307694640876952e-05
82.72	5.3464315818017e-05
82.81	5.3904888302145306e-05
82.89999999999999	5.439175502698331e-05
82.99	5.491767014785309e-05
83.08	5.547501810436698e-05
83.17	5.605579002848802e-05
83.25999999999999	5.665157882934448e-05
83.35	5.7253613146597834e-05
83.44	5.785284888505089e-05
83.53	5.844011219039762e-05
83.61999999999999	5.9006308182952116e-05
83.71	5.8865945146467756e-05
83.8	5.9398677550276006e-05
83.89	5.9896948706420115e-05
83.98	6.035351836809624e-05
84.07	6.076265515829233e-05
84.16	6.112030290497255e-05
84.25	6.142419628056004e-05
84.34	6.167390115920396e-05
84.42999999999999	6.18707789357962e-05
84.52	6.105509940745863e-05
84.61	6.103835872023853e-05
84.7	6.093757007331647e-05
84.78999999999999	6.076281162267144e-05
84.88	6.052647602280101e-05
84.97	6.0242823845367126e-05
85.06	5.735744804530409e-05
85.14999999999999	5.737968773165573e-05
85.24	5.746076496360073e-05
85.33	5.80100954537442e-05
85.42	5.813561832784272e-05
85.50999999999999	5.827652774891345e-05
85.6	5.843223929815626e-05
85.69	5.860177857661832e-05
85.78	6.045460803368811e-05
85.86999999999999	6.032256972265817e-05
85.96	6.0176534928183097e-05
86.05	6.001953328318593e-05
86.14	5.9855148335407795e-05
86.23	5.90204718143572e-05
86.32	5.888558583559349e-05
86.41	5.878982448253405e-05
86.5	5.859288987863919e-05
86.59	5.837317558167734e-05
86.67999999999999	5.81386017214811e-05
86.77	5.789833808419238e-05
86.86	5.766238268983596e-05
86.95	5.7695393376931116e-05
87.03999999999999	5.747859007399566e-05
87.13	5.729208758185824e-05
87.22	5.714358386634845e-05
87.31	5.7040805347589584e-05
87.39999999999999	5.699104403323159e-05
87.49	5.7000764777026304e-05
87.58	5.511773395714442e-05
87.67	5.5363238148681214e-05
87.75999999999999	5.5709275025414374e-05
87.85	5.615261108434186e-05
87.94	5.6688529625904436e-05
88.03	5.731062580695341e-05
88.11999999999999	5.801071201944108e-05
88.21	5.8778805901354425e-05
88.3	5.890416260236286e-05
88.39	5.979950364171748e-05
88.48	6.073534856941026e-05
88.57	6.119697773062189e-05
88.66	6.205870951098293e-05
88.75	6.2856323175264e-05
88.84	6.357607608288473e-05
88.92999999999999	6.420744551759866e-05
89.02	6.47435841710304e-05
89.11	6.518159108214448e-05
89.2	6.55225790751728e-05
89.28999999999999	6.577150844271628e-05
89.38	6.593683063385189e-05
89.47	6.602995847446364e-05
89.56	6.606462113606344e-05
89.64999999999999	6.605614446937271e-05
89.74	6.60207185837855e-05
89.83	6.597469910348822e-05
89.92	6.593395556812585e-05
90.00999999999999	6.453506493868577e-05
90.1	6.44656318373393e-05
90.19	6.25509142770019e-05
90.28	6.165883868930279e-05
90.36999999999999	6.146346121466565e-05
90.46	6.125499620669866e-05
90.55	6.158654622665495e-05
90.64	6.12802865267258e-05
90.73	5.922707884629139e-05
90.82	5.880188791175377e-05
90.91	5.834081384813156e-05
91.0	5.786480945127914e-05
91.09	5.739508827633282e-05
91.17999999999999	5.6952312677085666e-05
91.27	5.5898968500203795e-05
91.36	5.557457254821625e-05
91.45	5.5271400433692505e-05
91.53999999999999	5.500431099223507e-05
91.63	5.478625959457839e-05
91.72	5.462802953236912e-05
91.81	5.4538050584128864e-05
91.89999999999999	5.452230818678954e-05
91.99	5.458431405408754e-05
92.08	5.4725136874459055e-05
92.17	5.494346617863309e-05
92.25999999999999	5.523571683370013e-05
92.35	5.559616572069992e-05
92.44	5.601711323934254e-05
92.53	5.648909589787033e-05
92.61999999999999	5.7001129937508377e-05
92.71	5.754099671241777e-05
92.8	5.745179576579586e-05
92.89	5.7894658080115336e-05
92.98	5.827378256276917e-05
93.07	5.857900470370004e-05
93.16	5.880288333567062e-05
93.25	5.894107392521831e-05
93.34	5.899254342507058e-05
93.42999999999999	5.8959615007883036e-05
93.52	5.8847839756814176e-05
93.61	5.778109972765008e-05
93.7	5.7457846387749284e-05
93.78999999999999	5.7037265356366034e-05
93.88	5.6537210923276957e-05
93.97	5.597797685531014e-05
94.06	5.538147961267023e-05
94.14999999999999	5.4770405127626026e-05
94.24	5.416735426030809e-05
94.33	5.359404252763841e-05
94.42	5.182356548593345e-05
94.50999999999999	5.128941039643168e-05
94.6	5.078897767000689e-05
94.69	5.033795153284856e-05
94.78	4.994991252556553e-05
94.86999999999999	4.963607940030658e-05
94.96	4.940511843645087e-05
95.05	4.926302124936227e-05
95.14	4.921302936775535e-05
95.22999999999999	4.9255607293242646e-05
95.32	4.938845658274025e-05
95.41	4.9606580229687565e-05
95.5	4.990239646959922e-05
95.59	5.026591593324911e-05
95.67999999999999	5.0684982965975995e-05
95.77	5.142344800415635e-05
95.86	5.142633123280764e-05
95.95	5.2118919913517924e-05
96.03999999999999	5.2816017921821874e-05
96.13	5.3495607322641784e-05
96.22	5.413725132179857e-05
96.31	5.472263007094721e-05
96.39999999999999	5.523606486807807e-05
96.49	5.566500264858594e-05
96.58	5.600040908501059e-05
96.67	5.623703999672804e-05
96.75999999999999	5.6373555886620186e-05
96.85	5.6412472709862405e-05
96.94	5.635994434736293e-05
97.03	5.622539292692535e-05
97.11999999999999	5.6021007501019545e-05
97.21	5.4683029362031705e-05
97.3	5.364947049948432e-05
97.39	5.351313967585125e-05
97.47999999999999	5.3109285023083276e-05
97.57	5.2638818482344224e-05
97.66	5.212145153382509e-05
97.75	5.157820969456159e-05
97.84	5.1030638658891096e-05
97.92999999999999	5.05000365916861e-05
98.02	4.950448687704655e-05
98.11	4.766889152188614e-05
98.2	4.778037204648742e-05
98.28999999999999	4.757685942341977e-05
98.38	4.7428669120310395e-05
98.47	4.73388837562772e-05
98.56	4.730948071024295e-05
98.64999999999999	4.734147506540247e-05
98.74	4.743503401131806e-05
98.83	4.75895504014767e-05
98.92	4.702333713357055e-05
99.00999999999999	4.7324656913399263e-05
99.1	4.7091861708245415e-05
99.19	4.761178135565549e-05
99.28	4.8201346410997165e-05
99.36999999999999	4.885174115796756e-05
99.46	4.955316541554763e-05
99.55	5.02948916213308e-05
99.64	5.106539883859258e-05
99.72999999999999	5.185258526668212e-05
99.82	5.2644038155510726e-05
99.91	5.3341751236570546e-05
100.0	5.4028089530370996e-05
100.90090090090091	5.645832920095134e-05
101.8018018018018	5.308223079023982e-05
102.70270270270271	5.7072109417202456e-05
103.6036036036036	6.412291316908024e-05
104.50450450450451	5.96781174785534e-05
105.4054054054054	5.594442355461136e-05
106.30630630630631	6.221986989536735e-05
107.2072072072072	6.356108078136216e-05
108.10810810810811	5.691336909679645e-05
109.009009009009	6.208173430312863e-05
109.90990990990991	6.722417882412783e-05
110.8108108108108	5.6151328668359637e-05
111.71171171171171	5.652909732398099e-05
112.61261261261261	7.425273427122972e-05
113.51351351351352	6.721866689752174e-05
114.41441441441441	5.128115407361255e-05
115.31531531531532	6.050953296936113e-05
116.21621621621622	6.841871006977306e-05
117.11711711711712	5.2123489835821985e-05
118.01801801801801	4.601891496367035e-05
118.91891891891892	5.70177432531054e-05
119.81981981981983	5.6988726233597094e-05
120.72072072072072	5.224357121111863e-05
121.62162162162161	5.916217250601793e-05
122.52252252252252	5.745940961420438e-05
123.42342342342343	5.3419444537835665e-05
124.32432432432432	5.858952339537068e-05
125.22522522522523	6.271366596109385e-05
126.12612612612612	5.9447093940775916e-05
127.02702702702703	6.346120987988774e-05
127.92792792792793	7.09100255712553e-05
128.82882882882882	5.4053251785385766e-05
129.72972972972974	4.787149350578865e-05
130.63063063063063	6.515798412307788e-05
131.53153153153153	6.112136589909419e-05
132.43243243243245	4.896006633056949e-05
133.33333333333334	6.179415009382298e-05
134.23423423423424	5.808198872047192e-05
135.13513513513513	4.464657059842441e-05
136.03603603603602	4.6594439277830766e-05
136.93693693693695	5.5122044329331674e-05
137.83783783783784	4.5262616916276535e-05
138.73873873873873	4.276130732276261e-05
139.63963963963965	5.339106112024505e-05
140.54054054054055	5.837086768091289e-05
141.44144144144144	5.297766341851321e-05
142.34234234234233	5.580300568801528e-05
143.24324324324323	6.038318468160319e-05
144.14414414414415	5.411627974527956e-05
145.04504504504504	5.134096240507809e-05
145.94594594594594	6.0106021117314023e-05
146.84684684684686	6.337511765840871e-05
147.74774774774775	5.526214925303002e-05
148.64864864864865	5.97420243729227e-05
149.54954954954957	6.363772051486278e-05
150.45045045045046	6.1009274753998766e-05
151.35135135135135	6.32264128712871e-05
152.25225225225225	6.72966105119144e-05
153.15315315315314	5.8363598561880206e-05
154.05405405405406	5.245595620895588e-05
154.95495495495496	5.5212548724784414e-05
155.85585585585585	5.501413337204932e-05
156.75675675675677	5.5304079339699786e-05
157.65765765765767	5.248575936656021e-05
158.55855855855856	4.792566375270505e-05
159.45945945945945	4.8659287298142703e-05
160.36036036036035	5.075887392062395e-05
161.26126126126127	4.774196134270768e-05
162.16216216216216	5.094302446974595e-05
163.06306306306305	5.459438636791845e-05
163.96396396396398	5.549084352792505e-05
164.86486486486487	5.849708392325119e-05
165.76576576576576	6.223041605644615e-05
166.66666666666669	6.076504848670288e-05
167.56756756756755	5.21897715755081e-05
168.46846846846847	4.9808471979008165e-05
169.36936936936937	5.5182741699092634e-05
170.27027027027026	5.7120505530194686e-05
171.17117117117118	5.5305263510586154e-05
172.07207207207207	5.706467854591745e-05
172.97297297297297	5.67630144612246e-05
173.8738738738739	5.212374307172651e-05
174.77477477477476	5.338990271664352e-05
175.67567567567568	5.219384557934029e-05
176.57657657657657	4.8168207936952484e-05
177.47747747747746	4.789980806411404e-05
178.3783783783784	5.097404377863986e-05
179.27927927927928	4.486104125711586e-05
180.18018018018017	4.877300672878612e-05
181.0810810810811	5.5125442094006875e-05
181.981981981982	5.308142123353431e-05
182.88288288288288	4.918881579957704e-05
183.7837837837838	5.4378329131428526e-05
184.68468468468467	5.559297451891711e-05
185.5855855855856	5.488189026629955e-05
186.48648648648648	5.257669948995337e-05
187.38738738738738	5.429917216776959e-05
188.2882882882883	5.728820392673584e-05
189.1891891891892	5.8185705356630694e-05
190.0900900900901	5.052362431219992e-05
190.990990990991	4.8633533027328154e-05
191.89189189189187	4.9567204739312846e-05
192.7927927927928	5.003881981167766e-05
193.6936936936937	5.351716214364967e-05
194.59459459459458	5.8982245936901356e-05
195.4954954954955	5.983622545176937e-05
196.3963963963964	5.5439899215373477e-05
197.2972972972973	5.846534298405116e-05
198.1981981981982	5.868254699610831e-05
199.0990990990991	4.978552382153459e-05
200.0	5.549020121942698e-05
200.90090090090092	6.483883935575991e-05
201.8018018018018	6.0762102696122614e-05
202.7027027027027	5.93251686827827e-05
203.6036036036036	6.55422698291507e-05
204.5045045045045	6.244096747789663e-05
205.40540540540542	4.7354249826141e-05
206.3063063063063	4.388421352781549e-05
207.2072072072072	5.0423666978997004e-05
208.10810810810813	4.798889940437242e-05
209.009009009009	4.087309527168625e-05
209.9099099099099	4.6391558130754365e-05
210.8108108108108	4.9913522033645e-05
211.7117117117117	4.472810519014894e-05
212.61261261261262	4.575591492627893e-05
213.51351351351352	5.264685461418772e-05
214.4144144144144	4.852516583772312e-05
215.31531531531533	4.651711501073958e-05
216.21621621621622	5.2145995364238457e-05
217.11711711711712	5.72426818344646e-05
218.01801801801804	5.4492363393681784e-05
218.9189189189189	5.1323011333753316e-05
219.81981981981983	5.6987144465771047e-05
220.72072072072072	5.9447205186315904e-05
221.6216216216216	5.863969936213898e-05
222.52252252252254	5.9478821707186643e-05
223.42342342342343	6.44398254254408e-05
224.32432432432432	6.484160467463083e-05
225.22522522522524	5.886598537912891e-05
226.1261261261261	6.024379818623559e-05
227.02702702702703	6.394449144679971e-05
227.92792792792793	6.0272655740863676e-05
228.82882882882882	5.655250433634935e-05
229.72972972972974	5.679390830690678e-05
230.63063063063063	5.645386738427088e-05
231.53153153153153	5.334077265794967e-05
232.43243243243242	5.42696084384538e-05
233.33333333333334	5.511001821489205e-05
234.23423423423424	4.879099859215457e-05
235.13513513513513	5.1560031479509986e-05
236.03603603603605	5.741287510562813e-05
236.93693693693695	5.819937681995537e-05
237.83783783783784	5.67752551092911e-05
238.73873873873873	5.981545386968489e-05
239.63963963963965	6.341050510991112e-05
240.54054054054055	6.231681937710175e-05
241.44144144144144	6.462441247623993e-05
242.34234234234233	6.644731080408468e-05
243.24324324324326	6.25423928190437e-05
244.14414414414415	6.018191132634184e-05
245.04504504504504	5.7654072757864716e-05
245.94594594594594	5.436603216597008e-05
246.84684684684686	5.647069784193028e-05
247.74774774774775	6.117253666902369e-05
248.64864864864865	6.387438212430865e-05
249.54954954954954	6.193428711053441e-05
250.45045045045046	6.21107513433611e-05
251.35135135135135	5.3401277489287894e-05
252.25225225225225	5.602920759771183e-05
253.15315315315314	5.9824010231058536e-05
254.05405405405406	5.685284084711206e-05
254.95495495495496	5.8736388013667015e-05
255.85585585585585	6.13667228704057e-05
256.7567567567568	6.332049488949356e-05
257.65765765765764	6.113170711872332e-05
258.55855855855856	6.169863495682169e-05
259.4594594594595	5.940735696952208e-05
260.36036036036035	5.486984247397966e-05
261.26126126126127	5.2119488361184385e-05
262.1621621621622	5.604522088619128e-05
263.06306306306305	5.9067956111774296e-05
263.963963963964	5.608001015955682e-05
264.8648648648649	6.211995659413879e-05
265.76576576576576	6.071896544134816e-05
266.66666666666663	5.345185121376809e-05
267.5675675675676	5.439234561201059e-05
268.4684684684685	6.634100787819982e-05
269.36936936936934	6.443882442245493e-05
270.27027027027026	6.199187635913791e-05
271.1711711711712	7.209908636986908e-05
272.07207207207205	7.47776373415816e-05
272.97297297297297	6.516022250765101e-05
273.8738738738739	7.45457644481246e-05
274.77477477477476	7.712103284809349e-05
275.6756756756757	6.461818166331176e-05
276.5765765765766	6.251434171581894e-05
277.47747747747746	6.222762254854396e-05
278.3783783783784	5.1111583635906835e-05
279.2792792792793	4.8047501182693826e-05
280.1801801801802	5.255167447317053e-05
281.0810810810811	5.378607027606514e-05
281.981981981982	4.863155974801965e-05
282.8828828828829	5.136314733603097e-05
283.78378378378375	5.7690993004674505e-05
284.6846846846847	5.479690461011686e-05
285.5855855855856	5.2020839440994614e-05
286.48648648648646	5.2935549112273345e-05
287.3873873873874	4.950134358118973e-05
288.2882882882883	4.4533496267831945e-05
289.18918918918916	4.634190843534505e-05
290.0900900900901	4.8067031233216384e-05
290.990990990991	4.488823860323464e-05
291.8918918918919	4.302605585229271e-05
292.7927927927928	4.865251626715863e-05
293.6936936936937	5.046927457214251e-05
294.5945945945946	4.906322257575354e-05
295.4954954954955	5.1172254446370756e-05
296.3963963963964	5.6030455067488924e-05
297.2972972972973	5.826874295998985e-05
298.1981981981982	5.550676832443282e-05
299.09909909909913	5.686327074140165e-05
300.0	5.948508179208097e-05
300.90090090090087	5.618614042306416e-05
301.80180180180184	5.4114512266459846e-05
302.7027027027027	5.8800299740474126e-05
303.6036036036036	5.874722600326448e-05
304.5045045045045	5.159777967622662e-05
305.4054054054054	5.138782503444048e-05
306.3063063063063	6.11806396548695e-05
307.2072072072072	5.867245127982455e-05
308.1081081081081	5.3454906562986586e-05
309.009009009009	5.929376971383107e-05
309.9099099099099	6.423189749547945e-05
310.81081081081084	6.117821888047267e-05
311.7117117117117	5.520567373878821e-05
312.6126126126126	5.5598422789845856e-05
313.51351351351354	6.138282915162892e-05
314.4144144144144	5.875346444078521e-05
315.31531531531533	6.31550411393057e-05
316.21621621621625	6.789574261240106e-05
317.1171171171171	6.62707659606523e-05
318.018018018018	5.994575564122477e-05
318.91891891891896	6.167045735077818e-05
319.8198198198198	6.318194284087015e-05
320.7207207207207	6.520448828110871e-05
321.6216216216216	7.307720139488261e-05
322.52252252252254	7.338484829436784e-05
323.4234234234234	6.499251686644421e-05
324.3243243243243	6.753668356827466e-05
325.22522522522524	7.311436751127711e-05
326.1261261261261	7.554852531054566e-05
327.02702702702703	7.36500224218095e-05
327.92792792792795	7.747191728434186e-05
328.8288288288288	8.359695129530971e-05
329.72972972972974	8.696029489902433e-05
330.63063063063066	8.51587589549224e-05
331.5315315315315	8.33665717955902e-05
332.43243243243245	7.371886073390542e-05
333.33333333333337	7.480432784705175e-05
334.23423423423424	8.308435186062217e-05
335.1351351351351	7.397537200196373e-05
336.0360360360361	7.046958102672732e-05
336.93693693693695	7.626355460445073e-05
337.8378378378378	7.200937923666182e-05
338.73873873873873	6.854723386064166e-05
339.63963963963965	7.009128771341969e-05
340.5405405405405	6.515801330540379e-05
341.44144144144144	6.0672676914888825e-05
342.34234234234236	6.361973716857139e-05
343.2432432432432	6.364892165303347e-05
344.14414414414415	6.278268546620829e-05
345.0450450450451	6.42376445981311e-05
345.94594594594594	6.167083055120908e-05
346.84684684684686	5.8623120289564345e-05
347.7477477477478	5.496951584040864e-05
348.64864864864865	5.318141579132777e-05
349.5495495495495	5.411963247801397e-05
350.4504504504505	5.569462883593634e-05
351.35135135135135	5.1351730213840366e-05
352.2522522522522	4.874745647956675e-05
353.1531531531532	5.2346387791456766e-05
354.05405405405406	5.182682511716707e-05
354.9549549549549	5.082992759225715e-05
355.85585585585585	5.246804562132636e-05
356.7567567567568	5.407632280952829e-05
357.65765765765764	5.084076038218274e-05
358.55855855855856	5.0337097349705624e-05
359.4594594594595	5.3840341662488035e-05
360.36036036036035	5.640240417591003e-05
361.26126126126127	5.5450722002797446e-05
362.1621621621622	5.084035378804743e-05
363.06306306306305	5.350346134261213e-05
363.963963963964	6.016077044163273e-05
364.86486486486484	5.5866488026435964e-05
365.76576576576576	5.794772415216751e-05
366.6666666666667	6.598348234022152e-05
367.56756756756755	6.601253520997897e-05
368.4684684684685	6.832974590595414e-05
369.3693693693694	7.235339789682461e-05
370.27027027027026	7.216794930648134e-05
371.1711711711712	7.281440150009101e-05
372.0720720720721	7.748684972457325e-05
372.97297297297297	7.60130845787424e-05
373.8738738738739	7.011661769191617e-05
374.77477477477476	6.59539380337735e-05
375.6756756756757	6.560822886322424e-05
376.5765765765766	6.779718164556894e-05
377.47747747747746	7.039383063166668e-05
378.3783783783784	7.246937611629718e-05
379.2792792792793	6.652138478381808e-05
380.1801801801802	6.619317089498372e-05
381.0810810810811	6.737541257106315e-05
381.98198198198196	6.723093047508756e-05
382.8828828828829	6.600175621238348e-05
383.7837837837838	6.50803780917371e-05
384.68468468468467	6.483163286635782e-05
385.5855855855856	5.5326317895741617e-05
386.4864864864865	5.116993281324666e-05
387.3873873873874	5.639934874021834e-05
388.2882882882883	5.39794042173955e-05
389.1891891891892	4.760570852113484e-05
390.0900900900901	4.976423701401028e-05
390.990990990991	4.745718583093422e-05
391.8918918918919	4.223298852948433e-05
392.7927927927928	4.659641980773181e-05
393.6936936936937	4.874096808790765e-05
394.5945945945946	4.6006315909606694e-05
395.4954954954955	5.0717337041235154e-05
396.3963963963964	5.3992672483605464e-05
397.2972972972973	5.175322292930626e-05
398.1981981981982	5.105829986701994e-05
399.0990990990991	5.544325164730189e-05
400.0	6.156857101091806e-05
400.9009009009009	6.005874818445916e-05
401.8018018018018	6.11920586493663e-05
402.7027027027027	7.152192001602365e-05
403.60360360360363	6.185415635817046e-05
404.5045045045045	6.216574161648694e-05
405.4054054054054	6.853580039246627e-05
406.3063063063063	6.255997060901705e-05
407.2072072072072	5.068347220183101e-05
408.1081081081081	4.939513529919525e-05
409.009009009009	5.365449681825506e-05
409.9099099099099	5.3876779452190445e-05
410.81081081081084	4.964416740693125e-05
411.7117117117117	5.587967414041285e-05
412.6126126126126	6.017987751854767e-05
413.51351351351354	5.51603602078366e-05
414.4144144144144	5.4469666156282497e-05
415.31531531531533	5.613801413345492e-05
416.2162162162162	5.936707883497216e-05
417.1171171171171	6.267658728145618e-05
418.01801801801804	6.298949572190835e-05
418.9189189189189	6.712463712336827e-05
419.8198198198198	6.830415552649003e-05
420.72072072072075	6.455293147023082e-05
421.6216216216216	6.236129815807387e-05
422.52252252252254	6.3921444021065e-05
423.4234234234234	6.331039688138705e-05
424.3243243243243	6.041427797375481e-05
425.22522522522524	5.950118030443757e-05
426.1261261261261	5.8181789945814976e-05
427.02702702702703	5.503917294273372e-05
427.92792792792795	5.4809268368689945e-05
428.8288288288288	5.33683101602092e-05
429.72972972972974	5.1433525418422285e-05
430.63063063063066	5.2260149823854655e-05
431.5315315315315	5.639122007802842e-05
432.43243243243245	5.5953752473242134e-05
433.3333333333333	5.6853627365888534e-05
434.23423423423424	6.36087992496453e-05
435.13513513513516	6.309780905113843e-05
436.036036036036	5.8330711219734316e-05
436.93693693693695	6.469093712036342e-05
437.83783783783787	6.653290557849994e-05
438.73873873873873	6.021416670666636e-05
439.63963963963965	5.9400736064794484e-05
440.5405405405405	6.246370919308365e-05
441.44144144144144	5.903582906119304e-05
442.34234234234236	5.74526481377028e-05
443.2432432432432	5.742438566438332e-05
444.14414414414415	5.460413365605381e-05
445.0450450450451	5.1203745252787044e-05
445.94594594594594	5.088601887083073e-05
446.84684684684686	5.721564034991096e-05
447.7477477477478	5.596674643990878e-05
448.64864864864865	4.989071808906638e-05
449.54954954954957	4.721980000436316e-05
450.45045045045043	4.833561362788042e-05
451.35135135135135	5.154352642272963e-05
452.2522522522523	4.780392528491913e-05
453.15315315315314	5.195334286883286e-05
454.05405405405406	5.515831116790146e-05
454.954954954955	5.547756479738348e-05
455.85585585585585	5.5590498191321694e-05
456.7567567567568	6.215417705365502e-05
457.65765765765764	6.53000191684224e-05
458.55855855855856	6.087462122780633e-05
459.4594594594595	5.981438229875256e-05
460.36036036036035	6.207293429910215e-05
461.26126126126127	5.618024073188412e-05
462.1621621621622	4.9004722115438335e-05
463.06306306306305	5.431247377300708e-05
463.963963963964	5.189949294933044e-05
464.86486486486484	4.305302557087861e-05
465.76576576576576	5.548015097937835e-05
466.6666666666667	6.531757124851998e-05
467.56756756756755	5.1319753377453895e-05
468.4684684684685	4.787687441171705e-05
469.3693693693694	5.710660435452699e-05
470.27027027027026	5.81739283229341e-05
471.1711711711712	5.3887684751608694e-05
472.0720720720721	5.972381661686606e-05
472.97297297297297	5.856184790766067e-05
473.8738738738739	5.365857839735715e-05
474.77477477477476	5.670895448756717e-05
475.6756756756757	6.100376078106275e-05
476.5765765765766	4.9950758620093916e-05
477.47747747747746	4.8267799879435985e-05
478.3783783783784	5.829340633329941e-05
479.2792792792793	5.789882306755124e-05
480.1801801801802	5.161911713077422e-05
481.0810810810811	5.717158338693474e-05
481.98198198198196	6.257197469532802e-05
482.8828828828829	5.605736711200435e-05
483.7837837837838	5.26691102648512e-05
484.68468468468467	5.5518176169551846e-05
485.5855855855856	5.790345805730992e-05
486.4864864864865	5.222415508603988e-05
487.3873873873874	5.290959730315305e-05
488.2882882882883	6.0478507408095696e-05
489.1891891891892	6.015862009625189e-05
490.0900900900901	5.822328138260709e-05
490.990990990991	6.352318698337039e-05
491.8918918918919	6.714699784025791e-05
492.7927927927928	6.316838785137659e-05
493.6936936936937	6.171483929256333e-05
494.5945945945946	6.224446594997633e-05
495.4954954954955	6.440503049426542e-05
496.3963963963964	6.987563216257419e-05
497.2972972972973	6.803883499515736e-05
498.1981981981982	6.035013845621532e-05
499.0990990990991	6.170553736438325e-05
500.0	6.642998960985802e-05
500.9009009009009	6.156050413269016e-05
501.8018018018018	5.717649156496027e-05
502.7027027027027	6.15283363278978e-05
503.60360360360363	6.45928771579688e-05
504.5045045045045	5.729951513956899e-05
505.4054054054054	5.1506369306858306e-05
506.30630630630634	6.167009789669444e-05
507.2072072072072	6.646457925658103e-05
508.1081081081081	5.572894289764631e-05
509.009009009009	5.3846305929397144e-05
509.9099099099099	5.9522922036729455e-05
510.81081081081084	5.184270674072148e-05
511.7117117117117	4.5187496738799555e-05
512.6126126126126	5.108799490773001e-05
513.5135135135135	5.3588227943647975e-05
514.4144144144144	4.77037694474701e-05
515.3153153153153	5.16095971803862e-05
516.2162162162163	5.68528802611161e-05
517.1171171171171	5.539806707114671e-05
518.018018018018	5.6385020386941514e-05
518.918918918919	6.823489939021263e-05
519.8198198198198	6.714228713019878e-05
520.7207207207207	5.695969885294817e-05
521.6216216216217	6.035213647550409e-05
522.5225225225225	6.70582436921338e-05
523.4234234234234	6.484793640354525e-05
524.3243243243244	6.225649431228859e-05
525.2252252252252	6.0527602430061794e-05
526.1261261261261	5.713566267362605e-05
527.0270270270271	5.7556026091197585e-05
527.927927927928	6.54658898326084e-05
528.8288288288288	6.408320542634785e-05
529.7297297297298	6.316142629236229e-05
530.6306306306307	6.217841807644208e-05
531.5315315315315	6.352317456053274e-05
532.4324324324325	6.189695537947946e-05
533.3333333333333	5.837917715894853e-05
534.2342342342342	5.9011927949078005e-05
535.1351351351352	6.193695427200796e-05
536.036036036036	6.367220764962674e-05
536.936936936937	6.215360657025469e-05
537.8378378378379	6.198896684864203e-05
538.7387387387387	6.3074259416857e-05
539.6396396396397	6.027030127574611e-05
540.5405405405405	5.9474991856591786e-05
541.4414414414414	5.5029901892062224e-05
542.3423423423424	5.569489372093397e-05
543.2432432432432	5.8720145201655495e-05
544.1441441441441	5.0803121432911376e-05
545.0450450450451	4.3107120113213205e-05
545.9459459459459	4.771820182253467e-05
546.8468468468468	5.5106006089860926e-05
547.7477477477478	5.412234205998e-05
548.6486486486486	5.387626453599792e-05
549.5495495495495	5.944456651746639e-05
550.4504504504505	5.927604119629622e-05
551.3513513513514	5.00970568310432e-05
552.2522522522522	5.31079240838651e-05
553.1531531531532	6.297970619754214e-05
554.0540540540541	5.782367905257666e-05
554.9549549549549	5.621089052000294e-05
555.8558558558559	6.503981815423623e-05
556.7567567567568	6.544469821650598e-05
557.6576576576576	5.849339463342541e-05
558.5585585585586	6.0446180046688696e-05
559.4594594594595	6.564960555807902e-05
560.3603603603603	6.1002420907426625e-05
561.2612612612613	5.1914116375701134e-05
562.1621621621622	4.787651827781702e-05
563.063063063063	4.594293676342697e-05
563.963963963964	4.5687125558948965e-05
564.8648648648649	4.5980923543770556e-05
565.7657657657658	4.686772904395927e-05
566.6666666666667	4.466571632841206e-05
567.5675675675675	4.610550079208096e-05
568.4684684684685	4.413596506707428e-05
569.3693693693695	4.93065455519785e-05
570.2702702702702	5.458394130637697e-05
571.1711711711712	5.157607486021175e-05
572.0720720720722	5.2013750436702625e-05
572.9729729729729	5.5696487337667464e-05
573.8738738738739	5.7109190742276484e-05
574.7747747747748	5.524575626181873e-05
575.6756756756756	5.148715500807352e-05
576.5765765765766	5.254753260199688e-05
577.4774774774775	5.118490955331427e-05
578.3783783783783	5.34196763893366e-05
579.2792792792793	5.9035328679457376e-05
580.1801801801802	5.618596456686987e-05
581.081081081081	4.844890214907525e-05
581.981981981982	4.9529812286139237e-05
582.8828828828829	5.713013549782287e-05
583.7837837837837	5.366233686168891e-05
584.6846846846847	5.400131471340816e-05
585.5855855855856	5.575754507754344e-05
586.4864864864865	5.5767885598956686e-05
587.3873873873874	5.573180199218603e-05
588.2882882882883	5.941694442677394e-05
589.1891891891892	5.773193640665423e-05
590.0900900900901	4.8709333680655735e-05
590.990990990991	4.790645151786689e-05
591.8918918918919	5.001971826529598e-05
592.7927927927929	4.844689639745748e-05
593.6936936936937	5.0676820176763766e-05
594.5945945945946	5.67494619040599e-05
595.4954954954956	5.453380026179901e-05
596.3963963963964	5.487545523496658e-05
597.2972972972973	6.0342801866484724e-05
598.1981981981983	6.070596505426307e-05
599.099099099099	5.346003010713135e-05
600.0	5.7334275856973525e-05
600.900900900901	6.372565742104286e-05
601.8018018018017	6.045680576738258e-05
602.7027027027027	6.373398647786543e-05
603.6036036036037	7.191769792861058e-05
604.5045045045044	7.543726355334109e-05
605.4054054054054	7.322554953336677e-05
606.3063063063064	7.379595613748754e-05
607.2072072072071	7.897406785827287e-05
608.1081081081081	7.734525419666109e-05
609.009009009009	6.889311781819614e-05
609.9099099099099	7.180215006421537e-05
610.8108108108108	6.853618647638304e-05
611.7117117117117	5.625281853969525e-05
612.6126126126126	5.649481975726122e-05
613.5135135135135	5.896595870235897e-05
614.4144144144144	5.808926954831006e-05
615.3153153153153	5.68008153178318e-05
616.2162162162163	5.2765435551184034e-05
617.1171171171171	6.0809744711474305e-05
618.018018018018	6.316475280946896e-05
618.918918918919	6.258917367929834e-05
619.8198198198198	6.352725635195177e-05
620.7207207207207	5.498992107222391e-05
621.6216216216217	4.832277240441801e-05
622.5225225225225	5.3491510435134827e-05
623.4234234234234	5.3364545622967095e-05
624.3243243243244	4.8799773540957476e-05
625.2252252252252	5.196345844734064e-05
626.1261261261261	5.6615946192854034e-05
627.0270270270271	5.3575874122105924e-05
627.927927927928	5.4185084013565185e-05
628.8288288288288	5.945392171648982e-05
629.7297297297297	5.590990677962412e-05
630.6306306306307	5.0195406097735195e-05
631.5315315315315	4.797975955620505e-05
632.4324324324324	5.287291575438339e-05
633.3333333333334	5.0563346980016405e-05
634.2342342342342	4.816376894736353e-05
635.1351351351351	5.096219060560458e-05
636.0360360360361	5.215471862119103e-05
636.936936936937	4.850042057285615e-05
637.8378378378378	4.813976158895343e-05
638.7387387387388	5.225655074758586e-05
639.6396396396397	5.323505005068271e-05
640.5405405405405	5.160029691368544e-05
641.4414414414415	5.011157809298522e-05
642.3423423423424	5.696310595790176e-05
643.2432432432432	4.713800831266045e-05
644.1441441441442	5.06042918308437e-05
645.0450450450451	5.514369775386245e-05
645.9459459459459	4.680114817237772e-05
646.8468468468468	4.5735838957228634e-05
647.7477477477478	5.356442932987183e-05
648.6486486486486	5.107836451754872e-05
649.5495495495495	4.7007543042266955e-05
650.4504504504505	5.5495665929698676e-05
651.3513513513514	6.437015395566759e-05
652.2522522522522	5.391365646922547e-05
653.1531531531532	5.209622177638232e-05
654.0540540540541	6.58290712613876e-05
654.9549549549549	6.531440049456943e-05
655.8558558558559	5.286603461387386e-05
656.7567567567568	5.4278189108847753e-05
657.6576576576576	6.128825053662285e-05
658.5585585585586	5.769483253254891e-05
659.4594594594595	5.937294196856633e-05
660.3603603603603	6.715509449613756e-05
661.2612612612613	6.469853885532555e-05
662.1621621621622	6.00967579051536e-05
663.063063063063	6.517206712396526e-05
663.9639639639639	6.322822891862299e-05
664.8648648648649	5.485305433650972e-05
665.7657657657658	5.493147203073526e-05
666.6666666666666	6.349737324540201e-05
667.5675675675676	6.670980610270931e-05
668.4684684684685	6.793416362824342e-05
669.3693693693693	7.053200404127272e-05
670.2702702702703	7.00781381511998e-05
671.1711711711712	6.595294453550711e-05
672.072072072072	6.397670965382703e-05
672.972972972973	6.12937357590521e-05
673.8738738738739	6.531468654640116e-05
674.7747747747748	6.193762523371386e-05
675.6756756756757	6.350957761412282e-05
676.5765765765766	6.463673913961164e-05
677.4774774774775	5.619054383440674e-05
678.3783783783784	5.1888051742985895e-05
679.2792792792793	6.049556597737407e-05
680.1801801801802	6.295015210295931e-05
681.081081081081	5.928644314246119e-05
681.981981981982	5.3619449878537055e-05
682.8828828828829	6.181947918977456e-05
683.7837837837837	6.612133991641806e-05
684.6846846846847	6.238907421554238e-05
685.5855855855856	6.603539695379182e-05
686.4864864864865	7.205242938871575e-05
687.3873873873874	6.347491946355752e-05
688.2882882882883	6.211998262754423e-05
689.1891891891892	6.803552330609522e-05
690.0900900900901	6.317712721588161e-05
690.990990990991	5.400547990408022e-05
691.8918918918919	6.027987201897231e-05
692.7927927927929	6.0287533104911406e-05
693.6936936936937	5.195462961742311e-05
694.5945945945946	5.790936189988414e-05
695.4954954954954	6.147172806273511e-05
696.3963963963964	5.162783315241702e-05
697.2972972972973	4.7877667248603506e-05
698.1981981981982	5.4019452015857685e-05
699.0990990990991	5.109155772926488e-05
700.0	4.9939014807654313e-05
700.9009009009009	5.7316464033218295e-05
701.8018018018018	6.044287052747145e-05
702.7027027027027	5.4352934941212615e-05
703.6036036036036	5.3968098211047e-05
704.5045045045046	5.862067823922895e-05
705.4054054054054	5.6300481225130667e-05
706.3063063063063	5.013811728217007e-05
707.2072072072073	5.129625201110124e-05
708.1081081081081	5.4816192840529195e-05
709.009009009009	5.150199597109871e-05
709.90990990991	4.713901878175861e-05
710.8108108108108	4.972785740450923e-05
711.7117117117117	4.9174851960524176e-05
712.6126126126126	4.854155222766464e-05
713.5135135135135	4.850912589744079e-05
714.4144144144144	4.72124318661224e-05
715.3153153153153	4.80483235630022e-05
716.2162162162163	5.142312757174186e-05
717.1171171171171	5.4275920731351856e-05
718.018018018018	5.001394522288818e-05
718.918918918919	4.884073936072786e-05
719.8198198198198	5.3559802897365075e-05
720.7207207207207	5.104421050215742e-05
721.6216216216217	4.3326363929605796e-05
722.5225225225225	4.613029991109985e-05
723.4234234234234	5.307763199336373e-05
724.3243243243244	4.9406211213243836e-05
725.2252252252252	4.555487166576638e-05
726.1261261261261	5.065094874271945e-05
727.0270270270271	5.105024556715089e-05
727.927927927928	4.8515510391993465e-05
728.8288288288288	4.5511212498104404e-05
729.7297297297297	4.6674834568129354e-05
730.6306306306307	5.590786487828688e-05
731.5315315315315	5.379935835688598e-05
732.4324324324324	4.8831255754487515e-05
733.3333333333334	5.4940826165797144e-05
734.2342342342342	5.8760409825130815e-05
735.1351351351351	5.235280670049401e-05
736.0360360360361	5.133680291584342e-05
736.936936936937	5.6355506355406706e-05
737.8378378378378	5.1832821845567316e-05
738.7387387387388	5.065262057122052e-05
739.6396396396397	5.688456270216093e-05
740.5405405405405	5.621541015756548e-05
741.4414414414415	4.6382612960920056e-05
742.3423423423424	5.044621914141762e-05
743.2432432432432	5.68843585420411e-05
744.1441441441442	5.0363098809220326e-05
745.0450450450451	4.27421836010291e-05
745.9459459459459	5.577315219790652e-05
746.8468468468468	5.5252885080045935e-05
747.7477477477478	4.4179665530597414e-05
748.6486486486486	5.533753154712329e-05
749.5495495495495	6.440168311371927e-05
750.4504504504505	4.70582567544149e-05
751.3513513513514	4.399876399782834e-05
752.2522522522522	5.887072113845671e-05
753.1531531531532	5.773079990550316e-05
754.0540540540541	4.692995061979088e-05
754.9549549549549	5.5811925936467844e-05
755.8558558558559	6.780337055942824e-05
756.7567567567568	5.877772013782241e-05
757.6576576576576	5.317788031778419e-05
758.5585585585586	6.192909111509057e-05
759.4594594594595	6.362826325238347e-05
760.3603603603603	5.7447561253553e-05
761.2612612612613	6.123195614305081e-05
762.1621621621622	6.502891176121064e-05
763.063063063063	5.636395271427598e-05
763.9639639639639	5.166409516793558e-05
764.8648648648649	5.699395425740664e-05
765.7657657657658	6.0028516018470665e-05
766.6666666666666	5.674655177636939e-05
767.5675675675676	6.157769356198769e-05
768.4684684684685	6.657085397243977e-05
769.3693693693693	6.449164082761653e-05
770.2702702702703	6.309767848771491e-05
771.1711711711712	6.501005688600492e-05
772.072072072072	6.273072334869486e-05
772.972972972973	6.07181167297186e-05
773.8738738738739	5.8195423682979414e-05
774.7747747747748	5.8784532558799745e-05
775.6756756756757	6.0771340916196896e-05
776.5765765765766	6.40438369890698e-05
777.4774774774775	6.0543439568658626e-05
778.3783783783784	6.241448953483144e-05
779.2792792792793	6.330678644553748e-05
780.1801801801802	5.7793021363746174e-05
781.081081081081	5.3272118051381964e-05
781.981981981982	5.565344179253988e-05
782.8828828828829	5.618545043258488e-05
783.7837837837837	5.190352929701798e-05
784.6846846846847	4.791798654546191e-05
785.5855855855856	5.4799933224692397e-05
786.4864864864865	5.6984307972289586e-05
787.3873873873874	5.007929816218906e-05
788.2882882882883	4.63473380003875e-05
789.1891891891892	5.98280059654574e-05
790.0900900900901	5.7966789393392864e-05
790.990990990991	5.2115193098540404e-05
791.8918918918919	6.267125447183661e-05
792.7927927927929	6.703820000649866e-05
793.6936936936937	6.420441213069524e-05
794.5945945945946	6.442656013097862e-05
795.4954954954956	6.742555432919165e-05
796.3963963963964	5.868819426820231e-05
797.2972972972973	5.923910555605284e-05
798.1981981981982	6.233416199623734e-05
799.0990990990991	5.727581143367798e-05
800.0	6.189027061297427e-05
800.9009009009009	6.865858218683515e-05
801.8018018018018	6.134627348295908e-05
802.7027027027027	5.6660030588271665e-05
803.6036036036036	6.303712280213078e-05
804.5045045045046	6.27099843128446e-05
805.4054054054054	5.7545131605933134e-05
806.3063063063063	5.925906559771489e-05
807.2072072072073	6.139998052174928e-05
808.1081081081081	6.321748780477069e-05
809.009009009009	5.8392036342585916e-05
809.90990990991	6.024918334888081e-05
810.8108108108108	6.296021047156787e-05
811.7117117117117	5.6034096227588044e-05
812.6126126126127	5.088373798249776e-05
813.5135135135135	4.909561477097343e-05
814.4144144144144	4.8118344307005564e-05
815.3153153153153	4.703633641136985e-05
816.2162162162163	5.388983029401152e-05
817.1171171171171	5.1536745484655766e-05
818.018018018018	4.9118065093610453e-05
818.918918918919	5.983801840508353e-05
819.8198198198198	6.519667523107234e-05
820.7207207207207	5.8413679608545815e-05
821.6216216216217	6.586070866086589e-05
822.5225225225225	7.157764598189358e-05
823.4234234234234	6.204591420357874e-05
824.3243243243244	6.420360752846495e-05
825.2252252252252	7.275358541378666e-05
826.1261261261261	6.550088329895386e-05
827.0270270270271	6.16977193039988e-05
827.927927927928	7.111410993389537e-05
828.8288288288288	6.975463515899385e-05
829.7297297297297	6.575374592790914e-05
830.6306306306307	7.017280579885667e-05
831.5315315315315	6.324120715166683e-05
832.4324324324324	5.397930493978958e-05
833.3333333333334	6.105650389659907e-05
834.2342342342342	6.755867714517903e-05
835.1351351351351	6.282815138331977e-05
836.0360360360361	6.294105299568998e-05
836.936936936937	6.750718295962514e-05
837.8378378378378	6.345007061238143e-05
838.7387387387388	5.667861656719182e-05
839.6396396396397	5.8060342975272636e-05
840.5405405405405	5.9812954683483054e-05
841.4414414414415	5.800151353140287e-05
842.3423423423424	6.093379117992334e-05
843.2432432432432	6.605034118648422e-05
844.1441441441442	7.050892596148675e-05
845.0450450450451	6.95101087545579e-05
845.9459459459459	6.199204128925386e-05
846.8468468468468	5.957340456826176e-05
847.7477477477478	6.33901573286252e-05
848.6486486486486	5.78384856759373e-05
849.5495495495495	5.1368481326199336e-05
850.4504504504505	5.585603331637932e-05
851.3513513513514	6.220394478877403e-05
852.2522522522522	5.518781820230529e-05
853.1531531531532	5.1171520763391186e-05
854.0540540540541	5.9955478315540066e-05
854.9549549549549	5.654718654124228e-05
855.8558558558559	4.639935902614207e-05
856.7567567567568	5.349213075508517e-05
857.6576576576576	6.080913494555762e-05
858.5585585585586	5.9476168292403584e-05
859.4594594594595	5.970418471843045e-05
860.3603603603603	6.251982051557575e-05
861.2612612612613	5.707848797394392e-05
862.1621621621622	5.487874370835514e-05
863.063063063063	5.466292279414783e-05
863.9639639639639	5.766600961149431e-05
864.8648648648649	5.7606842423608645e-05
865.7657657657658	5.729150136611026e-05
866.6666666666666	6.284606255285122e-05
867.5675675675676	6.422978020385291e-05
868.4684684684685	6.021646624993911e-05
869.3693693693693	6.754230069659257e-05
870.2702702702703	7.094912997848386e-05
871.1711711711712	6.290959437174855e-05
872.072072072072	5.455697375156997e-05
872.972972972973	5.6170181140105566e-05
873.8738738738739	6.006868178976394e-05
874.7747747747748	5.1029151506473575e-05
875.6756756756757	4.864169795500912e-05
876.5765765765766	5.460663918636031e-05
877.4774774774775	5.752960181451031e-05
878.3783783783784	4.930733385677177e-05
879.2792792792793	5.3373209750124745e-05
880.1801801801802	6.566700182260136e-05
881.081081081081	5.993651006825928e-05
881.981981981982	5.159602609853967e-05
882.8828828828829	5.129806000020385e-05
883.7837837837837	5.6967746919126557e-05
884.6846846846847	5.080704023233263e-05
885.5855855855856	5.007328683480083e-05
886.4864864864865	6.075691820373934e-05
887.3873873873874	6.233001715004487e-05
888.2882882882883	5.629396497009318e-05
889.1891891891892	5.791609680241011e-05
890.0900900900901	6.499142110526058e-05
890.990990990991	6.011963554581599e-05
891.8918918918919	5.533020847464667e-05
892.7927927927929	6.33073371594571e-05
893.6936936936937	7.020238432664073e-05
894.5945945945946	6.390289711343871e-05
895.4954954954956	6.366301707768001e-05
896.3963963963964	6.762778044785959e-05
897.2972972972973	6.246032080455859e-05
898.1981981981982	5.7679494367085945e-05
899.0990990990991	5.8226921073050785e-05
900.0	6.385359654161668e-05
900.9009009009009	6.700024816437086e-05
901.8018018018018	6.643367186075151e-05
902.7027027027027	5.941647733407263e-05
903.6036036036036	5.604914971097493e-05
904.5045045045046	5.862936807195398e-05
905.4054054054054	6.114005822079089e-05
906.3063063063063	6.071831846394708e-05
907.2072072072073	5.911387277798978e-05
908.1081081081081	5.8630657695428324e-05
909.009009009009	5.883912037141876e-05
909.90990990991	6.242922326535584e-05
910.8108108108108	6.228281300293925e-05
911.7117117117117	5.2563397343635355e-05
912.6126126126127	5.049801232052815e-05
913.5135135135135	5.3756810474032754e-05
914.4144144144144	5.2307100962414806e-05
915.3153153153153	5.036980092461478e-05
916.2162162162163	5.586477737654086e-05
917.1171171171171	6.26642433588941e-05
918.018018018018	5.575997116441059e-05
918.918918918919	5.047000187956075e-05
919.8198198198198	6.090543238282942e-05
920.7207207207207	6.129542566045121e-05
921.6216216216217	5.756273597624915e-05
922.5225225225225	5.5542715491502374e-05
923.4234234234234	5.72714429000457e-05
924.3243243243244	5.8181531213950395e-05
925.2252252252252	5.6920505245001724e-05
926.1261261261261	5.400339402786249e-05
927.0270270270271	5.388558212430887e-05
927.927927927928	5.486118120134776e-05
928.8288288288288	5.262536212106669e-05
929.7297297297298	5.284866194814428e-05
930.6306306306307	5.552875884577774e-05
931.5315315315315	5.2010282826924985e-05
932.4324324324324	5.265028876139343e-05
933.3333333333334	5.4014232207246725e-05
934.2342342342342	5.925739840679569e-05
935.1351351351351	6.165377748308548e-05
936.0360360360361	6.033697070830442e-05
936.936936936937	6.457142409088558e-05
937.8378378378378	6.542399984388636e-05
938.7387387387388	6.275534096779193e-05
939.6396396396397	6.235871410989771e-05
940.5405405405405	6.904940837014111e-05
941.4414414414415	6.863045702844605e-05
942.3423423423424	6.109885189167098e-05
943.2432432432432	5.81309922738202e-05
944.1441441441442	5.6112911893078166e-05
945.0450450450451	5.020276568548839e-05
945.9459459459459	5.412428224659321e-05
946.8468468468469	6.237560229714084e-05
947.7477477477478	6.247762640422812e-05
948.6486486486486	5.267120867237428e-05
949.5495495495495	6.613572976795116e-05
950.4504504504505	7.346122564532956e-05
951.3513513513514	6.04788186549711e-05
952.2522522522522	6.0086462037014965e-05
953.1531531531532	7.127903202961389e-05
954.0540540540541	6.436158394750139e-05
954.9549549549549	5.5331504287094595e-05
955.8558558558559	6.444552790416434e-05
956.7567567567568	6.579490717449182e-05
957.6576576576576	5.356223034370897e-05
958.5585585585586	5.004470654197508e-05
959.4594594594595	5.4161517755143906e-05
960.3603603603603	5.41108400415232e-05
961.2612612612613	4.7684899314511796e-05
962.1621621621622	4.644062027142798e-05
963.063063063063	5.134203876212573e-05
963.9639639639639	5.281794951277777e-05
964.8648648648649	5.1419565242007216e-05
965.7657657657658	5.177591985837045e-05
966.6666666666666	5.313235805700944e-05
967.5675675675676	5.474445848411027e-05
968.4684684684685	5.581222960877457e-05
969.3693693693693	5.967435111702927e-05
970.2702702702703	6.148998354779659e-05
971.1711711711712	5.760081980667441e-05
972.072072072072	5.5143900221887564e-05
972.972972972973	5.8346885908115015e-05
973.8738738738739	6.063105492604737e-05
974.7747747747748	5.5446221535172345e-05
975.6756756756757	4.534202517089069e-05
976.5765765765766	5.239806078135259e-05
977.4774774774775	5.865640068415259e-05
978.3783783783784	5.014920864949365e-05
979.2792792792793	5.227113528291183e-05
980.1801801801802	6.203863605305771e-05
981.081081081081	6.607544131768883e-05
981.981981981982	6.300618963797531e-05
982.8828828828829	6.515334321154747e-05
983.7837837837837	6.921599831938683e-05
984.6846846846847	6.547818728065077e-05
985.5855855855856	6.799394118685096e-05
986.4864864864865	6.920282093370962e-05
987.3873873873874	5.367495023892847e-05
988.2882882882883	5.0780505830788597e-05
989.1891891891892	6.308006623191505e-05
990.0900900900901	6.311794506733423e-05
990.990990990991	5.774363775001772e-05
991.8918918918919	5.6494064505646137e-05
992.7927927927929	5.62413692156037e-05
993.6936936936937	5.43717498411547e-05
994.5945945945946	5.3866124444047266e-05
995.4954954954956	5.6561565195554085e-05
996.3963963963964	5.4655368723255295e-05
997.2972972972973	5.387021948948851e-05
998.1981981981982	5.4101384776262585e-05
999.0990990990991	5.236619429668087e-05
1000.0	4.826371857889077e-05
