0.0	1.0000000000000004
0.0001	0.999999880812428
0.0002	0.9999995232489789
0.00030000000000000003	0.9999989273162023
0.0004	0.9999980930208138
0.0005	0.99999702036967
0.0006000000000000001	0.9999957093697734
0.0007	0.9999941600283166
0.0008	0.9999923723526654
0.0009000000000000001	0.9999903463503209
0.001	0.9999880820289405
0.0011	0.9999855793963714
0.0012000000000000001	0.9999828384605864
0.0013000000000000002	0.9999798592297467
0.0014	0.9999766417121623
0.0015	0.9999731859163073
0.0016	0.9999694918508053
0.0017000000000000001	0.9999655595244514
0.0018000000000000002	0.9999613889462058
0.0019	0.9999569801251781
0.002	0.999952333070641
0.0021000000000000003	0.9999474477920335
0.0022	0.9999423242989474
0.0023	0.9999369626011452
0.0024000000000000002	0.9999313627085302
0.0025	0.9999255246312015
0.0026000000000000003	0.9999194483793697
0.0027	0.9999131339634623
0.0028	0.9999065813940176
0.0029000000000000002	0.9998997906817517
0.003	0.9998927618375609
0.0031000000000000003	0.9998854948724699
0.0032	0.9998779897976805
0.0033	0.9799728287329604
0.0034000000000000002	0.979965006300095
0.0035	0.979956950529791
0.0036000000000000003	0.9799486614336593
0.0037	0.9799401390234572
0.0038	0.9799313833110992
0.0039000000000000003	0.979922394308679
0.004	0.9799131720284046
0.0041	0.9799037164826953
0.004200000000000001	0.9798940276840739
0.0043	0.9601884451357896
0.0044	0.9601784939903816
0.0045000000000000005	0.960168314318266
0.0046	0.9601579061323405
0.0047	0.9406524009131595
0.0048000000000000004	0.9406417563459206
0.0049	0.9406308879434739
0.005	0.9406197957190896
0.0051	0.9406084796861487
0.005200000000000001	0.94059693985822
0.0053	0.9405851762490015
0.0054	0.9405731888723433
0.0055000000000000005	0.9405609777422418
0.0056	0.9405485428728659
0.0057	0.9405358842785162
0.0058000000000000005	0.9405230019736351
0.0059	0.9405098959728466
0.006	0.9404965662908845
0.0061	0.9404830129426736
0.006200000000000001	0.9404692359432631
0.0063	0.9404552353078528
0.0064	0.9404410110518072
0.006500000000000001	0.9404265631906268
0.0066	0.9404118917399791
0.0067	0.9403969967156616
0.0068000000000000005	0.9403818781336412
0.006900000000000001	0.9403665360100141
0.007	0.9403509703610472
0.0071	0.940335181203149
0.007200000000000001	0.9403191685528658
0.0073	0.9403029324269166
0.0074	0.9402864728421618
0.007500000000000001	0.9402697898155981
0.0076	0.9402528833643968
0.0077	0.9402357535058548
0.0078000000000000005	0.9505434953766865
0.0079	0.950525683025631
0.008	0.9505076448804759
0.0081	0.9504893809594466
0.0082	0.950470891280924
0.0083	0.9504521758634715
0.008400000000000001	0.9504332347257857
0.0085	0.9504140678867158
0.0086	0.9503946753652619
0.008700000000000001	0.9503750571805761
0.0088	0.9503552133519628
0.0089	0.9503351438988746
0.009000000000000001	0.9503148488409271
0.0091	0.950294328197862
0.0092	0.9502735819895967
0.009300000000000001	0.950252610236183
0.0094	0.9502314129578437
0.0095	0.9502099901749298
0.009600000000000001	0.9501883419079574
0.0097	0.9501664681775903
0.0098	0.9501443690046477
0.0099	0.9501220444100921
0.01	0.9500994944150413
0.010100000000000001	0.9500767190407639
0.0102	0.9500537183086815
0.0103	0.9500304922403487
0.010400000000000001	0.9500070408575074
0.0105	0.9499833641820141
0.0106	0.949959462235898
0.010700000000000001	0.9499353350413297
0.0108	0.9499109826206357
0.0109	0.9498864049962831
0.011000000000000001	0.9498616021909075
0.0111	0.9498365742272794
0.0112	0.9498113211283208
0.011300000000000001	0.9497858429171241
0.0114	0.9497601396169008
0.0115	0.9497342112510361
0.011600000000000001	0.9497080578430575
0.0117	0.9496816794166423
0.0118	0.9496550759956288
0.0119	0.9496282476039908
0.012	0.9496011942658537
0.012100000000000001	0.9495739160055171
0.0122	0.9495464128473875
0.0123	0.9495186848160623
0.012400000000000001	0.9494907319362798
0.0125	0.9494625542329047
0.0126	0.9494341517309721
0.012700000000000001	0.9494055244556805
0.0128	0.9493766724323518
0.0129	0.9493475956864659
0.013000000000000001	0.9493182942436595
0.0131	0.9492887681297102
0.0132	0.9492590173705648
0.013300000000000001	0.9492290419922985
0.0134	0.9491988420211365
0.0135	0.9491684174834732
0.013600000000000001	0.9491377684058394
0.0137	0.9491068948149152
0.013800000000000002	0.9490757967375305
0.013900000000000001	0.9490444742006738
0.014	0.9490129272314659
0.014100000000000001	0.9489811558572078
0.0142	0.9489491601053109
0.0143	0.9489169400033716
0.014400000000000001	0.94888449557912
0.0145	0.9488518268604221
0.0146	0.9488189338753137
0.014700000000000001	0.9487858166519909
0.0148	0.9487524752187592
0.0149	0.9487189096041035
0.015000000000000001	0.9486851198366599
0.0151	0.9486511059451979
0.0152	0.9486168679586503
0.015300000000000001	0.9485824059060876
0.0154	0.9485477198167385
0.0155	0.948512809719972
0.015600000000000001	0.9484776756453093
0.015700000000000002	0.9484423176224335
0.0158	0.9484067356811665
0.0159	0.948370929851468
0.016	0.9483349001634642
0.0161	0.9482986466474218
0.0162	0.9482621693337645
0.016300000000000002	0.9482254682530504
0.0164	0.9481885434360003
0.0165	0.9481513949134805
0.0166	0.9481140227164944
0.0167	0.9480764268762228
0.016800000000000002	0.9480386074239524
0.016900000000000002	0.9480005643911661
0.017	0.9479622978094587
0.0171	0.9479238077105863
0.0172	0.9478850941264685
0.0173	0.947846157089135
0.017400000000000002	0.947806996630814
0.0175	0.9477676127838343
0.0176	0.9477280055807134
0.0177	0.9476881750540902
0.0178	0.9476481212367652
0.0179	0.9476078441616809
0.018000000000000002	0.9475673438619236
0.0181	0.9475266203707373
0.0182	0.9474856737215215
0.0183	0.9474445039477972
0.0184	0.9474031110832705
0.018500000000000003	0.9473614951617501
0.018600000000000002	0.9473196562172358
0.0187	0.9279520037665783
0.0188	0.9279105811278945
0.0189	0.927868940117149
0.019	0.9278270807682137
0.019100000000000002	0.9277850031151037
0.019200000000000002	0.927742707191981
0.0193	0.9277001930331383
0.0194	0.9276574606730417
0.0195	0.9084950419687464
0.0196	0.9084527626674777
0.019700000000000002	0.9084102697647425
0.0198	0.9083675632948257
0.0199	0.9083246432921963
0.02	0.908281509791427
0.0201	0.9082381628272563
0.020200000000000003	0.9081946024345449
0.020300000000000002	0.9081508286483247
0.0204	0.9081068415037338
0.0205	0.908062641036067
0.0206	0.9080182272807796
0.0207	0.907973600273424
0.020800000000000003	0.8890201770152454
0.020900000000000002	0.8889760614890888
0.021	0.8889317372577099
0.0211	0.8888872043565067
0.0212	0.8888424628210063
0.0213	0.8887975126868748
0.021400000000000002	0.8887523539899113
0.021500000000000002	0.888706986766068
0.0216	0.8886614110514153
0.0217	0.8886156268821778
0.0218	0.888569634294704
0.0219	0.8885234333255024
0.022000000000000002	0.888477024011185
0.0221	0.8884304063885335
0.0222	0.8883835804944475
0.0223	0.8883365463659688
0.0224	0.8882893040402875
0.022500000000000003	0.8882418535547181
0.022600000000000002	0.8881941949467147
0.0227	0.8881463282538749
0.0228	0.8880982535139251
0.0229	0.8880499707647311
0.023	0.8880014800443057
0.023100000000000002	0.8879527813907843
0.023200000000000002	0.8879038748424495
0.0233	0.8878547604377229
0.0234	0.8691213821714532
0.0235	0.8690728941397736
0.0236	0.8690242027400321
0.023700000000000002	0.8689753080103836
0.0238	0.8689262099890983
0.0239	0.8688769087145929
0.024	0.8688274042254207
0.0241	0.8687776965602625
0.024200000000000003	0.8687277857579272
0.024300000000000002	0.8686776718573631
0.0244	0.8686273548976505
0.0245	0.8685768349180205
0.0246	0.8685261119578094
0.0247	0.8684751860564995
0.024800000000000003	0.868424057253715
0.024900000000000002	0.8683727255892073
0.025	0.8683211911028488
0.0251	0.8682694538346621
0.0252	0.8682175138248015
0.0253	0.8681653711135479
0.025400000000000002	0.86811302574132
0.025500000000000002	0.8680604777486628
0.0256	0.8680077271762572
0.0257	0.8679547740649285
0.0258	0.8679016184556179
0.025900000000000003	0.8678482603894178
0.026000000000000002	0.8677946999075287
0.0261	0.867740937051314
0.0262	0.8676869718622432
0.0263	0.8676328043819352
0.0264	0.8675784346521311
0.026500000000000003	0.8675238627147136
0.026600000000000002	0.8674690886116928
0.0267	0.8674141123852213
0.0268	0.8673589340775616
0.0269	0.8673035537311313
0.027	0.8672479713884783
0.027100000000000003	0.8671921870922613
0.027200000000000002	0.8671362008852948
0.0273	0.8670800128105229
0.0274	0.8670236229110073
0.0275	0.8669670312299566
0.027600000000000003	0.8669102378107076
0.027700000000000002	0.8668532426967226
0.027800000000000002	0.8667960459315999
0.0279	0.8667386475590788
0.028	0.8666810476230176
0.0281	0.8666232461674122
0.028200000000000003	0.8665652432363864
0.028300000000000002	0.8665070388742014
0.0284	0.8664486331252546
0.0285	0.8479627447178495
0.0286	0.847905186744459
0.0287	0.8478474317990967
0.028800000000000003	0.8477894799257453
0.028900000000000002	0.8477313311684777
0.029	0.8476729855715153
0.0291	0.8476144431792169
0.0292	0.8475557040360541
0.029300000000000003	0.8474967681866383
0.029400000000000003	0.8292197169214964
0.029500000000000002	0.829161662851738
0.0296	0.8291034164365434
0.0297	0.8290449777200519
0.0298	0.8289863467465453
0.029900000000000003	0.8289275235604235
0.030000000000000002	0.8288685082062119
0.030100000000000002	0.8288093007285671
0.0302	0.8287499011722598
0.0303	0.8286903095821928
0.0304	0.828630526003397
0.030500000000000003	0.8285705504810256
0.030600000000000002	0.8285103830603504
0.0307	0.8284500237867829
0.0308	0.8283894727058406
0.0309	0.8283287298631872
0.031	0.8282677953045859
0.031100000000000003	0.8282066690759462
0.031200000000000002	0.8281453512233011
0.0313	0.828083841792789
0.031400000000000004	0.828022140830695
0.0315	0.8279602483834162
0.0316	0.8278981644974736
0.0317	0.8278358892195272
0.0318	0.8277734225963396
0.031900000000000005	0.8277107646748141
0.032	0.8276479155019808
0.032100000000000004	0.8275848751249697
0.0322	0.8275216435910582
0.0323	0.8274582209476523
0.0324	0.8273946072422577
0.0325	0.8273308025225212
0.032600000000000004	0.8272668068362071
0.0327	0.8272026202312165
0.0328	0.8271382427555506
0.0329	0.827073674457363
0.033	0.8270089153849002
0.033100000000000004	0.8269439655865539
0.0332	0.8268788251108425
0.0333	0.8268134940063903
0.0334	0.8267479723219504
0.0335	0.8266822601064175
0.033600000000000005	0.8266163574087776
0.0337	0.8265502642781711
0.033800000000000004	0.8264839807638366
0.0339	0.8264175069151559
0.034	0.8263508427816286
0.0341	0.8262839884128662
0.0342	0.8262169438586106
0.034300000000000004	0.8261497091687406
0.0344	0.8260822843932255
0.0345	0.8260146695821953
0.0346	0.8259468647858682
0.0347	0.8258788700546162
0.034800000000000005	0.8258106854389149
0.0349	0.8257423109893579
0.035	0.8256737467566786
0.0351	0.8256049927917217
0.0352	0.8255360491454653
0.035300000000000005	0.8254669158689891
0.0354	0.8253975930135169
0.035500000000000004	0.825328080630384
0.0356	0.8252583787710525
0.0357	0.825188487487098
0.0358	0.8251184068302284
0.0359	0.825048136852271
0.036000000000000004	0.8249776776051683
0.0361	0.8249070291409932
0.0362	0.8248361915119452
0.0363	0.8247651647703197
0.0364	0.8246939489685734
0.036500000000000005	0.8246225441592451
0.0366	0.8245509503950313
0.0367	0.8244791677287165
0.0368	0.8244071962132281
0.0369	0.8243350359016173
0.037000000000000005	0.8242626868470371
0.0371	0.8241901491027813
0.037200000000000004	0.8241174227222536
0.0373	0.8240445077589814
0.0374	0.8239714042666207
0.0375	0.8238981122989413
0.0376	0.8238246319098246
0.037700000000000004	0.823750963153302
0.0378	0.8236771060834894
0.0379	0.8236030607546542
0.038	0.8235288272211667
0.0381	0.8234544055375264
0.038200000000000005	0.8233797957583434
0.0383	0.8233049979383652
0.038400000000000004	0.8232300121324386
0.0385	0.8231548383955541
0.0386	0.8230794767828009
0.038700000000000005	0.8230039273494084
0.0388	0.8229281901507073
0.038900000000000004	0.8228522652421597
0.039	0.8227761526793508
0.0391	0.8226998525179822
0.0392	0.8226233648138629
0.0393	0.8225466896229376
0.039400000000000004	0.8224698270012778
0.0395	0.8223927770050451
0.0396	0.8223155396905577
0.0397	0.8222381151142261
0.0398	0.8221605033325885
0.039900000000000005	0.8220827044023025
0.04	0.8220047183801517
0.040100000000000004	0.8219265453230422
0.0402	0.8218481852879714
0.0403	0.8217696383320863
0.040400000000000005	0.8216909045126489
0.0405	0.8216119838870276
0.040600000000000004	0.8215328765127171
0.0407	0.8214535824473296
0.0408	0.8213741017485984
0.0409	0.8212944344743794
0.041	0.8212145806826416
0.041100000000000005	0.8211345404314687
0.0412	0.8210543137790737
0.0413	0.8209739007837807
0.0414	0.8208933015040403
0.0415	0.8208125159984133
0.041600000000000005	0.8207315443255775
0.0417	0.8206503865443403
0.041800000000000004	0.8205690427136216
0.0419	0.8204875128924496
0.042	0.820405797139984
0.042100000000000005	0.8203238955155038
0.0422	0.8202418080783938
0.042300000000000004	0.8201595348881752
0.0424	0.8200770760044663
0.0425	0.8199944314870116
0.0426	0.8199116013956778
0.0427	0.8198285857904505
0.042800000000000005	0.8197453847314277
0.0429	0.8196619982788185
0.043000000000000003	0.819578426492966
0.0431	0.8194946694343149
0.0432	0.8194107271634379
0.043300000000000005	0.8193265997410292
0.0434	0.8192422872278764
0.043500000000000004	0.8191577896849163
0.0436	0.8190731071731792
0.0437	0.8189882397538168
0.0438	0.8189031874881102
0.0439	0.8188179504374449
0.044000000000000004	0.8187325286633248
0.0441	0.818646922227379
0.0442	0.8185611311913427
0.0443	0.818475155617073
0.0444	0.8183889955665411
0.044500000000000005	0.8183026511018361
0.0446	0.8182161222851688
0.044700000000000004	0.818129409178857
0.0448	0.8180425118453423
0.0449	0.8179554303471781
0.045000000000000005	0.8178681647470337
0.0451	0.8177807151077044
0.045200000000000004	0.8176930814920854
0.0453	0.8176052639631949
0.0454	0.8175172625841781
0.0455	0.8174290774182722
0.0456	0.817340708528851
0.045700000000000005	0.8172521559794057
0.0458	0.8171634198335185
0.0459	0.817074500154904
0.046	0.8169853970074039
0.0461	0.8168961104549561
0.046200000000000005	0.8168066405616198
0.0463	0.816716987391568
0.046400000000000004	0.8166271510090937
0.0465	0.8165371314786062
0.0466	0.8164469288646121
0.046700000000000005	0.8163565432317631
0.0468	0.8162659746448006
0.046900000000000004	0.8161752231685862
0.047	0.8160842888681137
0.0471	0.8159931718084622
0.0472	0.815901872054848
0.0473	0.8158103896725929
0.047400000000000005	0.8157187247271315
0.0475	0.8156268772840256
0.0476	0.8155348474089436
0.0477	0.8154426351676464
0.0478	0.8153502406260495
0.047900000000000005	0.815257663850156
0.048	0.8151649049060821
0.048100000000000004	0.8150719638600817
0.0482	0.8149788407784883
0.0483	0.8148855357277762
0.048400000000000006	0.8147920487745192
0.0485	0.8146983799854112
0.048600000000000004	0.8146045294272615
0.0487	0.8145104971669901
0.0488	0.8144162832716183
0.0489	0.8143218878083068
0.049	0.8142273108443071
0.049100000000000005	0.814132552446992
0.0492	0.8140376126838533
0.049300000000000004	0.8139424916224822
0.0494	0.8138471893305889
0.0495	0.8137517058760103
0.049600000000000005	0.8136560413266709
0.0497	0.8135601957506325
0.049800000000000004	0.8134641692160454
0.0499	0.8133679617911879
0.05	0.8132715735444572
0.050100000000000006	0.8131750045443502
0.0502	0.8130782548594767
0.050300000000000004	0.7953141720079192
0.0504	0.7952191712267519
0.0505	0.7951239938899727
0.0506	0.7950286400651442
0.0507	0.7949331098199311
0.050800000000000005	0.777374803720431
0.0509	0.7772810271109861
0.051000000000000004	0.7771870781569344
0.0511	0.777092956924883
0.0512	0.7769986634815489
0.051300000000000005	0.776904197893767
0.0514	0.7768095602284705
0.051500000000000004	0.7767147505526946
0.0516	0.7766197689335844
0.0517	0.7765246154384037
0.051800000000000006	0.7764292901344947
0.0519	0.7763337930893387
0.052000000000000005	0.7762381243705001
0.0521	0.7761422840456531
0.0522	0.7760462721825945
0.0523	0.775950088849195
0.0524	0.7758537341134651
0.052500000000000005	0.775757208043508
0.0526	0.775660510707521
0.052700000000000004	0.7755636421738131
0.0528	0.7754666025108189
0.0529	0.7753693917870563
0.053000000000000005	0.7752720100711435
0.0531	0.7751744574318317
0.053200000000000004	0.7750767339379495
0.0533	0.7749788396584503
0.0534	0.774880774662376
0.053500000000000006	0.7747825390188897
0.0536	0.7746841327972439
0.053700000000000005	0.7745855560668081
0.0538	0.7744868088970557
0.0539	0.774387891357558
0.054	0.7742888035179994
0.0541	0.774189545448152
0.054200000000000005	0.7740901172179152
0.0543	0.7739905188972798
0.054400000000000004	0.7738907505563436
0.0545	0.7737908122653068
0.0546	0.7829011382756417
0.054700000000000006	0.7827996599719991
0.0548	0.7826980099299474
0.054900000000000004	0.7825961882209991
0.055	0.7824941949167882
0.0551	0.7823920300890761
0.055200000000000006	0.7822896938097122
0.0553	0.7821871861506576
0.055400000000000005	0.7820845071839749
0.0555	0.7819816569818338
0.055600000000000004	0.7818786356165035
0.0557	0.7817754431603572
0.0558	0.7816720796858772
0.055900000000000005	0.7815685452656487
0.056	0.7814648399723578
0.056100000000000004	0.7813609638787995
0.0562	0.7812569170578745
0.0563	0.7811526995825843
0.056400000000000006	0.7810483115260224
0.0565	0.7809437529614123
0.056600000000000004	0.7808390239620538
0.0567	0.7807341246013786
0.0568	0.780629054952889
0.056900000000000006	0.7805238150902207
0.057	0.7804184050870984
0.057100000000000005	0.7803128250173524
0.0572	0.7802070749549163
0.057300000000000004	0.7801011549738225
0.0574	0.7799950651482124
0.0575	0.7798888055523371
0.057600000000000005	0.7797823762605323
0.0577	0.7796757773472507
0.057800000000000004	0.7795690088870436
0.0579	0.7794620709545653
0.058	0.7621438877350157
0.058100000000000006	0.7620389798546732
0.0582	0.7619339064651991
0.058300000000000005	0.7618286676399987
0.0584	0.7617232634525812
0.0585	0.7616176939765527
0.058600000000000006	0.7615119592856221
0.0587	0.7614060594536071
0.058800000000000005	0.7612999945543985
0.0589	0.7611937646620195
0.059000000000000004	0.7610873698505601
0.0591	0.7609808101942414
0.0592	0.7608740857673665
0.059300000000000005	0.7607671966443288
0.0594	0.7606601428996456
0.059500000000000004	0.7605529246079146
0.0596	0.7604455418438385
0.0597	0.7603379946822195
0.059800000000000006	0.7602302831979643
0.0599	0.7601224074660564
0.060000000000000005	0.760014367561605
0.0601	0.7599061635598017
0.060200000000000004	0.7597977955359471
0.0603	0.7596892635654346
0.0604	0.7595805677237492
0.060500000000000005	0.759471708086482
0.0606	0.7593626847293296
0.060700000000000004	0.7592534977280729
0.0608	0.7591441471585981
0.0609	0.7590346330968838
0.061000000000000006	0.7589249556190159
0.0611	0.7588151148011759
0.061200000000000004	0.7587051107196263
0.0613	0.7585949434507585
0.0614	0.7584846130710328
0.061500000000000006	0.7583741196570154
0.0616	0.7582634632853839
0.061700000000000005	0.7581526440328954
0.0618	0.7580416619764099
0.061900000000000004	0.7579305171928916
0.062	0.7578192097593889
0.0621	0.7577077397530589
0.062200000000000005	0.7575961072511473
0.0623	0.757484312330999
0.062400000000000004	0.7573723550700611
0.0625	0.7572602355458726
0.0626	0.7571479538360651
0.0627	0.7570355100183729
0.06280000000000001	0.7569229041706298
0.0629	0.7568101363707538
0.063	0.7566972066967699
0.0631	0.7565841152267959
0.0632	0.7564708620390459
0.06330000000000001	0.7563574472118267
0.0634	0.7562438708235439
0.0635	0.7561301329527054
0.0636	0.7560162336778988
0.0637	0.7559021730778224
0.06380000000000001	0.7557879512312623
0.0639	0.7556735682171039
0.064	0.738687144425666
0.0641	0.7385750004746842
0.06420000000000001	0.7384626991879799
0.06430000000000001	0.7383502406430537
0.0644	0.7382376249174948
0.0645	0.7381248520889768
0.0646	0.7380119222352837
0.06470000000000001	0.7378988354342826
0.0648	0.737785591763928
0.0649	0.7376721913022734
0.065	0.7375586341274624
0.0651	0.7374449203177397
0.06520000000000001	0.7373310499514326
0.0653	0.7372170231069579
0.0654	0.7371028398628308
0.0655	0.7369885002976593
0.0656	0.7368740044901398
0.06570000000000001	0.7367593525190621
0.0658	0.736644544463303
0.0659	0.736529580401843
0.066	0.7364144604137403
0.0661	0.7362991845781572
0.06620000000000001	0.7361837529743332
0.0663	0.7360681656816126
0.0664	0.7359524227794209
0.0665	0.7358365243472849
0.0666	0.7357204704648088
0.06670000000000001	0.7356042612117033
0.0668	0.735487896667758
0.0669	0.7353713769128544
0.067	0.7352547020269735
0.0671	0.7351378720901798
0.06720000000000001	0.7350208871826307
0.0673	0.7349037473845706
0.0674	0.7347864527763388
0.0675	0.7346690034383603
0.06760000000000001	0.7345513994511504
0.06770000000000001	0.7344336408953294
0.0678	0.7343157278515813
0.0679	0.7341976604006999
0.068	0.7340794386235612
0.06810000000000001	0.7339610626011359
0.0682	0.733842532414476
0.0683	0.7337238481447333
0.0684	0.7336050098731348
0.0685	0.7334860176810231
0.06860000000000001	0.7333668716497965
0.0687	0.7166890312470243
0.0688	0.7165722751433126
0.0689	0.7164553689148989
0.069	0.7163383126417178
0.06910000000000001	0.7162211064037749
0.0692	0.7161037502811732
0.0693	0.7159862443540993
0.0694	0.7158685887028214
0.0695	0.7157507834077033
0.06960000000000001	0.7156328285491954
0.0697	0.7155147242078197
0.0698	0.7153964704641991
0.0699	0.7152780673990434
0.07	0.715159515093134
0.07010000000000001	0.7150408136273586
0.0702	0.7149219630826678
0.0703	0.714802963540115
0.0704	0.7146838150808414
0.07050000000000001	0.7145645177860585
0.07060000000000001	0.7144450717370775
0.0707	0.7143254770152805
0.0708	0.7142057337021547
0.0709	0.7140858418792552
0.07100000000000001	0.7139658016282294
0.0711	0.7138456130308116
0.0712	0.7137252761688203
0.0713	0.713604791124152
0.0714	0.7134841579787969
0.07150000000000001	0.7133633768148293
0.0716	0.7132424477144
0.0717	0.7131213707597562
0.0718	0.7130001460332165
0.0719	0.7128787736171976
0.07200000000000001	0.7127572535941887
0.0721	0.7126355860467725
0.0722	0.7125137710576069
0.0723	0.7123918087094404
0.0724	0.7122696990851078
0.07250000000000001	0.712147442267521
0.0726	0.7120250383396795
0.0727	0.7119024873846644
0.0728	0.7117797894856353
0.0729	0.7116569447258569
0.07300000000000001	0.7115339531886464
0.0731	0.711410814957432
0.0732	0.7112875301157054
0.0733	0.7111640987470504
0.0734	0.7110405209351429
0.07350000000000001	0.7109167967637158
0.0736	0.7107929263166092
0.0737	0.7106689096777398
0.0738	0.7105447469310997
0.07390000000000001	0.710420438160775
0.07400000000000001	0.7102959834509196
0.0741	0.7101713828857881
0.0742	0.7100466365496995
0.0743	0.7099217445270712
0.07440000000000001	0.7097967069023926
0.0745	0.7096715237602342
0.0746	0.7095461951852515
0.0747	0.7094207212621938
0.0748	0.7092951020758675
0.07490000000000001	0.7091693377111847
0.075	0.7090434282531196
0.0751	0.7089173737867434
0.0752	0.7087911743971941
0.0753	0.708664830169712
0.07540000000000001	0.7085383411895986
0.0755	0.7084117075422468
0.0756	0.7082849293131278
0.0757	0.7081580065877924
0.0758	0.7080309394518736
0.07590000000000001	0.7079037279910843
0.076	0.7077763722912244
0.0761	0.7076488724381659
0.0762	0.7075212285178685
0.0763	0.7073934406163639
0.07640000000000001	0.7072655088197762
0.0765	0.7071374332142972
0.0766	0.7070092138862042
0.0767	0.7068808509218596
0.07680000000000001	0.7067523444076979
0.07690000000000001	0.7066236944302388
0.077	0.7064949010760786
0.0771	0.7063659644318926
0.0772	0.7062368845844421
0.07730000000000001	0.6899798985057025
0.07740000000000001	0.6898534871832338
0.0775	0.6897269361843061
0.0776	0.689600245594004
0.0777	0.6894734154974874
0.07780000000000001	0.6893464459800033
0.0779	0.689219337126868
0.078	0.6890920890234805
0.0781	0.6889647017553105
0.0782	0.6888371754079073
0.07830000000000001	0.6887095100669004
0.0784	0.6885817058179905
0.0785	0.688453762746964
0.0786	0.6883256809396744
0.0787	0.6881974604820481
0.07880000000000001	0.6880691014601097
0.0789	0.6879406039599303
0.079	0.687811968067684
0.0791	0.6876831938696011
0.0792	0.6875542814519989
0.07930000000000001	0.6874252309012717
0.0794	0.6872960423038806
0.0795	0.6871667157463699
0.0796	0.6870372513153542
0.07970000000000001	0.6869076490975273
0.07980000000000001	0.6867779091796645
0.0799	0.6866480316486027
0.08	0.6865180165912678
0.0801	0.6863878640946485
0.08020000000000001	0.6862575742458145
0.08030000000000001	0.6861271471319147
0.0804	0.6859965828401636
0.0805	0.6858658814578651
0.0806	0.6857350430723813
0.08070000000000001	0.685604067771156
0.08080000000000001	0.6854729556417065
0.0809	0.6853417067716348
0.081	0.6852103212485956
0.0811	0.685078799160342
0.08120000000000001	0.6849471405946876
0.0813	0.6848153456395141
0.0814	0.684683414382796
0.0815	0.6845513469125651
0.0816	0.6844191433169343
0.08170000000000001	0.6842868036840917
0.0818	0.684154328102297
0.0819	0.6840217166598797
0.082	0.6838889694452448
0.0821	0.6837560865468726
0.08220000000000001	0.6836230680533215
0.0823	0.6834899140532098
0.0824	0.6833566246352434
0.0825	0.6832231998881885
0.0826	0.6830896399008943
0.08270000000000001	0.6829559447622762
0.0828	0.6828221145613305
0.0829	0.6826881493871115
0.083	0.6825540493287612
0.08310000000000001	0.6824198144754826
0.08320000000000001	0.6822854449165636
0.0833	0.6821509407413501
0.0834	0.6820163020392705
0.0835	0.6818815288998219
0.08360000000000001	0.6817466214125711
0.08370000000000001	0.6816115796671594
0.0838	0.6814764037533007
0.0839	0.6813410937607806
0.084	0.6812056497794476
0.08410000000000001	0.6810700718992435
0.08420000000000001	0.6809343602101524
0.0843	0.6807985148022502
0.0844	0.6806625357656749
0.0845	0.6805264231906444
0.08460000000000001	0.6803901771674423
0.0847	0.6802537977864191
0.0848	0.680117285138
0.0849	0.6799806393126862
0.085	0.6798438604010347
0.08510000000000001	0.6797069484936901
0.0852	0.679569903681361
0.0853	0.679432726054822
0.0854	0.6792954157049214
0.0855	0.6791579727225787
0.08560000000000001	0.6790203971987818
0.0857	0.6788826892245908
0.0858	0.6787448488911334
0.0859	0.6786068762896089
0.08600000000000001	0.6784687715112794
0.08610000000000001	0.6783305346474928
0.0862	0.6781921657896446
0.0863	0.6780536650292194
0.0864	0.6779150324577569
0.08650000000000001	0.6777762681668815
0.08660000000000001	0.677637372248264
0.0867	0.6774983447936705
0.0868	0.6773591858949211
0.0869	0.6772198956438932
0.08700000000000001	0.6770804741325664
0.08710000000000001	0.676940921452953
0.0872	0.6768012376971602
0.0873	0.676661422957349
0.0874	0.6765214773257546
0.08750000000000001	0.6763814008946765
0.0876	0.6762411937564864
0.0877	0.6761008560036214
0.0878	0.6759603877285937
0.0879	0.6758197890239686
0.08800000000000001	0.6756790599823941
0.0881	0.6755382006965757
0.0882	0.6753972112592953
0.0883	0.6752560917633975
0.0884	0.6751148423017919
0.08850000000000001	0.6749734629674573
0.0886	0.6748319538534387
0.0887	0.6746903150528569
0.0888	0.6745485466588869
0.0889	0.6744066487647774
0.08900000000000001	0.6742646214638484
0.0891	0.6741224648494761
0.0892	0.6739801790151024
0.0893	0.6738377640542533
0.08940000000000001	0.6736952200605041
0.08950000000000001	0.6735525471275022
0.0896	0.6734097453489635
0.0897	0.6732668148186645
0.0898	0.67312375563045
0.08990000000000001	0.6729805678782348
0.09000000000000001	0.6728372516560004
0.0901	0.6726938070577791
0.0902	0.6725502341776881
0.0903	0.6724065331099044
0.09040000000000001	0.6722627039486564
0.09050000000000001	0.6721187467882603
0.0906	0.6719746617230847
0.0907	0.6718304488475618
0.0908	0.6716861082561936
0.09090000000000001	0.6715416400435456
0.091	0.6713970443042536
0.0911	0.6712523211330038
0.0912	0.6711074706245675
0.0913	0.6709624928737643
0.09140000000000001	0.6708173879754775
0.0915	0.6706721560246753
0.0916	0.6705267971163585
0.0917	0.670381311345621
0.0918	0.6702356988076071
0.09190000000000001	0.67008995959753
0.092	0.6699440938106552
0.0921	0.669798101542326
0.0922	0.6696519828879434
0.09230000000000001	0.6695057379429767
0.09240000000000001	0.6693593668029443
0.0925	0.6692128695634514
0.0926	0.6690662463201444
0.0927	0.6689194971687498
0.09280000000000001	0.6687726222050425
0.09290000000000001	0.668625621524871
0.093	0.6684784952241394
0.0931	0.6683312433988257
0.0932	0.6681838661449554
0.09330000000000001	0.6680363635586324
0.09340000000000001	0.667888735736011
0.0935	0.6677409827733116
0.0936	0.6675931047668174
0.0937	0.667445101812876
0.09380000000000001	0.6672969740078928
0.09390000000000001	0.6671487214483403
0.094	0.6670003442307499
0.0941	0.6668518424517146
0.0942	0.6667032162078883
0.09430000000000001	0.6665544655959901
0.0944	0.666405590712793
0.0945	0.6662565916551482
0.0946	0.6661074685199432
0.0947	0.6659582214041532
0.09480000000000001	0.6658088504047934
0.0949	0.665659355618952
0.095	0.6655097371437727
0.0951	0.6653599950764602
0.0952	0.6652101295142916
0.09530000000000001	0.6650601405545806
0.0954	0.6649100282947273
0.0955	0.6647597928321753
0.0956	0.6646094342644338
0.09570000000000001	0.6644589526890725
0.09580000000000001	0.6643083482037229
0.0959	0.664157620906072
0.096	0.6640067708938695
0.0961	0.6638557982649268
0.09620000000000001	0.6637047031171106
0.09630000000000001	0.6635534855483568
0.0964	0.6634021456566431
0.0965	0.6632506835400214
0.0966	0.6630990992966039
0.09670000000000001	0.6629473930245521
0.09680000000000001	0.6627955648220899
0.0969	0.662643614787511
0.097	0.6624915430191467
0.0971	0.6623393496154075
0.09720000000000001	0.6621870346747503
0.09730000000000001	0.6620345982956981
0.0974	0.661882040576831
0.0975	0.6617293616167809
0.0976	0.6615765615142447
0.09770000000000001	0.6614236403679733
0.0978	0.6612705982767852
0.0979	0.6611174353395446
0.098	0.6609641516551793
0.0981	0.6608107473226777
0.09820000000000001	0.6606572224410748
0.0983	0.6605035771094846
0.0984	0.6603498114270558
0.0985	0.6601959254930025
0.09860000000000001	0.6600419194066043
0.09870000000000001	0.6598877932671884
0.0988	0.6597335471741437
0.0989	0.659579181226913
0.099	0.6594246955250025
0.09910000000000001	0.6592700901679592
0.09920000000000001	0.6591153652554078
0.0993	0.6589605208870213
0.0994	0.658805557162519
0.0995	0.6586504741816891
0.09960000000000001	0.6584952720443741
0.09970000000000001	0.6583399508504733
0.0998	0.6581845106999368
0.0999	0.6428257165208197
0.1	0.6426736357656205
0.1009	0.6412997046111729
0.1018	0.6399164559826677
0.1027	0.6385239617304596
0.10360000000000001	0.6371222940502781
0.10450000000000001	0.6357115254773238
0.10540000000000001	0.634291728880365
0.1063	0.6328629774557953
0.1072	0.6314253447217097
0.1081	0.6152536622630658
0.109	0.6138325051076204
0.1099	0.5979192140235805
0.11080000000000001	0.5965152296903246
0.11170000000000001	0.5951031319120148
0.1126	0.5936829925110321
0.1135	0.5922548835764477
0.1144	0.5908188774582835
0.1153	0.5893750467617159
0.1162	0.587923464341327
0.11710000000000001	0.586464203295315
0.11800000000000001	0.5849973369596968
0.1189	0.5835229389025289
0.1198	0.5820410829180827
0.1207	0.5805518430210691
0.12160000000000001	0.5651964759994438
0.1225	0.5500732885895397
0.12340000000000001	0.5486342391267085
0.12430000000000001	0.5471884412397964
0.1252	0.5457359663882305
0.1261	0.5309310615413827
0.127	0.5295013904549853
0.1279	0.5280654163702295
0.1288	0.5135500011998375
0.1297	0.5121375932572103
0.1306	0.5107192451824557
0.1315	0.509295026017128
0.13240000000000002	0.4950990359307095
0.1333	0.4936993783389048
0.1342	0.49229420000901075
0.1351	0.49088356872707717
0.136	0.4894675523864358
0.13690000000000002	0.48804621898257855
0.1378	0.48661963660805213
0.1387	0.4851878734473455
0.1396	0.48375099777180125
0.1405	0.48230907793452626
0.1414	0.4808621823653006
0.1423	0.47941037956552246
0.1432	0.4779537381031194
0.1441	0.47649232660751295
0.14500000000000002	0.4750262137645645
0.1459	0.4735554683115439
0.1468	0.47208015903208916
0.1477	0.4706003547512155
0.1486	0.46911612433030286
0.1495	0.46762753666209395
0.1504	0.46613466066573944
0.1513	0.46463756528181654
0.1522	0.4631363194673832
0.1531	0.46163099219104675
0.154	0.460121652428028
0.1549	0.45860836915526915
0.1558	0.4570912113465325
0.1567	0.4555702479675263
0.15760000000000002	0.4424873646194774
0.1585	0.4409979128453692
0.15940000000000001	0.42817270460544565
0.1603	0.426714899181543
0.1612	0.4252538079759288
0.1621	0.4237894963217293
0.163	0.4112906558519276
0.1639	0.4098585217220407
0.1648	0.40842344198172176
0.16570000000000001	0.40698548007603436
0.1666	0.40554469939405824
0.1675	0.40410116326456674
0.1684	0.4026549349517811
0.1693	0.40120607765107746
0.17020000000000002	0.3997546544847616
0.1711	0.3983007284978497
0.172	0.39684436265386763
0.1729	0.3849213025891617
0.1738	0.37321310831596677
0.17470000000000002	0.37182676012761673
0.1756	0.37043833827260647
0.1765	0.3690479019568391
0.1774	0.3676555102855686
0.17830000000000001	0.36626122225958696
0.1792	0.3648650967714095
0.1801	0.36346719260149246
0.181	0.3620675684144907
0.1819	0.3606662827555072
0.18280000000000002	0.3494967492055774
0.1837	0.34813050869538503
0.1846	0.3467628220714254
0.1855	0.3453937457849807
0.1864	0.344023336153231
0.18730000000000002	0.3426516493557597
0.1882	0.34127874143108816
0.1891	0.3399046682732498
0.19	0.3385294856283625
0.19090000000000001	0.33715324909124755
0.1918	0.326522233843003
0.19269999999999998	0.3251820517159367
0.1936	0.32384100606564376
0.1945	0.32249915033255677
0.19540000000000002	0.3211565377938911
0.1963	0.3198132215605171
0.1972	0.3184692545738327
0.1981	0.3171246896026956
0.199	0.31577957924035405
0.19990000000000002	0.3144339759014166
0.2008	0.3130879318188561
0.2017	0.3117414990410289
0.2026	0.3017210998883728
0.20350000000000001	0.30041170261175093
0.2044	0.2991020782139178
0.20529999999999998	0.2977922765412076
0.2062	0.2964823472464537
0.2071	0.2951723397862431
0.20800000000000002	0.29386230341822805
0.2089	0.29255228719844756
0.2098	0.2829887128025767
0.2107	0.28171601937308277
0.2116	0.28044348734216035
0.21250000000000002	0.2711459659664138
0.2134	0.26991048131446677
0.2143	0.27284020465917797
0.2152	0.271584499274568
0.21610000000000001	0.2703291961089938
0.217	0.26907434034304195
0.21789999999999998	0.2524303260561015
0.2188	0.25124853453987916
0.2197	0.2500672916461797
0.22060000000000002	0.2488866391204632
0.2215	0.24770661849381104
0.2224	0.24652727108095768
0.2233	0.24534863797830317
0.2242	0.24417076006195373
0.2251	0.2429936779857933
0.226	0.24181743217959042
0.2269	0.2406420628471229
0.2278	0.23232984900058315
0.22870000000000001	0.23119132565512726
0.2296	0.22309285951483052
0.2305	0.22199069179659114
0.2314	0.22088953496426567
0.2323	0.22318598943166867
0.2332	0.22206637492301343
0.2341	0.22094793151964037
0.23500000000000001	0.21983069557864943
0.2359	0.21871470322271314
0.2368	0.2109651421019989
0.2377	0.20988563655120587
0.2386	0.20880744105427845
0.2395	0.20773058970627215
0.2404	0.20665511636784276
0.24130000000000001	0.20558105466392157
0.2422	0.2045084379824434
0.2431	0.20343729947310332
0.244	0.20236767204613137
0.2449	0.20129958837110024
0.2458	0.20023308087575986
0.2467	0.1991681817448908
0.24760000000000001	0.19810492291919635
0.2485	0.19704333609420815
0.2494	0.19598345271922593
0.25029999999999997	0.19492530399627836
0.2512	0.19696206286651197
0.2521	0.19588814088018033
0.253	0.1948160991193482
0.2539	0.19374596824155335
0.2548	0.19267777864681015
0.25570000000000004	0.19476252416783596
0.2566	0.19368198910033685
0.2575	0.1926035050767509
0.25839999999999996	0.19152710199771664
0.2593	0.19045280949441495
0.2602	0.1893806569314724
0.2611	0.18831067340622576
0.262	0.18724288774800243
0.2629	0.1861773285174366
0.26380000000000003	0.18511402400581198
0.2647	0.18405300223441998
0.2656	0.1829942909539591
0.2665	0.18193791764394882
0.26739999999999997	0.18088390951217714
0.2683	0.17983229349416963
0.2692	0.17878309625268732
0.2701	0.17773634417725065
0.271	0.17669206338368537
0.27190000000000003	0.17565027971370054
0.27280000000000004	0.17461101873448762
0.2737	0.1735743057383455
0.2746	0.1725401657423326
0.27549999999999997	0.17150862348794543
0.2764	0.17047970344081703
0.2773	0.1694534297904491
0.2782	0.16842982644995988
0.2791	0.16740891705586605
0.28	0.16639072496788115
0.28090000000000004	0.16537527326874507
0.2818	0.16674104756477495
0.2827	0.16571280302518474
0.28359999999999996	0.1646874489775107
0.2845	0.16366500758788072
0.2854	0.16264550073877182
0.2863	0.1616289500290144
0.2872	0.1606153767737512
0.2881	0.15960480200455732
0.28900000000000003	0.15859724646948734
0.2899	0.1575927306331677
0.2908	0.15659127467691658
0.29169999999999996	0.15559289849888544
0.29259999999999997	0.1499162083622215
0.2935	0.14895399086580396
0.2944	0.1479948175015262
0.2953	0.1470387064623209
0.2962	0.1415936076480237
0.29710000000000003	0.14067278434309283
0.298	0.1397549818644654
0.2989	0.13884021678015196
0.2998	0.1379285053940782
0.30069999999999997	0.1370198637464393
0.3016	0.13611430761406784
0.3025	0.13521185251082563
0.3034	0.13431251368801406
0.3043	0.1334163061348062
0.3052	0.13252324457869702
0.30610000000000004	0.13163334348597655
0.307	0.12666232764642632
0.3079	0.12580629788529174
0.30879999999999996	0.12098794037656564
0.3097	0.12016500900315999
0.3106	0.1154964145637669
0.3115	0.11470581092061828
0.3124	0.11391816529003357
0.3133	0.11313348890433962
0.31420000000000003	0.11235179276325699
0.3151	0.11157308763450496
0.316	0.11079738405441752
0.31689999999999996	0.11002469232857864
0.31779999999999997	0.10925502253247639
0.3187	0.10848838451216425
0.3196	0.10772478788494852
0.3205	0.10696424204008352
0.3214	0.10620675613948728
0.32230000000000003	0.10545233911846628
0.3232	0.10470099968646424
0.3241	0.1039527463278157
0.325	0.10320758730252366
0.32589999999999997	0.10246553064704443
0.3268	0.10172658417509078
0.3277	0.10099075547844921
0.3286	0.10025805192780908
0.3295	0.09952848067360774
0.3304	0.0955619434179827
0.33130000000000004	0.0948623016958511
0.3322	0.09416571020406589
0.3331	0.09347217500728876
0.33399999999999996	0.09278170196140735
0.3349	0.09209429671442666
0.3358	0.09140996470737875
0.3367	0.09072871117524123
0.3376	0.0900505411478692
0.3385	0.08937545945093747
0.33940000000000003	0.08870347070689487
0.3403	0.08803457933593303
0.3412	0.08736878955695913
0.34209999999999996	0.08670610538858964
0.34299999999999997	0.08604653065014645
0.3439	0.08539006896266862
0.3448	0.08473672374993291
0.3457	0.08128188779731134
0.3466	0.08065630373447878
0.34750000000000003	0.0800337420798916
0.3484	0.07941420538257933
0.3493	0.07879769600595928
0.35019999999999996	0.07553193366892495
0.35109999999999997	0.0723559082314052
0.352	0.07178922962217406
0.3529	0.07122538388014274
0.3538	0.07066437234328997
0.3547	0.07010619618242546
0.3556	0.07056796478624652
0.35650000000000004	0.07000897939174472
0.35740000000000005	0.06945285294485787
0.35829999999999995	0.06889958607266752
0.35919999999999996	0.06834917923836185
0.3601	0.06780163274237178
0.361	0.06725694672341789
0.3619	0.06671512115958826
0.3628	0.0661761558694391
0.3637	0.06564005051307432
0.36460000000000004	0.06510680459325065
0.36550000000000005	0.06457641745648436
0.36639999999999995	0.06404888829416064
0.36729999999999996	0.06352421614365573
0.36819999999999997	0.06300239988945752
0.3691	0.062483438264296275
0.37	0.0619673298502815
0.3709	0.06145407308003899
0.3718	0.0620000585363705
0.37270000000000003	0.06148294969084212
0.37360000000000004	0.06096874594645556
0.37449999999999994	0.06045744506637634
0.37539999999999996	0.059949044667224206
0.37629999999999997	0.05944354222014456
0.3772	0.056902560959807426
0.3781	0.05642009389431345
0.379	0.05397170491970637
0.3799	0.0535115653707898
0.3808	0.053054112731026434
0.38170000000000004	0.050714962328351626
0.38260000000000005	0.050279038088697894
0.38349999999999995	0.04984569569903294
0.38439999999999996	0.04941493174197313
0.3853	0.048986742680511536
0.3862	0.04856112485913126
0.3871	0.04813807450492314
0.388	0.04771758772870322
0.3889	0.04729966052613471
0.38980000000000004	0.04688428877885031
0.39070000000000005	0.046471468255578297
0.39159999999999995	0.04606119461326813
0.39249999999999996	0.04565346339822054
0.39339999999999997	0.045248270047216835
0.3943	0.04562292934660251
0.3952	0.04521482631625519
0.3961	0.044809305710330774
0.397	0.04440636235437006
0.39790000000000003	0.044625075398722555
0.39880000000000004	0.04421963835981052
0.39969999999999994	0.043816831550124544
0.40059999999999996	0.041856355077360824
0.40149999999999997	0.04147300112728971
0.4024	0.04109216691704227
0.4033	0.04140785499600994
0.4042	0.041024586205120644
0.4051	0.04064387743853322
0.406	0.04026572217796095
0.40690000000000004	0.03989011381115443
0.40780000000000005	0.03951704563310576
0.40869999999999995	0.039146510847229136
0.40959999999999996	0.03877850256658454
0.4105	0.03841301381507085
0.4114	0.03805003752862277
0.4123	0.03768956655640969
0.4132	0.03733159366203104
0.4141	0.03697611152471137
0.41500000000000004	0.036623112740493534
0.41590000000000005	0.03627258982343037
0.41679999999999995	0.03592453520677437
0.41769999999999996	0.03557894124416566
0.41859999999999997	0.035698843392642496
0.4195	0.03535459407477822
0.4204	0.03501280040393746
0.4213	0.03467345441861099
0.4222	0.03433654808172458
0.42310000000000003	0.0340020732827584
0.42400000000000004	0.03367002183896768
0.42489999999999994	0.03334038549654167
0.42579999999999996	0.03301315593177827
0.42669999999999997	0.03268832475226098
0.4276	0.03236588349802204
0.4285	0.0320458236427099
0.4294	0.03172813659475201
0.4303	0.03141281369851328
0.4312	0.031099846235453078
0.43210000000000004	0.03013810977229532
0.43300000000000005	0.028746403385091143
0.43389999999999995	0.028457311320984925
0.43479999999999996	0.02817041487596931
0.4357	0.027885705497186702
0.4366	0.028007563940077182
0.4375	0.027721803610027913
0.4384	0.02743825897654048
0.4393	0.027156920946881376
0.44020000000000004	0.026877780379223264
0.44110000000000005	0.02660082808371873
0.44199999999999995	0.025353224294191387
0.44289999999999996	0.025090615759154423
0.4438	0.02483008944347131
0.4447	0.024571636304956845
0.4456	0.024315247260433024
0.4465	0.024060913186752502
0.4474	0.0238086249218172
0.44830000000000003	0.02355837326559174
0.44920000000000004	0.023310148981112843
0.45009999999999994	0.023063942795493647
0.45099999999999996	0.022819745400922655
0.45189999999999997	0.02257754745565873
0.4528	0.022337339585020207
0.4537	0.02209911238236931
0.4546	0.021862856410091114
0.4555	0.02162856220056818
0.45640000000000003	0.02139622025714879
0.45730000000000004	0.021165821055110508
0.45819999999999994	0.0209373550426186
0.45909999999999995	0.02071081264167833
0.45999999999999996	0.020486184249082454
0.4609	0.02026346023735323
0.4618	0.02004263095567782
0.4627	0.019823686730839563
0.4636	0.019606617868142467
0.4645	0.019391414652330484
0.46540000000000004	0.019178067348500593
0.46630000000000005	0.018966566203011053
0.46719999999999995	0.01875690144438231
0.46809999999999996	0.018549063284193368
0.469	0.018343041917971523
0.4699	0.018138827526076023
0.4708	0.01793641027457625
0.4717	0.017735780316123256
0.4726	0.01753692779081543
0.47350000000000003	0.0173398428270583
0.47440000000000004	0.017144515542417374
0.47529999999999994	0.016950936044465948
0.47619999999999996	0.016759094431625057
0.47709999999999997	0.016568980793998902
0.478	0.01638058521420256
0.4789	0.016193897768184067
0.4798	0.016008908526039613
0.4807	0.015825607552823168
0.48160000000000003	0.015643984909348402
0.48250000000000004	0.015464030652985374
0.48339999999999994	0.015285734838449772
0.48429999999999995	0.015109087518586115
0.48519999999999996	0.014369608155509177
0.4861	0.014202736705890503
0.487	0.014037423842869509
0.4879	0.013873659980486334
0.4888	0.013711435534750021
0.4897	0.013550740924353731
0.49060000000000004	0.01339156657138435
0.49150000000000005	0.013233902902025033
0.49239999999999995	0.013077740347251746
0.49329999999999996	0.012923069343522515
0.4942	0.012277516933760647
0.4951	0.012131611243888394
0.496	0.011987113067196553
0.4969	0.011844013222174517
0.4978	0.011702302535904976
0.49870000000000003	0.011561971844689491
0.49960000000000004	0.01142301199466764
0.5005	0.011465878139868288
0.5014	0.01132776899424059
0.5023	0.011191018765539665
0.5032	0.011055618261185299
0.5041	0.010921558303228511
0.505	0.010367615182091509
0.5059	0.01024131237929606
0.5068	0.010116272197812299
0.5077	0.009992485859610429
0.5085999999999999	0.009869944601815105
0.5095	0.009748639677238186
0.5104	0.009628562354905834
0.5113	0.009509703920578852
0.5122	0.009392055677266973
0.5131	0.0092756089457369
0.514	0.00926897688035858
0.5149	0.009152913735336518
0.5158	0.009038054701863968
0.5167	0.008924390887715768
0.5176	0.008954532045358727
0.5185	0.008841134393540551
0.5194	0.008728930466407511
0.5203	0.008617911244628552
0.5212	0.008508067733212867
0.5221	0.008068992362316866
0.523	0.007965666855472092
0.5239	0.007863446059930482
0.5248	0.007762321416362286
0.5257	0.0076622843911214305
0.5266	0.007563326476659395
0.5275	0.0074654391919343885
0.5284	0.0073686140828146405
0.5293	0.007157941580681113
0.5302	0.007064968769279587
0.5311	0.006973011070314962
0.532	0.006882060342312343
0.5329	0.006792108471708568
0.5337999999999999	0.006431691695406917
0.5347	0.00634725242735945
0.5356	0.006263749147304898
0.5365	0.006181174167564329
0.5374	0.006099519829026727
0.5383	0.006018778501462954
0.5392	0.005938942583834039
0.5401	0.005860004504594027
0.541	0.005781956721986656
0.5419	0.005704791724336599
0.5428	0.005628502030335074
0.5437	0.005553080189319482
0.5446	0.005478518781547808
0.5455	0.005181158409947876
0.5464	0.005111292737669967
0.5473	0.005042231385251978
0.5482	0.004973967349186958
0.5491	0.004906493656969186
0.55	0.004839803367324596
0.5509	0.004773889570436052
0.5518	0.004708745388163355
0.5527	0.0046443639742581935
0.5536	0.0045807385145735305
0.5545	0.004517862227268187
0.5554	0.004455728363006212
0.5563	0.004208474336607018
0.5572	0.004150357707353426
0.5581	0.004092933441453986
0.5589999999999999	0.004036195190711049
0.5599	0.003980136639061583
0.5608	0.003924751502738657
0.5617	0.003870033530427991
0.5626	0.003815976503420045
0.5635	0.003762574235757074
0.5644	0.003709820574375877
0.5653	0.0036577093992455853
0.5662	0.0036062346235010167
0.5670999999999999	0.003555390193571459
0.568	0.0035051700893047265
0.5689	0.003455568324086933
0.5698	0.0034065789449575497
0.5707	0.0033581960327201065
0.5716	0.003310413702048465
0.5725	0.003263226101588638
0.5734	0.003216627414056242
0.5743	0.0031706118563296346
0.5752	0.0031251736795387106
0.5761	0.003080307169149419
0.577	0.003036006645044008
0.5779	0.0029922664615971315
0.5788	0.0029490810077476576
0.5797	0.0029064447070663853
0.5806	0.002864352017819642
0.5815	0.002822797433028785
0.5824	0.0027817754805255896
0.5833	0.0026226279826293956
0.5841999999999999	0.0025843808728033936
0.5851	0.0025466281496302067
0.586	0.0025093647038599578
0.5869	0.00247258545986249
0.5878	0.0024362853756570504
0.5887	0.002400459442938381
0.5896	0.002365102687099105
0.5905	0.0023302101672485476
0.5914	0.002295776976228025
0.5922999999999999	0.0022617982406225017
0.5932	0.002228269120768876
0.5941	0.0021951848107606984
0.595	0.0021625405384494995
0.5959	0.002036048956945553
0.5968	0.0020056759113415055
0.5977	0.0019757101634652386
0.5986	0.0019461472751428604
0.5995	0.0019169828405210209
0.6003999999999999	0.0018882124860485142
0.6013	0.0017756551320128454
0.6022	0.001748927132621506
0.6031	0.0017225632239945467
0.604	0.001696559347998287
0.6049	0.001670911477301568
0.6058	0.001645615615340242
0.6067	0.0016206677962789912
0.6075999999999999	0.0015960640849704217
0.6084999999999999	0.0015718005769114307
0.6093999999999999	0.0015478733981970343
0.6103	0.0015242787054715145
0.6112	0.0015010126858770298
0.6121	0.0014780715569996617
0.613	0.0014554515668129735
0.6139	0.0014331489936190542
0.6148	0.00141116014598718
0.6156999999999999	0.0013251584052721918
0.6165999999999999	0.0013047782759931478
0.6174999999999999	0.0012846870644108034
0.6184	0.001264881360623815
0.6193	0.001245357783351075
0.6202	0.0011680232441392592
0.6211	0.0011499561531315185
0.622	0.0011321484027797348
0.6229	0.0011145968765924094
0.6237999999999999	0.0010972984850525864
0.6246999999999999	0.0010802501655380453
0.6255999999999999	0.001063448882239539
0.6265	0.001046891626077219
0.6274	0.0010305754146152535
0.6283	0.0009653018185514928
0.6292	0.0009502318046769191
0.6301	0.0009353828263822788
0.631	0.0009207521434294814
0.6319	0.0009063370405695492
0.6327999999999999	0.0008921348274507754
0.6336999999999999	0.0008781428385253502
0.6345999999999999	0.0008643584329544705
0.6355	0.0008507789945119927
0.6364	0.0008374019314865935
0.6373	0.0008242246765825411
0.6382	0.0008112446868190392
0.6391	0.0007984594434282165
0.64	0.0007858664517517481
0.6408999999999999	0.0007734632411361871
0.6417999999999999	0.0007234888301924503
0.6426999999999999	0.000712060797884159
0.6436	0.000700806211206699
0.6445	0.0006897228104765528
0.6454	0.000678808358363396
0.6463	0.0006341124524274031
0.6472	0.0006240736533184179
0.6481	0.0006141889432925737
0.6489999999999999	0.0006044562811052569
0.6498999999999999	0.0005948736462598034
0.6507999999999999	0.0005854390389001025
0.6517	0.0005761504797022951
0.6526	0.0005670060097655883
0.6535	0.0005580036905022185
0.6544	0.0005491416035265825
0.6553	0.0005404178505435526
0.6562	0.0006337882151523646
0.6571	0.0006243695662369622
0.6579999999999999	0.0006150920768484982
0.6588999999999999	0.0006059538868038817
0.6597999999999999	0.000568572583298792
0.6607	0.0005601519583725799
0.6616	0.0005518583579240824
0.6625	0.000543690089447159
0.6634	0.0005356454783610594
0.6643	0.0005277228679037823
0.6652	0.0005199206190231804
0.6660999999999999	0.0005122371102678485
0.6669999999999999	0.000504670737677605
0.6678999999999999	0.0004972199146734198
0.6688	0.0004898830719468649
0.6697	0.000482658657349103
0.6706	0.00047554513577943724
0.6715	0.00047722895490985237
0.6724	0.00047018089870883635
0.6733	0.00046324199508268344
0.6741999999999999	0.00045641073206820594
0.6750999999999999	0.00044968561470401
0.6759999999999999	0.00044306516496829914
0.6769	0.0004365479216581286
0.6778	0.00043013244027096086
0.6787	0.0004238172928853706
0.6796	0.0004176010680410359
0.6805	0.00041148237061917843
0.6814	0.00040545982172235584
0.6822999999999999	0.0003995320585540865
0.6831999999999999	0.00039369773429836065
0.6840999999999999	0.00038795551799894674
0.6849999999999999	0.00038230409443855575
0.6859	0.0003767421640178649
0.6868	0.0003712684426344195
0.6877	0.00036588166156144574
0.6886	0.00039481506014523327
0.6895	0.00038931688039764786
0.6904	0.00038864223828797645
0.6912999999999999	0.0003832299993906079
0.6921999999999999	0.0003779028415789001
0.6930999999999999	0.0003726595395537338
0.694	0.0003674988830145107
0.6949	0.0003624196765342256
0.6958	0.00035742073943283457
0.6967	0.0003525009056516333
0.6976	0.00035948825351892
0.6985	0.000354573417200347
0.6993999999999999	0.0003497363497176026
0.7002999999999999	0.0003449759153093076
0.7011999999999999	0.00034029099280372013
0.7021	0.00033568047503297713
0.703	0.00033114326886020965
0.7039	0.00032667829505199456
0.7048	0.0003222844881521253
0.7057	0.00031796079635529697
0.7066	0.0003137061813808112
0.7074999999999999	0.0003095196183468622
0.7083999999999999	0.00030540009564490427
0.7092999999999999	0.0003013466148143147
0.7101999999999999	0.00029735819041740283
0.7111	0.00029343384991471115
0.712	0.00028957263354064403
0.7129	0.0002857735941794319
0.7138	0.0002820357972414529
0.7147	0.00027835832053991767
0.7156	0.0002747402541679185
0.7164999999999999	0.00027118070037588564
0.7173999999999999	0.00026767877344941956
0.7182999999999999	0.00026423359958755344
0.7192	0.00026084431678143337
0.7201	0.00025751007469342307
0.721	0.00027552116660145207
0.7219	0.0002721050243887527
0.7228	0.0002687434209877385
0.7237	0.00026543553452334085
0.7245999999999999	0.00026218055421915797
0.7254999999999999	0.00025897768031307673
0.7263999999999999	0.00025582612394009637
0.7273	0.00025272510701607073
0.7282	0.0002496738621219571
0.7291	0.0002466716323884229
0.73	0.00024371767138118666
0.7309	0.0002408112429867943
0.7318	0.00023795162129895055
0.7326999999999999	0.00021050526997889814
0.7335999999999999	0.00023452395040398716
0.7344999999999999	0.0002466253626144395
0.7353999999999999	0.00024378281329612053
0.7363	0.00024098541901139523
0.7372	0.0002234049458361703
0.7381	0.00022081708948466178
0.739	0.00021827073039312525
0.7399	0.0002157652310287392
0.7408	0.0002132999628552591
0.7416999999999999	0.00021087430622823762
0.7425999999999999	0.00020848765029119845
0.7434999999999999	0.00020613939287224324
0.7444	0.00020382894038134164
0.7453	0.00020155570770828834
0.7462	0.00019931911812128973
0.7471	0.0001971186031662127
0.748	0.00019495360256649276
0.7489	0.00019282356412371547
0.7497999999999999	0.0001907279436188579
0.7506999999999999	0.00018866620471421301
0.7515999999999999	0.00018663781885599863
0.7525	0.00018464226517764137
0.7534	0.00018267903040376188
0.7543	0.00018074760875484843
0.7552	0.00017884750185262778
0.7561	0.00017697821862614434
0.757	0.00017513927521853716
0.7578999999999999	0.00017333019489453654
0.7587999999999999	0.00017934723422867463
0.7596999999999999	0.00017304011887385023
0.7605999999999999	0.00017127237955144145
0.7615	0.00016953310460994864
0.7624	0.00016782184680824485
0.7633	0.0001661381655062127
0.7642	0.00016448162657797872
0.7651	0.00016285180232590527
0.766	0.00016124827139519122
0.7668999999999999	0.00015967061868930453
0.7677999999999999	0.000158118435286094
0.7686999999999999	0.0001565913183546083
0.7696	0.00015508887107268623
0.7705	0.00015361070254525598
0.7714	0.00015215642772337893
0.7723	0.0001507256673240196
0.7732	0.00014931804775055938
0.7741	0.0001479332010140428
0.7749999999999999	0.0001465707646551637
0.7758999999999999	0.0001515848138782352
0.7767999999999999	0.0001502078848750091
0.7777	0.00015649836898719773
0.7786	0.00015509618362760392
0.7795	0.00015371628179562097
0.7804	0.00015235831025145924
0.7813	0.00015102192103339098
0.7822	0.00014970677138282425
0.7830999999999999	0.00014841252367009194
0.7839999999999999	0.00014713884532116273
0.7848999999999999	0.0001458854087449537
0.7857999999999999	0.00014465189126152425
0.7867	0.000143437975030991
0.7876	0.00014224334698314194
0.7885	0.00015292014999599863
0.7894	0.00015166778207480652
0.7903	0.0001504347802107677
0.7912	0.0001492208376224898
0.7920999999999999	0.0001480256520651934
0.7929999999999999	0.00014684892576390205
0.7938999999999999	0.00014131678376159463
0.7948	0.00014021918325380102
0.7957	0.00013913843196108034
0.7966	0.0001380742619538141
0.7975	0.0001370264092517275
0.7984	0.00013599461376539768
0.7993	0.00013497861923848702
0.8001999999999999	0.0001299524155462013
0.8010999999999999	0.00012900471740641064
0.8019999999999999	0.0001280714284519456
0.8029	0.0001271523182074063
0.8038	0.00012624715957589225
0.8047	0.00012535572878813648
0.8056	0.00012447780535227815
0.8065	0.00012361317200427498
0.8074	0.00012276161465894623
0.8082999999999999	0.00012192292236165154
0.8091999999999999	0.00012109688724059331
0.8100999999999999	0.00012028330445974889
0.8109999999999999	0.00011948197217242011
0.8119	0.00011869269147540381
0.8128	0.00011791526636377741
0.8137	0.00011714950368629574
0.8146	0.00011639521310139532
0.8155	0.00011565220703380393
0.8163999999999999	0.00011414906263711503
0.8172999999999999	0.00011341905506616722
0.8181999999999999	0.0001126997512136546
0.8190999999999999	0.00011199097549615967
0.82	0.00011129255486203642
0.8209	0.00018729686425527346
0.8218	0.00018645127684351734
0.8227	0.00018561677973702795
0.8236	0.0001847931911162131
0.8245	0.00018398033140335946
0.8253999999999999	0.00018317802328048443
0.8262999999999999	0.0001823860916669839
0.8271999999999999	0.00017756122809546506
0.8281	0.00017681523670732156
0.829	0.00017607868766230297
0.8299	0.0001753514217334332
0.8308	0.00017463328167328763
0.8317	0.00017392411218664644
0.8326	0.00017322375990368616
0.8334999999999999	0.00017253207335359214
0.8343999999999999	0.00017184890293862708
0.8352999999999999	0.00019386964696176584
0.8361999999999999	0.00019307493614509412
0.8371	0.0001922890688181153
0.838	0.0001915118926160192
0.8389	0.00019074325737256215
0.8398	0.00018998301462810432
0.8407	0.000189231017745524
0.8415999999999999	0.00018848712188548265
0.8424999999999999	0.00018775118398501605
0.8433999999999999	0.00018702306273558658
0.8442999999999999	0.0001863026185610685
0.8452	0.0002143957172894682
0.8461	0.00021354087926307808
0.847	0.00021269404565801562
0.8479	0.00021185507412926406
0.8488	0.0002110238244022446
0.8497	0.0002102001577706066
0.8505999999999999	0.00020938393723872144
0.8514999999999999	0.00020857502750110896
0.8523999999999999	0.00020777329492467262
0.8533	0.00020697860753048498
0.8542	0.00020619083497545545
0.8551	0.00020540984853499922
0.856	0.00020463552108559188
0.8569	0.00020386772708769256
0.8578	0.00020310634256900646
0.8586999999999999	0.00020235124510803587
0.8595999999999999	0.00019784153527256686
0.8604999999999999	0.00019711583127056617
0.8613999999999999	0.00019639581526696196
0.8623	0.00019568137576365596
0.8632	0.00019497240267223235
0.8641	0.00019426878730001218
0.865	0.00019357042233634375
0.8659	0.00019287720183914397
0.8667999999999999	0.00019218902122167494
0.8676999999999999	0.00019150577723955529
0.8685999999999999	0.00019082736797800283
0.8694999999999999	0.0001591747952996466
0.8704	0.00015864986721180111
0.8713	0.0001581286555807302
0.8722	0.0001576110731167181
0.8731	0.0001570970336703125
0.874	0.0001565864522219424
0.8749	0.0001560792448717472
0.8757999999999999	0.000155575328829598
0.8766999999999999	0.0001550746224053199
0.8775999999999999	0.00015144111410191562
0.8785	0.00015095820531647362
0.8794	0.0001504781299771685
0.8803	0.00014693106774030321
0.8812	0.00014646752592702524
0.8821	0.0001460064732429218
0.883	0.00014554784195246428
0.8838999999999999	0.0001450915652626702
0.8847999999999999	0.00014463757731579565
0.8856999999999999	0.00014418581318215507
0.8865999999999999	0.00014373620885307518
0.8875	0.00014328870123397506
0.8884	0.0001428432281375708
0.8893	0.00014239972827719978
0.8902	0.00014195814126026298
0.8911	0.00014151840758178252
0.8919999999999999	0.0001410804686180661
0.8928999999999999	0.00014064426662048255
0.8937999999999999	0.00014020974470934343
0.8946999999999999	0.00013977684686787797
0.8956	0.00015749074668877845
0.8965	0.00015693491069579293
0.8974	0.00015638108957210741
0.8983	0.0001558292268496195
0.8992	0.00015527926699145182
0.9001	0.00015473115538305288
0.9009999999999999	0.00015418483832632353
0.9018999999999999	0.00015364026303319372
0.9027999999999999	0.00015013118799782221
0.9037	0.00014959988451398814
0.9046	0.00014907010707700065
0.9055	0.00014480625999714592
0.9064	0.0001443059006127113
0.9073	0.00014095473456379853
0.9082	0.00014046611936939542
0.9090999999999999	0.00013997860678795785
0.9099999999999999	0.00013949215739022424
0.9108999999999999	0.0001390067325031652
0.9117999999999999	0.00013852229420491724
0.9127	0.00013803880531975828
0.9136	0.0001375562294131145
0.9145	0.0001370745307866076
0.9154	0.00013659367447312575
0.9163	0.0001333804927962944
0.9171999999999999	0.00013291005538730794
0.9180999999999999	0.00013244033117733745
0.9189999999999999	0.0001319712898409427
0.9198999999999999	0.000131502901727993
0.9208	0.00013103513785908544
0.9217	0.00013056796992097917
0.9226	0.00013010137026204702
0.9235	0.00012699924347141592
0.9244	0.00012654227670949
0.9252999999999999	0.00012608578410329394
0.9261999999999999	0.00014758251105981147
0.9270999999999999	0.00014698222029144035
0.9279999999999999	0.00014638279966929215
0.9289	0.00014578422727498178
0.9298	0.00014242425389837546
0.9307	0.0001418370556289338
0.9316	0.00014125063470058069
0.9325	0.00014066497307905847
0.9334	0.00014008005332248212
0.9342999999999999	0.00013354127806771763
0.9351999999999999	0.0001330040329344076
0.9360999999999999	0.0001324672736397779
0.9369999999999999	0.00013193098538534474
0.9379	0.00013139515392792493
0.9388	0.00013085976557485908
0.9397	0.00013032480717923103
0.9406	0.00012979026613508003
0.9415	0.00012925613037260858
0.9423999999999999	0.00012872238835337908
0.9432999999999999	0.00012818902906550547
0.9441999999999999	0.00012765604201883513
0.9450999999999999	0.00012712341724012362
0.946	0.00012659114526819887
0.9469	0.000126059217149117
0.9478	0.00012552762443130788
0.9487	0.0001249963591607111
0.9496	0.0001244654138759001
0.9504999999999999	0.00012393478160319945
0.9513999999999999	0.00012340445585178603
0.9522999999999999	0.0001228744306087834
0.9531999999999999	0.0001223447003343435
0.9541	0.00012181525995671639
0.955	0.00012128610486730893
0.9559	0.00012075723091573165
0.9568	0.00012022863440483532
0.9577	0.00011970031208573109
0.9586	0.00011917226115280568
0.9594999999999999	0.00015777699800878858
0.9603999999999999	0.0001570943352554065
0.9612999999999999	0.00015641169747498802
0.9621999999999999	0.00015572908830624633
0.9631	0.00015504651177961382
0.964	0.00015436397239453975
0.9649	0.00015101365691153138
0.9658	0.0001503421957064194
0.9667	0.00014967081666076058
0.9675999999999999	0.00014899952637059002
0.9684999999999999	0.0001483283318463849
0.9693999999999999	0.0001476572405072117
0.9702999999999999	0.0001469862601749186
0.9712	0.0001463153990682845
0.9721	0.00014564466579716
0.973	0.00014497406935659105
0.9739	0.0001443036191209336
0.9748	0.00014363332483795176
0.9756999999999999	0.0001429631966229041
0.9765999999999999	0.00014229324495261685
0.9774999999999999	0.00014162348065954982
0.9783999999999999	0.00014095391492584456
0.9793	0.00014028455927736795
0.9802	0.00013961542557774386
0.9811	0.0001389465260223743
0.982	0.0001382778731324544
0.9829	0.00013760947974897694
0.9838	0.00014245802155222028
0.9846999999999999	0.00014173942969621155
0.9855999999999999	0.00014102138734582657
0.9864999999999999	0.00014030390908641085
0.9873999999999999	0.00014555333107447017
0.9883	0.00014477994071479352
0.9892	0.0001440074652206458
0.9901	0.0001432359207059087
0.991	0.0001424653235363147
0.9919	0.00014169569032194694
0.9927999999999999	0.0001409270379109117
0.9936999999999999	0.000140159383382765
0.9945999999999999	0.00013939274404169692
0.9954999999999999	0.00013862713741013156
0.9964	0.00013786258122208125
0.9973	0.00013709909341654626
0.9982	0.00013633669213096637
0.9991	0.00013557539569466614
1.0	0.00013481522262232204
1.009	0.000125125824394987
1.018	0.00011584905263577342
1.027	0.00010886324815154395
1.036	0.0001270808891566224
1.045	0.00014766489602956341
1.054	0.0001431875779370925
1.063	0.00013363100842333144
1.072	0.00015507879419229494
1.081	0.00017752798400222518
1.09	0.0001576474539822127
1.099	0.00019932998376011863
1.108	0.00018303430938213555
1.117	0.00016772792665186112
1.126	0.00016360339694581054
1.135	0.00015210323131742797
1.144	0.00013776417256646564
1.153	0.00012461336948229142
1.162	0.00011260534078810878
1.171	0.00010067933838242705
1.18	9.613348429780943e-05
1.189	8.643734820289935e-05
1.198	7.295287255998072e-05
1.207	6.542194847264501e-05
1.216	5.921149850821587e-05
1.225	6.841716492620767e-05
1.234	4.550221633657221e-05
1.2429999999999999	4.068169561660229e-05
1.252	3.659605510107675e-05
1.261	3.316972929618845e-05
1.27	3.033450362382155e-05
1.279	2.802986745439616e-05
1.288	2.6203212363062332e-05
1.297	4.569727721787315e-05
1.306	4.3749812299139306e-05
1.315	4.2455479460134267e-05
1.3239999999999998	4.809262155004696e-05
1.333	6.807892256999132e-05
1.342	7.853285203629884e-05
1.351	7.843996075899371e-05
1.3599999999999999	7.770934199168729e-05
1.369	7.968042979375776e-05
1.378	8.460416038349941e-05
1.387	8.70938035638929e-05
1.396	9.043685846084353e-05
1.405	9.463651201121868e-05
1.414	9.970124482019382e-05
1.423	0.00010564316734641645
1.432	0.00010863242841321589
1.4409999999999998	0.00011581873642962183
1.45	0.00011943218895267827
1.459	0.0001279159696664896
1.468	0.00013726292591629812
1.4769999999999999	0.00014747920280345697
1.486	0.00016743297233252138
1.4949999999999999	0.00018039243153639435
1.504	0.00019427893978004733
1.513	0.0002090804224788303
1.5219999999999998	0.00023969612448417198
1.531	0.0002844146609357726
1.54	0.00028977574676299376
1.549	0.0002965002243956337
1.5579999999999998	0.0003173332395226482
1.567	0.000313613797714236
1.576	0.0003607128815811034
1.585	0.00038591358650396854
1.5939999999999999	0.0004119313648216631
1.603	0.0005083922726465157
1.612	0.0005360518790037395
1.621	0.0006463616070192891
1.63	0.0006762527924783415
1.6389999999999998	0.0007066270010166309
1.648	0.0007374377568204878
1.657	0.0010021497692931842
1.666	0.0010352159642967333
1.6749999999999998	0.0011292985837718158
1.684	0.0011636750027698849
1.693	0.00119800482290693
1.702	0.0012322895412103547
1.7109999999999999	0.0012665416993904908
1.72	0.0013007850296291904
1.729	0.0013350545046029072
1.738	0.001369396299131937
1.7469999999999999	0.0014038676735161173
1.7559999999999998	0.0015742128286156034
1.765	0.001610318840698294
1.774	0.0017941279464811796
1.783	0.001977586410148808
1.7919999999999998	0.0017428492461926755
1.801	0.0017778011367485013
1.81	0.0018135766228603218
1.819	0.0018503208460272805
1.8279999999999998	0.0018881862204566356
1.837	0.001927331963446773
1.846	0.002067545924784468
1.855	0.0022231028691530336
1.8639999999999999	0.0022650282939846206
1.8729999999999998	0.0026523484702191424
1.882	0.0026943965929175093
1.891	0.0027388530129890515
1.9	0.0030176480088648584
1.9089999999999998	0.003311392954230755
1.918	0.003597612745159732
1.927	0.0036496639945097667
1.936	0.0037055636600049516
1.9449999999999998	0.003765586382725149
1.954	0.003830005398391899
1.963	0.0038101724650653314
1.972	0.0038809409650441603
1.9809999999999999	0.003956665834317738
1.9899999999999998	0.004037599569102853
1.9989999999999999	0.004296274354687405
2.008	0.0043860387349965255
2.017	0.00455294655067864
2.026	0.004649039501708929
2.035	0.004751957870952062
2.0439999999999996	0.004861944581829686
2.053	0.004979234618137493
2.062	0.005104053968263764
2.0709999999999997	0.005236618453873994
2.08	0.005377132442845271
2.089	0.005525787452458691
2.098	0.005938782491600376
2.107	0.006102026743740873
2.1159999999999997	0.006530115863407283
2.125	0.007016277216657769
2.134	0.007202757067947067
2.143	0.007454638769634162
2.152	0.00751994877540469
2.1609999999999996	0.0077322924952274216
2.17	0.007759740237461874
2.179	0.007988757614039017
2.1879999999999997	0.008040219025138143
2.197	0.008283707272441716
2.206	0.008536748846710667
2.215	0.00879921379045674
2.224	0.009070935129042567
2.2329999999999997	0.00935170760248072
2.242	0.009641286583916532
2.251	0.009939387199223479
2.26	0.010690400813843188
2.269	0.010586130276386203
2.2779999999999996	0.010600251599147459
2.287	0.01138423187812484
2.296	0.012245777266685765
2.3049999999999997	0.012564072668940933
2.314	0.01236102901032044
2.323	0.012680393956309594
2.332	0.013004887277397237
2.341	0.013333901827556612
2.3499999999999996	0.013822082359628313
2.359	0.014140511747895773
2.368	0.013921937810296332
2.377	0.013828243100824538
2.386	0.014145873830607893
2.3949999999999996	0.01446342683537013
2.404	0.014353540271357181
2.413	0.014657834188862056
2.4219999999999997	0.014959921677855906
2.431	0.015792292298727067
2.44	0.015501338558508845
2.449	0.015777482963136007
2.458	0.01604941153318621
2.4669999999999996	0.016316441037789047
2.476	0.015815362478529642
2.485	0.01605755343484483
2.4939999999999998	0.016292785392599606
2.503	0.017025536425444767
2.5119999999999996	0.01724827547258314
2.521	0.017461553462989273
2.53	0.017638435461475168
2.5389999999999997	0.01780851242112597
2.548	0.017966360639554563
2.557	0.01762845531787808
2.566	0.017753619736623448
2.575	0.01786598232965033
2.5839999999999996	0.017531553805383602
2.593	0.018766824236507954
2.602	0.018820163628851538
2.6109999999999998	0.0188594487767766
2.62	0.018884728566188377
2.6289999999999996	0.01778484597324926
2.638	0.017781875951490667
2.647	0.017766280680257773
2.6559999999999997	0.017317519835795533
2.665	0.017402238542850643
2.674	0.017348741481409326
2.683	0.01728357969540967
2.692	0.016520920048143362
2.7009999999999996	0.016225512023007867
2.71	0.01611949506078358
2.719	0.016004807470961203
2.7279999999999998	0.015311222298752186
2.737	0.0155828680470626
2.7459999999999996	0.01524708155541935
2.755	0.014720781598766084
2.764	0.013503640714074554
2.7729999999999997	0.012858054173120885
2.782	0.012260230302947017
2.791	0.012106017779444653
2.8	0.011949381490668204
2.809	0.011343735484849215
2.8179999999999996	0.01118860056257601
2.827	0.010592300118457743
2.836	0.010444418783208018
2.8449999999999998	0.010296045166701838
2.854	0.010147442010612684
2.8629999999999995	0.009677077861172556
2.872	0.009760944018613679
2.881	0.009601251023295494
2.8899999999999997	0.00911186493759546
2.899	0.009054880300693726
2.908	0.00890478949344087
2.917	0.00847017510773222
2.926	0.008497699476005665
2.9349999999999996	0.008380884658514639
2.944	0.008482813426852144
2.953	0.008076395936504253
2.9619999999999997	0.007736783893372166
2.971	0.007615007787886572
2.9799999999999995	0.007622073988621531
2.989	0.007713635268988468
2.9979999999999998	0.007583730000757985
3.0069999999999997	0.007651257156231158
3.016	0.007216708350148695
3.025	0.0070926392640185765
3.034	0.006972244765211432
3.0429999999999997	0.006642000697105503
3.052	0.006267045401513647
3.061	0.00591600378090447
3.07	0.00572936261488382
3.0789999999999997	0.0054649166527459
3.0879999999999996	0.005167877118126054
3.097	0.005130308719088837
3.106	0.0048264344707749565
3.1149999999999998	0.004273308152931416
3.1239999999999997	0.004377642629528917
3.133	0.004313927310341656
3.142	0.0045273567546933275
3.151	0.004463966469994189
3.1599999999999997	0.004478868804378973
3.169	0.0044122417502317395
3.178	0.00419498947950969
3.187	0.004135418379008505
3.1959999999999997	0.0037869419262833576
3.2049999999999996	0.003414044740375536
3.214	0.003215466838025291
3.223	0.0031730450387138483
3.2319999999999998	0.0029355563238260907
3.2409999999999997	0.0029659568057650073
3.25	0.002928185449455757
3.259	0.002891089221822727
3.268	0.0029005007273354036
3.2769999999999997	0.0028564227595011997
3.286	0.0028130687848999924
3.295	0.0027703329953684464
3.304	0.002899973454338688
3.3129999999999997	0.002694549614683516
3.3219999999999996	0.0026901922225427734
3.331	0.0024977206532101775
3.34	0.00239881480468637
3.3489999999999998	0.0023556267674456955
3.3579999999999997	0.002422456739984741
3.367	0.00228415484236802
3.376	0.0023719293921176977
3.385	0.002317530966232204
3.3939999999999997	0.0025216863643366997
3.403	0.0024617115368088297
3.412	0.0023784020384709963
3.421	0.002290981330557158
3.4299999999999997	0.002235282011121444
3.4389999999999996	0.0021217671314672955
3.448	0.0020673241386541725
3.457	0.0019913066618257634
3.4659999999999997	0.00213558681687766
3.4749999999999996	0.0021694542469327884
3.484	0.0021589914930461016
3.493	0.0019890606857490907
3.502	0.0020077889188841146
3.5109999999999997	0.0019490866382255573
3.52	0.0018134038888383622
3.529	0.001822033662187436
3.538	0.0017642260311286622
3.5469999999999997	0.0016260718289907627
3.5559999999999996	0.0016865754629679212
3.565	0.0017166366687137607
3.574	0.0017776398565477007
3.5829999999999997	0.0018084842787907092
3.5919999999999996	0.0017434684467157386
3.601	0.0016809109049369067
3.61	0.0017279395786887804
3.6189999999999998	0.0016681647178871353
3.6279999999999997	0.0016777309762310124
3.637	0.0016047670444503512
3.646	0.0015334223312910564
3.655	0.0016211650413342838
3.6639999999999997	0.0015613746416322399
3.6729999999999996	0.001504415445187143
3.682	0.0016285682469284884
3.691	0.001537406280762461
3.6999999999999997	0.0014814640331889616
3.7089999999999996	0.0014858599526183594
3.718	0.0014301625306135173
3.727	0.0013774215064626285
3.7359999999999998	0.0013275650541307127
3.7449999999999997	0.0012461157426699584
3.754	0.0012011409631236612
3.763	0.0013148895218137386
3.772	0.0013380584172853712
3.7809999999999997	0.0012889801115879675
3.7899999999999996	0.0012431387650283956
3.799	0.0012004148586780077
3.808	0.0011434770138552942
3.8169999999999997	0.001200445205716483
3.8259999999999996	0.001163489784382081
3.835	0.0011220394882561502
3.844	0.001150086809271314
3.8529999999999998	0.0011476661949941422
3.8619999999999997	0.0011104716924211094
3.871	0.0010835939842061238
3.88	0.001008398283906045
3.889	0.0010336636128854357
3.8979999999999997	0.0010167568744705654
3.9069999999999996	0.0010021573168778877
3.916	0.001100323304093484
3.925	0.001085258414854075
3.9339999999999997	0.0012196397263532861
3.9429999999999996	0.0012077343992592045
3.952	0.0011268351793334293
3.961	0.0011220042947930194
3.9699999999999998	0.0011192768437223112
3.9789999999999996	0.0011185474066025684
3.988	0.0011042649877398907
3.997	0.0011038562500728967
4.006	0.0011967240553973698
4.015	0.0012020683191373616
4.023999999999999	0.0011295072353768299
4.0329999999999995	0.0011675625825757988
4.042	0.0012821101876018535
4.051	0.0012900906535329656
4.06	0.0012994148276067067
4.069	0.0012546379930549753
4.077999999999999	0.0012663842337852752
4.087	0.0012792626626748052
4.096	0.001293200942443596
4.105	0.0012845923909422115
4.114	0.0014590564127973367
4.122999999999999	0.0014721888952465086
4.132	0.0014857307050786246
4.141	0.001499622743281921
4.15	0.0015138087536618343
4.159	0.0015000096046050356
4.167999999999999	0.0015130311170235965
4.177	0.0015743234439955227
4.186	0.001587546551506645
4.195	0.0017230618328109668
4.204	0.0017391203043968378
4.212999999999999	0.0017555364356158043
4.2219999999999995	0.0017305228528588046
4.231	0.0017466539177311401
4.24	0.0017633797513010364
4.249	0.0017425371263797742
4.257999999999999	0.0016825545232914188
4.2669999999999995	0.0016987025276890692
4.276	0.0017153823299734538
4.285	0.001629533452834068
4.294	0.001750162218572003
4.303	0.0016342951557907156
4.311999999999999	0.0015865201437405055
4.321	0.0016708008751441796
4.33	0.0017488641109997564
4.339	0.0017629726910314795
4.348	0.0017781215880408228
4.356999999999999	0.0017942982822174468
4.366	0.001811490345486605
4.375	0.0017579930897794328
4.384	0.0016604349753197984
4.393	0.0016752880469634507
4.401999999999999	0.0016911313138419043
4.411	0.0017460662488090958
4.42	0.001757196640107493
4.429	0.0017105843122352505
4.438	0.0017835979221576413
4.446999999999999	0.0020523367214630426
4.4559999999999995	0.002067641302856203
4.465	0.0020323699373189738
4.474	0.0020516113435611583
4.483	0.002072471807726783
4.491999999999999	0.0020949296553372707
4.5009999999999994	0.0021646853321034723
4.51	0.00226619723620807
4.519	0.00251034668377148
4.528	0.0025267732949036006
4.537	0.0025166477537416966
4.545999999999999	0.002537124205395219
4.555	0.0025601506277916253
4.564	0.002585679463051646
4.5729999999999995	0.0026136591897959523
4.582	0.002594346163805655
4.590999999999999	0.0026239684929460516
4.6	0.0026559148436168774
4.609	0.002734900526223351
4.618	0.0027680572278784617
4.627	0.002803584282065523
4.635999999999999	0.002841397303867378
4.645	0.0028367614954923027
4.654	0.003099998423394868
4.663	0.0031346907990480012
4.672	0.0031717334355656343
4.680999999999999	0.0032110306532412442
4.6899999999999995	0.0033100501073868743
4.699	0.003395127163752633
4.708	0.0036496673205089723
4.717	0.0036874902253699374
4.725999999999999	0.0037274470370855326
4.734999999999999	0.003698032188365388
4.744	0.003683883764175385
4.753	0.0035965331248962186
4.762	0.0036456461805842106
4.771	0.0036962340179295164
4.779999999999999	0.0037481835070983524
4.789	0.0038013780688548196
4.798	0.0038182218615834727
4.8069999999999995	0.004089930524628108
4.816	0.004144598413486811
4.824999999999999	0.004200033758823823
4.834	0.0041529591053437575
4.843	0.004206760031231263
4.852	0.004133962438317767
4.861	0.004186858118922628
4.869999999999999	0.004279848930124429
4.879	0.004335185655604488
4.888	0.004466635863779487
4.897	0.004525118771239066
4.906	0.004583646611156362
4.914999999999999	0.004930086101979563
4.9239999999999995	0.004990328142643372
4.933	0.005050413899712918
4.942	0.005364485535074521
4.951	0.005584250960755179
4.959999999999999	0.005643195198401671
4.968999999999999	0.005770733341194142
4.978	0.00591586225095205
4.987	0.005721135730261364
4.9959999999999996	0.005923865440380497
5.005	0.006064401459466743
5.013999999999999	0.006118297302938037
5.023	0.006171690527758075
5.032	0.006080451730797677
5.0409999999999995	0.005974153439108126
5.05	0.006010518304154121
5.058999999999999	0.006064763985583331
5.068	0.006118323055110676
5.077	0.006171093150790401
5.085999999999999	0.006222975194282359
5.095	0.0062738737116094425
5.104	0.006269716845792784
5.1129999999999995	0.006313918127275822
5.122	0.006357044971093021
5.130999999999999	0.006399036655466888
5.14	0.006439836256736296
5.149	0.006479390758032834
5.1579999999999995	0.006517651144354401
5.167	0.006451197696509916
5.175999999999999	0.006234890845525961
5.185	0.006076626863934289
5.194	0.0063421439213094104
5.202999999999999	0.006377821253668143
5.212	0.0066394263479263495
5.221	0.006664697440422609
5.2299999999999995	0.006894116809726557
5.239	0.006601418550751328
5.247999999999999	0.006619959128787621
5.257	0.006636990792884456
5.266	0.0066525303013897875
5.2749999999999995	0.006666597730611146
5.284	0.007088543312436837
5.292999999999999	0.007094201109676375
5.302	0.007217167849818654
5.311	0.00714593707973869
5.319999999999999	0.00714271469682988
5.329	0.007138954824972011
5.338	0.0071346878624131745
5.3469999999999995	0.0072524478979424266
5.356	0.007511500816519009
5.364999999999999	0.007494591508558488
5.374	0.007478083505204836
5.383	0.0077770205729459614
5.3919999999999995	0.007755589402270578
5.401	0.0077922314107263515
5.409999999999999	0.0077195741087945505
5.419	0.007648288979771119
5.428	0.007335254379236656
5.436999999999999	0.007018091753595355
5.446	0.006990877628896024
5.455	0.006964064937067365
5.4639999999999995	0.006743422524170579
5.473	0.006719943638893632
5.481999999999999	0.006874990805413873
5.491	0.00684419598969539
5.5	0.006813925341931756
5.5089999999999995	0.006784178065251793
5.518	0.00675494832838764
5.526999999999999	0.006726225431921321
5.536	0.006697993988879508
5.545	0.006757681267497279
5.553999999999999	0.006531444155464526
5.563	0.006493797747528753
5.572	0.006530557645170972
5.5809999999999995	0.006495592888087933
5.59	0.006461251831137169
5.598999999999999	0.006073825022610838
5.608	0.006044135326739294
5.617	0.006014999142630569
5.6259999999999994	0.005986382913956627
5.635	0.005521434905041956
5.643999999999999	0.005496622438986305
5.653	0.005472154639835991
5.662	0.005447984803963422
5.670999999999999	0.0054240638845840135
5.68	0.0054003407724484455
5.689	0.0053767625820398636
5.6979999999999995	0.005353274942237386
5.707	0.005329822290921254
5.715999999999999	0.0049980902080346105
5.725	0.005050805142939871
5.734	0.005030065381382434
5.742999999999999	0.0051756318668991705
5.752	0.0049714085690369106
5.760999999999999	0.004953696341249993
5.77	0.004748359366758247
5.779	0.004595542249915577
5.787999999999999	0.004575835534729846
5.797	0.004678672438507732
5.806	0.0046536186424465335
5.8149999999999995	0.004824995887592811
5.824	0.004791668224349556
5.832999999999999	0.004920369255717561
5.842	0.0048763211414591225
5.851	0.0048324642624754345
5.859999999999999	0.004682794452880294
5.869	0.004640633631643373
5.877999999999999	0.004598623898553308
5.887	0.004851149934186799
5.896	0.0048029205339007635
5.904999999999999	0.004755057075249799
5.914	0.004823750925620172
5.923	0.00477619184804023
5.9319999999999995	0.0047289854804228185
5.941	0.0048132409371366165
5.949999999999999	0.004622775023673492
5.959	0.004438406238974498
5.968	0.004509751121876953
5.976999999999999	0.004309833778227684
5.986	0.004112490209710044
5.994999999999999	0.004064654289099447
6.004	0.004017568957791486
6.013	0.0038734096057416885
6.021999999999999	0.003828782798761838
6.031	0.003784852570336941
6.04	0.003602502051391752
6.0489999999999995	0.0035595045846366687
6.058	0.003517302143147863
6.066999999999999	0.00347587006032894
6.076	0.0034351837440301067
6.085	0.003370029238608864
6.093999999999999	0.0031184003108496276
6.103	0.003024603524560361
6.111999999999999	0.0029879707163767847
6.1209999999999996	0.00295196926222923
6.13	0.0029165931126229477
6.138999999999999	0.0026804249759315186
6.148	0.002810299845306543
6.157	0.00277372182041103
6.1659999999999995	0.002837725170357046
6.175	0.002931006737606605
6.183999999999999	0.0026998865754335665
6.193	0.0026690691154637653
6.202	0.0025473964731187477
6.210999999999999	0.002401820711353501
6.22	0.002348407757973238
6.228999999999999	0.0022776755956583268
6.2379999999999995	0.002327191353564333
6.247	0.00246953994169578
6.255999999999999	0.0024802802273209638
6.265	0.002326844724935361
6.274	0.002302128385358736
6.2829999999999995	0.002312641524042195
6.292	0.002376211465321458
6.300999999999999	0.0023564257716134503
6.31	0.0023601464895258305
6.319	0.002342509654077605
6.327999999999999	0.0023260067055385263
6.337	0.002310582051144271
6.345999999999999	0.002296180338115255
6.3549999999999995	0.0023363676930041495
6.364	0.002321904280909891
6.372999999999999	0.002379612173445986
6.382	0.0023139667392140504
6.391	0.002435369514765338
6.3999999999999995	0.0025334843591125807
6.409	0.002603464730004983
6.417999999999999	0.002871693123277116
6.427	0.0029366947983260005
6.436	0.0029112632375504913
6.444999999999999	0.0028871928738373985
6.454	0.0028644394696811432
6.462999999999999	0.0028444690006411374
6.4719999999999995	0.0029646264882136546
6.481	0.0029385943415825093
6.489999999999999	0.0029145841662632658
6.499	0.0030364732285064833
6.508	0.0030153093444954242
6.5169999999999995	0.0029803606232504136
6.526	0.002750042477897686
6.534999999999999	0.0026806846611710437
6.544	0.002464181013466563
6.553	0.0024510109592051884
6.561999999999999	0.002438993566171129
6.571	0.002428087939051455
6.579999999999999	0.0024976014505008197
6.5889999999999995	0.0024263262648836132
6.598	0.0025617218334989104
6.606999999999999	0.002550806596193513
6.616	0.002640163206582258
6.625	0.002497427255559132
6.6339999999999995	0.002565283956238978
6.643	0.002363214519923886
6.651999999999999	0.002356135152891324
6.661	0.002604779433020785
6.67	0.002488167245974945
6.678999999999999	0.002481481104691002
6.688	0.0024755519144619553
6.696999999999999	0.002503829705236929
6.7059999999999995	0.0026347099740004027
6.715	0.0027996783627772235
6.723999999999999	0.002780762318643199
6.733	0.0026223901215922728
6.742	0.002605810128620459
6.7509999999999994	0.002589799672443268
6.76	0.0025743642406008084
6.768999999999999	0.002581522108639742
6.778	0.0026751304620457783
6.787	0.0025069439933659977
6.795999999999999	0.0026259302045186102
6.805	0.0025707152072189264
6.813999999999999	0.002554775203549911
6.8229999999999995	0.002539722603455982
6.832	0.0023601176023342755
6.840999999999999	0.0023396904348784342
6.85	0.002327350948153873
6.859	0.0021703346711243383
6.867999999999999	0.002160318186663021
6.877	0.0020940101116916575
6.885999999999999	0.00208768727910665
6.895	0.0020127056267789057
6.904	0.0020080655643291687
6.912999999999999	0.002004237012522096
6.922	0.002129226684785719
6.930999999999999	0.002018621440384531
6.9399999999999995	0.0020151013150324065
6.949	0.002012462583951585
6.957999999999999	0.002010679670350992
6.967	0.001976740714788186
6.976	0.001942144381204445
6.984999999999999	0.0018651914651380585
6.994	0.001790731751720324
7.002999999999999	0.0017940655264906398
7.012	0.0017978671272135685
7.021	0.0016507225237290652
7.029999999999999	0.0016541821197626953
7.039	0.0016580642966995294
7.047999999999999	0.001662346351815523
7.0569999999999995	0.0016670059957563333
7.066	0.001580972092211161
7.074999999999999	0.0015860916319233014
7.084	0.001591456824091532
7.093	0.0015970455696805645
7.101999999999999	0.0016454923070002374
7.111	0.0016494366772872237
7.119999999999999	0.0016536529318903438
7.129	0.0016361036372259078
7.138	0.001640776796660161
7.146999999999999	0.0016884992278874366
7.156	0.001691525570823345
7.164999999999999	0.001694900757213374
7.1739999999999995	0.0015959090947362646
7.183	0.0015941633297066123
7.191999999999999	0.0016779476005805616
7.201	0.0016819939189313526
7.21	0.0016864858588857322
7.218999999999999	0.001691421857307396
7.228	0.0017790833791811672
7.236999999999999	0.001855522893647938
7.2459999999999996	0.0018604586997252007
7.255	0.0018661626663721727
7.263999999999999	0.001802014038738108
7.273	0.0018090557461437722
7.281999999999999	0.0018166021617794237
7.2909999999999995	0.0019112143019043078
7.3	0.0019161174238226846
7.308999999999999	0.0018497551268438653
7.318	0.001825683778623282
7.327	0.0018318476856684853
7.335999999999999	0.0019093167447595842
7.345	0.0019884724051291197
7.353999999999999	0.001992981569963555
7.3629999999999995	0.0019353811707184944
7.372	0.0019402540889543254
7.380999999999999	0.0019459426304576633
7.39	0.0019861023345703463
7.398999999999999	0.0019298825395665379
7.4079999999999995	0.002002829075025628
7.417	0.002008485224138059
7.425999999999999	0.0020149966994701314
7.435	0.00202233602239306
7.444	0.0020543529481683864
7.452999999999999	0.0020635612124915597
7.462	0.0021376336806447505
7.470999999999999	0.002239625308410146
7.4799999999999995	0.0023923172001046396
7.489	0.0024924904090969677
7.497999999999999	0.0025012342591725478
7.507	0.002417832291802889
7.515999999999999	0.002431611831547357
7.5249999999999995	0.0024468257265255066
7.534	0.0024633980954983084
7.542999999999999	0.0024812496851807264
7.552	0.0025963692883380018
7.561	0.002616111898506804
7.569999999999999	0.002739931883369129
7.579	0.0027606629908681142
7.587999999999999	0.002873056454728647
7.5969999999999995	0.003053564389184915
7.606	0.003328901219142616
7.614999999999999	0.0032355401503104944
7.624	0.0033941236741161286
7.632999999999999	0.0035183057018965277
7.6419999999999995	0.0035345451008650117
7.651	0.0036844065311412997
7.659999999999999	0.0037040595905192095
7.669	0.00363905046569865
7.678	0.003551856458262375
7.686999999999999	0.0034669545198242027
7.696	0.003480083200466749
7.704999999999999	0.003650604306481931
7.7139999999999995	0.0034163129088434167
7.723	0.002962439028223402
7.731999999999999	0.0029792566428301004
7.741	0.0029969394939887727
7.749999999999999	0.003015380196800456
7.7589999999999995	0.0030344697812651387
7.768	0.003054098001120895
7.776999999999999	0.0031812865833601676
7.786	0.0032009261623909906
7.795	0.0032208801059157425
7.803999999999999	0.0033615042135597363
7.813	0.0033808513775823714
7.821999999999999	0.003400275475513729
7.8309999999999995	0.0034196614808401915
7.84	0.003386296142148173
7.848999999999999	0.0034041512433671812
7.858	0.0035088932016494076
7.866999999999999	0.0035245553285806587
7.8759999999999994	0.003409640337734362
7.885	0.0034250165412245885
7.893999999999999	0.0035445936034768813
7.903	0.003558261809750102
7.911999999999999	0.003571266173727977
7.920999999999999	0.0037779200201925036
7.93	0.00378387542546851
7.938999999999999	0.0037889030008614283
7.9479999999999995	0.003792952221549751
7.957	0.0037959777196649785
7.965999999999999	0.003952118185823352
7.975	0.004072031300246865
7.983999999999999	0.003735528215529554
7.992999999999999	0.003729237501549788
8.001999999999999	0.0037223827800016065
8.011	0.0037149555035391087
8.02	0.0037142727061592403
8.029	0.003523308722843318
8.038	0.003509733588242648
8.047	0.003567378873185439
8.056	0.0035494396014752803
8.065	0.0039177276878972055
8.074	0.0038969834012356265
8.082999999999998	0.0036975744339844113
8.091999999999999	0.0036789515479344983
8.100999999999999	0.003660514684963722
8.11	0.0037626313517662917
8.119	0.00363351597105215
8.128	0.003595506262288814
8.137	0.0037498899014254705
8.145999999999999	0.003722627709210264
8.155	0.0037941051073724554
8.164	0.0037096673710480445
8.172999999999998	0.003408256646662161
8.181999999999999	0.003244416436298045
8.190999999999999	0.003174392123865724
8.2	0.003151927191553303
8.209	0.003210872916114745
8.218	0.0031925257121081787
8.227	0.003175415406091263
8.236	0.0031200108432692542
8.245	0.002961019199233522
8.254	0.002946175470590419
8.262999999999998	0.002932554223762683
8.271999999999998	0.0029101142551042325
8.280999999999999	0.0029775253514170677
8.29	0.0029616672496065514
8.299	0.0029466393920659023
8.308	0.002932421649525397
8.317	0.002976456499638025
8.326	0.0029615135057830286
8.334999999999999	0.0029472996532284345
8.344	0.0029337963535007606
8.353	0.002920983514706375
8.361999999999998	0.0029088396778508244
8.370999999999999	0.002813592201508818
8.379999999999999	0.002778733516949117
8.389	0.002770297317932491
8.398	0.0029702151573749065
8.407	0.003127717118511082
8.416	0.0032972979886626273
8.425	0.0031644846153624827
8.434	0.0031897673246337127
8.443	0.0032598278328260003
8.451999999999998	0.0033391532954014187
8.460999999999999	0.0029986230401738262
8.469999999999999	0.0029850381857560275
8.479	0.0029476928413087757
8.488	0.003095315754358721
8.497	0.0030763346079584254
8.506	0.00321446698320821
8.515	0.003049472102291747
8.524	0.0031510915114787968
8.533	0.0035615595807502822
8.542	0.0036111937717630484
8.550999999999998	0.0035992639484493556
8.559999999999999	0.0035892014410656183
8.568999999999999	0.003580914304142848
8.578	0.0035743086821078867
8.587	0.0037132715644487553
8.596	0.003707289659612763
8.605	0.003883743070955534
8.613999999999999	0.003944145192118678
8.623	0.003772322268960457
8.632	0.003768352021716626
8.640999999999998	0.0037658049383277313
8.649999999999999	0.003656449152641243
8.658999999999999	0.0036291997776992132
8.668	0.0033364449970114713
8.677	0.0033161965838330713
8.686	0.003325541694590527
8.695	0.0033355397068713395
8.704	0.0032454692112477814
8.713	0.003251875630435492
8.722	0.0032586455988994367
8.730999999999998	0.003265683502596424
8.739999999999998	0.003404939938077301
8.748999999999999	0.003410842914215987
8.758	0.0033361934453095135
8.767	0.003340817007474155
8.776	0.003440025050423834
8.785	0.0032178684991160758
8.794	0.003217954886170242
8.802999999999999	0.0030967434396948113
8.812	0.0032281583146327162
8.821	0.0032251815835416192
8.829999999999998	0.003308746004453384
8.838999999999999	0.003303677450032875
8.847999999999999	0.003188414924568548
8.857	0.0031847713283723635
8.866	0.0033959687551719914
8.875	0.0033901021211042927
8.884	0.0033099704923194653
8.893	0.003303719196458402
8.902	0.0032965839648216267
8.911	0.003288567364053039
8.919999999999998	0.003210344227510322
8.928999999999998	0.003202572650307271
8.937999999999999	0.0031963689754185847
8.947	0.0031874959551372963
8.956	0.003177824992293477
8.965	0.003262211289378554
8.974	0.003130776733021685
8.983	0.0031213228744862266
8.991999999999999	0.003211869708485158
9.001	0.0031991628659838456
9.01	0.00328180290161532
9.019	0.003262673815735386
9.027999999999999	0.0032234893116198414
9.036999999999999	0.003204641902860597
9.046	0.0031857835862359276
9.055	0.003216140281436422
9.064	0.0030924397310922516
9.072999999999999	0.0030751127594521735
9.081999999999999	0.0030581433923068196
9.091	0.003191097555061491
9.1	0.0032536085756788777
9.109	0.0032316656825686738
9.117999999999999	0.003210426593246422
9.126999999999999	0.003189907003777098
9.136	0.0032131640596962524
9.145	0.003193452643212045
9.154	0.0031472690502249807
9.163	0.0031287087728881008
9.171999999999999	0.002881716970790964
9.181	0.0027244628023137736
9.19	0.00270728238978259
9.199	0.0026908402251543152
9.208	0.002675130615388821
9.216999999999999	0.002508015376503826
9.225999999999999	0.0025998503739775567
9.235	0.0025877777136730437
9.244	0.0026888035079102083
9.253	0.002677531308598667
9.261999999999999	0.0026669839400813703
9.270999999999999	0.0028749792456553374
9.28	0.002864470339729975
9.289	0.0028551150889110258
9.298	0.002846869780766946
9.306999999999999	0.002909078224223085
9.315999999999999	0.0028991391479385458
9.325	0.002828318807317176
9.334	0.002824027227332133
9.343	0.0029418849535265143
9.351999999999999	0.002794623080077668
9.360999999999999	0.0027920484022986164
9.37	0.002857517936768332
9.379	0.002857515612807864
9.388	0.002857983773281021
9.397	0.002858862829705104
9.405999999999999	0.0028600929039826247
9.415	0.0028616140517547526
9.424	0.002708697267147037
9.433	0.0027110210668279447
9.442	0.002757041226637611
9.450999999999999	0.002760349872685004
9.459999999999999	0.0027639270724716036
9.469	0.0025534206726559048
9.478	0.002556363372793233
9.487	0.002559432921483709
9.495999999999999	0.0026265602828616725
9.504999999999999	0.0027180177271096903
9.514	0.002828191866142697
9.523	0.002671772025048067
9.532	0.0026755385250576682
9.540999999999999	0.002652658070778617
9.549999999999999	0.002778759482636153
9.559	0.0027802691530720213
9.568	0.0027820015990808614
9.577	0.002783891158960555
9.585999999999999	0.0027444302776820006
9.594999999999999	0.002747196322588379
9.604	0.0025232362003130655
9.613	0.002462975664471845
9.622	0.0025669912383253137
9.631	0.0026647021046432586
9.639999999999999	0.002574733241438179
9.649	0.002675072495309621
9.658	0.0026747136524538965
9.667	0.0027277302931788296
9.676	0.00294769861480208
9.684999999999999	0.002784300997591068
9.693999999999999	0.0028466143013959736
9.703	0.003019731304753108
9.712	0.0030115299573604255
9.721	0.0028109131293722308
9.729999999999999	0.0028052740132283823
9.738999999999999	0.0027999090468864814
9.748	0.0027947864276960735
9.757	0.0027898759869218774
9.766	0.002785149276128053
9.774999999999999	0.0027805796056750987
9.783999999999999	0.0024572248908472597
9.793	0.002452048809498057
9.802	0.0024469189429425172
9.811	0.0024418329477131646
9.819999999999999	0.0025342298593473457
9.828999999999999	0.002730135388112366
9.838	0.0027211239752286324
9.847	0.002471149841602797
9.856	0.002424816376609027
9.865	0.0024123053262039913
9.873999999999999	0.002400130144246193
9.883	0.002471701113556373
9.892	0.002459065786861241
9.901	0.0023657809501611096
9.91	0.0024837054569988946
9.918999999999999	0.002596129811955769
9.927999999999999	0.0024231182375586313
9.937	0.002536995051141781
9.946	0.002400912826132763
9.955	0.0024379905505747565
9.963999999999999	0.002532187594001069
9.972999999999999	0.002263760319885747
9.982	0.0021584680022166724
9.991	0.002296017692561015
10.0	0.002286528527643222
10.09	0.002378643112340091
10.18	0.002207623827833977
10.27	0.002370551172127614
10.36	0.0025599728709724615
10.45	0.002912163355575928
10.54	0.0030539830039342107
10.63	0.003026013127511278
10.72	0.0033208683634596693
10.81	0.003028381575232002
10.9	0.0032127891678819043
10.99	0.0033753359735031034
11.08	0.0029934598316724804
11.17	0.0034339473475132622
11.26	0.003457859506754699
11.35	0.0035336342121702296
11.44	0.0037739347849619184
11.53	0.0037987552573651205
11.62	0.0033209243865526695
11.71	0.003494735699488394
11.8	0.0037181049528614753
11.89	0.003974883793611688
11.98	0.004128548875518243
12.07	0.004125533781443152
12.16	0.004280317509420034
12.25	0.004665632816770301
12.34	0.0048958481306150695
12.43	0.0044127908539763365
12.52	0.004541452086804547
12.61	0.004337132435492827
12.7	0.0040770532453266554
12.79	0.003147147348321502
12.879999999999999	0.0028825829898580933
12.969999999999999	0.0027795903114383558
13.06	0.0029995764025859697
13.15	0.0028117589145686787
13.24	0.0029396641104385505
13.33	0.0029515011394358683
13.42	0.003142058352546414
13.51	0.0034028569302390504
13.6	0.0035529972441174845
13.69	0.003823382736228429
13.78	0.0040818431483468165
13.87	0.004437393453189233
13.96	0.004182910935522592
14.05	0.0042958960343846666
14.14	0.004456703539430114
14.23	0.004665297720145825
14.32	0.004528523340824765
14.41	0.0041301775400326805
14.5	0.003869895426669846
14.59	0.003278030302833067
14.68	0.003482503044384665
14.77	0.0034049050040152198
14.86	0.003421627319604501
14.95	0.0035896105891996787
15.04	0.0033387661394658663
15.129999999999999	0.0030310909063313136
15.219999999999999	0.0026206233756170152
15.309999999999999	0.0027516135215585992
15.399999999999999	0.002579807482860324
15.49	0.002212656345715231
15.58	0.002348786262353326
15.67	0.0026963271045984585
15.76	0.0028862507710706864
15.85	0.0029284274843371697
15.94	0.0037330720491876575
16.03	0.0039928543738868205
16.12	0.004309542056280027
16.21	0.004344555276597529
16.3	0.004458872610221283
16.39	0.004131183064296977
16.48	0.003982460307053715
16.57	0.003479239018478632
16.66	0.003642875098484788
16.75	0.0034203106164498193
16.84	0.003345992831428405
16.93	0.003282979824200247
17.02	0.0038194855632749346
17.11	0.0044624277683491176
17.2	0.0045614626621659545
17.29	0.0044332725971080005
17.38	0.0036326267890041657
17.47	0.0036992663010626055
17.56	0.0031617344529136404
17.65	0.0028390325298073174
17.74	0.003123133742109173
17.83	0.0028637887445395038
17.92	0.002649667497601164
18.009999999999998	0.002980241748896598
18.1	0.003519802178639128
18.189999999999998	0.003838216653745541
18.28	0.004236773812618604
18.369999999999997	0.004208274164369321
18.46	0.0035044360914305607
18.549999999999997	0.0034971834451136634
18.64	0.003678274888035252
18.73	0.0032339614155404016
18.82	0.0031510907560761145
18.91	0.003307740337237518
19.0	0.0033695234128846676
19.09	0.00336447719219163
19.18	0.0030731574371153933
19.27	0.003202235430258235
19.36	0.0032439071224858993
19.45	0.003368869754457497
19.54	0.002747594379022335
19.63	0.0024507142705180148
19.72	0.002704955189162586
19.810000000000002	0.0038710620613556413
19.9	0.0033580617666155283
19.990000000000002	0.0036418478655428155
20.08	0.004213653109601549
20.17	0.004223453550299202
20.259999999999998	0.004013674247401741
20.35	0.0033314223273741045
20.439999999999998	0.0031577616397043735
20.53	0.0025923956844091244
20.619999999999997	0.0026978126572436006
20.71	0.0025842290305806517
20.799999999999997	0.0029047517000956075
20.89	0.002981377804521562
20.98	0.002922906625690193
21.07	0.003335016029975686
21.16	0.003402662979876007
21.25	0.003413943474792396
21.34	0.003244868779173092
21.43	0.00375622342710983
21.52	0.003956651063749171
21.61	0.00309931780153993
21.7	0.0028736431160084745
21.79	0.0028822628145486052
21.88	0.002509108604770332
21.97	0.0028316394384310674
22.06	0.002480430352315726
22.15	0.0028978564468464287
22.240000000000002	0.0026470225761184097
22.33	0.002558589145644442
22.42	0.0030028055840019305
22.509999999999998	0.002806099658344775
22.6	0.0032292795365972166
22.689999999999998	0.0034597414591453187
22.78	0.003845266220222199
22.869999999999997	0.0032246422171604795
22.96	0.0030544060253126
23.049999999999997	0.0027135240181344077
23.14	0.0028621322821757718
23.229999999999997	0.002080143611144816
23.32	0.0023942021833069367
23.41	0.00253237013060223
23.5	0.0025595740156503957
23.59	0.0029984928170443234
23.68	0.0032026550354437634
23.77	0.002955981360556403
23.86	0.003335737357947754
23.95	0.003329897087232276
24.04	0.0036746183075854456
24.13	0.003227000135049727
24.22	0.0032514623549676704
24.31	0.0033531011626267678
24.4	0.003056449666465216
24.490000000000002	0.0035631140611705804
24.58	0.003791592528318701
24.67	0.00367938951962359
24.759999999999998	0.0030068549504655446
24.85	0.002852729096313346
24.939999999999998	0.00306011341791419
25.03	0.0028037890395907917
25.119999999999997	0.003043278451966667
25.21	0.002884144939525171
25.299999999999997	0.002936244877993471
25.39	0.003345954784341673
25.479999999999997	0.003856789056889122
25.57	0.004095111297570236
25.66	0.0035588799083515737
25.75	0.003950138253320896
25.84	0.003699634469814848
25.93	0.003975521112770861
26.02	0.003907870116985063
26.11	0.004317504694276173
26.2	0.0038243145865208285
26.29	0.003716508428376039
26.38	0.00405574032606248
26.47	0.003920806818600317
26.56	0.0042200044172474
26.65	0.004946395403719932
26.74	0.004820740505432323
26.83	0.004540598660371621
26.919999999999998	0.004779788584509467
27.009999999999998	0.00444991867521632
27.099999999999998	0.003954145869445119
27.189999999999998	0.003755837699517676
27.28	0.003896934035218995
27.37	0.0032413086021460306
27.46	0.0030043704335101823
27.55	0.0030415511584213906
27.64	0.0027703747683028037
27.73	0.002881594566992266
27.82	0.002584401223989606
27.91	0.002779144438535056
28.0	0.0033783847959222794
28.09	0.003317874667423937
28.18	0.0034282753281171135
28.27	0.003457377307232138
28.36	0.0034930346740889655
28.45	0.003952432022364341
28.54	0.003692577800449176
28.63	0.003584865642546006
28.72	0.003784089064163093
28.81	0.00346035411207876
28.9	0.0036723810056352273
28.99	0.0039378855344962245
29.08	0.004135186944406749
29.169999999999998	0.003983263045836846
29.259999999999998	0.0035768565478169114
29.349999999999998	0.003682430254717263
29.439999999999998	0.0038536602171653236
29.529999999999998	0.003985063608113231
29.62	0.00407347548056757
29.71	0.003662463183802086
29.8	0.0037707697976293525
29.89	0.003655151435428544
29.98	0.003377984568697727
30.07	0.003352754377567804
30.16	0.0038717575281548237
30.25	0.0038626756879824456
30.34	0.004156366902101639
30.43	0.003956221061680181
30.52	0.003510491107474421
30.61	0.003011932126723335
30.7	0.002516308967065923
30.79	0.0025811785260544413
30.88	0.0031833340477426335
30.97	0.003206453275586647
31.06	0.002866405009933005
31.15	0.0028679293432740294
31.24	0.002487782639874567
31.33	0.0031168908363427773
31.419999999999998	0.0029705325717559335
31.509999999999998	0.003609372520180358
31.599999999999998	0.004082680547517425
31.689999999999998	0.0035866342888500663
31.779999999999998	0.0036809925163425175
31.869999999999997	0.003862976735628754
31.96	0.0035251422760490163
32.05	0.003179580714953787
32.14	0.0030618608618247787
32.230000000000004	0.0031955309265262505
32.32	0.002732664729288137
32.41	0.0025470735198873462
32.5	0.0028391147313523153
32.59	0.002921988732149997
32.68	0.0031462280455163104
32.769999999999996	0.0032808615911696973
32.86	0.0033149980428773345
32.95	0.0032150116059304194
33.04	0.0026433292127530316
33.129999999999995	0.0025214089016417623
33.22	0.0026144802312057726
33.31	0.0022090811636997615
33.4	0.0023441018730645325
33.489999999999995	0.0023577636046896357
33.58	0.0026601670935860046
33.67	0.0026501082761966333
33.76	0.003263591069048638
33.849999999999994	0.003822490863625118
33.94	0.004342117124957312
34.03	0.004168136913034937
34.12	0.0038514210631550028
34.21	0.003955381169067099
34.3	0.0037251735177465557
34.39	0.0038092843822968374
34.480000000000004	0.003978433066174732
34.57	0.003642304319767354
34.66	0.00387929838683564
34.75	0.003999144637644628
34.84	0.0037562428595087627
34.93	0.003828101472667527
35.019999999999996	0.0040693909238375394
35.11	0.0039417474045028355
35.2	0.0035210466962355695
35.29	0.0033255286518725675
35.379999999999995	0.003370370574706241
35.47	0.0032645086557637534
35.56	0.002870442499224441
35.65	0.0026583617457985654
35.739999999999995	0.002861050237998245
35.83	0.0028148750772460642
35.92	0.0030970886547299703
36.01	0.002658661019409877
36.099999999999994	0.0026839622113015416
36.19	0.002852284043748009
36.28	0.0025244668625879875
36.37	0.0026614255145500044
36.459999999999994	0.0024732700643921397
36.55	0.003286614843006059
36.64	0.0032628713716608537
36.730000000000004	0.0033199486461923905
36.82	0.0030211495776365227
36.91	0.002908615390920607
37.0	0.002920880040503697
37.09	0.002400308391726796
37.18	0.0023952751799002883
37.269999999999996	0.0024134662950354136
37.36	0.0027165446173909673
37.45	0.0028047117334827317
37.54	0.002805455261357897
37.629999999999995	0.0030051880417469416
37.72	0.0031443248826621534
37.81	0.0029615505514405294
37.9	0.0028798739935841605
37.989999999999995	0.0025292662671399964
38.08	0.002224996694441184
38.17	0.0020747183597271774
38.26	0.00198117613423053
38.349999999999994	0.0018627660511238119
38.44	0.0020815738417033895
38.53	0.0029276231737261045
38.62	0.0029143940388619855
38.709999999999994	0.0031392361923125098
38.8	0.0031825301775252443
38.89	0.0038466499993779052
38.980000000000004	0.0038204461207610252
39.07	0.003906248558877867
39.16	0.0037392784075796328
39.25	0.003515554652133412
39.34	0.003226006282573053
39.43	0.003189624869500719
39.519999999999996	0.0033476752020822095
39.61	0.0037758702591399657
39.7	0.0037813342136954558
39.79	0.003600349973815342
39.879999999999995	0.003740295882948553
39.97	0.0036715725178923576
40.06	0.003394246331283432
40.15	0.0031023960046770646
40.239999999999995	0.002490585974899389
40.33	0.0021855486857627108
40.42	0.0027420529494150015
40.51	0.003040605699113819
40.599999999999994	0.00397239364471242
40.69	0.004093900698584091
40.78	0.004151750056867304
40.87	0.0039831819093795184
40.959999999999994	0.003834313975331124
41.05	0.0036547310540802924
41.14	0.0035290054123377997
41.230000000000004	0.0035283942780129267
41.32	0.003560143311786203
41.41	0.0029785088803757865
41.5	0.003248234085475246
41.59	0.003737959942264108
41.68	0.003621826799574383
41.769999999999996	0.003618524204301719
41.86	0.00390659999366489
41.95	0.0037482170384410965
42.04	0.0038962550106195135
42.129999999999995	0.00353105266004652
42.22	0.003505034621843477
42.31	0.0034717182051937283
42.4	0.0030826491670677856
42.49	0.003242713488514026
42.58	0.0031761453149508987
42.67	0.003050086963577183
42.76	0.0027226909243326467
42.85	0.002875897700325466
42.94	0.003146456153331153
43.03	0.0030623372785971185
43.12	0.0024239940984647074
43.21	0.002379908845413953
43.3	0.0026478981619311405
43.39	0.0029771707793363046
43.48	0.00307644203122937
43.57	0.003339216825212554
43.66	0.0038047678768854793
43.75	0.004055433988681211
43.839999999999996	0.004234718233417592
43.93	0.004368049474491593
44.019999999999996	0.004375333996180771
44.11	0.004132656870135704
44.199999999999996	0.004299748983160076
44.29	0.004754863666069153
44.379999999999995	0.004777872681821737
44.47	0.004575040729862689
44.56	0.00465265789649786
44.65	0.004728635423305816
44.74	0.004439779601069251
44.83	0.0044227807730318845
44.92	0.004470007726941755
45.01	0.0046263461381778025
45.1	0.0037652902414705967
45.19	0.0038572598865423344
45.28	0.003572637955723902
45.37	0.0034105131587059937
45.46	0.0031861086533234
45.55	0.0026051202954899843
45.64	0.0026702333487195005
45.73	0.00275153619207129
45.82	0.0026454828375661573
45.91	0.0027405484485772754
46.0	0.002939581360507361
46.089999999999996	0.0036283606242865363
46.18	0.0033621595865588084
46.269999999999996	0.002975421581706734
46.36	0.0028358272251404228
46.449999999999996	0.0036719463438380172
46.54	0.0031222843472827676
46.629999999999995	0.0031954415260323247
46.72	0.0033955559244411215
46.809999999999995	0.0030806206361462534
46.9	0.003269269085437934
46.99	0.003271932619932677
47.08	0.003511095648373698
47.17	0.003162387452800792
47.26	0.0031858234687587063
47.35	0.002878981115476955
47.44	0.0027627151457041443
47.53	0.002517250570513545
47.62	0.0019894994484075043
47.71	0.0022181481293283554
47.8	0.002200589175060259
47.89	0.0025158092715427266
47.98	0.0026319808725129273
48.07	0.002816917957809405
48.16	0.0027163621372883703
48.25	0.002916379525857258
48.339999999999996	0.00318538199066425
48.43	0.0031552439908920453
48.519999999999996	0.0032924847153438437
48.61	0.0034137547583843416
48.699999999999996	0.0030527869398232145
48.79	0.0029172463672711207
48.879999999999995	0.0025974720372269667
48.97	0.002955018795196964
49.059999999999995	0.0030931420456139524
49.15	0.0032983513352133277
49.24	0.0036515816525479286
49.33	0.0036212916985120403
49.42	0.004205440393110734
49.51	0.004104836131690682
49.6	0.0036392785975349114
49.69	0.003631038208268248
49.78	0.0036877945681255847
49.87	0.003615269595267191
49.96	0.0033462047756557074
50.05	0.0032644894851328056
50.14	0.003579727687588177
50.23	0.0040571094125893305
50.32	0.0045279489549117265
50.41	0.004939577776599486
50.5	0.004076467732555366
50.589999999999996	0.0038139890669178817
50.68	0.003544622441603736
50.769999999999996	0.003381656256761546
50.86	0.003128260964846905
50.949999999999996	0.0028885603663989924
51.04	0.0025729523025155455
51.129999999999995	0.0026790429810996455
51.22	0.002771141052638897
51.309999999999995	0.0032929743809285137
51.4	0.0033725618256799823
51.49	0.002762006531136638
51.58	0.0030602588155037927
51.67	0.0030118527885216835
51.76	0.002941716452724899
51.85	0.0027652235264939437
51.94	0.0026307393844811834
52.03	0.0026154645432072856
52.12	0.003235368068842261
52.21	0.003085372686740789
52.3	0.0028878517667903416
52.39	0.0027635378621537693
52.48	0.002732238113350489
52.57	0.0029857813274337774
52.66	0.0029682909564654122
52.75	0.0027169129849567092
52.839999999999996	0.002956977585560077
52.93	0.002632368942552721
53.019999999999996	0.0027256986981803876
53.11	0.002842531927811453
53.199999999999996	0.0026022657771015015
53.29	0.0028191447541413865
53.379999999999995	0.002917454036784491
53.47	0.0027435142887199753
53.559999999999995	0.0029134135090552126
53.65	0.002601599536907637
53.739999999999995	0.002437078016147718
53.83	0.002716024526485326
53.92	0.0025365272513198016
54.01	0.0024377863067957637
54.1	0.0028657671013701358
54.19	0.002872773585894741
54.28	0.002884095943363486
54.37	0.0031849355207767146
54.46	0.0025444963447482038
54.55	0.0029532059327160125
54.64	0.0029600059512348655
54.73	0.0030872202939951623
54.82	0.0032148500055330714
54.91	0.0026962480322729825
55.0	0.0024628584019563736
55.089999999999996	0.002337681005457865
55.18	0.0024165752480643935
55.269999999999996	0.002417683098119413
55.36	0.0026599402667424723
55.449999999999996	0.002301856290151553
55.54	0.0028174848519199277
55.629999999999995	0.002619709534163653
55.72	0.002625654765940393
55.809999999999995	0.0024067133357448195
55.9	0.0028653621372213165
55.989999999999995	0.0031204170337490035
56.08	0.003244998901183711
56.17	0.0039054752287169007
56.26	0.004465531972639738
56.35	0.003974612593604437
56.44	0.004011819151036977
56.53	0.003711593442839469
56.62	0.0034550775896207728
56.71	0.0034066031588949747
56.8	0.0033939159493407583
56.89	0.0033586392240893253
56.98	0.002419467942422061
57.07	0.0025252663604514148
57.16	0.00261970966620159
57.25	0.002835572253144982
57.339999999999996	0.0024732884137951207
57.43	0.0026383690172779957
57.519999999999996	0.0027159578434106874
57.61	0.0027169026685461566
57.699999999999996	0.0027880637268242123
57.79	0.0026896979223637284
57.879999999999995	0.0028027917523413327
57.97	0.002088081174399617
58.059999999999995	0.002211453343038587
58.15	0.00185202630739977
58.239999999999995	0.0016908023314507116
58.33	0.0018547667216384043
58.42	0.0024249981601391062
58.51	0.002691013633233102
58.6	0.003008665201073389
58.69	0.0031715795435227965
58.78	0.003444258631000471
58.87	0.0031571680675409348
58.96	0.0033053299836792605
59.05	0.00300975656932174
59.14	0.003111033014629691
59.23	0.003806504383346842
59.32	0.003309996803842953
59.41	0.003753982280595019
59.5	0.003912715807862848
59.589999999999996	0.0037559335959529067
59.68	0.0038129222271556275
59.769999999999996	0.0036968868929374826
59.86	0.0032921877812072623
59.949999999999996	0.0030846469340175472
60.04	0.002756831180534611
60.129999999999995	0.003072878544948333
60.22	0.003214710659551053
60.309999999999995	0.0031456518554812585
60.4	0.003302404576930069
60.489999999999995	0.0034871252759777344
60.58	0.0031908492452535375
60.669999999999995	0.002848575246314298
60.76	0.002929665566783313
60.85	0.003059881315649875
60.94	0.002971783730134715
61.03	0.0025501487697307834
61.12	0.0026859905080661656
61.21	0.0033682146975059462
61.3	0.003402402490386494
61.39	0.0033673655919442703
61.48	0.003540372783006152
61.57	0.003765815788661793
61.66	0.003769489322877772
61.75	0.003888227004514962
61.839999999999996	0.004094517394220538
61.93	0.004386613546923597
62.019999999999996	0.0035564048840150035
62.11	0.0031255299077927925
62.199999999999996	0.003303453119124785
62.29	0.003357714156301096
62.379999999999995	0.003542817048341639
62.47	0.00348411156506826
62.559999999999995	0.003244838723972141
62.65	0.0036722463914177278
62.739999999999995	0.004159479339162731
62.83	0.004061951095607213
62.919999999999995	0.0042020559265149625
63.01	0.004082268198107748
63.1	0.00401022587786269
63.19	0.0036593073721051454
63.28	0.0034352061816059582
63.37	0.0034750923404152046
63.46	0.003750169240527765
63.55	0.0029147458961586957
63.64	0.003119388709187869
63.73	0.0033587095489243245
63.82	0.0038128171776846127
63.91	0.0038516155517777334
64.0	0.003888250550516626
64.09	0.0036543018901992433
64.18	0.0035426210036599913
64.27	0.0030004402304754972
64.36	0.0031824518375291504
64.44999999999999	0.0032165164104332113
64.53999999999999	0.003370530903881789
64.63	0.0031350172768908557
64.72	0.003451510656482953
64.81	0.003559858683400134
64.9	0.004057841741069313
64.99	0.003903251223096149
65.08	0.003430466231306446
65.16999999999999	0.003058695073575946
65.25999999999999	0.003447524586353368
65.35	0.0028607954623212717
65.44	0.0028983786080721005
65.53	0.00286031794671587
65.62	0.0027547776481673565
65.71000000000001	0.0024636948905290453
65.8	0.0021761510185469867
65.89	0.0023347490855588847
65.97999999999999	0.003120332615393973
66.07	0.002913183808439
66.16	0.002844726967998297
66.25	0.0030802913173625826
66.34	0.0030668190797969166
66.43	0.0032102973502580083
66.52	0.0030139067848589662
66.61	0.003293829828026298
66.69999999999999	0.003474913551990256
66.78999999999999	0.0031864349521773384
66.88	0.0036543192478854674
66.97	0.00367143009940405
67.06	0.003234186784352129
67.15	0.0029906554738072418
67.24	0.0032113071072300474
67.33	0.003852552488609939
67.41999999999999	0.0036452457110844492
67.50999999999999	0.003658501536939686
67.6	0.0034708382876963454
67.69	0.002974267476571248
67.78	0.002825951807351483
67.87	0.0029739184725801264
67.96000000000001	0.003417851644891763
68.05	0.0027765319926569
68.14	0.0026698390292548835
68.22999999999999	0.002481546648186731
68.32	0.002554739921001458
68.41	0.0025329214122298558
68.5	0.0035018308798505336
68.59	0.0034132200832858173
68.68	0.0034451066553471453
68.77	0.004111378462079383
68.86	0.003549516852821338
68.94999999999999	0.003221584371437793
69.03999999999999	0.003082085149575222
69.13	0.002723184824736107
69.22	0.0026081670878958744
69.31	0.003053266610178394
69.4	0.002397174822241276
69.49	0.00246003955119512
69.58	0.0028176344662087186
69.66999999999999	0.0028480702644024646
69.75999999999999	0.0027548095064192277
69.85	0.0026629080134739106
69.94	0.0028341504250700596
70.03	0.0024664991503285565
70.12	0.0026519139578676343
70.21000000000001	0.0028578973526914428
70.3	0.003383984772872192
70.39	0.0030306998505067887
70.47999999999999	0.002748796695181462
70.57	0.002733747698413417
70.66	0.0026200042750422004
70.75	0.00239759929255265
70.84	0.0026508292680115773
70.93	0.002421744745389365
71.02	0.0023148335448041958
71.11	0.002654503570437658
71.19999999999999	0.0024121413306064073
71.28999999999999	0.002545222517541702
71.38	0.0025366960102734992
71.47	0.003263446558715731
71.56	0.0031870204494968564
71.65	0.003235442960403188
71.74	0.0027000990544909778
71.83	0.0028069456052359273
71.91999999999999	0.002212427644184017
72.00999999999999	0.002408017901488845
72.1	0.00216396940400803
72.19	0.002311041310436204
72.28	0.0022521548075922324
72.37	0.0021363279018012326
72.46000000000001	0.001963659537441225
72.55	0.0018228549612595271
72.64	0.0017156831092314693
72.72999999999999	0.0020872814530466695
72.82	0.0018863590653996377
72.91	0.0021916853453644927
73.0	0.003020603188922019
73.09	0.0028513410837787533
73.18	0.0034902434559562754
73.27	0.0034718303689708994
73.36	0.0033509867002688445
73.44999999999999	0.0029559054188965034
73.53999999999999	0.002784322387172189
73.63	0.0024906663820691856
73.72	0.0027072782242072066
73.81	0.0026012931612044996
73.9	0.0028584087259122893
73.99	0.0030083460734067506
74.08	0.0030944355155046086
74.17	0.0029807717506965038
74.25999999999999	0.0036970060964606117
74.35	0.003560151167398229
74.44	0.0039038271167068845
74.53	0.003646109018695375
74.62	0.0035486969637954177
74.71	0.003934206871744712
74.8	0.003384362992170225
74.89	0.0032136023803289323
74.98	0.002943418481116257
75.07	0.0028583486612997816
75.16	0.003108048582141834
75.25	0.0026466636087404136
75.34	0.002968124138060926
75.42999999999999	0.002859658717173972
75.52	0.002951447729743236
75.61	0.003303047428947835
75.7	0.003078601584467074
75.78999999999999	0.002910454423897311
75.88	0.0034013103435108155
75.97	0.003219076172895202
76.06	0.003061156818821433
76.14999999999999	0.002939044953102074
76.24	0.0026225594422609856
76.33	0.0026873704365296823
76.42	0.0028194738938423307
76.50999999999999	0.0028709349096076703
76.6	0.0028951169577484848
76.69	0.0034190192456547627
76.78	0.0036969147895395496
76.87	0.003937720703890416
76.96	0.0030526588234485908
77.05	0.003404211384612648
77.14	0.0036166915750652407
77.23	0.004021881480965236
77.32	0.0037679504265230226
77.41	0.0035367281142726485
77.5	0.0032286326341897384
77.59	0.0031008686218528965
77.67999999999999	0.0027405969503029363
77.77	0.0027853737687767244
77.86	0.0026182670071317666
77.95	0.0023515039524133466
78.03999999999999	0.002469116461492173
78.13	0.002449881298609978
78.22	0.001833760848917525
78.31	0.0019413157705387134
78.39999999999999	0.0021440326656844886
78.49	0.0023386524718306016
78.58	0.002177201091992262
78.67	0.0018135474675207105
78.75999999999999	0.0019468656356308224
78.85	0.0022679147621761744
78.94	0.002704736893936897
79.03	0.003522574921317937
79.12	0.0035122017951500794
79.21	0.00399536617957098
79.3	0.003541355971367308
79.39	0.0035066078580901923
79.48	0.003439847575642128
79.57	0.0037759605158653488
79.66	0.0034420693059985527
79.75	0.003325952924210127
79.84	0.0026939728870954954
79.92999999999999	0.0026061397885331857
80.02	0.0031485832644658172
80.11	0.0037926997676826896
80.2	0.003715941879273937
80.28999999999999	0.003834622957383612
80.38	0.0038696499898473176
80.47	0.0035470259167306546
80.56	0.0038616683115744697
80.64999999999999	0.0035446281605174363
80.74	0.00359189450128534
80.83	0.003486762336947961
80.92	0.002954183841359858
81.00999999999999	0.0027448852723452144
81.1	0.0027345783188580386
81.19	0.002710323157001974
81.28	0.002207381231671992
81.36999999999999	0.0024720698620374
81.46	0.003040122429509207
81.55	0.0032986491186855435
81.64	0.0031650219646755023
81.73	0.0033364116653816
81.82	0.0036896306367753436
81.91	0.003577454680103017
82.0	0.0036359289930855414
82.09	0.00309475105160625
82.17999999999999	0.0031918050971900046
82.27	0.003453407533147006
82.36	0.0027557706203024564
82.45	0.00261832117435761
82.53999999999999	0.002791771328676946
82.63	0.002764588101320601
82.72	0.0026561342510610883
82.81	0.002822057619084389
82.89999999999999	0.003048561663759257
82.99	0.003369280103144025
83.08	0.00366048163028109
83.17	0.0034224347568654963
83.25999999999999	0.0031867975098464098
83.35	0.0030296496674987843
83.44	0.002631423725186852
83.53	0.002307356898758603
83.61999999999999	0.002627555135049942
83.71	0.0025133198066035986
83.8	0.0028104979080009144
83.89	0.0022941043372061666
83.98	0.0022762911121056322
84.07	0.002530536724421884
84.16	0.0029241448532896937
84.25	0.0030042902864233136
84.34	0.0030960070875434994
84.42999999999999	0.002493159425192945
84.52	0.002460395263332137
84.61	0.0021636759448792502
84.7	0.00290126794038792
84.78999999999999	0.002413670372787643
84.88	0.002500604622638725
84.97	0.0026915433179053854
85.06	0.002433927616209451
85.14999999999999	0.0023534217753967443
85.24	0.0024936639183917083
85.33	0.0025285272081297908
85.42	0.002385636093117903
85.50999999999999	0.002767986071777466
85.6	0.0026706025774841675
85.69	0.00276170351937399
85.78	0.002503461489381344
85.86999999999999	0.002187225955469245
85.96	0.0020706777331342967
86.05	0.002263800987628599
86.14	0.002761183117276591
86.23	0.0025798006753091234
86.32	0.002664189545268664
86.41	0.002442700815417495
86.5	0.0024657108787904175
86.59	0.002805606311385016
86.67999999999999	0.002877519558824111
86.77	0.0032375811086527073
86.86	0.0039034893913994758
86.95	0.00421084890214823
87.03999999999999	0.003530420394824052
87.13	0.003258767311710173
87.22	0.003063128640489154
87.31	0.0032476185408781303
87.39999999999999	0.002675987672504623
87.49	0.0029800073354325444
87.58	0.003131262183975355
87.67	0.0035666789638180854
87.75999999999999	0.0036996935704562786
87.85	0.003754623239974413
87.94	0.0036567592915242157
88.03	0.0038326158591321224
88.11999999999999	0.003996065493601789
88.21	0.003457298481703073
88.3	0.003245227899488818
88.39	0.0028805951306482692
88.48	0.0030836094737951483
88.57	0.002820305317466013
88.66	0.002333053450195572
88.75	0.0027645299839024196
88.84	0.0025893427119978735
88.92999999999999	0.0026918504740169502
89.02	0.003413255420029592
89.11	0.003368235869516977
89.2	0.0024848377345648527
89.28999999999999	0.0029907353411478665
89.38	0.0028598312121524065
89.47	0.0031915686998028117
89.56	0.0029807419475001385
89.64999999999999	0.003458177475085755
89.74	0.0034317855937660486
89.83	0.0033430451312077038
89.92	0.002938093572746126
90.00999999999999	0.003048017048191422
90.1	0.0022968169263959106
90.19	0.0022411610855293685
90.28	0.0026942035497435264
90.36999999999999	0.002121553561594732
90.46	0.0021980259566865144
90.55	0.0028684529343891156
90.64	0.0030980175761297444
90.73	0.003200679066568105
90.82	0.003789554372311454
90.91	0.0038074108233149932
91.0	0.0044603957324421285
91.09	0.004060918434769536
91.17999999999999	0.003181133638320651
91.27	0.003123662653369545
91.36	0.0033064095711479898
91.45	0.0033559910388392612
91.53999999999999	0.0038118505515412644
91.63	0.004355294196898713
91.72	0.003933623558654583
91.81	0.004400248909717245
91.89999999999999	0.004217939211037167
91.99	0.0045165571214120775
92.08	0.004698170310231528
92.17	0.004532458770030327
92.25999999999999	0.003942227277406971
92.35	0.003951130230122907
92.44	0.003729910520947531
92.53	0.004019765510683482
92.61999999999999	0.004292839977122181
92.71	0.004423304950463944
92.8	0.004627949637388695
92.89	0.0041284420406198456
92.98	0.004152744668567179
93.07	0.0037008931845020467
93.16	0.0033115586971812798
93.25	0.003082609088708902
93.34	0.0032428725513222122
93.42999999999999	0.0032096235212735126
93.52	0.0034808361952245355
93.61	0.0034619462280372788
93.7	0.002972911194048881
93.78999999999999	0.0036853144685798766
93.88	0.0038810839381419864
93.97	0.0042722774623822945
94.06	0.0037108086157039547
94.14999999999999	0.003519623251362271
94.24	0.0038824237362414613
94.33	0.0038575220433915286
94.42	0.0034159826648627284
94.50999999999999	0.003103222472739741
94.6	0.00307368880681457
94.69	0.0028488237510161897
94.78	0.0029300829309070135
94.86999999999999	0.003070745624638174
94.96	0.0035887412358554514
95.05	0.003939673861868344
95.14	0.0035750957179338334
95.22999999999999	0.003267590426505941
95.32	0.0034187196985503315
95.41	0.0033153838992729897
95.5	0.0034531852175495557
95.59	0.003208751557483337
95.67999999999999	0.0031834762981181562
95.77	0.003059249848029897
95.86	0.0027781908956885358
95.95	0.002223353961428795
96.03999999999999	0.0026752457178408013
96.13	0.0026865832362200723
96.22	0.003119269436476784
96.31	0.0033069917383288716
96.39999999999999	0.0029694561820517145
96.49	0.002624863908662094
96.58	0.0030495841305865695
96.67	0.0033539027378271177
96.75999999999999	0.0038054386362124533
96.85	0.0035957212495115187
96.94	0.003715381678907942
97.03	0.0034193418201110834
97.11999999999999	0.0036351719035139594
97.21	0.0031720829003836822
97.3	0.003072069619626012
97.39	0.0034175503782244193
97.47999999999999	0.003319043498886707
97.57	0.0036305707577826913
97.66	0.003548784704859187
97.75	0.0032549438993244918
97.84	0.003036097861934071
97.92999999999999	0.003034767247926743
98.02	0.0032467254551423966
98.11	0.0027743638752372912
98.2	0.002423360440080312
98.28999999999999	0.002298615008620745
98.38	0.0023986856093151103
98.47	0.0025677617071586645
98.56	0.002513189921354675
98.64999999999999	0.0023426477577951892
98.74	0.002380019189592562
98.83	0.002079412799240322
98.92	0.00222564686226718
99.00999999999999	0.0022862420440159584
99.1	0.0026048190988763585
99.19	0.0026552885566701687
99.28	0.002622151512869829
99.36999999999999	0.0026914747447399725
99.46	0.002419734241876617
99.55	0.0027687236076430278
99.64	0.002752305169083422
99.72999999999999	0.0030605302862686994
99.82	0.003287066870549134
99.91	0.003453363338709328
100.0	0.0036698235714209397
100.90090090090091	0.003927567401180418
101.8018018018018	0.0028000103668509484
102.70270270270271	0.0028841629184179584
103.6036036036036	0.0035145618957833358
104.50450450450451	0.0030737889876001684
105.4054054054054	0.0029370071759505885
106.30630630630631	0.0030943818405233907
107.2072072072072	0.0034102714895067696
108.10810810810811	0.0029020899592191152
109.009009009009	0.0029268580328037893
109.90990990990991	0.003054045466731719
110.8108108108108	0.0032813346653795036
111.71171171171171	0.0035278162122925
112.61261261261261	0.0029821557722125407
113.51351351351352	0.004206335390608379
114.41441441441441	0.002530340242845343
115.31531531531532	0.002385383434942653
116.21621621621622	0.0037584022918177584
117.11711711711712	0.0032725982608104174
118.01801801801801	0.0025162876608347284
118.91891891891892	0.0035665099534089575
119.81981981981983	0.0025111479276657992
120.72072072072072	0.002730479437392825
121.62162162162161	0.004377969540511056
122.52252252252252	0.0032742602823922513
123.42342342342343	0.002418394815575562
124.32432432432432	0.00377908972562734
125.22522522522523	0.002813880997467401
126.12612612612612	0.00331686221093869
127.02702702702703	0.0018267973558813162
127.92792792792793	0.002305115214958643
128.82882882882882	0.003598476691759113
129.72972972972974	0.0033003475555582877
130.63063063063063	0.004266397217277929
131.53153153153153	0.004765623375079526
132.43243243243245	0.0038874221788250227
133.33333333333334	0.0021839487482388053
134.23423423423424	0.003678436773775224
135.13513513513513	0.0035690608147255325
136.03603603603602	0.0029047727341191035
136.93693693693695	0.003226035663696945
137.83783783783784	0.003559975693530865
138.73873873873873	0.0031439048012953863
139.63963963963965	0.0024395681214769266
140.54054054054055	0.004353176092779716
141.44144144144144	0.003903358519351281
142.34234234234233	0.003909394785009321
143.24324324324323	0.003206351383401545
144.14414414414415	0.002801252126294708
145.04504504504504	0.0033662173807605805
145.94594594594594	0.003830190075054084
146.84684684684686	0.004106433924209263
147.74774774774775	0.00297942729851026
148.64864864864865	0.0031042493223659745
149.54954954954957	0.0033278906493615463
150.45045045045046	0.003635579423383636
151.35135135135135	0.0027941047444800774
152.25225225225225	0.003146503788617229
153.15315315315314	0.0033355145964383626
154.05405405405406	0.0025878173187765963
154.95495495495496	0.002755524183632419
155.85585585585585	0.003268486756553589
156.75675675675677	0.0036966104514314273
157.65765765765767	0.002351631145633211
158.55855855855856	0.004240225750577548
159.45945945945945	0.002649541820720156
160.36036036036035	0.004585286498173956
161.26126126126127	0.00257502989793089
162.16216216216216	0.001722580286449325
163.06306306306305	0.002065648742184047
163.96396396396398	0.0022039340909085162
164.86486486486487	0.003194183861897147
165.76576576576576	0.0027863754990293077
166.66666666666669	0.003224141872059395
167.56756756756755	0.004620730468610762
168.46846846846847	0.003550870155419495
169.36936936936937	0.00436916472121608
170.27027027027026	0.0029374406279751436
171.17117117117118	0.0016773888146368798
172.07207207207207	0.003280331837575762
172.97297297297297	0.003074008097772253
173.8738738738739	0.0038490881695032644
174.77477477477476	0.0025519528284347758
175.67567567567568	0.002366323938764139
176.57657657657657	0.001823800910495156
177.47747747747746	0.0034676204849021577
178.3783783783784	0.0037843915693394434
179.27927927927928	0.003649831714687382
180.18018018018017	0.0030966540716618864
181.0810810810811	0.00337955568273709
181.981981981982	0.003182313674683397
182.88288288288288	0.003970021895354886
183.7837837837838	0.004042039527198793
184.68468468468467	0.004413532926473626
185.5855855855856	0.003180821187109935
186.48648648648648	0.0035406506514441324
187.38738738738738	0.003497802288097608
188.2882882882883	0.004083720729257912
189.1891891891892	0.0029975968117786863
190.0900900900901	0.0025280676011459275
190.990990990991	0.002629211481110562
191.89189189189187	0.0024332988068334433
192.7927927927928	0.003068229324414959
193.6936936936937	0.0033344212858245443
194.59459459459458	0.002871970412469717
195.4954954954955	0.002739619063421056
196.3963963963964	0.003191385812195833
197.2972972972973	0.003995975485823886
198.1981981981982	0.003154891780848722
199.0990990990991	0.0028943193571973544
200.0	0.004431984551202264
200.90090090090092	0.003522171295881247
201.8018018018018	0.0027363099296172457
202.7027027027027	0.004809126879376802
203.6036036036036	0.004259894751413048
204.5045045045045	0.003526853567066248
205.40540540540542	0.004193429055185833
206.3063063063063	0.0024930528135919364
207.2072072072072	0.002495186119096108
208.10810810810813	0.002672071049713204
209.009009009009	0.002847909916015911
209.9099099099099	0.0031353245140752547
210.8108108108108	0.002899028174658113
211.7117117117117	0.00338283422972701
212.61261261261262	0.003014277356525852
213.51351351351352	0.0028996132257398813
214.4144144144144	0.0023618127901402913
215.31531531531533	0.0031570471029503905
216.21621621621622	0.0031014905309899687
217.11711711711712	0.0037717136155876415
218.01801801801804	0.004337088469831169
218.9189189189189	0.003219459457554141
219.81981981981983	0.0028657587098049452
220.72072072072072	0.003494366224892603
221.6216216216216	0.003551743275605895
222.52252252252254	0.0037748456918968243
223.42342342342343	0.002542621518332883
224.32432432432432	0.002896552656171101
225.22522522522524	0.0036173115106620532
226.1261261261261	0.002439673859194522
227.02702702702703	0.002747699026642746
227.92792792792793	0.0030281862036152076
228.82882882882882	0.0030947344827971465
229.72972972972974	0.003139292663136718
230.63063063063063	0.0027332592813598578
231.53153153153153	0.002413629749800068
232.43243243243242	0.0020343255313165177
233.33333333333334	0.0034593940795543013
234.23423423423424	0.00402411929020421
235.13513513513513	0.0031782100069807293
236.03603603603605	0.002668246562110228
236.93693693693695	0.0033456490607035936
237.83783783783784	0.0030373148455313465
238.73873873873873	0.0026538949898264165
239.63963963963965	0.002227039610143772
240.54054054054055	0.0033863830890861002
241.44144144144144	0.004013861709194273
242.34234234234233	0.003182847808878805
243.24324324324326	0.0032914549488016775
244.14414414414415	0.0026857519525793007
245.04504504504504	0.003014012524780409
245.94594594594594	0.003098503584660394
246.84684684684686	0.003363995138303407
247.74774774774775	0.003408922018987275
248.64864864864865	0.0040741630287953095
249.54954954954954	0.0024465472974025395
250.45045045045046	0.00286539164564596
251.35135135135135	0.002653023213129357
252.25225225225225	0.0021235947116801835
253.15315315315314	0.0035559984805560944
254.05405405405406	0.004286359237955197
254.95495495495496	0.0028944262517705635
255.85585585585585	0.002512289568310379
256.7567567567568	0.004080430390699857
257.65765765765764	0.002864228585333242
258.55855855855856	0.0023130956383428146
259.4594594594595	0.0027144219316526472
260.36036036036035	0.0036261354082153846
261.26126126126127	0.0028905402528587114
262.1621621621622	0.002867258423905247
263.06306306306305	0.0031582459545675995
263.963963963964	0.0023360278661056673
264.8648648648649	0.0019273753633750783
265.76576576576576	0.0029925427162350187
266.66666666666663	0.003326708591445683
267.5675675675676	0.0025332646806029892
268.4684684684685	0.0037199900396280316
269.36936936936934	0.0031778588445135043
270.27027027027026	0.0031987523011625797
271.1711711711712	0.0033116500379277124
272.07207207207205	0.004788550070359581
272.97297297297297	0.0036566402728665406
273.8738738738739	0.002205844849986758
274.77477477477476	0.0032968245590548405
275.6756756756757	0.003656871139869982
276.5765765765766	0.003263372004073186
277.47747747747746	0.0035794224852870467
278.3783783783784	0.0031511677121766586
279.2792792792793	0.0033815137063667126
280.1801801801802	0.002719501425679808
281.0810810810811	0.0036503313169335134
281.981981981982	0.0030877231039518932
282.8828828828829	0.004186121103714356
283.78378378378375	0.0031250972064272107
284.6846846846847	0.0029485757043850756
285.5855855855856	0.002983984603847515
286.48648648648646	0.0027063017607050067
287.3873873873874	0.0026964665367920503
288.2882882882883	0.0018101328414546075
289.18918918918916	0.0030911473669052118
290.0900900900901	0.00332543881779637
290.990990990991	0.00353496410676793
291.8918918918919	0.0044924580320591725
292.7927927927928	0.004224419317123707
293.6936936936937	0.0041717271632756795
294.5945945945946	0.0031316557301558673
295.4954954954955	0.0020653975934720042
296.3963963963964	0.0026151607378042947
297.2972972972973	0.003022082107532823
298.1981981981982	0.003032259468527765
299.09909909909913	0.0023681881577030084
300.0	0.002967727626479461
300.90090090090087	0.003261839511876127
301.80180180180184	0.0029121541818360416
302.7027027027027	0.0022667168001404806
303.6036036036036	0.003315616026630447
304.5045045045045	0.003023234279441901
305.4054054054054	0.0030726206882775308
306.3063063063063	0.002761132521743123
307.2072072072072	0.002572473231235289
308.1081081081081	0.0028004100419325413
309.009009009009	0.0029471909190427977
309.9099099099099	0.0021797593839566315
310.81081081081084	0.002103538619848735
311.7117117117117	0.0021949825722206513
312.6126126126126	0.0028956908567310353
313.51351351351354	0.0032420977450354715
314.4144144144144	0.0030014115276847495
315.31531531531533	0.0030564267315662725
316.21621621621625	0.0029509964505578723
317.1171171171171	0.003303020279069523
318.018018018018	0.00249214896582475
318.91891891891896	0.0028609223389298574
319.8198198198198	0.0034127857294629937
320.7207207207207	0.0031749446360110505
321.6216216216216	0.003633139494063065
322.52252252252254	0.00339690598057013
323.4234234234234	0.0021914845434506344
324.3243243243243	0.0026929867291553655
325.22522522522524	0.002722382659819347
326.1261261261261	0.0036690663153947415
327.02702702702703	0.004496228412270086
327.92792792792795	0.00402030803975467
328.8288288288288	0.0036069573685010596
329.72972972972974	0.002355176087309896
330.63063063063066	0.0034302298175970616
331.5315315315315	0.002903424189365495
332.43243243243245	0.0028792036205963546
333.33333333333337	0.002809382456969575
334.23423423423424	0.0031707851894603924
335.1351351351351	0.00258196889789713
336.0360360360361	0.002726356685311835
336.93693693693695	0.0034660520068672323
337.8378378378378	0.003962331490767064
338.73873873873873	0.0029554964409059586
339.63963963963965	0.0029279591479635424
340.5405405405405	0.0032754211036866757
341.44144144144144	0.002513136327391344
342.34234234234236	0.002640022533931918
343.2432432432432	0.00316937415767712
344.14414414414415	0.002835646598289961
345.0450450450451	0.0033906993947998496
345.94594594594594	0.0035377381211010215
346.84684684684686	0.003092644183769923
347.7477477477478	0.0041326540114176216
348.64864864864865	0.0030144502122908213
349.5495495495495	0.0035556792458680125
350.4504504504505	0.0028001066480237142
351.35135135135135	0.0032258308098364577
352.2522522522522	0.0035323216984124964
353.1531531531532	0.002878576657548178
354.05405405405406	0.0023358096143561184
354.9549549549549	0.003468027031722308
355.85585585585585	0.002904262041759439
356.7567567567568	0.002511945790560096
357.65765765765764	0.003577223855427145
358.55855855855856	0.003423219538479937
359.4594594594595	0.003410883253906239
360.36036036036035	0.003440800101685641
361.26126126126127	0.004259424911979272
362.1621621621622	0.0035176659544407596
363.06306306306305	0.00489188534276253
363.963963963964	0.00338830422449545
364.86486486486484	0.0031831514141784753
365.76576576576576	0.004770403383935618
366.6666666666667	0.0028727848889489494
367.56756756756755	0.0033515294869076563
368.4684684684685	0.004578900001589501
369.3693693693694	0.0034563429754244103
370.27027027027026	0.0020042631103450634
371.1711711711712	0.0033990836044603475
372.0720720720721	0.002740151846871831
372.97297297297297	0.0030826435946735118
373.8738738738739	0.0032731468664363495
374.77477477477476	0.003267309079489634
375.6756756756757	0.002273739817237665
376.5765765765766	0.0032861723164087147
377.47747747747746	0.0033355607435689907
378.3783783783784	0.003507411365402342
379.2792792792793	0.0034409518162285633
380.1801801801802	0.0024676219256473428
381.0810810810811	0.002599458281903414
381.98198198198196	0.002749648718790986
382.8828828828829	0.0033199255082514843
383.7837837837838	0.0021916940171843604
384.68468468468467	0.0023135979991188906
385.5855855855856	0.004518882130047458
386.4864864864865	0.002439316952261308
387.3873873873874	0.0030670873923953164
388.2882882882883	0.0032929060271504247
389.1891891891892	0.0034492182425370677
390.0900900900901	0.0035098323661545625
390.990990990991	0.0024758696983760236
391.8918918918919	0.003395589863651995
392.7927927927928	0.003058019645063758
393.6936936936937	0.003278726736479044
394.5945945945946	0.0034120625484195363
395.4954954954955	0.002821518679352423
396.3963963963964	0.004111724708382347
397.2972972972973	0.005135970480203029
398.1981981981982	0.0033500014108987916
399.0990990990991	0.0036077898811477933
400.0	0.0031761490717698883
400.9009009009009	0.002441000516773404
401.8018018018018	0.00369970243226841
402.7027027027027	0.0032362858317900155
403.60360360360363	0.0034175406397251667
404.5045045045045	0.003346047146743458
405.4054054054054	0.0029292596056263447
406.3063063063063	0.0027786872282269345
407.2072072072072	0.003472426571557316
408.1081081081081	0.0020051101224563667
409.009009009009	0.0027822940837975646
409.9099099099099	0.0033860097921664632
410.81081081081084	0.0026307986586513177
411.7117117117117	0.004044177180761555
412.6126126126126	0.0026748739013675044
413.51351351351354	0.0031183647760331602
414.4144144144144	0.002463697237113825
415.31531531531533	0.003139702176542931
416.2162162162162	0.002951197041866513
417.1171171171171	0.0023347049735307833
418.01801801801804	0.0034592839928430513
418.9189189189189	0.003876713422646585
419.8198198198198	0.002590770637621361
420.72072072072075	0.002684565330946502
421.6216216216216	0.004507173540769357
422.52252252252254	0.0041236443383607735
423.4234234234234	0.0033584041163815803
424.3243243243243	0.002218791926702834
425.22522522522524	0.003946957048031465
426.1261261261261	0.003676978502276991
427.02702702702703	0.002157041341031716
427.92792792792795	0.0028092357826062114
428.8288288288288	0.002784737083557652
429.72972972972974	0.0031207891681158772
430.63063063063066	0.0036052360329498186
431.5315315315315	0.0027348748349650975
432.43243243243245	0.003533824564483089
433.3333333333333	0.003363786538338715
434.23423423423424	0.003163156956433967
435.13513513513516	0.00401601330626977
436.036036036036	0.0036145749465645565
436.93693693693695	0.004419166315084387
437.83783783783787	0.003733293723153094
438.73873873873873	0.0032117233772139277
439.63963963963965	0.0028708191675444568
440.5405405405405	0.0025964763862941936
441.44144144144144	0.0029139658525425952
442.34234234234236	0.0033615139552516
443.2432432432432	0.002698588368142009
444.14414414414415	0.0033484998274299497
445.0450450450451	0.003334555898284515
445.94594594594594	0.0031764421500430425
446.84684684684686	0.002539042428887364
447.7477477477478	0.002161487280384011
448.64864864864865	0.003236450136349445
449.54954954954957	0.0033236643000210354
450.45045045045043	0.0028504855695298563
451.35135135135135	0.0022035553241873517
452.2522522522523	0.002761367281459521
453.15315315315314	0.0034768491155821113
454.05405405405406	0.003534272258083618
454.954954954955	0.004133770093621405
455.85585585585585	0.0027428665998787895
456.7567567567568	0.0030582499724878575
457.65765765765764	0.003839371481891891
458.55855855855856	0.0024759198344331316
459.4594594594595	0.0030730384887159927
460.36036036036035	0.004042066305835894
461.26126126126127	0.002811974894564943
462.1621621621622	0.0022828260135315773
463.06306306306305	0.0033089953820898193
463.963963963964	0.002770470035827564
464.86486486486484	0.002426269783776686
465.76576576576576	0.00244100847878556
466.6666666666667	0.002323635849069937
467.56756756756755	0.0027642484056210957
468.4684684684685	0.0035813240204669457
469.3693693693694	0.0037521086365087165
470.27027027027026	0.0028179827960594893
471.1711711711712	0.0034874388591064603
472.0720720720721	0.0028408340230682847
472.97297297297297	0.00286222825728657
473.8738738738739	0.0034788568844794972
474.77477477477476	0.004840663604381934
475.6756756756757	0.0037886681862975818
476.5765765765766	0.0030743134101415795
477.47747747747746	0.002045756522187719
478.3783783783784	0.0036262659741155357
479.2792792792793	0.002917022658092622
480.1801801801802	0.002946040135726631
481.0810810810811	0.003239544936586547
481.98198198198196	0.0021814644066002965
482.8828828828829	0.0028330883323754528
483.7837837837838	0.002147242306427581
484.68468468468467	0.003176702923614456
485.5855855855856	0.0025905998209181393
486.4864864864865	0.0028705828161526862
487.3873873873874	0.003335295593282887
488.2882882882883	0.003426908690905672
489.1891891891892	0.0035744884256869542
490.0900900900901	0.00484776292607222
490.990990990991	0.0021282186376175285
491.8918918918919	0.0022481852814360973
492.7927927927928	0.003529370157454281
493.6936936936937	0.002485506488356606
494.5945945945946	0.0031666528723388915
495.4954954954955	0.00321747266540504
496.3963963963964	0.002086318531135727
497.2972972972973	0.0026258166803872617
498.1981981981982	0.0029020225211675646
499.0990990990991	0.003820396663394036
500.0	0.002668744592359266
500.9009009009009	0.0033485586449768933
501.8018018018018	0.0029953562922458775
502.7027027027027	0.0032939986307444096
503.60360360360363	0.002803816667033626
504.5045045045045	0.00259716651515387
505.4054054054054	0.0021394212635721223
506.30630630630634	0.003115163499431883
507.2072072072072	0.0033207112060647842
508.1081081081081	0.0019088209616759078
509.009009009009	0.0036436441351810236
509.9099099099099	0.0032999090671068593
510.81081081081084	0.0029622393405752926
511.7117117117117	0.004272952335221599
512.6126126126126	0.0033324494181251564
513.5135135135135	0.0027298594470016513
514.4144144144144	0.0036070111852912943
515.3153153153153	0.003613626138664892
516.2162162162163	0.002110313792211686
517.1171171171171	0.0025998294458307826
518.018018018018	0.0036903055961823666
518.918918918919	0.0032918563657926563
519.8198198198198	0.0042212253381140015
520.7207207207207	0.003612652743681334
521.6216216216217	0.0027509195394019316
522.5225225225225	0.003860808710264394
523.4234234234234	0.0028148523433751764
524.3243243243244	0.004377215983235026
525.2252252252252	0.002440793124981956
526.1261261261261	0.0030355969927503765
527.0270270270271	0.0038179197339197864
527.927927927928	0.0034114121362804665
528.8288288288288	0.0032041065645890413
529.7297297297298	0.0032137182547016863
530.6306306306307	0.0031445225747771172
531.5315315315315	0.004067264322738195
532.4324324324325	0.0029722481180650836
533.3333333333333	0.003692828858539329
534.2342342342342	0.0022579553547781082
535.1351351351352	0.003906796780121636
536.036036036036	0.0032212324798823132
536.936936936937	0.002634051082577358
537.8378378378379	0.002316820949794659
538.7387387387387	0.0034971922420688863
539.6396396396397	0.004015822981538936
540.5405405405405	0.0030959387357646618
541.4414414414414	0.0015047293435002634
542.3423423423424	0.003224841276039177
543.2432432432432	0.002569834047233744
544.1441441441441	0.0021798341930032
545.0450450450451	0.003589570749783952
545.9459459459459	0.0029012636040653596
546.8468468468468	0.0026726195087530325
547.7477477477478	0.0032111066750929052
548.6486486486486	0.003925577156163154
549.5495495495495	0.0035946202959079507
550.4504504504505	0.003192041937924722
551.3513513513514	0.0028337765213739194
552.2522522522522	0.004188560972400392
553.1531531531532	0.0032540724468068803
554.0540540540541	0.0030293552434069713
554.9549549549549	0.004153518280476869
555.8558558558559	0.003111697977788965
556.7567567567568	0.003297863856242903
557.6576576576576	0.0035238766702449403
558.5585585585586	0.0024259829328657475
559.4594594594595	0.0031466326470660786
560.3603603603603	0.002443564679676654
561.2612612612613	0.0023860027047596156
562.1621621621622	0.0033569901144054138
563.063063063063	0.0029294737620859297
563.963963963964	0.002255887382725732
564.8648648648649	0.0031268627271134808
565.7657657657658	0.0029502354632704674
566.6666666666667	0.00393023172267293
567.5675675675675	0.0031688939687618003
568.4684684684685	0.00344000353845926
569.3693693693695	0.0034296153375255596
570.2702702702702	0.0034586166612533787
571.1711711711712	0.0023627859954238194
572.0720720720722	0.0036597751574038314
572.9729729729729	0.0037379509136909687
573.8738738738739	0.0034807975778614426
574.7747747747748	0.002602743834653384
575.6756756756756	0.002450167930848611
576.5765765765766	0.004570177103935683
577.4774774774775	0.0035158029128853495
578.3783783783783	0.002346588282630201
579.2792792792793	0.0026060545043953744
580.1801801801802	0.003146437568172126
581.081081081081	0.0027775241972334496
581.981981981982	0.0028747575616257844
582.8828828828829	0.0033035598322053265
583.7837837837837	0.0025597900806768356
584.6846846846847	0.002157419466311014
585.5855855855856	0.0030464307538117046
586.4864864864865	0.0030432704358795645
587.3873873873874	0.0042520027771420004
588.2882882882883	0.0027552470978983346
589.1891891891892	0.0034648956097662158
590.0900900900901	0.0032608590377399657
590.990990990991	0.0029500533305492358
591.8918918918919	0.003639099379200699
592.7927927927929	0.0027789373131220153
593.6936936936937	0.00417731789778181
594.5945945945946	0.0034184881979386567
595.4954954954956	0.0032661695300785897
596.3963963963964	0.003481060330949852
597.2972972972973	0.0033677204600152453
598.1981981981983	0.002738613489407666
599.099099099099	0.003245335319123606
600.0	0.0026533093935720226
600.900900900901	0.002827244225367732
601.8018018018017	0.0028697724645762985
602.7027027027027	0.003002369708452915
603.6036036036037	0.0028070304924463093
604.5045045045044	0.0033758169047853987
605.4054054054054	0.0038539464825883066
606.3063063063064	0.0025114357051643364
607.2072072072071	0.003628771195323731
608.1081081081081	0.002420589844778533
609.009009009009	0.003121644178541929
609.9099099099099	0.002675285345190782
610.8108108108108	0.0029798418310522574
611.7117117117117	0.003944108562099129
612.6126126126126	0.0028276607086279953
613.5135135135135	0.002608544074930858
614.4144144144144	0.0027045803906873135
615.3153153153153	0.002638434680771445
616.2162162162163	0.0029877409746694953
617.1171171171171	0.0035925150392808036
618.018018018018	0.002800766069255024
618.918918918919	0.002404254144540238
619.8198198198198	0.0036916534079568376
620.7207207207207	0.0035588822368828278
621.6216216216217	0.002979283711221582
622.5225225225225	0.0036170622817227114
623.4234234234234	0.0031498503452703523
624.3243243243244	0.003694670581670518
625.2252252252252	0.002683580246533457
626.1261261261261	0.0019522060078345101
627.0270270270271	0.0029855474227098557
627.927927927928	0.0023972308887661863
628.8288288288288	0.002766627042893734
629.7297297297297	0.0026202649554920446
630.6306306306307	0.003903700832688432
631.5315315315315	0.0020902320463052513
632.4324324324324	0.002948863407773774
633.3333333333334	0.0044627414686908146
634.2342342342342	0.0029560189930736215
635.1351351351351	0.003996472547259206
636.0360360360361	0.0038225427346167107
636.936936936937	0.002879903177520972
637.8378378378378	0.0037100873671448613
638.7387387387388	0.0033904667383198883
639.6396396396397	0.0032842021867726173
640.5405405405405	0.004147634534064146
641.4414414414415	0.0033887273561104044
642.3423423423424	0.003459896150634919
643.2432432432432	0.0026427765427358848
644.1441441441442	0.0025706632920606395
645.0450450450451	0.0032374030111523905
645.9459459459459	0.0032031938915936045
646.8468468468468	0.0013968311411786556
647.7477477477478	0.0037640550742064484
648.6486486486486	0.0029419422099496544
649.5495495495495	0.0025036448328955214
650.4504504504505	0.002870636460925225
651.3513513513514	0.002907702225547513
652.2522522522522	0.0028696230946239037
653.1531531531532	0.0029814632255490085
654.0540540540541	0.0031535775404732923
654.9549549549549	0.003912083646387062
655.8558558558559	0.002813571533417604
656.7567567567568	0.002614261640285275
657.6576576576576	0.0024854863681879474
658.5585585585586	0.0027968150424025006
659.4594594594595	0.0035048415079162016
660.3603603603603	0.002893809024262431
661.2612612612613	0.002930422485058361
662.1621621621622	0.0031936562348152905
663.063063063063	0.003578626244588578
663.9639639639639	0.0027831135738528847
664.8648648648649	0.0017240429531685815
665.7657657657658	0.0020235951946744758
666.6666666666666	0.002882248181177974
667.5675675675676	0.0033713336119964373
668.4684684684685	0.0028061854869431053
669.3693693693693	0.0031977055343529195
670.2702702702703	0.0035985543576286787
671.1711711711712	0.003171004039295822
672.072072072072	0.0029107179512867423
672.972972972973	0.0017160582381758756
673.8738738738739	0.002986464673337376
674.7747747747748	0.0026427255240628893
675.6756756756757	0.0027141655960922087
676.5765765765766	0.0027546660138442793
677.4774774774775	0.002334906949246695
678.3783783783784	0.002324859492334288
679.2792792792793	0.0025993899795075585
680.1801801801802	0.0023902488652399346
681.081081081081	0.003043428956523253
681.981981981982	0.002958848385116819
682.8828828828829	0.0034523253367126834
683.7837837837837	0.002775865589840382
684.6846846846847	0.0028334183015736075
685.5855855855856	0.003833068938899298
686.4864864864865	0.002954455401660299
687.3873873873874	0.003369936991684059
688.2882882882883	0.003610659735593764
689.1891891891892	0.0032795206891560675
690.0900900900901	0.0035903531984246466
690.990990990991	0.0035370739300084456
691.8918918918919	0.002999624925494888
692.7927927927929	0.002560981932907843
693.6936936936937	0.0027228284702118747
694.5945945945946	0.004694391953612798
695.4954954954954	0.0036122695623161142
696.3963963963964	0.003201036747528955
697.2972972972973	0.0037162330135104087
698.1981981981982	0.0030337821937363343
699.0990990990991	0.002808303655930619
700.0	0.0031198700560840053
700.9009009009009	0.0029537318649678033
701.8018018018018	0.0028236343156265663
702.7027027027027	0.0049510506994697905
703.6036036036036	0.003727482544509359
704.5045045045046	0.00254897358030159
705.4054054054054	0.0031201877273972106
706.3063063063063	0.0027606517908774927
707.2072072072073	0.002872335296388136
708.1081081081081	0.002891931918485224
709.009009009009	0.0023685632128281615
709.90990990991	0.00263205024874617
710.8108108108108	0.0027733924159150827
711.7117117117117	0.0037734027117894706
712.6126126126126	0.0027319547031645296
713.5135135135135	0.004192464270579756
714.4144144144144	0.0032684057283046655
715.3153153153153	0.0028168425987640405
716.2162162162163	0.0034557680628333563
717.1171171171171	0.002228559048269693
718.018018018018	0.002964548521407786
718.918918918919	0.004324727084593161
719.8198198198198	0.0034445066432134148
720.7207207207207	0.0020011208071751283
721.6216216216217	0.0026529133104997915
722.5225225225225	0.002385504443174494
723.4234234234234	0.0020550458014175115
724.3243243243244	0.0032974915637252584
725.2252252252252	0.003943371806854353
726.1261261261261	0.002369742389404091
727.0270270270271	0.0021808788984833544
727.927927927928	0.0032879963378224138
728.8288288288288	0.003066264637716137
729.7297297297297	0.002826030912102925
730.6306306306307	0.002406846283435703
731.5315315315315	0.002979521080652332
732.4324324324324	0.002470061512316813
733.3333333333334	0.004293261978052242
734.2342342342342	0.003300508430727076
735.1351351351351	0.002259190458537923
736.0360360360361	0.003996510368581828
736.936936936937	0.003456148042210934
737.8378378378378	0.0033981178020126533
738.7387387387388	0.0036713912411129213
739.6396396396397	0.0028421647549257767
740.5405405405405	0.0030773869416266517
741.4414414414415	0.0028172381754683435
742.3423423423424	0.0035894335355954247
743.2432432432432	0.0021933076691590747
744.1441441441442	0.0029171401695259297
745.0450450450451	0.0028461502692949656
745.9459459459459	0.0040421179506859315
746.8468468468468	0.0031346604887333303
747.7477477477478	0.003464270803977612
748.6486486486486	0.002464312876151914
749.5495495495495	0.004023317185690393
750.4504504504505	0.0037075062658679858
751.3513513513514	0.002550102989361088
752.2522522522522	0.0029580921104202834
753.1531531531532	0.0034742740959413628
754.0540540540541	0.0031149865604142156
754.9549549549549	0.002341817136555423
755.8558558558559	0.002923792672348953
756.7567567567568	0.0036834095642322272
757.6576576576576	0.0027082884600474113
758.5585585585586	0.0024794053661105547
759.4594594594595	0.00297089189326132
760.3603603603603	0.0028619536694184195
761.2612612612613	0.002589331622050162
762.1621621621622	0.0026732755281181223
763.063063063063	0.003359683249077983
763.9639639639639	0.003313275909755946
764.8648648648649	0.002650993082554007
765.7657657657658	0.0031615826227057234
766.6666666666666	0.002913412084217354
767.5675675675676	0.0031419973355314877
768.4684684684685	0.0031683098284014336
769.3693693693693	0.0034752793114491577
770.2702702702703	0.0030758144334765694
771.1711711711712	0.003851746072316939
772.072072072072	0.0028074321274632772
772.972972972973	0.003371733197210444
773.8738738738739	0.0033271720488220104
774.7747747747748	0.002887820665429857
775.6756756756757	0.002717175650005551
776.5765765765766	0.004070533174172018
777.4774774774775	0.003078898451555872
778.3783783783784	0.003492152265061932
779.2792792792793	0.0031101878245311013
780.1801801801802	0.0033692906340335666
781.081081081081	0.0028851285705023297
781.981981981982	0.0026259800119876513
782.8828828828829	0.0032465910297841093
783.7837837837837	0.004190619765954572
784.6846846846847	0.0027563605663590905
785.5855855855856	0.0030170575141858485
786.4864864864865	0.003154895302897293
787.3873873873874	0.003211608064012811
788.2882882882883	0.0033537615543789245
789.1891891891892	0.0028044244973061097
790.0900900900901	0.0036104538079571318
790.990990990991	0.003076932355357624
791.8918918918919	0.0032203984730162978
792.7927927927929	0.0026402618744094854
793.6936936936937	0.0026052471843571287
794.5945945945946	0.0027063446650123137
795.4954954954956	0.003370224172045508
796.3963963963964	0.0033400391610716508
797.2972972972973	0.0022789558430940694
798.1981981981982	0.0028989396858224966
799.0990990990991	0.0034224187571292378
800.0	0.0027560277545722813
800.9009009009009	0.002010110171323173
801.8018018018018	0.0026793144727481613
802.7027027027027	0.002435192056257265
803.6036036036036	0.0018152656623821404
804.5045045045046	0.003526887038141768
805.4054054054054	0.0032859302862496024
806.3063063063063	0.002668223285830192
807.2072072072073	0.004463151678473892
808.1081081081081	0.004477283678388526
809.009009009009	0.003361014342779027
809.90990990991	0.0032382546207749005
810.8108108108108	0.0034669077764439287
811.7117117117117	0.0022451284645306686
812.6126126126127	0.0034601513027631447
813.5135135135135	0.004082557745617613
814.4144144144144	0.0023412033055488176
815.3153153153153	0.0028580912737351323
816.2162162162163	0.0023046501594961317
817.1171171171171	0.0027198304385790935
818.018018018018	0.002351543522612396
818.918918918919	0.0032168452982679935
819.8198198198198	0.0022698339068859532
820.7207207207207	0.0024927779148573746
821.6216216216217	0.0037179823932742442
822.5225225225225	0.003153742208280414
823.4234234234234	0.002151933519460254
824.3243243243244	0.0032053235089530992
825.2252252252252	0.003169672428082577
826.1261261261261	0.004209289267430712
827.0270270270271	0.003004628680913306
827.927927927928	0.0035523216167280035
828.8288288288288	0.002750762467947734
829.7297297297297	0.0038848919503427014
830.6306306306307	0.002903051117764157
831.5315315315315	0.0027275795604358504
832.4324324324324	0.0035377719590420006
833.3333333333334	0.002867879946879422
834.2342342342342	0.00285095502172203
835.1351351351351	0.0031384433755085547
836.0360360360361	0.0035665402458210137
836.936936936937	0.0034672660258086236
837.8378378378378	0.003464945217779778
838.7387387387388	0.0033956651716263784
839.6396396396397	0.0025213869812762
840.5405405405405	0.004147094612781271
841.4414414414415	0.002740764374460581
842.3423423423424	0.0027010795838028844
843.2432432432432	0.003249327343067332
844.1441441441442	0.004005437602505023
845.0450450450451	0.0028720708805356886
845.9459459459459	0.003574794842472616
846.8468468468468	0.003208915465260905
847.7477477477478	0.0029374451232603493
848.6486486486486	0.0026750262448915073
849.5495495495495	0.0033828394937014316
850.4504504504505	0.0033016213556526695
851.3513513513514	0.0032490675245547464
852.2522522522522	0.003535658248811703
853.1531531531532	0.002604402951705131
854.0540540540541	0.003263150357186188
854.9549549549549	0.0028516755457101686
855.8558558558559	0.002660562286965738
856.7567567567568	0.003910901944290821
857.6576576576576	0.003566774342702152
858.5585585585586	0.0034729471311323343
859.4594594594595	0.0031221108844715563
860.3603603603603	0.0029398336806653437
861.2612612612613	0.0031729416891081866
862.1621621621622	0.0036773034728798944
863.063063063063	0.00427000171774479
863.9639639639639	0.002450925076564727
864.8648648648649	0.002959120435817928
865.7657657657658	0.0034932447845196215
866.6666666666666	0.0030597352731200765
867.5675675675676	0.004241793973915769
868.4684684684685	0.0030060349313883305
869.3693693693693	0.0020901408909318572
870.2702702702703	0.00319426026771611
871.1711711711712	0.0030135717165301347
872.072072072072	0.0028763264810373846
872.972972972973	0.00273126415674655
873.8738738738739	0.004976664079467648
874.7747747747748	0.0031716559349384095
875.6756756756757	0.0029806686857586657
876.5765765765766	0.0020721404828160325
877.4774774774775	0.0024807287773214353
878.3783783783784	0.0034861188931768574
879.2792792792793	0.003842319648327994
880.1801801801802	0.00307994303670723
881.081081081081	0.0031772657284296654
881.981981981982	0.0025593831000985034
882.8828828828829	0.0029211682905856805
883.7837837837837	0.003736319339913403
884.6846846846847	0.0031825827339328713
885.5855855855856	0.003807121756383343
886.4864864864865	0.003735726561015327
887.3873873873874	0.0026081230632513685
888.2882882882883	0.0039923187078707125
889.1891891891892	0.002078205357486679
890.0900900900901	0.0027057074582700433
890.990990990991	0.0027806044273196366
891.8918918918919	0.003640508498384619
892.7927927927929	0.003379779391890126
893.6936936936937	0.002167378474012489
894.5945945945946	0.0033744539202951755
895.4954954954956	0.0028510246747812814
896.3963963963964	0.0029661845780000707
897.2972972972973	0.0030882905227859626
898.1981981981982	0.003057176413480986
899.0990990990991	0.003226579632506597
900.0	0.0034161918715434783
900.9009009009009	0.003519588136105615
901.8018018018018	0.002914777278464164
902.7027027027027	0.0025671098916457222
903.6036036036036	0.002662876593599352
904.5045045045046	0.00226949596766606
905.4054054054054	0.0028705865447193166
906.3063063063063	0.0024793879337220827
907.2072072072073	0.002116020129644038
908.1081081081081	0.003445210456961966
909.009009009009	0.0032654858628961263
909.90990990991	0.002450091506475124
910.8108108108108	0.0029506956895796314
911.7117117117117	0.003254068068073054
912.6126126126127	0.003677699120582078
913.5135135135135	0.002990415493421538
914.4144144144144	0.004495922036614738
915.3153153153153	0.0035780556000508347
916.2162162162163	0.0023352877220291623
917.1171171171171	0.003152787237431162
918.018018018018	0.003122257329666799
918.918918918919	0.0022687211343307735
919.8198198198198	0.003480051174502289
920.7207207207207	0.003105197709996534
921.6216216216217	0.002724730929119464
922.5225225225225	0.00424230448267315
923.4234234234234	0.001334275560801596
924.3243243243244	0.0033825563397791463
925.2252252252252	0.003555395718021286
926.1261261261261	0.0023053091487776865
927.0270270270271	0.0020946528795502827
927.927927927928	0.0038080218593791212
928.8288288288288	0.003735638622424583
929.7297297297298	0.0035929687144460897
930.6306306306307	0.0027261009193246324
931.5315315315315	0.003200644037570329
932.4324324324324	0.003563539204752691
933.3333333333334	0.0037352720367649244
934.2342342342342	0.004677191549995932
935.1351351351351	0.004193394347901017
936.0360360360361	0.003730104560297659
936.936936936937	0.003397170684890343
937.8378378378378	0.002452776610142329
938.7387387387388	0.003223038244663485
939.6396396396397	0.0031537679896891414
940.5405405405405	0.002728563915385285
941.4414414414415	0.0032284532129441997
942.3423423423424	0.0024691510820392852
943.2432432432432	0.0023018444602582416
944.1441441441442	0.0027267065807129284
945.0450450450451	0.003705452382763742
945.9459459459459	0.0033550757516688243
946.8468468468469	0.002679372143788254
947.7477477477478	0.002990752880244121
948.6486486486486	0.0023744941298268684
949.5495495495495	0.004616317778455694
950.4504504504505	0.004190617086282325
951.3513513513514	0.0032143782587338086
952.2522522522522	0.0046577871817697096
953.1531531531532	0.003988733616669398
954.0540540540541	0.0028650904842120904
954.9549549549549	0.005272929148823423
955.8558558558559	0.0027250689259484145
956.7567567567568	0.002883037325528281
957.6576576576576	0.0032291390467820424
958.5585585585586	0.0029053521368225537
959.4594594594595	0.0035043225426483414
960.3603603603603	0.003883009338823802
961.2612612612613	0.003163701551390889
962.1621621621622	0.0026405752054196904
963.063063063063	0.003763521136098532
963.9639639639639	0.002636662133090831
964.8648648648649	0.002879761832269975
965.7657657657658	0.0034725474632641704
966.6666666666666	0.003160305232324116
967.5675675675676	0.002952150937779761
968.4684684684685	0.002421676456795537
969.3693693693693	0.002522525133964388
970.2702702702703	0.0033521398289094
971.1711711711712	0.003763660949574105
972.072072072072	0.003251561246096356
972.972972972973	0.0026067402514479104
973.8738738738739	0.0030270611059169156
974.7747747747748	0.004187451487668614
975.6756756756757	0.0032360594174236264
976.5765765765766	0.0028946799684120596
977.4774774774775	0.003817523817848313
978.3783783783784	0.0023795250862675863
979.2792792792793	0.0030450127513514595
980.1801801801802	0.003610859992495565
981.081081081081	0.0030887363341020268
981.981981981982	0.003369315166927952
982.8828828828829	0.00360309464681862
983.7837837837837	0.003527192905382532
984.6846846846847	0.0030291035544608253
985.5855855855856	0.0020146858285446908
986.4864864864865	0.003225023472427411
987.3873873873874	0.0033432201694029566
988.2882882882883	0.003116070806880264
989.1891891891892	0.003287460208288243
990.0900900900901	0.0038099341538189585
990.990990990991	0.003922952255841683
991.8918918918919	0.0035145184029940833
992.7927927927929	0.0038090481629835917
993.6936936936937	0.003997022280446609
994.5945945945946	0.0030852120788526587
995.4954954954956	0.0032418756011962403
996.3963963963964	0.0029341401053160593
997.2972972972973	0.002406027803785088
998.1981981981982	0.0024202331527764273
999.0990990990991	0.003812858184340685
1000.0	0.002898935137857621
