0.0	1.0000000000000004
0.0001	0.9999999064134453
0.0002	0.99999962563826
0.00030000000000000003	0.9999991576565657
0.0004	0.9999985024505635
0.0005	0.9999976600025611
0.0006000000000000001	0.999996630294982
0.0007	0.9999954133103527
0.0008	0.9999940090313154
0.0009000000000000001	0.9999924174406016
0.001	0.999990638521073
0.0011	0.9999886722556812
0.0012000000000000001	0.9999865186274912
0.0013000000000000002	0.9999841776196615
0.0014	0.9999816492154735
0.0015	0.9999789333983103
0.0016	0.9999760301516548
0.0017000000000000001	0.9999729394591073
0.0018000000000000002	0.9999696613043751
0.0019	0.9999661956712679
0.002	0.9999625425436882
0.0021000000000000003	0.9999587019056645
0.0022	0.9800555760820527
0.0023	0.9800514442681979
0.0024000000000000002	0.980047128629017
0.0025	0.9800426291492612
0.0026000000000000003	0.9800379458138009
0.0027	0.980033078607602
0.0028	0.9800280275157371
0.0029000000000000002	0.9800227925233971
0.003	0.980017373615859
0.0031000000000000003	0.9800117707785099
0.0032	0.9800059839968509
0.0033	0.9800000132564759
0.0034000000000000002	0.9799938585430978
0.0035	0.9799875198425244
0.0036000000000000003	0.9799809971406594
0.0037	0.9799742904235429
0.0038	0.9799673996772906
0.0039000000000000003	0.9799603248881313
0.004	0.9799530660424031
0.0041	0.9799456231265458
0.004200000000000001	0.9799379961271071
0.0043	0.979930185030737
0.0044	0.9799221898241975
0.0045000000000000005	0.9799140104943482
0.0046	0.9799056470281635
0.0047	0.9798970994127025
0.0048000000000000004	0.9798883676351559
0.0049	0.9798794516828019
0.005	0.9798703515430248
0.0051	0.9798610672033323
0.005200000000000001	0.9798515986513182
0.0053	0.9798419458746893
0.0054	0.9798321088612598
0.0055000000000000005	0.9798220875989411
0.0056	0.9798118820757579
0.0057	0.9798014922798446
0.0058000000000000005	0.9797909181994199
0.0059	0.9797801598228449
0.006	0.9797692171385474
0.0061	0.9797580901350834
0.006200000000000001	0.9797467788011115
0.0063	0.9797352831253985
0.0064	0.9797236030967963
0.006500000000000001	0.9797117387042942
0.0066	0.9796996899369731
0.0067	0.9796874567840035
0.0068000000000000005	0.9796750392346856
0.006900000000000001	0.9796624372784267
0.007	0.9796496509047102
0.0071	0.9796366801031625
0.007200000000000001	0.9796235248634856
0.0073	0.9796101851755059
0.0074	0.9795966610291488
0.007500000000000001	0.9795829524144525
0.0076	0.9795690593215534
0.0077	0.9795549817406937
0.0078000000000000005	0.9795407196622246
0.0079	0.9795262730766008
0.008	0.9795116419743832
0.0081	0.9794968263462588
0.0082	0.9794818261829865
0.0083	0.9794666414754397
0.008400000000000001	0.9794512722146304
0.0085	0.9794357183916326
0.0086	0.9794199799976605
0.008700000000000001	0.9794040570240029
0.0088	0.9597022620184479
0.0089	0.959686297331997
0.009000000000000001	0.9596701517509951
0.0091	0.9596538252673276
0.0092	0.9596373178730008
0.009300000000000001	0.9596206295601153
0.0094	0.9596037603208941
0.0095	0.9595867101476354
0.009600000000000001	0.9595694790327715
0.0097	0.9595520669688079
0.0098	0.9595344739483891
0.0099	0.9595166999642458
0.01	0.9594987450091956
0.010100000000000001	0.9594806090761994
0.0102	0.9594622921582877
0.0103	0.9594437942486117
0.010400000000000001	0.9594251153404326
0.0105	0.9594062554270976
0.0106	0.9593872145020745
0.010700000000000001	0.9593679925589248
0.0108	0.9593485895913242
0.0109	0.9593290055930368
0.011000000000000001	0.9593092405579625
0.0111	0.9592892944800695
0.0112	0.9592691673534564
0.011300000000000001	0.9592488591723061
0.0114	0.9592283699309203
0.0115	0.9592076996237064
0.011600000000000001	0.9591868482451599
0.0117	0.959165815789906
0.0118	0.9591446022526492
0.0119	0.959123207628218
0.012	0.9591016319115442
0.012100000000000001	0.959079875097636
0.0122	0.9590579371816474
0.0123	0.9590358181588037
0.012400000000000001	0.9590135180244599
0.0125	0.9589910367740669
0.0126	0.9589683744031661
0.012700000000000001	0.9589455309074263
0.0128	0.9589225062826084
0.0129	0.958899300524573
0.013000000000000001	0.9588759136293019
0.0131	0.9588523455928649
0.0132	0.9588285964114545
0.013300000000000001	0.9588046660813426
0.0134	0.9587805545989344
0.0135	0.9587562619607201
0.013600000000000001	0.958731788163305
0.0137	0.9587071332033966
0.013800000000000002	0.9586822970777987
0.013900000000000001	0.9586572797834326
0.014	0.9586320813173276
0.014100000000000001	0.9586067016765911
0.0142	0.9585811408584713
0.0143	0.9585553988603017
0.014400000000000001	0.958529475679515
0.0145	0.9585033713136574
0.0146	0.9584770857603914
0.014700000000000001	0.9584506190174612
0.0148	0.9584239710827329
0.0149	0.9583971419541772
0.015000000000000001	0.9583701316298671
0.0151	0.9583429401079634
0.0152	0.9583155673867605
0.015300000000000001	0.9582880134646401
0.0154	0.9582602783400994
0.0155	0.9582323620117242
0.015600000000000001	0.9582042644782297
0.015700000000000002	0.9581759857384157
0.0158	0.9581475257911927
0.0159	0.9581188846355759
0.016	0.9580900622707023
0.0161	0.9580610586957821
0.0162	0.9580318739101669
0.016300000000000002	0.9580025079132767
0.0164	0.9579729607046622
0.0165	0.9579432322839692
0.0166	0.9579133226509569
0.0167	0.9578832318054863
0.016800000000000002	0.9578529597475194
0.016900000000000002	0.9578225064771106
0.017	0.9577918719944655
0.0171	0.9577610562998369
0.0172	0.9577300593936175
0.0173	0.9576988812763079
0.017400000000000002	0.9576675219484955
0.0175	0.9576359814108798
0.0176	0.957604259664277
0.0177	0.9575723567095976
0.0178	0.9575402725478476
0.0179	0.9575080071801618
0.018000000000000002	0.9574755606077688
0.0181	0.9574429328319889
0.0182	0.9574101238542776
0.0183	0.9573771336761727
0.0184	0.9573439622993261
0.018500000000000003	0.9573106097254945
0.018600000000000002	0.9572770759565356
0.0187	0.9572433609944107
0.0188	0.9572094648411965
0.0189	0.9571753874990802
0.019	0.9571411289703244
0.019100000000000002	0.957106689257343
0.019200000000000002	0.9570720683626057
0.0193	0.9570372662887219
0.0194	0.957002283038397
0.0195	0.9569671186144426
0.0196	0.9569317730197733
0.019700000000000002	0.9568962462574102
0.0198	0.9568605383304741
0.0199	0.95682464924221
0.02	0.9567885789959446
0.0201	0.9567523275951338
0.020200000000000003	0.95671589504331
0.020300000000000002	0.9566792813441474
0.0204	0.9566424865013893
0.0205	0.9566055105189096
0.0206	0.9565683534006841
0.0207	0.9565310151507778
0.020800000000000003	0.9564934957733898
0.020900000000000002	0.9564557952727945
0.021	0.9564179136533901
0.0211	0.9563798509196817
0.0212	0.9563416070762638
0.0213	0.9563031821278629
0.021400000000000002	0.9562645760792843
0.021500000000000002	0.9562257889354475
0.0216	0.9561868207013979
0.0217	0.9561476713822509
0.0218	0.9561083409832515
0.0219	0.9560688295097434
0.022000000000000002	0.9560291369671867
0.0221	0.9559892633611257
0.0222	0.9559492086972396
0.0223	0.9559089729812695
0.0224	0.9558685562191103
0.022500000000000003	0.9558279584167408
0.022600000000000002	0.9557871795802416
0.0227	0.9557462197157963
0.0228	0.9557050788297125
0.0229	0.9556637569283897
0.023	0.9556222540183322
0.023100000000000002	0.95558057010615
0.023200000000000002	0.9555387051985794
0.0233	0.9554966593024291
0.0234	0.9554544324246338
0.0235	0.9554120245722385
0.0236	0.9553694357523783
0.023700000000000002	0.9553266659723088
0.0238	0.9552837152393753
0.0239	0.955240583561039
0.024	0.9551972709448718
0.0241	0.9551537773985322
0.024200000000000003	0.9551101029298202
0.024300000000000002	0.9550662475465959
0.0244	0.9550222112568684
0.0245	0.9549779940687106
0.0246	0.9549335959903498
0.0247	0.9548890170300671
0.024800000000000003	0.9548442571962852
0.024900000000000002	0.9547993164975292
0.025	0.9547541949424065
0.0251	0.9547088925396666
0.0252	0.9546634092981244
0.0253	0.9546177452267361
0.025400000000000002	0.9545719003345529
0.025500000000000002	0.9545258746307106
0.0256	0.9544796681244795
0.0257	0.9544332808252134
0.0258	0.9543867127424015
0.025900000000000003	0.9543399638856047
0.026000000000000002	0.9542930342645155
0.0261	0.9542459238889132
0.0262	0.9541986327686954
0.0263	0.9541511609138652
0.0264	0.9541035083345226
0.026500000000000003	0.954055675040881
0.026600000000000002	0.9540076610432666
0.0267	0.953959466352082
0.0268	0.9539110909778731
0.0269	0.9538625349312694
0.027	0.9538137982230205
0.027100000000000003	0.9537648808639588
0.027200000000000002	0.9537157828650388
0.0273	0.9536665042373282
0.0274	0.9536170449919911
0.0275	0.9535674051402856
0.027600000000000003	0.9535175846935943
0.027700000000000002	0.953467583663399
0.027800000000000002	0.9534174020612932
0.0279	0.953367039898964
0.028	0.9533164971882093
0.0281	0.9532657739409358
0.028200000000000003	0.953214870169156
0.028300000000000002	0.9531637858849886
0.0284	0.953112521100649
0.0285	0.9530610758284724
0.0286	0.9530094500808981
0.0287	0.9529576438704535
0.028800000000000003	0.9529056572098039
0.028900000000000002	0.95285349011168
0.029	0.9528011425889471
0.0291	0.9527486146545707
0.0292	0.9526959063216207
0.029300000000000003	0.9526430176032747
0.029400000000000003	0.9525899485128184
0.029500000000000002	0.952536699063627
0.0296	0.9524832692691976
0.0297	0.9524296591431269
0.0298	0.9523758686991303
0.029900000000000003	0.952321897951006
0.030000000000000002	0.9522677469126744
0.030100000000000002	0.9522134155981651
0.0302	0.9521589040216015
0.0303	0.9521042121972041
0.0304	0.9520493401393388
0.030500000000000003	0.9519942878624303
0.030600000000000002	0.9519390553810319
0.0307	0.9518836427098066
0.0308	0.9518280498635201
0.0309	0.9517722768570336
0.031	0.9517163237053315
0.031100000000000003	0.9516601904234886
0.031200000000000002	0.9516038770266866
0.0313	0.9515473835302167
0.031400000000000004	0.9514907099494885
0.0315	0.9514338562999912
0.0316	0.9513768225973509
0.0317	0.9513196088572708
0.0318	0.9512622150955705
0.031900000000000005	0.9512046413281844
0.032	0.9511468875711344
0.032100000000000004	0.9510889538405738
0.0322	0.9510308401527313
0.0323	0.9509725465239712
0.0324	0.9509140729707366
0.0325	0.9508554195095996
0.032600000000000004	0.950796586157211
0.0327	0.950737572930368
0.0328	0.9506783798459255
0.0329	0.9506190069208754
0.033	0.9505594541723158
0.033100000000000004	0.9504997216174358
0.0332	0.9504398092735364
0.0333	0.9503797171580254
0.0334	0.9503194452884199
0.0335	0.9502589936823279
0.033600000000000005	0.9501983623574818
0.0337	0.930845920843611
0.033800000000000004	0.9307861684926109
0.0339	0.9307262401245904
0.034	0.9306661357573182
0.0341	0.9306058554086765
0.0342	0.9305453990966678
0.034300000000000004	0.9304847668393589
0.0344	0.9304239586549568
0.0345	0.930362974561753
0.0346	0.9303018145781464
0.0347	0.930240478722635
0.034800000000000005	0.9301789670138422
0.0349	0.9301172794704573
0.035	0.930055416111311
0.0351	0.9299933769553013
0.0352	0.9299311620214658
0.035300000000000005	0.9298687713289279
0.0354	0.9298062048968968
0.035500000000000004	0.9297434627447216
0.0356	0.9296805448918235
0.0357	0.9296174513577466
0.0358	0.9295541821621335
0.0359	0.9294907373247279
0.036000000000000004	0.9294271168653665
0.0361	0.9293633208040177
0.0362	0.929299349160718
0.0363	0.9292352019556409
0.0364	0.9291708792090351
0.036500000000000005	0.9291063809412683
0.0366	0.9290417071728141
0.0367	0.9289768579242352
0.0368	0.928911833216214
0.0369	0.9288466330695175
0.037000000000000005	0.9287812575050337
0.0371	0.9287157065437479
0.037200000000000004	0.9286499802067503
0.0373	0.928584078515221
0.0374	0.9285180014904616
0.0375	0.9284517491538615
0.0376	0.9283853215269319
0.037700000000000004	0.928318718631272
0.0378	0.9282519404885907
0.0379	0.928184987120693
0.038	0.9281178585494976
0.0381	0.9280505547970136
0.038200000000000005	0.9279830758853628
0.0383	0.9279154218367759
0.038400000000000004	0.9278475926735742
0.0385	0.9277795884181863
0.0386	0.9277114090931519
0.038700000000000005	0.9086149851771462
0.0388	0.9085478614746286
0.038900000000000004	0.9084805663603543
0.039	0.9084130998567951
0.0391	0.9083454619865188
0.0392	0.9082776527722156
0.0393	0.9082096722366462
0.039400000000000004	0.9081415204026997
0.0395	0.908073197293358
0.0396	0.9080047029316934
0.0397	0.9079360373408822
0.0398	0.9078672005442188
0.039900000000000005	0.9077981925650733
0.04	0.9077290134269435
0.040100000000000004	0.9076596631534021
0.0402	0.9075901417681281
0.0403	0.9075204492949289
0.040400000000000005	0.9074505857576741
0.0405	0.907380551180356
0.040600000000000004	0.907310345587064
0.0407	0.9072399690019834
0.0408	0.907169421449411
0.0409	0.9070987029537293
0.041	0.9070278135394366
0.041100000000000005	0.9069567532311235
0.0412	0.9068855220534805
0.0413	0.9068141200313045
0.0414	0.9067425471894878
0.0415	0.9066708035530221
0.041600000000000005	0.906598889147005
0.0417	0.9065268039966426
0.041800000000000004	0.9064545481272193
0.0419	0.9063821215641359
0.042	0.9063095243328966
0.042100000000000005	0.9062367564590924
0.0422	0.9061638179684209
0.042300000000000004	0.9060907088866943
0.0424	0.9060174292398047
0.0425	0.9059439790537532
0.0426	0.905870358354649
0.0427	0.9057965671686798
0.042800000000000005	0.905722605522166
0.0429	0.9056484734414939
0.043000000000000003	0.9055741709531812
0.0431	0.9054996980838148
0.0432	0.9054250548601246
0.043300000000000005	0.9053502413088934
0.0434	0.9052752574570321
0.043500000000000004	0.9052001033315515
0.0436	0.9051247789595593
0.0437	0.9050492843682558
0.0438	0.904973619584956
0.0439	0.9048977846370577
0.044000000000000004	0.9048217795520738
0.0441	0.9047456043576081
0.0442	0.9046692590813739
0.0443	0.9045927437511762
0.0444	0.9045160583949253
0.044500000000000005	0.9044392030406401
0.0446	0.9043621777164106
0.044700000000000004	0.90428498245046
0.0448	0.904207617271089
0.0449	0.9041300822067172
0.045000000000000005	0.9040523772858504
0.0451	0.9039745025371047
0.045200000000000004	0.9038964579891785
0.0453	0.9038182436708927
0.0454	0.9037398596111476
0.0455	0.9036613058389629
0.0456	0.9035825823834491
0.045700000000000005	0.9035036892738187
0.0458	0.9034246265393729
0.0459	0.9033453942095262
0.046	0.9032659923137925
0.0461	0.9031864208817852
0.046200000000000005	0.9031066799432179
0.0463	0.903026769527886
0.046400000000000004	0.9029466896657146
0.0465	0.9028664403867053
0.0466	0.9027860217209748
0.046700000000000005	0.9027054336987349
0.0468	0.9026246763502958
0.046900000000000004	0.9025437497060538
0.047	0.9024626537965367
0.0471	0.9023813886523518
0.0472	0.9022999543041955
0.0473	0.9022183507828878
0.047400000000000005	0.9021365781193401
0.0475	0.9020546363445612
0.0476	0.9019725254896458
0.0477	0.9018902455858178
0.0478	0.9018077966643746
0.047900000000000005	0.8830370813160673
0.048	0.8829560101970345
0.048100000000000004	0.8828747736558259
0.0482	0.882793371723468
0.0483	0.8827118044311267
0.048400000000000006	0.8826300718100326
0.0485	0.8825481738915381
0.048600000000000004	0.8824661107070761
0.0487	0.8823838822881878
0.0488	0.8823014886665068
0.0489	0.8822189298737598
0.049	0.8821362059417778
0.049100000000000005	0.8820533169024827
0.0492	0.8819702627879126
0.049300000000000004	0.8818870436301726
0.0494	0.8818036594614936
0.0495	0.8817201103141818
0.049600000000000005	0.8816363962206583
0.0497	0.8815525172134242
0.049800000000000004	0.881468473325089
0.0499	0.8813842645883629
0.05	0.8812998910360381
0.050100000000000006	0.8812153527010259
0.0502	0.8811306496163052
0.050300000000000004	0.8810457818149898
0.0504	0.8809607493302489
0.0505	0.8808755521953889
0.0506	0.8807901904437843
0.0507	0.8807046641089082
0.050800000000000005	0.8806189732243582
0.0509	0.8805331178237887
0.051000000000000004	0.8804470979409973
0.0511	0.8803609136098274
0.0512	0.8802745648642563
0.051300000000000005	0.880188051738345
0.0514	0.880101374266257
0.051500000000000004	0.880014532482249
0.0516	0.8799275264206762
0.0517	0.8798403561159832
0.051800000000000006	0.8797530216027144
0.0519	0.8796655229155218
0.052000000000000005	0.8795778600891433
0.0521	0.8794900331584239
0.0522	0.8794020421582769
0.0523	0.8793138871237604
0.0524	0.879225568089978
0.052500000000000005	0.8791370850921689
0.0526	0.879048438165647
0.052700000000000004	0.8789596273458291
0.0528	0.8788706526682272
0.0529	0.8787815141684592
0.053000000000000005	0.8786922118822308
0.0531	0.878602745845346
0.053200000000000004	0.8785131160936988
0.0533	0.860027532642583
0.0534	0.8599394594350392
0.053500000000000006	0.8598512260472244
0.0536	0.859762832514673
0.053700000000000005	0.8596742788730111
0.0538	0.8595855651579402
0.0539	0.8594966914052788
0.054	0.8594076576509304
0.0541	0.8593184639308795
0.054200000000000005	0.8592291102812285
0.0543	0.8591395967381608
0.054400000000000004	0.8590499233379558
0.0545	0.8589600901169898
0.0546	0.8588700971117237
0.054700000000000006	0.8587799443587268
0.0548	0.858689631894653
0.054900000000000004	0.85859915975625
0.055	0.8585085279803617
0.0551	0.8584177366039222
0.055200000000000006	0.8583267856639809
0.0553	0.8582356751976425
0.055400000000000005	0.8581444052421451
0.0555	0.8580529758347912
0.055600000000000004	0.8579613870129892
0.0557	0.8578696388142449
0.0558	0.8577777312761488
0.055900000000000005	0.8576856644363982
0.056	0.8575934383327624
0.056100000000000004	0.8575010530031277
0.0562	0.8574085084854677
0.0563	0.857315804817841
0.056400000000000006	0.8572229420384107
0.0565	0.857129920185419
0.056600000000000004	0.8570367392972162
0.0567	0.856943399412237
0.0568	0.8568499005690254
0.056900000000000006	0.8567562428061889
0.057	0.856662426162459
0.057100000000000005	0.8565684506766493
0.0572	0.8564743163876645
0.057300000000000004	0.8563800233344924
0.0574	0.8562855715562406
0.0575	0.8561909610920982
0.057600000000000005	0.8560961919813284
0.0577	0.8560012642633128
0.057800000000000004	0.8559061779775161
0.0579	0.8558109331635035
0.058	0.8557155298609243
0.058100000000000006	0.8556199681095249
0.0582	0.855524247949137
0.058300000000000005	0.8554283694197063
0.0584	0.8553323325612441
0.0585	0.855236137413885
0.058600000000000006	0.8551397840178274
0.0587	0.8550432724133795
0.058800000000000005	0.8549466026409399
0.0589	0.8548497747410035
0.059000000000000004	0.8547527887541396
0.0591	0.8546556447210463
0.0592	0.8545583426824682
0.059300000000000005	0.8544608826792921
0.0594	0.8543632647524582
0.059500000000000004	0.8542654889430187
0.0596	0.8541675552921192
0.0597	0.8540694638409776
0.059800000000000006	0.8539712146309395
0.0599	0.8538728077034154
0.060000000000000005	0.8537742430999085
0.0601	0.8536755208620365
0.060200000000000004	0.8535766410314884
0.0603	0.8534776036500585
0.0604	0.8533784087596246
0.060500000000000005	0.8532790564021675
0.0606	0.8531795466197437
0.060700000000000004	0.8530798794545218
0.0608	0.8529800549487564
0.0609	0.8528800731447791
0.061000000000000006	0.8527799340850329
0.0611	0.852679637812052
0.061200000000000004	0.852579184368458
0.0613	0.8524785737969526
0.0614	0.8523778061403487
0.061500000000000006	0.8522768814415523
0.0616	0.8521757997435435
0.061700000000000005	0.8520745610894048
0.0618	0.8519731655223207
0.061900000000000004	0.8518716130855438
0.062	0.851769903822447
0.0621	0.8516680377764712
0.062200000000000005	0.8515660149911668
0.0623	0.8514638355101546
0.062400000000000004	0.8513614993771835
0.0625	0.8512590066360554
0.0626	0.8511563573306793
0.0627	0.8510535515050763
0.06280000000000001	0.8509505892033219
0.0629	0.850847470469604
0.063	0.8507441953482094
0.0631	0.850640763883507
0.0632	0.8505371761199494
0.06330000000000001	0.8504334321020917
0.0634	0.8503295318745905
0.0635	0.85022547548217
0.0636	0.8501212629696582
0.0637	0.8320276281636487
0.06380000000000001	0.8319253156443958
0.0639	0.8318228504412564
0.064	0.8317202325984836
0.0641	0.8316174621603909
0.06420000000000001	0.8315145391713935
0.06430000000000001	0.8314114636760097
0.0644	0.8135267556946527
0.0645	0.8134255866012889
0.0646	0.8133242683947853
0.06470000000000001	0.8132228011190554
0.0648	0.7955407058475956
0.0649	0.7954411408308442
0.065	0.7953414300972613
0.0651	0.7952415736901414
0.06520000000000001	0.7951415716528618
0.0653	0.7950414240288923
0.0654	0.7949411308617834
0.0655	0.7948406921951695
0.0656	0.7947401080727803
0.06570000000000001	0.7946393785384144
0.0658	0.7945385036359637
0.0659	0.7944374834094181
0.066	0.7943363179028248
0.0661	0.7942350071603337
0.06620000000000001	0.7941335512261853
0.0663	0.7940319501446859
0.0664	0.7939302039602484
0.0665	0.7938283127173571
0.0666	0.7937262764605795
0.06670000000000001	0.7936240952345746
0.0668	0.793521769084083
0.0669	0.7934192980539361
0.067	0.7933166821890402
0.0671	0.7932139215343907
0.06720000000000001	0.7931110161350651
0.0673	0.7930079660362406
0.0674	0.7929047712831608
0.0675	0.7928014319211538
0.06760000000000001	0.7926979479956411
0.06770000000000001	0.792594319552136
0.0678	0.7924905466362161
0.0679	0.7923866292935506
0.068	0.7922825675699121
0.06810000000000001	0.7921783615111258
0.0682	0.792074011163123
0.0683	0.7919695165719145
0.0684	0.7918648777835915
0.0685	0.7917600948443346
0.06860000000000001	0.791655167800402
0.0687	0.7915500966981461
0.0688	0.791444881583997
0.0689	0.7913395225044684
0.069	0.7912340195061566
0.06910000000000001	0.7911283726357443
0.0692	0.7910225819399995
0.0693	0.7909166474657793
0.0694	0.7908105692600047
0.0695	0.7907043473697084
0.06960000000000001	0.790597981841985
0.0697	0.7904914727240256
0.0698	0.7903848200630934
0.0699	0.7902780239065496
0.07	0.7901710843018284
0.07010000000000001	0.7900640012964462
0.0702	0.7899567749380199
0.0703	0.7898494052742264
0.0704	0.7897418923528415
0.07050000000000001	0.7896342362217265
0.07060000000000001	0.7895264369288134
0.0707	0.7894184945221253
0.0708	0.7893104090497669
0.0709	0.7892021805599311
0.07100000000000001	0.7890938091008921
0.0711	0.788985294721007
0.0712	0.7888766374687068
0.0713	0.7887678373925207
0.0714	0.7886588945410503
0.07150000000000001	0.7885498089629893
0.0716	0.7884405807071103
0.0717	0.7883312098222544
0.0718	0.788221696357381
0.0719	0.7881120403614984
0.07200000000000001	0.7880022418837125
0.0721	0.7878923009732136
0.0722	0.7877822176792688
0.0723	0.7876719920512333
0.0724	0.7875616241385387
0.07250000000000001	0.7874511139907092
0.0726	0.787340461657342
0.0727	0.7872296671881247
0.0728	0.7871187306328162
0.0729	0.7870076520412761
0.07300000000000001	0.7868964314634295
0.0731	0.7867850689492965
0.0732	0.7866735645489693
0.0733	0.7865619183126334
0.0734	0.7864501302905441
0.07350000000000001	0.7863382005330535
0.0736	0.7862261290905791
0.0737	0.786113916013637
0.0738	0.7860015613528106
0.07390000000000001	0.7858890651587848
0.07400000000000001	0.7857764274823136
0.0741	0.7856636483742274
0.0742	0.785550727885457
0.0743	0.7854376660669968
0.07440000000000001	0.7853244629699315
0.0745	0.7852111186454358
0.0746	0.7850976331447482
0.0747	0.7849840065192053
0.0748	0.7848702388202221
0.07490000000000001	0.784756330099289
0.075	0.7846422804079758
0.0751	0.784528089797951
0.0752	0.7844137583209542
0.0753	0.7842992860288007
0.07540000000000001	0.7841846729733972
0.0755	0.7840699192067255
0.0756	0.7839550247808614
0.0757	0.7838399897479357
0.0758	0.7837248141601989
0.07590000000000001	0.7836094980699461
0.076	0.7834940415295704
0.0761	0.7833784445915609
0.0762	0.783262707308451
0.0763	0.783146829732899
0.07640000000000001	0.7830308119176087
0.0765	0.7829146539153803
0.0766	0.7827983557790995
0.0767	0.78268191756172
0.07680000000000001	0.782565339316296
0.07690000000000001	0.7824486210959409
0.077	0.7823317629538628
0.0771	0.7822147649433512
0.0772	0.7820976271177625
0.07730000000000001	0.7819803495305585
0.07740000000000001	0.7818629322352558
0.0775	0.7817453752854706
0.0776	0.7816276787348883
0.0777	0.7815098426372784
0.07780000000000001	0.7813918670465052
0.0779	0.7812737520164814
0.078	0.7811554976012344
0.0781	0.7810371038548594
0.0782	0.7809185708315172
0.07830000000000001	0.7807998985854693
0.0784	0.7806810871710526
0.0785	0.7805621366426756
0.0786	0.7804430470548421
0.0787	0.780323818462129
0.07880000000000001	0.7802044509191848
0.0789	0.7800849444807467
0.079	0.7629173923715155
0.0791	0.7628002264584525
0.0792	0.7626829248468646
0.07930000000000001	0.7625654875905977
0.0794	0.7624479147436051
0.0795	0.762330206359877
0.0796	0.762212362493511
0.07970000000000001	0.7620943831986691
0.07980000000000001	0.7619762685296017
0.0799	0.7618580185406261
0.08	0.7617396332861485
0.0801	0.7616211128206472
0.08020000000000001	0.7615024571986752
0.08030000000000001	0.7613836664748656
0.0804	0.7612647407039352
0.0805	0.7611456799406762
0.0806	0.7610264842399559
0.08070000000000001	0.7609071536567134
0.08080000000000001	0.760787688245982
0.0809	0.760668088062859
0.081	0.7605483531625145
0.0811	0.7604284836002231
0.08120000000000001	0.7603084794312996
0.0813	0.7601883407111736
0.0814	0.7600680674953205
0.0815	0.7599476598393136
0.0816	0.7598271177987891
0.08170000000000001	0.7597064414294754
0.0818	0.7595856307871706
0.0819	0.7594646859277482
0.082	0.7593436069071585
0.0821	0.7592223937814321
0.08220000000000001	0.7591010466066812
0.0823	0.7589795654390812
0.0824	0.7588579503348959
0.0825	0.75873620135047
0.0826	0.7586143185422076
0.08270000000000001	0.758492301966609
0.0828	0.7583701516802365
0.0829	0.7582478677397331
0.083	0.758125450201833
0.08310000000000001	0.7580028991233198
0.08320000000000001	0.7578802145610803
0.0833	0.7577573965720665
0.0834	0.7576344452132955
0.0835	0.7575113605418834
0.08360000000000001	0.7573881426150062
0.08370000000000001	0.75726479148992
0.0838	0.7571413072239627
0.0839	0.7570176898745489
0.084	0.756893939499154
0.08410000000000001	0.7567700561553514
0.08420000000000001	0.756646039900778
0.0843	0.7565218907931472
0.0844	0.7563976088902481
0.0845	0.7562731942499547
0.08460000000000001	0.7561486469302057
0.0847	0.7560239669890189
0.0848	0.7558991544844996
0.0849	0.7557742094748067
0.085	0.7556491320181974
0.08510000000000001	0.7555239221729875
0.0852	0.7553985799975795
0.0853	0.7552731055504491
0.0854	0.7551474988901455
0.0855	0.7550217600752908
0.08560000000000001	0.7548958891645875
0.0857	0.754769886216817
0.0858	0.7546437512908253
0.0859	0.7545174844455402
0.08600000000000001	0.7543910857399689
0.08610000000000001	0.7542645552331912
0.0862	0.7541378929843545
0.0863	0.7540110990526923
0.0864	0.7538841734975074
0.08650000000000001	0.7537571163781781
0.08660000000000001	0.7536299277541556
0.0867	0.7535026076849756
0.0868	0.753375156230236
0.0869	0.753247573449625
0.08700000000000001	0.7531198594028832
0.08710000000000001	0.7529920141498526
0.0872	0.752864037750433
0.0873	0.752735930264597
0.0874	0.7526076917524065
0.08750000000000001	0.7524793222739818
0.0876	0.752350821889529
0.0877	0.752222190659328
0.0878	0.7520934286437262
0.0879	0.751964535903148
0.08800000000000001	0.7518355124981001
0.0881	0.7517063584891539
0.0882	0.7515770739369553
0.0883	0.7514476589022371
0.0884	0.7513181134457864
0.08850000000000001	0.7511884376284815
0.0886	0.7510586315112665
0.0887	0.7509286951551641
0.0888	0.7507986286212598
0.0889	0.7506684319707315
0.08900000000000001	0.733952140048392
0.0891	0.733824566280353
0.0892	0.7336968654509864
0.0893	0.7335690376203956
0.08940000000000001	0.7334410828487626
0.08950000000000001	0.7333130011963317
0.0896	0.7331847927234298
0.0897	0.7330564574904455
0.0898	0.7329279955578446
0.08990000000000001	0.7327994069861662
0.09000000000000001	0.73267069183602
0.0901	0.7161727168574872
0.0902	0.7160466306107659
0.0903	0.6997419508581105
0.09040000000000001	0.6996184724256014
0.09050000000000001	0.6994948733302359
0.0906	0.6993711536303294
0.0907	0.699247313384283
0.0908	0.6991233526505586
0.09090000000000001	0.6989992714876913
0.091	0.6988750699542771
0.0911	0.6987507481089813
0.0912	0.6986263060105403
0.0913	0.6985017437177597
0.09140000000000001	0.6983770612895152
0.0915	0.6982522587847392
0.0916	0.6821706673805741
0.0917	0.6820484829192069
0.0918	0.6819261812990018
0.09190000000000001	0.6818037625778189
0.092	0.6816812268135822
0.0921	0.681558574064278
0.0922	0.6814358043879617
0.09230000000000001	0.6813129178427619
0.09240000000000001	0.6811899144868591
0.0925	0.6810667943785118
0.0926	0.6809435575760375
0.0927	0.6808202041378256
0.09280000000000001	0.6806967341223207
0.09290000000000001	0.6805731475880432
0.093	0.6804494445935813
0.0931	0.6803256251975729
0.0932	0.6802016894587417
0.09330000000000001	0.6800776374358593
0.09340000000000001	0.6799534691877782
0.0935	0.6798291847734017
0.0936	0.679704784251713
0.0937	0.6795802676817493
0.09380000000000001	0.6794556351226123
0.09390000000000001	0.6793308866334832
0.094	0.6792060222735955
0.0941	0.6790810421022495
0.0942	0.6632580737535182
0.09430000000000001	0.6631357571057623
0.0944	0.6630133274983536
0.0945	0.6628907849894803
0.0946	0.6627681296373853
0.0947	0.6626453615003897
0.09480000000000001	0.6625224806368644
0.0949	0.6623994871052441
0.095	0.662276380964038
0.0951	0.662153162271808
0.0952	0.6620298310871812
0.09530000000000001	0.6619063874688511
0.0954	0.6617828314755665
0.0955	0.6616591631661521
0.0956	0.6615353825994885
0.09570000000000001	0.6614114898345143
0.09580000000000001	0.6612874849302357
0.0959	0.6456980936334713
0.096	0.6455767704688888
0.0961	0.645455337961295
0.09620000000000001	0.6453337961685692
0.09630000000000001	0.6452121451486384
0.0964	0.6450903849594983
0.0965	0.6449685156592025
0.0966	0.6448465373058677
0.09670000000000001	0.6447244499576711
0.09680000000000001	0.6446022536728447
0.0969	0.6444799485096914
0.097	0.6443575345265736
0.0971	0.6442350117819005
0.09720000000000001	0.6441123803341624
0.09730000000000001	0.6439896402418929
0.0974	0.6438667915636993
0.0975	0.6437438343582426
0.0976	0.6436207686842488
0.09770000000000001	0.6434975946004962
0.0978	0.643374312165827
0.0979	0.6432509214391535
0.098	0.643127422479435
0.0981	0.6430038153456984
0.09820000000000001	0.6428801000970304
0.0983	0.6427562767925673
0.0984	0.6426323454915265
0.0985	0.642508306253171
0.09860000000000001	0.6423841591368216
0.09870000000000001	0.6422599042018686
0.0988	0.6421355415077538
0.0989	0.6420110711139897
0.099	0.6418864930801366
0.09910000000000001	0.641761807465819
0.09920000000000001	0.6456059687295149
0.0993	0.6454803659302758
0.0994	0.6453546551817566
0.0995	0.645228836544167
0.09960000000000001	0.6451029100777634
0.09970000000000001	0.6449768758428921
0.0998	0.6448507338999361
0.0999	0.6447244843093486
0.1	0.6445981271316413
0.1009	0.6282735096222098
0.1018	0.6271499575146967
0.1027	0.6260179884309061
0.10360000000000001	0.6248776464480081
0.10450000000000001	0.6237289760156461
0.10540000000000001	0.6225720219530033
0.1063	0.621406829445834
0.1072	0.6202334440434782
0.1081	0.6190519116558684
0.109	0.6178622785504616
0.1099	0.616664591349207
0.11080000000000001	0.6007636552024247
0.11170000000000001	0.5995789884432162
0.1126	0.5983865985746833
0.1135	0.5827553252641371
0.1144	0.5673509599358603
0.1153	0.5661940780547766
0.1162	0.5650300245753966
0.11710000000000001	0.5638588453488721
0.11800000000000001	0.5626805865290182
0.1189	0.561495294569233
0.1198	0.5603030162193892
0.1207	0.5591037985227182
0.12160000000000001	0.5578976888126626
0.1225	0.5566847347097257
0.12340000000000001	0.555464984118266
0.12430000000000001	0.5542384852233152
0.1252	0.5530052864873396
0.1261	0.538101810245038
0.127	0.5368862360125127
0.1279	0.5356642713303561
0.1288	0.5344359645107655
0.1297	0.5332013641205003
0.1306	0.5319605189776183
0.1315	0.5307134781482074
0.13240000000000002	0.5161847290945669
0.1333	0.5149570321714306
0.1342	0.5137234399347241
0.1351	0.5124840011545714
0.136	0.5112387648266956
0.13690000000000002	0.5099877801691556
0.1378	0.5087310966190164
0.1387	0.5074687638290678
0.1396	0.5062008316644694
0.1405	0.5049273501994146
0.1414	0.5036483697137927
0.1423	0.5023639406897863
0.1432	0.5010741138085205
0.1441	0.4997789399466474
0.14500000000000002	0.49847847017294794
0.1459	0.49717275574490977
0.1468	0.495861848105298
0.1477	0.4945457988786996
0.1486	0.49322465986809094
0.1495	0.49189848305135686
0.1504	0.49056732057782
0.1513	0.4892312247647545
0.1522	0.48789024809388293
0.1531	0.4865444432078902
0.154	0.48519386290689276
0.1549	0.4838385601449173
0.1558	0.48247858802636595
0.1567	0.4811139998024933
0.15760000000000002	0.4797448488678346
0.1585	0.47837118875666323
0.15940000000000001	0.47699307313941985
0.1603	0.4756105558191582
0.1612	0.474223690727935
0.1621	0.4728325319232689
0.163	0.4714371335845136
0.1639	0.47003755000928404
0.1648	0.4686338356098404
0.16570000000000001	0.4672260449095036
0.1666	0.46581423253901916
0.1675	0.4643984532329637
0.1684	0.4629787618261055
0.1693	0.4615552132497999
0.17020000000000002	0.4601278625283529
0.1711	0.4586967647753965
0.172	0.45726197519024475
0.1729	0.45582354905426736
0.1738	0.4543815417272619
0.17470000000000002	0.45293600864379424
0.1756	0.45148700530957375
0.1765	0.45003458729780477
0.1774	0.448578810245543
0.17830000000000001	0.4471197298500592
0.1792	0.44565740186518465
0.1801	0.4441918820976845
0.181	0.4427232264035932
0.1819	0.4412514906845912
0.18280000000000002	0.439776730884357
0.1837	0.42717049779375416
0.1846	0.4257274706055548
0.1855	0.424281659945472
0.1864	0.42573910647558527
0.18730000000000002	0.4242813794717004
0.1882	0.42282100674993484
0.1891	0.4213580432722804
0.19	0.41989254401354587
0.19090000000000001	0.41842456395812544
0.1918	0.4169541580963294
0.19269999999999998	0.41548138142086016
0.1936	0.414006288923348
0.1945	0.41252893559076226
0.19540000000000002	0.4110493764019165
0.1963	0.4095676663239642
0.1972	0.4080838603088962
0.1981	0.40659801329003703
0.199	0.4051101801785607
0.19990000000000002	0.39327689469338795
0.2008	0.3918235458381956
0.2017	0.3903684220363669
0.2026	0.38891157666866655
0.20350000000000001	0.3874530630773894
0.2044	0.38599293456299333
0.20529999999999998	0.38453124438074987
0.2062	0.3830680457374218
0.2071	0.381603391787921
0.20800000000000002	0.3801373356319927
0.2089	0.37866993031090956
0.2098	0.3772012288041673
0.2107	0.3757312840261909
0.2116	0.3742601488230673
0.21250000000000002	0.3727878759692681
0.2134	0.36864920469765405
0.2143	0.36718191165241687
0.2152	0.36571365714578924
0.21610000000000001	0.36424449337823706
0.217	0.362774472462459
0.21789999999999998	0.36130364642020385
0.2188	0.35983206717910693
0.2197	0.3583597865695283
0.22060000000000002	0.3595312677164144
0.2215	0.3580485610944954
0.2224	0.35656530452515856
0.2233	0.35508154968156347
0.2242	0.3535973481230188
0.2251	0.352112751292135
0.226	0.3506278105116502
0.2269	0.3491425769813876
0.2278	0.34765710177522224
0.22870000000000001	0.3461714358380434
0.2296	0.33574010106987023
0.2305	0.33684743395653816
0.2314	0.3353898844627586
0.2323	0.33393235378719444
0.2332	0.33247489112444967
0.2341	0.3310175455230636
0.23500000000000001	0.32092798182126364
0.2359	0.3195092404160303
0.2368	0.318090755466409
0.2377	0.316672574141885
0.2386	0.3152547434577694
0.2395	0.3138373102725346
0.2404	0.3124203212851413
0.24130000000000001	0.3110038230323992
0.2422	0.30958786188634557
0.2431	0.3081724840516297
0.244	0.3067577355629414
0.2449	0.30534366228242493
0.2458	0.30393030989713327
0.2467	0.30251772391650467
0.24760000000000001	0.3011059496698465
0.2485	0.2996950323038412
0.2494	0.30301992891487
0.25029999999999997	0.3015905671598857
0.2512	0.30016222239172474
0.2521	0.2987349394333363
0.253	0.29730876290981245
0.2539	0.295883737246214
0.2548	0.2944599066651321
0.25570000000000004	0.2930373151843501
0.2566	0.27636270961331627
0.2575	0.27501719210810316
0.25839999999999996	0.26627289005541976
0.2593	0.26496641900478896
0.2602	0.26366129053664117
0.2611	0.2623575440369756
0.262	0.26105521868851256
0.2629	0.25975435346869546
0.26380000000000003	0.2584549871477312
0.2647	0.2571571582866396
0.2656	0.2558609052353279
0.2665	0.25456626613069266
0.26739999999999997	0.25327327889472384
0.2683	0.2519819812326582
0.2692	0.2506924106311341
0.2701	0.24940460435637127
0.271	0.2413189228621533
0.27190000000000003	0.24007005269656997
0.27280000000000004	0.23218735919572833
0.2737	0.23097687310497728
0.2746	0.2297682280475603
0.27549999999999997	0.22856145796005628
0.2764	0.22735659655926085
0.2773	0.21978204801301965
0.2782	0.2186150463456448
0.2791	0.21315655380542606
0.28	0.21201822416994506
0.28090000000000004	0.21088186605054968
0.2818	0.20369465493176148
0.2827	0.2025951413599827
0.28359999999999996	0.20149763095171144
0.2845	0.2004021528785773
0.2854	0.19930873609626704
0.2863	0.1982174093433162
0.2872	0.19712820113990984
0.2881	0.19604113978670068
0.28900000000000003	0.19495625336366557
0.2899	0.19387356972896666
0.2908	0.19279311651784153
0.29169999999999996	0.19171492114151223
0.29259999999999997	0.19063901078611328
0.2935	0.18956541241164696
0.2944	0.18297682746402388
0.2953	0.18193935892614954
0.2962	0.18090421144733526
0.29710000000000003	0.1798714103018362
0.298	0.17884098053967765
0.2989	0.17781294698576236
0.2998	0.1767873342389983
0.30069999999999997	0.1757641666714453
0.3016	0.17474346842748045
0.3025	0.17372526342299516
0.3034	0.172709575344597
0.3043	0.17169642764884685
0.3052	0.1656172110295556
0.30610000000000004	0.15478999996220305
0.307	0.15387324218024795
0.3079	0.1529588837062816
0.30879999999999996	0.15200904088644426
0.3097	0.15110167749156964
0.3106	0.1501967569961911
0.3115	0.14929429909836772
0.3124	0.14839432328167054
0.3133	0.1474968488148569
0.31420000000000003	0.1420465143996161
0.3151	0.1411820038091013
0.316	0.14031997069235502
0.31689999999999996	0.13946043287499602
0.31779999999999997	0.138603407972327
0.3187	0.13774891338895126
0.3196	0.13689696631840267
0.3205	0.13604758374280007
0.3214	0.13520078243250971
0.32230000000000003	0.13435657894584008
0.3232	0.12930248938382
0.3241	0.12849017553514377
0.325	0.12768042341325989
0.32589999999999997	0.12687324822369325
0.3268	0.126068664965454
0.3277	0.1252666884308423
0.3286	0.12446733320526944
0.3295	0.12367061366709879
0.3304	0.122876543987502
0.33130000000000004	0.1220851381303321
0.3322	0.12129640985201905
0.3331	0.12051037270147373
0.33399999999999996	0.11972704002002221
0.3349	0.11894642494134294
0.3358	0.11816854039143344
0.3367	0.11739339908858765
0.3376	0.11662101354339136
0.3385	0.11585139605873772
0.33940000000000003	0.11508455872985658
0.3403	0.11432051344436167
0.3412	0.11355927188231907
0.34209999999999996	0.11280084551632413
0.34299999999999997	0.10492732765366712
0.3439	0.10422273278663051
0.3448	0.10009631680631219
0.3457	0.09942036952231477
0.3466	0.09874701696633412
0.34750000000000003	0.09807626839032586
0.3484	0.0974081328596593
0.3493	0.09348940547581741
0.35019999999999996	0.09284898939261078
0.35109999999999997	0.09221112241803434
0.352	0.09157581258985883
0.3529	0.09094306776674899
0.3538	0.09031289562852217
0.3547	0.08968530367642476
0.3556	0.08906029923341746
0.35650000000000004	0.08843788944447942
0.35740000000000005	0.08481601526224593
0.35829999999999995	0.08422008953017182
0.35919999999999996	0.08362668808677395
0.3601	0.08303581714575475
0.361	0.08244748275069591
0.3619	0.0818616907754284
0.3628	0.08127844692441599
0.3637	0.08069775673315356
0.36460000000000004	0.0801196255685744
0.36550000000000005	0.07406301864105595
0.36639999999999995	0.07352984518942321
0.36729999999999996	0.07299906571949934
0.36819999999999997	0.07348306675421637
0.3691	0.0729518154167526
0.37	0.0724229866222076
0.3709	0.0718965843331163
0.3718	0.07137261235783744
0.37270000000000003	0.06831860390417152
0.37360000000000004	0.06781826794976689
0.37449999999999994	0.06732028378255482
0.37539999999999996	0.06682465448442926
0.37629999999999997	0.06725533283043325
0.3772	0.06676009143911533
0.3781	0.06626722304041006
0.379	0.06340078034258645
0.3799	0.06293055118427188
0.3808	0.06246261405529127
0.38170000000000004	0.06199697101783347
0.38260000000000005	0.06153362399663715
0.38349999999999995	0.06107257477951373
0.38439999999999996	0.060613825017928474
0.3853	0.06015737622760402
0.3862	0.05970322978910448
0.3871	0.06011867076500807
0.388	0.0596649736489592
0.3889	0.057053777169272034
0.38980000000000004	0.05662138797377007
0.39070000000000005	0.05709468782265894
0.39159999999999995	0.05666147992509694
0.39249999999999996	0.054159091028976356
0.39339999999999997	0.05374650730582712
0.3943	0.05333609146726371
0.3952	0.05292784363566837
0.3961	0.05252176381363958
0.397	0.05211785188463591
0.39790000000000003	0.05171610761364687
0.39880000000000004	0.051316530647859196
0.39969999999999994	0.0509191205173358
0.40059999999999996	0.04863055192637859
0.40149999999999997	0.04825252241893453
0.4024	0.04787657336731331
0.4033	0.047502703880942326
0.4042	0.04713091296007669
0.4051	0.044976981209046814
0.406	0.044623686672569676
0.40690000000000004	0.04427238469688656
0.40780000000000005	0.04392307391412404
0.40869999999999995	0.04357575285497955
0.40959999999999996	0.043230419949413984
0.4105	0.04288707352734953
0.4114	0.04254571181937445
0.4123	0.04220633295745095
0.4132	0.04024303915061644
0.4141	0.03992095374780203
0.41500000000000004	0.03960076500112813
0.41590000000000005	0.039282470751712144
0.41679999999999995	0.0389660687495476
0.41769999999999996	0.03865155665421298
0.41859999999999997	0.03833893203558746
0.4195	0.03802819237456851
0.4204	0.03771933506379585
0.4213	0.037412357408379136
0.4222	0.03710725662663027
0.42310000000000003	0.036804029850798683
0.42400000000000004	0.03650267412781266
0.42489999999999994	0.03620318642002276
0.42579999999999996	0.035905563605950964
0.42669999999999997	0.03560980248104182
0.4276	0.03531589975841926
0.4285	0.035023852069644874
0.4294	0.03473365596548191
0.4303	0.034445307916661595
0.4312	0.034158804314652305
0.43210000000000004	0.03387414147243402
0.43300000000000005	0.03359131562527358
0.43389999999999995	0.033310322931504766
0.43479999999999996	0.03303115947331048
0.4357	0.03275382125750851
0.4366	0.032478304216339814
0.4375	0.03220460420825916
0.4384	0.031932717018729156
0.4393	0.031662638361016626
0.44020000000000004	0.031394363876990856
0.44110000000000005	0.03112788913792539
0.44199999999999995	0.030863209645300652
0.44289999999999996	0.03060032083161018
0.4438	0.03033921806116838
0.4447	0.030079896630919718
0.4456	0.0298223517712508
0.4465	0.029566578646804034
0.4474	0.02931257235729268
0.44830000000000003	0.028508828890822523
0.44920000000000004	0.028265206794388025
0.45009999999999994	0.028023277587228335
0.45099999999999996	0.02778303634725309
0.45189999999999997	0.027544478092480583
0.4528	0.027307597782921085
0.4537	0.027072390321377187
0.4546	0.026838850554233466
0.4555	0.026606973272258954
0.45640000000000003	0.026376753211394453
0.45730000000000004	0.026148185053551532
0.45819999999999994	0.025921263427408872
0.45909999999999995	0.025695982909208843
0.45999999999999996	0.025472338023556456
0.4609	0.025250323244216027
0.4618	0.02502993299491059
0.4627	0.02481116165011959
0.4636	0.0245940035358779
0.4645	0.024895716108782037
0.46540000000000004	0.02467936511124792
0.46630000000000005	0.024464617372017407
0.46719999999999995	0.024251467066818824
0.46809999999999996	0.024039908326529358
0.469	0.023829935238047367
0.4699	0.023621541845057773
0.4708	0.023414722148828383
0.4717	0.023209470109015973
0.4726	0.023005779644450327
0.47350000000000003	0.02280364463393288
0.47440000000000004	0.02172441238114263
0.47529999999999994	0.021533427730237316
0.47619999999999996	0.021343915936479427
0.47709999999999997	0.021155870997575203
0.478	0.020969286876652952
0.4789	0.02078415750301736
0.4798	0.02060047677290186
0.4807	0.0208940661735012
0.48160000000000003	0.020711028790602836
0.48250000000000004	0.02052942930180416
0.48339999999999994	0.020349261507204744
0.48429999999999995	0.020170519177187984
0.48519999999999996	0.020492959403640026
0.4861	0.020314256179697916
0.487	0.020136973146611985
0.4879	0.01996110395545588
0.4888	0.01978664223091627
0.4897	0.019613581572064526
0.49060000000000004	0.019441915553077185
0.49150000000000005	0.018531649983752986
0.49239999999999995	0.018369605367896884
0.49329999999999996	0.018208878107089373
0.4942	0.018049461970206033
0.4951	0.01719235100340887
0.496	0.017042023589895337
0.4969	0.016892932990199148
0.4978	0.016745073179432107
0.49870000000000003	0.016598438115767056
0.49960000000000004	0.016453021741084668
0.5005	0.016308817981618474
0.5014	0.016165820748596176
0.5023	0.01602402393887904
0.5032	0.015883421435598212
0.5041	0.015744007108788014
0.505	0.015605774816016266
0.5059	0.015468718403012244
0.5068	0.015332831704290771
0.5077	0.015198108543773771
0.5085999999999999	0.015064542735408644
0.5095	0.014932128083782914
0.5104	0.014800858384736602
0.5113	0.014670727425970293
0.5122	0.014541728987650349
0.5131	0.014413856843010924
0.514	0.014287104758951884
0.5149	0.014161466496633811
0.5158	0.014036935812069183
0.5167	0.013913506456709928
0.5176	0.013791172178031484
0.5185	0.01366992672011283
0.5194	0.01354976382421319
0.5203	0.013430677229344675
0.5212	0.013312660672841101
0.5221	0.013195707890922946
0.523	0.013079812619258361
0.5239	0.01296496859352019
0.5248	0.012851169549939014
0.5257	0.01273840922585218
0.5266	0.012626681360248387
0.5275	0.012515979694308657
0.5284	0.012787263786722671
0.5293	0.01267681718042299
0.5302	0.012971652869521344
0.5311	0.012861000050061931
0.532	0.012751363925359133
0.5329	0.012642738245424319
0.5337999999999999	0.01253511676549524
0.5347	0.012428493246570738
0.5356	0.012322861455909504
0.5365	0.01221821516752262
0.5374	0.012114548162674123
0.5383	0.012011854230366556
0.5392	0.011910127167827517
0.5401	0.011809360780989939
0.541	0.011709548884968042
0.5419	0.01161068530452788
0.5428	0.011512763874554369
0.5437	0.011415778440511783
0.5446	0.011319722858901074
0.5455	0.011224590997711423
0.5464	0.011130376736866933
0.5473	0.011037073968668888
0.5482	0.01094467659823253
0.5491	0.010853178543919312
0.55	0.010362275758791301
0.5509	0.010276190111648464
0.5518	0.010549379954565487
0.5527	0.010463238333759513
0.5536	0.010377939063806596
0.5545	0.010293476411581608
0.5554	0.010209844658937903
0.5563	0.01012703810311782
0.5572	0.010045051057106659
0.5581	0.009963877849998228
0.5589999999999999	0.00988351282735891
0.5599	0.009803950351577963
0.5608	0.009366378430431279
0.5617	0.009291573828322075
0.5626	0.009217521106624198
0.5635	0.009144214954457809
0.5644	0.009071650078512895
0.5653	0.008999821203358929
0.5662	0.008928723071749994
0.5670999999999999	0.008858350444924827
0.568	0.00912534393432676
0.5689	0.009054873185016386
0.5698	0.008985121974050748
0.5707	0.008916085127872243
0.5716	0.008847757491997697
0.5725	0.008780133931820715
0.5734	0.008713209332882027
0.5743	0.008646978601129543
0.5752	0.008581436663180097
0.5761	0.008516578466567245
0.577	0.008775187764504972
0.5779	0.00871055408266648
0.5788	0.008646595612041702
0.5797	0.008583307399392203
0.5806	0.008520684513191351
0.5815	0.008458722043892178
0.5824	0.008397415104125372
0.5833	0.008336758828911781
0.5841999999999999	0.008276748375875921
0.5851	0.00821737892544235
0.586	0.00815864568103576
0.5869	0.008100543869273669
0.5878	0.008043068740154554
0.5887	0.007986215567241094
0.5896	0.007929979647838595
0.5905	0.007874356303168357
0.5914	0.007819340878536482
0.5922999999999999	0.00776492874349773
0.5932	0.007711115292014486
0.5941	0.007657895942611076
0.595	0.007605266138523129
0.5959	0.007553221347842249
0.5968	0.007501757063655861
0.5977	0.007450868804182248
0.5986	0.007400552112900954
0.5995	0.007350802558678268
0.6003999999999999	0.00730161573588825
0.6013	0.007252987264528549
0.6022	0.0069546494364087375
0.6031	0.006908994590029297
0.604	0.006863861947493718
0.6049	0.006819247428537846
0.6058	0.00677514697769153
0.6067	0.006731556564362626
0.6075999999999999	0.006688472182917335
0.6084999999999999	0.006645889852755572
0.6093999999999999	0.006603805618382241
0.6103	0.006562215549474356
0.6112	0.006521115740943324
0.6121	0.006480502312993592
0.613	0.006440371411176556
0.6139	0.006400719206440275
0.6148	0.00636154189517524
0.6156999999999999	0.006102195474865219
0.6165999999999999	0.006065469073126393
0.6174999999999999	0.006029186372246203
0.6184	0.005993343842477692
0.6193	0.005957937978343896
0.6202	0.005922965298657902
0.6211	0.005888422346539291
0.622	0.0058543056894265425
0.6229	0.0058206119190856885
0.6237999999999999	0.0055832686469630246
0.6246999999999999	0.0055517232354573105
0.6255999999999999	0.0055205725863776405
0.6265	0.005489813544760681
0.6274	0.005459442978658812
0.6283	0.005429457779127432
0.6292	0.005399854860209216
0.6301	0.0053706311589147215
0.631	0.005341783635199741
0.6319	0.005313309271939128
0.6327999999999999	0.005285205074897396
0.6336999999999999	0.005257468072695984
0.6345999999999999	0.005230095316777181
0.6355	0.005203083881364854
0.6364	0.005176430863421908
0.6373	0.0051501333826045395
0.6382	0.005124188581213273
0.6391	0.0050985936241409995
0.64	0.005073345698817755
0.6408999999999999	0.005048442015152405
0.6417999999999999	0.005023879805471425
0.6426999999999999	0.004999656324454513
0.6436	0.004799809205740505
0.6445	0.004777186220099488
0.6454	0.004754879266967681
0.6463	0.004732885814717657
0.6472	0.004711203352513552
0.6481	0.004689829390233925
0.6489999999999999	0.00466876145839242
0.6498999999999999	0.004647997108055446
0.6507999999999999	0.004627533910757587
0.6517	0.004607369458414188
0.6526	0.004587501363231525
0.6535	0.0045679272576146
0.6544	0.0045486447940722525
0.6553	0.004529651645119982
0.6562	0.004510945503180415
0.6571	0.0044925240804813095
0.6579999999999999	0.0044743851089512725
0.6588999999999999	0.004456526340113177
0.6597999999999999	0.004438945544975391
0.6607	0.004421640513920703
0.6616	0.0044046090565930535
0.6625	0.004387849001782161
0.6634	0.004371358197305992
0.6643	0.004355134509891234
0.6652	0.004339175825051544
0.6660999999999999	0.0043234800469639355
0.6669999999999999	0.004308045098343119
0.6678999999999999	0.004292868920313935
0.6688	0.0042779494722818565
0.6697	0.004263284731801574
0.6706	0.004248872694443849
0.6715	0.004234711373660489
0.6724	0.004220798800647543
0.6733	0.004207133024206869
0.6741999999999999	0.004193712110605893
0.6750999999999999	0.004180534143435765
0.6759999999999999	0.004167597223468013
0.6769	0.004154899468509254
0.6778	0.004142439013254921
0.6787	0.004130214009140896
0.6796	0.0041182226241941195
0.6805	0.004367493457305892
0.6814	0.004355315192870512
0.6822999999999999	0.004343372198616785
0.6831999999999999	0.004331662658342736
0.6840999999999999	0.004320184771352408
0.6849999999999999	0.004308936752529388
0.6859	0.004297916832179217
0.6868	0.004139398848711137
0.6877	0.004129186294217405
0.6886	0.0041191868154801916
0.6895	0.00410939877804915
0.6904	0.003871374740603491
0.6912999999999999	0.003723291779352726
0.6921999999999999	0.00371509007074113
0.6930999999999999	0.003707077403623568
0.694	0.003699252339745754
0.6949	0.003691613453024685
0.6958	0.003684159329399433
0.6967	0.0036768885666812884
0.6976	0.0036697997744032885
0.6985	0.0036628915736691375
0.6993999999999999	0.003656162597001561
0.7002999999999999	0.0036496114881900995
0.7011999999999999	0.0036432369021385047
0.7021	0.0036370375047115196
0.703	0.003631011972581367
0.7039	0.003625158993073727
0.7048	0.0036194772640134824
0.7057	0.003613965493569956
0.7066	0.0036086224001019756
0.7074999999999999	0.003603446712002711
0.7083999999999999	0.003598437167544046
0.7092999999999999	0.003593592514721076
0.7101999999999999	0.0035889115110961456
0.7111	0.003584392923642914
0.712	0.0035800355285902606
0.7129	0.00357583811126613
0.7138	0.00357179946594132
0.7147	0.0035679183956732552
0.7156	0.003564193712149859
0.7164999999999999	0.003560624235533355
0.7173999999999999	0.0035572087943042613
0.7182999999999999	0.003385569574300228
0.7192	0.0033826818160977608
0.7201	0.003379941308561322
0.721	0.003377346943741436
0.7219	0.0036320095367542264
0.7228	0.0036293266049268655
0.7237	0.003884270312349256
0.7245999999999999	0.0038816389932191074
0.7254999999999999	0.003879157655129095
0.7263999999999999	0.0038768251330069735
0.7273	0.0038746402683341548
0.7282	0.0038726019090140054
0.7291	0.0038707089092146325
0.73	0.003868960129220065
0.7309	0.003867354435284568
0.7318	0.003865890699482499
0.7326999999999999	0.003864567799562285
0.7335999999999999	0.0038633846187998565
0.7344999999999999	0.003862340045853087
0.7353999999999999	0.0038614329746167932
0.7363	0.003860662304078505
0.7372	0.0038600269381749855
0.7381	0.003859525785649481
0.739	0.003859157759909854
0.7399	0.003858921778887521
0.7408	0.0038588167648971926
0.7416999999999999	0.0038588416444976883
0.7425999999999999	0.004129143602863862
0.7434999999999999	0.004129210214890827
0.7444	0.004129406723519119
0.7453	0.004129732024261377
0.7462	0.004130185016145234
0.7471	0.0041307646015860035
0.748	0.00413146968625994
0.7489	0.004132299178974126
0.7497999999999999	0.004413270050278869
0.7506999999999999	0.004414081947762248
0.7515999999999999	0.0044150179865149715
0.7525	0.0044160770353006635
0.7534	0.004417257968369313
0.7543	0.004418559661122602
0.7552	0.004419980991264176
0.7561	0.004421520838695722
0.757	0.0044231780853968
0.7578999999999999	0.004424951615312771
0.7587999999999999	0.004426840314245206
0.7596999999999999	0.004428843069740288
0.7605999999999999	0.004430958770981252
0.7615	0.004724944546791658
0.7624	0.004726996559753559
0.7633	0.004729160743506379
0.7642	0.004731435941007544
0.7651	0.004733820996436924
0.766	0.004736314755100777
0.7668999999999999	0.004738916063335303
0.7677999999999999	0.004741623768414326
0.7686999999999999	0.004744436718455273
0.7696	0.004747353762328937
0.7705	0.004750373749569603
0.7714	0.00475349553028759
0.7723	0.00475671795508278
0.7732	0.0047600398749599515
0.7741	0.00476346014124574
0.7749999999999999	0.004766977605507108
0.7758999999999999	0.0047705911194715536
0.7767999999999999	0.004774299534948767
0.7777	0.00477810170375422
0.7786	0.00478199647763422
0.7795	0.004785982708192651
0.7804	0.004790059246819465
0.7813	0.004794224944620874
0.7822	0.004798478652351222
0.7830999999999999	0.00480281922034652
0.7839999999999999	0.004807245498459858
0.7848999999999999	0.004811756335998474
0.7857999999999999	0.004816350581662446
0.7867	0.004821027083485444
0.7876	0.004825784688776918
0.7885	0.0048306222440662955
0.7894	0.004835538595048821
0.7903	0.004840532586533311
0.7912	0.004845603062391561
0.7920999999999999	0.0048507488655096815
0.7929999999999999	0.004855968837741125
0.7938999999999999	0.004861261819861697
0.7948	0.004866626651526156
0.7957	0.004872062171226852
0.7966	0.005194517647662405
0.7975	0.005199843740852355
0.7984	0.005205237833232183
0.7993	0.005210698707382507
0.8001999999999999	0.0052162251447633035
0.8010999999999999	0.005221815925695633
0.8019999999999999	0.00522746982933131
0.8029	0.005233185633629187
0.8038	0.005238962115333922
0.8047	0.005244798049954248
0.8056	0.005250692211745003
0.8065	0.005256643373689888
0.8074	0.005262650307486848
0.8082999999999999	0.005268711783534858
0.8091999999999999	0.005605150326413446
0.8100999999999999	0.005611048474642538
0.8109999999999999	0.005960621573773614
0.8119	0.005966329420131639
0.8128	0.005972085393874797
0.8137	0.005977888161927637
0.8146	0.006345651297801642
0.8155	0.00635126838310332
0.8163999999999999	0.006356928019236468
0.8172999999999999	0.006362628819283121
0.8181999999999999	0.00636836940039744
0.8190999999999999	0.006374148376983735
0.82	0.006379964362993241
0.8209	0.006385815971950843
0.8218	0.006391701816972573
0.8227	0.006397620510789398
0.8236	0.006403570665773348
0.8245	0.00640955089396352
0.8253999999999999	0.006415559807095232
0.8262999999999999	0.00642159601663006
0.8271999999999999	0.006427658133788065
0.8281	0.006433744769581533
0.829	0.006439854534850501
0.8299	0.00644598604029968
0.8308	0.006239389118653125
0.8317	0.006245022445732568
0.8326	0.00625067196946743
0.8334999999999999	0.006256336362825547
0.8343999999999999	0.006262014299003123
0.8352999999999999	0.006267704451469618
0.8361999999999999	0.006273405494014234
0.8371	0.006279116100793716
0.838	0.006284834946381847
0.8389	0.006290560705820197
0.8398	0.006081830031548692
0.8407	0.006087032434036131
0.8415999999999999	0.006092237076162361
0.8424999999999999	0.006097442697867852
0.8433999999999999	0.006102648039956806
0.8442999999999999	0.006107851844153566
0.8452	0.006113052853160239
0.8461	0.006118249810715577
0.847	0.006123441461655101
0.8479	0.006128626551972439
0.8488	0.0061338038288818765
0.8497	0.006138972040882162
0.8505999999999999	0.006144129937821336
0.8514999999999999	0.0061492762709629235
0.8523999999999999	0.006154409793053091
0.8533	0.006159529258389099
0.8542	0.006164633422888751
0.8551	0.006169721044160949
0.856	0.0061747908815775274
0.8569	0.006179841696345745
0.8578	0.006184872251582365
0.8586999999999999	0.00618988131238824
0.8595999999999999	0.0061948676459243224
0.8604999999999999	0.00619983002148849
0.8613999999999999	0.006204767210593288
0.8623	0.00620967798704483
0.8632	0.006214561127022448
0.8641	0.0062194154091594536
0.865	0.006224239614624672
0.8659	0.006229032527204913
0.8667999999999999	0.006233792933388274
0.8676999999999999	0.006238519622448442
0.8685999999999999	0.006243211386529616
0.8694999999999999	0.00624786702073248
0.8704	0.0062524853232006905
0.8713	0.006257065095208416
0.8722	0.00626160514124851
0.8731	0.00626610426912134
0.874	0.006270561290024527
0.8749	0.006274975018643212
0.8757999999999999	0.0062793442732410635
0.8766999999999999	0.006283667875751997
0.8775999999999999	0.006287944651872417
0.8785	0.006292173431154152
0.8794	0.00629635304709794
0.8803	0.006300482337247595
0.8812	0.006304560143284525
0.8821	0.00630858531112306
0.883	0.006312556691005928
0.8838999999999999	0.006316473137600639
0.8847999999999999	0.006320333510095931
0.8856999999999999	0.006324136672299032
0.8865999999999999	0.006327881492733016
0.8875	0.006331566844734836
0.8884	0.0063351916065535205
0.8893	0.006338754661448872
0.8902	0.006342254897790561
0.8911	0.006345691209157233
0.8919999999999999	0.006735048688420993
0.8928999999999999	0.006737888313499335
0.8937999999999999	0.006740656804807711
0.8946999999999999	0.006743353055324503
0.8956	0.00674597596420177
0.8965	0.006679585096792715
0.8974	0.0066822294825267334
0.8983	0.006684797396174684
0.8992	0.006687287764610023
0.9001	0.006689699521305527
0.9009999999999999	0.007082780721705593
0.9018999999999999	0.0070844292903653435
0.9027999999999999	0.007085992214172657
0.9037	0.007087468441016971
0.9046	0.007088856926362816
0.9055	0.007090156633354687
0.9064	0.00709136653291822
0.9073	0.007092485603863612
0.9082	0.007093512832987515
0.9090999999999999	0.007094447215175447
0.9099999999999999	0.0070952877535039385
0.9108999999999999	0.007096033459341754
0.9117999999999999	0.007096683352451596
0.9127	0.00709723646109115
0.9136	0.007097691822113985
0.9145	0.007098048481069975
0.9154	0.007098305492305371
0.9163	0.007098461919062646
0.9171999999999999	0.0069711921936131275
0.9180999999999999	0.006971409183062687
0.9189999999999999	0.006971523671519194
0.9198999999999999	0.006971534760212958
0.9208	0.006971441559629258
0.9217	0.006971243189605818
0.9226	0.006970938779429809
0.9235	0.006970527467934159
0.9244	0.007369948063655278
0.9252999999999999	0.007785825828806365
0.9261999999999999	0.008205321317171175
0.9270999999999999	0.008202104068724013
0.9279999999999999	0.008198762322952163
0.9289	0.007909120315653386
0.9298	0.007906119280805087
0.9307	0.007902994185010634
0.9316	0.007899744258593664
0.9325	0.007896368743495818
0.9334	0.00789286689336397
0.9342999999999999	0.007889237973637128
0.9351999999999999	0.007885481261631102
0.9360999999999999	0.007881596046623304
0.9369999999999999	0.00787758162993575
0.9379	0.007873437325017184
0.9388	0.007869162457524611
0.9397	0.007864756365403618
0.9406	0.00786021839896752
0.9415	0.007855547920975656
0.9423999999999999	0.007850744306710535
0.9432999999999999	0.00784580694405382
0.9441999999999999	0.007840735233561272
0.9450999999999999	0.00783552858853651
0.946	0.007830186435103772
0.9469	0.007824708212279199
0.9478	0.007819093372041314
0.9487	0.007813341379399994
0.9496	0.007807451712464349
0.9504999999999999	0.00811842891272777
0.9513999999999999	0.008111594763456754
0.9522999999999999	0.008104618375624258
0.9531999999999999	0.008097499296701957
0.9541	0.008090237087842112
0.955	0.008082831323930274
0.9559	0.008075281593643298
0.9568	0.008067587499505662
0.9577	0.008059748657939396
0.9586	0.008051764699320311
0.9594999999999999	0.008043635268027715
0.9603999999999999	0.008035360022493854
0.9612999999999999	0.007731536672227919
0.9621999999999999	0.007722943104132678
0.9631	0.0077142101345587825
0.964	0.00770533750667781
0.9649	0.007696324977251597
0.9658	0.00768717231666903
0.9667	0.007677879308981152
0.9675999999999999	0.007668445751935124
0.9684999999999999	0.007658871457006506
0.9693999999999999	0.00764915624943011
0.9702999999999999	0.007639299968229459
0.9712	0.007629302466244623
0.9721	0.007619163610158683
0.973	0.007608883280522548
0.9739	0.007598461371778336
0.9748	0.007587897792281212
0.9756999999999999	0.007577192464319708
0.9765999999999999	0.007566345324134401
0.9774999999999999	0.007555356321935143
0.9783999999999999	0.0075442254219166395
0.9793	0.007244108251566781
0.9802	0.007232822980751921
0.9811	0.007221403389351834
0.982	0.007209849510515723
0.9829	0.007198161390698335
0.9838	0.00718633908966376
0.9846999999999999	0.00717438268048803
0.9855999999999999	0.0071622922495599905
0.9864999999999999	0.007150067896580627
0.9873999999999999	0.007137709734560979
0.9883	0.007125217889818444
0.9892	0.007112592501971564
0.9901	0.00709983372393311
0.991	0.007086941721901957
0.9919	0.007073916675353026
0.9927999999999999	0.0074827344633429434
0.9936999999999999	0.00746812310155115
0.9945999999999999	0.007453375360036831
0.9954999999999999	0.007438491511739658
0.9964	0.007423471843133032
0.9973	0.007408316654197367
0.9982	0.007393026258395161
0.9991	0.007377600982645499
1.0	0.007827533979608309
1.009	0.008514458717604886
1.018	0.00830425227841431
1.027	0.00778268492975222
1.036	0.007551928043439688
1.045	0.007309784629735236
1.054	0.007057252088384952
1.063	0.006795425994398091
1.072	0.006525488292635753
1.081	0.00624869446577916
1.09	0.005696188870144028
1.099	0.006112714189358216
1.108	0.005911685192615968
1.117	0.00646472485141226
1.126	0.006455076568964452
1.135	0.006092482424853075
1.144	0.0056221823453649926
1.153	0.005407418938730519
1.162	0.005346941771713793
1.171	0.004982463391546575
1.18	0.004627963987080175
1.189	0.004284586567769756
1.198	0.003953360233136779
1.207	0.0035014955675562814
1.216	0.003104461765445821
1.225	0.0028359051043319117
1.234	0.002581158635276187
1.2429999999999999	0.002315399724023725
1.252	0.00242682412917226
1.261	0.0021976192727580298
1.27	0.001983144123862118
1.279	0.0017355348459119995
1.288	0.0015567330209256584
1.297	0.0013565116270279572
1.306	0.001295889432715303
1.315	0.0011327954498910405
1.3239999999999998	0.0009566236382986596
1.333	0.0008537631439832914
1.342	0.0007606539986367852
1.351	0.0007784802774969138
1.3599999999999999	0.000753050515596424
1.369	0.000672676165147285
1.378	0.000719403378331312
1.387	0.0006258638527296275
1.396	0.0005620161037099688
1.405	0.0005519817191340846
1.414	0.0004970482973155904
1.423	0.0004489217816877607
1.432	0.00040704348979765317
1.4409999999999998	0.0003381226030958676
1.45	0.0003093325768006142
1.459	0.0002850381834148766
1.468	0.00026484358330090976
1.4769999999999999	0.00034487454722671474
1.486	0.0003220874975280426
1.4949999999999999	0.0004261139174941284
1.504	0.00041258639181479984
1.513	0.00038618074006855377
1.5219999999999998	0.0005359424484094522
1.531	0.0005559001033567764
1.54	0.0006407520469225648
1.549	0.000616967048883071
1.5579999999999998	0.0008177380028100822
1.567	0.0008210936293326113
1.576	0.0008222729050290009
1.585	0.0008340184602140259
1.5939999999999999	0.0008500782167404527
1.603	0.0008703903624040672
1.612	0.0011431741367005225
1.621	0.0010215448573485273
1.63	0.0011219123846110022
1.6389999999999998	0.001269199694155417
1.648	0.0013737275259911683
1.657	0.0014097059575696295
1.666	0.001455714129156734
1.6749999999999998	0.0015057816937369833
1.684	0.001470233868606406
1.693	0.0015202096066562769
1.702	0.0015733293115805756
1.7109999999999999	0.0017078664708070751
1.72	0.0017882094019805593
1.729	0.0018494800420881556
1.738	0.0019131942957406707
1.7469999999999999	0.0020865510759505786
1.7559999999999998	0.0021532799330776496
1.765	0.0020488174730484343
1.774	0.0021083756244141146
1.783	0.0019982520451430562
1.7919999999999998	0.002050468944510082
1.801	0.0021026899232913197
1.81	0.0021529282882616825
1.819	0.002331106303893357
1.8279999999999998	0.0023799524175231084
1.837	0.0024274350753024196
1.846	0.0024732222361979993
1.855	0.0024294941730752325
1.8639999999999999	0.002458026193704825
1.8729999999999998	0.0024400960501380696
1.882	0.002478993826816848
1.891	0.0025404787232677878
1.9	0.0025133571068525163
1.9089999999999998	0.0025445774593190105
1.918	0.002306012226675842
1.927	0.002238583704691177
1.936	0.0023263097075263135
1.9449999999999998	0.002341122491268913
1.954	0.00240910141772408
1.963	0.0024181943215511865
1.972	0.0024235572526259824
1.9809999999999999	0.0031168255392401392
1.9899999999999998	0.0032075931729049325
1.9989999999999999	0.003181406813490574
2.008	0.0031508662196765057
2.017	0.0031160595873820627
2.026	0.003314860741820258
2.035	0.003140568802617263
2.0439999999999996	0.0032756289818097013
2.053	0.003041180586533383
2.062	0.0029785902517532993
2.0709999999999997	0.0029647479657811467
2.08	0.0028897267089567744
2.089	0.002812788366470369
2.098	0.002734215435140477
2.107	0.002654294244809443
2.1159999999999997	0.002573312851295806
2.125	0.0024915589777906003
2.134	0.0024996586101989054
2.143	0.0025462151195972836
2.152	0.0024606095397009388
2.1609999999999996	0.002375054039140583
2.17	0.0023767966738404665
2.179	0.002290240331339509
2.1879999999999997	0.0022044437158710126
2.197	0.002176328267628619
2.206	0.002091211778988058
2.215	0.0020077200358105487
2.224	0.001926057312862139
2.2329999999999997	0.0018441734199838534
2.242	0.0017664235728155136
2.251	0.001777376366590813
2.26	0.0018051014473826738
2.269	0.0017193458985485196
2.2779999999999996	0.0016372453402268778
2.287	0.0016498630396535028
2.296	0.0014766332632318775
2.3049999999999997	0.0014049129956122213
2.314	0.0013367855400130667
2.323	0.0012722619080658224
2.332	0.0012113375444636663
2.341	0.0010905163160815127
2.3499999999999996	0.0010397669977344679
2.359	0.000992437311954915
2.368	0.0009484665093739549
2.377	0.0009077873477489986
2.386	0.0010445637220973696
2.3949999999999996	0.000911254126998475
2.404	0.0008737559814703858
2.413	0.0008396501064311163
2.4219999999999997	0.000808837917096734
2.431	0.0007812228800994099
2.44	0.0007567119082594959
2.449	0.0007352166355471442
2.458	0.0007647766841867855
2.4669999999999996	0.0007473469046534761
2.476	0.0007328140233786586
2.485	0.0007368240274252499
2.4939999999999998	0.0008479467098746493
2.503	0.0008197178395675984
2.5119999999999996	0.0009388778653978775
2.521	0.0009332335589457367
2.53	0.0009307157372615389
2.5389999999999997	0.0010378366184002157
2.548	0.0010368367114299492
2.557	0.0010390715073937044
2.566	0.0010445164374274464
2.575	0.0010531553873167946
2.5839999999999996	0.0010649802060781052
2.593	0.001051080273540641
2.602	0.0010684356380271836
2.6109999999999998	0.001088847407925722
2.62	0.0011736452639844069
2.6289999999999996	0.0011994357481880788
2.638	0.0012282810489037102
2.647	0.0013052049784934318
2.6559999999999997	0.0013099173043994126
2.665	0.0013501301095549762
2.674	0.0014700035683963021
2.683	0.001518030945524091
2.692	0.0015694153660303532
2.7009999999999996	0.0015160560453561752
2.71	0.0015689500283309493
2.719	0.001990847038833575
2.7279999999999998	0.0020565231693994747
2.737	0.002030294493056575
2.7459999999999996	0.002098334986195129
2.755	0.002280688078429582
2.764	0.002351835498303514
2.7729999999999997	0.002425516031591194
2.782	0.002501639341296866
2.791	0.0025801082950512315
2.8	0.0025743122442870685
2.809	0.0026348203986183887
2.8179999999999996	0.002716697812299443
2.827	0.002698770914754303
2.836	0.0027808134081250724
2.8449999999999998	0.0029904647908428166
2.854	0.0029362741741703483
2.8629999999999995	0.0030163668751761663
2.872	0.0030974036443569323
2.881	0.003179256143233705
2.8899999999999997	0.0034319358611173156
2.899	0.0033646409210454004
2.908	0.003444144580426137
2.917	0.003523755928901718
2.926	0.0036033536078260244
2.9349999999999996	0.0036828180758269
2.944	0.003762032033106835
2.953	0.004299824757689616
2.9619999999999997	0.004372346767990027
2.971	0.004443659287898644
2.9799999999999995	0.004513669419281413
2.989	0.004470431293506456
2.9979999999999998	0.004611046747475651
3.0069999999999997	0.004666831000291351
3.016	0.005019631519321757
3.025	0.004856301794460146
3.034	0.004908201717362792
3.0429999999999997	0.004928855754172038
3.052	0.004755098137576616
3.061	0.004802548011178026
3.07	0.004848472602655765
3.0789999999999997	0.004892856550294883
3.0879999999999996	0.004935688941276463
3.097	0.0049769631230421425
3.106	0.004777575709957733
3.1149999999999998	0.004996041458681101
3.1239999999999997	0.005177160323871702
3.133	0.005199680168669553
3.142	0.00522106996768285
3.151	0.005241366250161282
3.1599999999999997	0.005544737133292756
3.169	0.0057475342145934935
3.178	0.00549012524738008
3.187	0.005492663239602728
3.1959999999999997	0.0054944155086516615
3.2049999999999996	0.005495456255632332
3.214	0.005495857969708115
3.223	0.005495691076150836
3.2319999999999998	0.005495023713946576
3.2409999999999997	0.005795786645560924
3.25	0.005788243308726045
3.259	0.005643969837793362
3.268	0.0055864455047394575
3.2769999999999997	0.0055757556523833365
3.286	0.005565348641785315
3.295	0.005678500584680752
3.304	0.005804859459479908
3.3129999999999997	0.005785684616814019
3.3219999999999996	0.005767497113458617
3.331	0.005750332547773347
3.34	0.005917531342289179
3.3489999999999998	0.005891239705182559
3.3579999999999997	0.005866401800133212
3.367	0.0056136996260215235
3.376	0.005593450955238901
3.385	0.005740144724804946
3.3939999999999997	0.005634145403892604
3.403	0.005623296413214483
3.412	0.005398815474663418
3.421	0.005391070921713041
3.4299999999999997	0.005384307545155251
3.4389999999999996	0.005378496019419289
3.448	0.005373601946602236
3.457	0.0053695860538900885
3.4659999999999997	0.005366404397133919
3.4749999999999996	0.0052775158995398055
3.484	0.0053040250995591304
3.493	0.00507707927275586
3.502	0.005071523869983687
3.5109999999999997	0.004890752866209751
3.52	0.004683803412865766
3.529	0.0048931679842359995
3.538	0.0048873772883282094
3.5469999999999997	0.004882234775464154
3.5559999999999996	0.004877672541276389
3.565	0.004888146152755025
3.574	0.0048865134693661565
3.5829999999999997	0.004885601823871152
3.5919999999999996	0.004885313924499141
3.601	0.004885550779516931
3.61	0.004886212045693323
3.6189999999999998	0.004887196384591295
3.6279999999999997	0.004888401827217632
3.637	0.0048897261422734956
3.646	0.004891067215106599
3.655	0.0049621820748177
3.6639999999999997	0.0049671282394538425
3.6729999999999996	0.00497166069529791
3.682	0.004828568415604678
3.691	0.004759110211509459
3.6999999999999997	0.004952687753329581
3.7089999999999996	0.004946939828029541
3.718	0.005228717950130649
3.727	0.005058803024884683
3.7359999999999998	0.005046314660637694
3.7449999999999997	0.005032724221692507
3.754	0.005198163535925389
3.763	0.005091334850497346
3.772	0.005065605452475662
3.7809999999999997	0.005234572900856091
3.7899999999999996	0.0052077492733497936
3.799	0.005179965938445832
3.808	0.0051512186041740475
3.8169999999999997	0.005121506414295054
3.8259999999999996	0.005090831957098166
3.835	0.005298063600466477
3.844	0.005126090672222228
3.8529999999999998	0.004944264167862292
3.8619999999999997	0.004912745869825977
3.871	0.0048804454889054905
3.88	0.005025948639841829
3.889	0.004988421604091888
3.8979999999999997	0.004950251329889796
3.9069999999999996	0.004911463446540935
3.916	0.004561528649002022
3.925	0.004524855946610238
3.9339999999999997	0.004793877378757793
3.9429999999999996	0.004746525317443015
3.952	0.004665508229555176
3.961	0.004619025223174747
3.9699999999999998	0.00423177914920312
3.9789999999999996	0.004134670902735132
3.988	0.004068976724008238
3.997	0.0040207579245946055
4.006	0.003972515832009969
4.015	0.0037455156210917558
4.023999999999999	0.0036983213817404427
4.0329999999999995	0.003651708180325038
4.042	0.0036662810832433497
4.051	0.0036158215781738226
4.06	0.00337222573383116
4.069	0.003157766559675399
4.077999999999999	0.0031133432929322477
4.087	0.003070198616579309
4.096	0.0030283334980224464
4.105	0.0033091530071290187
4.114	0.003263500198836886
4.122999999999999	0.003218999026758564
4.132	0.003273867011949079
4.141	0.003242554799321636
4.15	0.0033323350254799637
4.159	0.003075116802561985
4.167999999999999	0.0029719194755193495
4.177	0.0029343306137463187
4.186	0.0028984791733624236
4.195	0.002864330328403035
4.204	0.0030216218817354468
4.212999999999999	0.0031003083045868826
4.2219999999999995	0.0032018851197230555
4.231	0.0031634175577003854
4.24	0.002945900021140129
4.249	0.0029134005718142956
4.257999999999999	0.002882571332085954
4.2669999999999995	0.0029618975653372868
4.276	0.0031361691871164667
4.285	0.0031019410325651697
4.294	0.003069422998186774
4.303	0.003038564779578849
4.311999999999999	0.00300931499888144
4.321	0.0029816214202659868
4.33	0.0030540582905677605
4.339	0.003024001869102593
4.348	0.002897801350621925
4.356999999999999	0.002872411272218787
4.366	0.003050553550731926
4.375	0.0030272384280406375
4.384	0.003005156963433023
4.393	0.002984258627833037
4.401999999999999	0.002964493166350779
4.411	0.0029458107334347384
4.42	0.0035457403789026527
4.429	0.003757926222410846
4.438	0.00373179692197113
4.446999999999999	0.0037065643148618287
4.4559999999999995	0.003682192353161564
4.465	0.0036586457099585415
4.474	0.0035534966788822718
4.483	0.0035332782740024114
4.491999999999999	0.003511185567597066
4.5009999999999994	0.0034900071284969473
4.51	0.0036119475019038547
4.519	0.0035945720666735793
4.528	0.003716606251114546
4.537	0.003693239549021406
4.545999999999999	0.0036707671120399226
4.555	0.0038104727447368517
4.564	0.003786786536783147
4.5729999999999995	0.0037640249961842544
4.582	0.0037421633671327007
4.590999999999999	0.004003545374286603
4.6	0.0039591694508864985
4.609	0.0037913067902236924
4.618	0.003767287814238652
4.627	0.003626613407497519
4.635999999999999	0.0037039440337512195
4.645	0.003681728984536343
4.654	0.0036607715213596587
4.663	0.0037703933129209256
4.672	0.003907973342819652
4.680999999999999	0.003677566930504713
4.6899999999999995	0.0035567861595230364
4.699	0.0037434424914813192
4.708	0.0037238348829515865
4.717	0.0037056932782810986
4.725999999999999	0.003768430601059778
4.734999999999999	0.003752646349142734
4.744	0.003738535151917043
4.753	0.00372790701164104
4.762	0.0037125227037357426
4.771	0.0036984659967182025
4.779999999999999	0.003342922748110416
4.789	0.0033358067491133904
4.798	0.003329970500443588
4.8069999999999995	0.003439653183787653
4.816	0.0036542185874581024
4.824999999999999	0.003652871123251617
4.834	0.003652696474785274
4.843	0.0036536679852660473
4.852	0.003655758081480143
4.861	0.003658938288349872
4.869999999999999	0.004026836107978573
4.879	0.004027884324066817
4.888	0.004030025103583626
4.897	0.004033232444089641
4.906	0.004037479300265321
4.914999999999999	0.004042737648143433
4.9239999999999995	0.004048978519453526
4.933	0.004056172050217192
4.942	0.004064287525888913
4.951	0.0040732934316113105
4.959999999999999	0.004083157505049627
4.968999999999999	0.004093846791334103
4.978	0.004105327701973876
4.987	0.004117566074887723
4.9959999999999996	0.004130527238081446
5.005	0.004144176075077826
5.013999999999999	0.0040222016277962815
5.023	0.004169276268177636
5.032	0.004181438518510368
5.0409999999999995	0.0041942865958007934
5.05	0.00420778676059593
5.058999999999999	0.004413650953381974
5.068	0.004421020710181302
5.077	0.004429143909197065
5.085999999999999	0.004437997107149291
5.095	0.004447556238280179
5.104	0.004334063798072583
5.1129999999999995	0.004345665139295921
5.122	0.004251139918178075
5.130999999999999	0.004347349708212493
5.14	0.004410820542063553
5.149	0.004427490072197259
5.1579999999999995	0.004444478545064002
5.167	0.004392413276886249
5.175999999999999	0.00440858538559447
5.185	0.004424929970831
5.194	0.0044414227947914
5.202999999999999	0.004458040258909721
5.212	0.004641864234899546
5.221	0.004657552813972498
5.2299999999999995	0.004492512445201072
5.239	0.004577155246931191
5.247999999999999	0.004586771356555001
5.257	0.004749397815134449
5.266	0.004758112112712449
5.2749999999999995	0.004679195856035588
5.284	0.004689026171388354
5.292999999999999	0.004699346131898493
5.302	0.004786008906824468
5.311	0.004795454351929174
5.319999999999999	0.004711424869543318
5.329	0.004823527822248258
5.338	0.0046933964522962255
5.3469999999999995	0.0047049205215664225
5.356	0.0047171863758821275
5.364999999999999	0.004730172823363233
5.374	0.004743856987255468
5.383	0.004758214365052432
5.3919999999999995	0.0052725964869727495
5.401	0.005287970976356833
5.409999999999999	0.005737219436113298
5.419	0.005946690190077001
5.428	0.005958460634198604
5.436999999999999	0.005824207494788322
5.446	0.005839791367551947
5.455	0.005712271551077692
5.4639999999999995	0.006093306883659787
5.473	0.006102107320705187
5.481999999999999	0.006111062024103848
5.491	0.00612014856958383
5.5	0.0061293438280130095
5.5089999999999995	0.0061386240423657226
5.518	0.0061479649108142674
5.526999999999999	0.005919072439825504
5.536	0.005928717933343441
5.545	0.005938359253916589
5.553999999999999	0.0059479698001434515
5.563	0.005814095978311058
5.572	0.006105902236233821
5.5809999999999995	0.006110951513553616
5.59	0.006115665523846068
5.598999999999999	0.006120029712520145
5.608	0.005992719456779298
5.617	0.005997755251376839
5.6259999999999994	0.005746477603319283
5.635	0.005755112324739916
5.643999999999999	0.00576335892350143
5.653	0.005771193057481537
5.662	0.005778591577397713
5.670999999999999	0.005910592413117191
5.68	0.006072040447482529
5.689	0.00629174346394515
5.6979999999999995	0.006282748638765923
5.707	0.006100674790964574
5.715999999999999	0.005924415384453069
5.725	0.005913822894234765
5.734	0.00590331704808027
5.742999999999999	0.006179924517141508
5.752	0.006167489170152249
5.760999999999999	0.0061550165469791895
5.77	0.0061425222805841844
5.779	0.006130021465892153
5.787999999999999	0.006117528643051814
5.797	0.00584074720470216
5.806	0.00600405266320562
5.8149999999999995	0.005988102911427929
5.824	0.005972038970955206
5.832999999999999	0.005955885101598063
5.842	0.005939665151238803
5.851	0.005923402531370403
5.859999999999999	0.005907120168807178
5.869	0.006001894061228174
5.877999999999999	0.0059859452854402525
5.887	0.0060428267366618585
5.896	0.006128966431900371
5.904999999999999	0.006106817510169053
5.914	0.006085670297961282
5.923	0.006065525933722675
5.9319999999999995	0.006046382927849481
5.941	0.006028237250060036
5.949999999999999	0.005856405525877768
5.959	0.005840836432842057
5.968	0.005826222889206426
5.976999999999999	0.0057389876845422745
5.986	0.005727658817149033
5.994999999999999	0.005717163396116391
6.004	0.005869015194522827
6.013	0.005858491273471533
6.021999999999999	0.006007905292921837
6.031	0.005995555475745745
6.04	0.0057997827319476855
6.0489999999999995	0.006076518921605124
6.058	0.006076091596640957
6.066999999999999	0.005911009340482266
6.076	0.005909602511408912
6.085	0.005909044134838898
6.093999999999999	0.005909287009983562
6.103	0.005910283072503737
6.111999999999999	0.005911983520091611
6.1209999999999996	0.00591433894312595
6.13	0.005917299452193079
6.138999999999999	0.006008939504605024
6.148	0.006344626859242489
6.157	0.006339245962956496
6.1659999999999995	0.006334417448537997
6.175	0.006330107994137636
6.183999999999999	0.00632628393303042
6.193	0.006322911337087629
6.202	0.00631995612282777
6.210999999999999	0.0063173841248677694
6.22	0.00651087016497161
6.228999999999999	0.006500675721238119
6.2379999999999995	0.006490761792967081
6.247	0.006298698450662188
6.255999999999999	0.00605265325682028
6.265	0.006043239405892069
6.274	0.005859318169434575
6.2829999999999995	0.005854470542037471
6.292	0.005849800147443191
6.300999999999999	0.005845288883940762
6.31	0.005980690690652204
6.319	0.005975393009344686
6.327999999999999	0.005970387050276784
6.337	0.006120439791604863
6.345999999999999	0.006112937914997924
6.3549999999999995	0.006105903998873582
6.364	0.0062924303276291425
6.372999999999999	0.006050821463468178
6.382	0.005977165868670782
6.391	0.0059630754489381176
6.3999999999999995	0.005950055442747231
6.409	0.005938086509154145
6.417999999999999	0.005785958636362867
6.427	0.00577965925392862
6.436	0.005774130568104653
6.444999999999999	0.005769343452479396
6.454	0.0057652677427963836
6.462999999999999	0.005761872326818826
6.4719999999999995	0.005759125235787359
6.481	0.005756993735058148
6.489999999999999	0.0057554444159136
6.499	0.005754443287246045
6.508	0.0057539558675212465
6.5169999999999995	0.005753947276736573
6.526	0.005754382328313905
6.534999999999999	0.0057552256208684965
6.544	0.005756441629747601
6.553	0.005757994797669665
6.561999999999999	0.005759849625296713
6.571	0.00556659339782175
6.579999999999999	0.005918825535646202
6.5889999999999995	0.005913304732830079
6.598	0.005908417651133439
6.606999999999999	0.005904141501510689
6.616	0.005672970748479536
6.625	0.005670438921766921
6.6339999999999995	0.005668417936823749
6.643	0.005666882677847266
6.651999999999999	0.005665807453790929
6.661	0.006202960721541237
6.67	0.006080540516037413
6.678999999999999	0.006073623193190453
6.688	0.006473194515986211
6.696999999999999	0.006464224275992771
6.7059999999999995	0.0064552422775930466
6.715	0.006446240222889273
6.723999999999999	0.006437210004190017
6.733	0.006428143770584926
6.742	0.006419033929173897
6.7509999999999994	0.006409873189450264
6.76	0.006400654570345753
6.768999999999999	0.0063913714296843565
6.778	0.006382017482364936
6.787	0.0065406177910811505
6.795999999999999	0.006526967578751933
6.805	0.006513425769124018
6.813999999999999	0.00649999271007407
6.8229999999999995	0.006671720218896811
6.832	0.006659497229065119
6.840999999999999	0.006377346146741338
6.85	0.006523256581792263
6.859	0.006512910195855597
6.867999999999999	0.00667467771579094
6.877	0.0067909847403550445
6.885999999999999	0.006781918511934084
6.895	0.006983973369587615
6.904	0.006975152416867701
6.912999999999999	0.00696705855418458
6.922	0.006958451178156538
6.930999999999999	0.006951652164796623
6.9399999999999995	0.006783559409784329
6.949	0.0069563077003247905
6.957999999999999	0.006950319136739768
6.967	0.0069447044671477115
6.976	0.00674642451442845
6.984999999999999	0.006741272811903587
6.994	0.0067363974111829565
7.002999999999999	0.006731766722457882
7.012	0.00672734900302365
7.021	0.006723112454171638
7.029999999999999	0.0067190253191963135
7.039	0.006715055979401041
7.047999999999999	0.006711173048148657
7.0569999999999995	0.0067073454631887105
7.066	0.006703542576936983
7.074999999999999	0.006699734243815429
7.084	0.006676705188740624
7.093	0.00667173186375381
7.101999999999999	0.006666801746877778
7.111	0.006513309200560346
7.119999999999999	0.006506346976311235
7.129	0.006499319066167673
7.138	0.006492249439371896
7.146999999999999	0.006320318006292575
7.156	0.006167614056433881
7.164999999999999	0.0061630121157484315
7.1739999999999995	0.00594041663302886
7.183	0.005936875787851317
7.191999999999999	0.005950987491859951
7.201	0.005774774939047
7.21	0.0057751755424758616
7.218999999999999	0.005776032129136689
7.228	0.006070508330357865
7.236999999999999	0.005855533906525242
7.2459999999999996	0.005578066755648906
7.255	0.005578193442168799
7.263999999999999	0.005578654948164132
7.273	0.0055794169045324535
7.281999999999999	0.0054272301380095585
7.2909999999999995	0.005429453213617232
7.3	0.005431872859497828
7.308999999999999	0.005434455628735697
7.318	0.005437168403955327
7.327	0.005596887537463556
7.335999999999999	0.005979200700062328
7.345	0.005748955289117069
7.353999999999999	0.005743077108080825
7.3629999999999995	0.005884760358142134
7.372	0.0058751251803481975
7.380999999999999	0.005865601882429265
7.39	0.00585618561333316
7.398999999999999	0.005846871526817227
7.4079999999999995	0.005702608449142336
7.417	0.005693621555154412
7.425999999999999	0.005477294537154583
7.435	0.005469654875857028
7.444	0.005462083401338451
7.452999999999999	0.0054545762636060416
7.462	0.005447129735101324
7.470999999999999	0.005439740221086091
7.4799999999999995	0.00543240426777705
7.489	0.0054251185716146936
7.497999999999999	0.005417879986193827
7.507	0.0052086223114285275
7.515999999999999	0.005084879246629087
7.5249999999999995	0.0050788976434458215
7.534	0.005072814237905736
7.542999999999999	0.005066630153252949
7.552	0.005060347045719276
7.561	0.005053967089484394
7.569999999999999	0.005047492960881352
7.579	0.005040927820817924
7.587999999999999	0.005034275295837936
7.5969999999999995	0.005027539458296805
7.606	0.0050207248047907495
7.614999999999999	0.005013836233766421
7.624	0.005006879022258565
7.632999999999999	0.004844975099377866
7.6419999999999995	0.004838694139693592
7.651	0.004980151131939541
7.659999999999999	0.004971121841573507
7.669	0.004803574276551754
7.678	0.0047943755490998385
7.686999999999999	0.0046376834560340535
7.696	0.004628711493609815
7.704999999999999	0.00478374418333368
7.7139999999999995	0.00488431524343202
7.723	0.004867449083092201
7.731999999999999	0.004851269633133442
7.741	0.0047036225268011515
7.749999999999999	0.0046893853993900045
7.7589999999999995	0.004675860094584623
7.768	0.004663052128126599
7.776999999999999	0.004650965206242024
7.786	0.004639601252415619
7.795	0.00476269638176935
7.803999999999999	0.004752674117523225
7.813	0.004743138263313475
7.821999999999999	0.004734091102111689
7.8309999999999995	0.004725533671590773
7.84	0.004717465771009721
7.848999999999999	0.00470988598741737
7.858	0.0047027917215533835
7.866999999999999	0.004526523765489465
7.8759999999999994	0.004251837334766912
7.885	0.0042487586379891355
7.893999999999999	0.004246190286173928
7.903	0.00424411903353586
7.911999999999999	0.004164043871215036
7.920999999999999	0.004316364698351454
7.93	0.00431022796961834
7.938999999999999	0.004304733091628504
7.9479999999999995	0.004299868333354111
7.957	0.004295620583632035
7.965999999999999	0.004291975415207514
7.975	0.004288917152009111
7.983999999999999	0.004386665173023644
7.992999999999999	0.004245718615596928
8.001999999999999	0.004044460417868324
8.011	0.003910023678624247
8.02	0.0039055613390412496
8.029	0.0039016791845301476
8.038	0.003699621914335396
8.047	0.003696760829755641
8.056	0.0036943997666196394
8.065	0.0036925252110072
8.074	0.0036911228252371874
8.082999999999998	0.0035972982551097593
8.091999999999999	0.0035973906287139344
8.100999999999999	0.0035976913193976204
8.11	0.003598189016831251
8.119	0.003598872339927565
8.128	0.003717035717914873
8.137	0.0037157220459977354
8.145999999999999	0.0037147291174215937
8.155	0.0037140478307641223
8.164	0.0037136686978914506
8.172999999999998	0.0037135818925417372
8.181999999999999	0.0037137772815270553
8.190999999999999	0.0038889734110997107
8.2	0.003891387572671604
8.209	0.003893960743369383
8.218	0.0038966802050354704
8.227	0.004457351394745154
8.236	0.0044490058149709065
8.245	0.004440999940059576
8.254	0.004433342754103426
8.262999999999998	0.004426042410873972
8.271999999999998	0.004419106229123564
8.280999999999999	0.004412540693452955
8.29	0.004406351444852908
8.299	0.004400543283588872
8.308	0.004312550618705226
8.317	0.004306994437216448
8.326	0.004301800785682993
8.334999999999999	0.004296972308846635
8.344	0.004147107386546347
8.353	0.004143339824891805
8.361999999999998	0.004152347564837416
8.370999999999999	0.004149517603962235
8.379999999999999	0.004264291236551232
8.389	0.004259112820114253
8.398	0.0044996019583840785
8.407	0.004486802231567742
8.416	0.004474597205551741
8.425	0.004463003418731209
8.434	0.004590323488350064
8.443	0.0045779671958249574
8.451999999999998	0.004867999703346967
8.460999999999999	0.00485440933782106
8.469999999999999	0.004841506248063219
8.479	0.0048293054623896456
8.488	0.004817819853211799
8.497	0.004807060141206297
8.506	0.004963518335582691
8.515	0.004951932488104814
8.524	0.004941231949017735
8.533	0.004931421149997705
8.542	0.004922502068093183
8.550999999999998	0.0047341594583810865
8.559999999999999	0.004726397840440678
8.568999999999999	0.004719517549002203
8.578	0.005115080773088132
8.587	0.005255478660207703
8.596	0.005251335966564386
8.605	0.00547349487282857
8.613999999999999	0.005461999736367389
8.623	0.005275414812857363
8.632	0.005741556827535683
8.640999999999998	0.005931088056920583
8.649999999999999	0.005918896048841385
8.658999999999999	0.006036803348417677
8.668	0.0060252986576196065
8.677	0.006194509906103566
8.686	0.006181279412706609
8.695	0.006169085177304308
8.704	0.006157917716591202
8.713	0.0061477647055169565
8.722	0.006138611063228963
8.730999999999998	0.00613043906446696
8.739999999999998	0.006123228430326111
8.748999999999999	0.005979348114767524
8.758	0.006161949224321161
8.767	0.006153508523973678
8.776	0.0062094164210450145
8.785	0.006197621308387538
8.794	0.006186862501198873
8.802999999999999	0.0061771237430029
8.812	0.006168386127380235
8.821	0.0061606282092308345
8.829999999999998	0.00634549237541929
8.838999999999999	0.0063402471531146705
8.847999999999999	0.00633589278727736
8.857	0.006332399126476885
8.866	0.006329734041417531
8.875	0.006327863541914764
8.884	0.006155590800717434
8.893	0.0061557299430471555
8.902	0.006156537486519197
8.911	0.005983950331224027
8.919999999999998	0.005986316084676449
8.928999999999998	0.005989227036211432
8.937999999999999	0.0059926404305290885
8.947	0.005996512661327904
8.956	0.006172000059430357
8.965	0.006033526459574033
8.974	0.006037171225913393
8.983	0.006041126133899007
8.991999999999999	0.006045351353405047
9.001	0.00635936639978818
9.01	0.006360620964059724
9.019	0.006361862630891182
9.027999999999999	0.0063630615008725975
9.036999999999999	0.006364188034715085
9.046	0.0063652131334543645
9.055	0.0063661082159995105
9.064	0.006366845304269466
9.072999999999999	0.006577199161624574
9.081999999999999	0.006546895208540303
9.091	0.006539538259626627
9.1	0.0065281988215987585
9.109	0.0063242796980523
9.117999999999999	0.006314819261688252
9.126999999999999	0.006305745275485279
9.136	0.006085231993278801
9.145	0.006287845086303441
9.154	0.0062852987011736885
9.163	0.0062736887631075575
9.171999999999999	0.006262770875937786
9.181	0.006057096940346356
9.19	0.006224886244986063
9.199	0.006048615051184868
9.208	0.0062228548170615095
9.216999999999999	0.006469090919532469
9.225999999999999	0.00645338431032887
9.235	0.0069219474751756405
9.244	0.006898885271194082
9.253	0.0068763991336751205
9.261999999999999	0.00685449593787096
9.270999999999999	0.006833180383675358
9.28	0.006812455081421556
9.289	0.006597966408543787
9.298	0.006578115013624653
9.306999999999999	0.006558859264730712
9.315999999999999	0.0065401939744624115
9.325	0.006522112228446226
9.334	0.0063850218288115995
9.343	0.006368477836418702
9.351999999999999	0.006352445459652533
9.360999999999999	0.0063369123837025915
9.37	0.006321865020123425
9.379	0.006307288592827315
9.388	0.006293167224545166
9.397	0.006279484025293479
9.405999999999999	0.006048943463857302
9.415	0.006036040698566885
9.424	0.006023530393249398
9.433	0.006011393836495207
9.442	0.00617921579329502
9.450999999999999	0.0063346899918901205
9.459999999999999	0.006316852636219808
9.469	0.006299750439473712
9.478	0.0062833673794697505
9.487	0.0061237004842353265
9.495999999999999	0.006109420681701299
9.504999999999999	0.006095765103230435
9.514	0.006082712773979721
9.523	0.006222965564051492
9.532	0.00620697072548775
9.540999999999999	0.00619170738471949
9.549999999999999	0.006177154682032338
9.559	0.006506314671214592
9.568	0.006490070237613862
9.577	0.0064742525570310894
9.585999999999999	0.006458847308793905
9.594999999999999	0.006443839744028621
9.604	0.006429214757133539
9.613	0.00641495695162663
9.622	0.006401050709648305
9.631	0.006387480257740471
9.639999999999999	0.006069399527900545
9.649	0.006059016179951078
9.658	0.006048723117067275
9.667	0.00603850730072252
9.676	0.006028356296031962
9.684999999999999	0.005909798535916295
9.693999999999999	0.005680834646654282
9.703	0.005674027410107972
9.712	0.005667283035189068
9.721	0.005660586637547314
9.729999999999999	0.0057977032011554816
9.738999999999999	0.005584192730596189
9.748	0.005377874565577234
9.757	0.00518513640436633
9.766	0.005058266122370954
9.774999999999999	0.004883464924550788
9.783999999999999	0.004875069063170698
9.793	0.00486691143355706
9.802	0.004858983292651614
9.811	0.00461123379880482
9.819999999999999	0.004603730373110542
9.828999999999999	0.0045963951382587045
9.838	0.004569013625021437
9.847	0.004559343236023211
9.856	0.004550056766863219
9.865	0.004541150052954547
9.873999999999999	0.004946746612869541
9.883	0.00502662626712908
9.892	0.004855665072613519
9.901	0.004839361761701633
9.91	0.004823575152155156
9.918999999999999	0.004808309552864639
9.927999999999999	0.00502780589091203
9.937	0.005007084898689097
9.946	0.004986989552223725
9.955	0.0049675329001331765
9.963999999999999	0.004948726646455604
9.972999999999999	0.005113696131495813
9.982	0.005094172177654234
9.991	0.005075424434295119
10.0	0.005057461725785039
10.09	0.0050118945383107105
10.18	0.004933028335186239
10.27	0.005433084379737687
10.36	0.005124078305616932
10.45	0.005218997416170385
10.54	0.005633099286257188
10.63	0.005878274795382661
10.72	0.005427979020161915
10.81	0.004869780057362333
10.9	0.005361864516101703
10.99	0.005583902190168445
11.08	0.005769249641331118
11.17	0.006147838077664488
11.26	0.005764657892766286
11.35	0.0063513306903783635
11.44	0.0062656188915802
11.53	0.006102090516834565
11.62	0.006143241874388791
11.71	0.0057178094133419725
11.8	0.005060461417263155
11.89	0.004835145430939588
11.98	0.005011004088337338
12.07	0.005161879155547589
12.16	0.0058717865839202936
12.25	0.006252126001936674
12.34	0.006180288808914746
12.43	0.006730620225321065
12.52	0.0071075692026757965
12.61	0.007281612322409443
12.7	0.007641692015110973
12.79	0.006949330118016709
12.879999999999999	0.006900622102506147
12.969999999999999	0.007088572935389226
13.06	0.006928758752384837
13.15	0.006791386292660915
13.24	0.006964341102593732
13.33	0.0066521648631004465
13.42	0.006935003021308822
13.51	0.006611311530866147
13.6	0.006969916660956238
13.69	0.007818968221723191
13.78	0.008599367658561553
13.87	0.008587507201362164
13.96	0.00821194793093451
14.05	0.008692017150858634
14.14	0.009391815127068062
14.23	0.009291133670074904
14.32	0.009359443007260378
14.41	0.008818795133628588
14.5	0.008704157568595185
14.59	0.008235465147449142
14.68	0.007911868529622699
14.77	0.0069434009996271855
14.86	0.00635583084321604
14.95	0.006594940054753219
15.04	0.006595088821346037
15.129999999999999	0.0062306565066901215
15.219999999999999	0.006022973526476587
15.309999999999999	0.005561083550235413
15.399999999999999	0.0053615370509934295
15.49	0.0053040635248503155
15.58	0.005553433857925706
15.67	0.0055803937395553
15.76	0.005913620972339633
15.85	0.006239154016768098
15.94	0.006410180263554043
16.03	0.006541252708395223
16.12	0.006471454327203238
16.21	0.006904073146679416
16.3	0.007470685320366138
16.39	0.007523661744095891
16.48	0.007505024426355234
16.57	0.007880224546500414
16.66	0.007626900396679937
16.75	0.007563495658602391
16.84	0.007074604900884299
16.93	0.006950036491456178
17.02	0.007578310856462959
17.11	0.007139718505056743
17.2	0.006594784166262508
17.29	0.00674714733775084
17.38	0.006668862009472447
17.47	0.006887009200468649
17.56	0.006580016837537669
17.65	0.00672887406653252
17.74	0.006217108864087687
17.83	0.0060130013979148396
17.92	0.006106345486824439
18.009999999999998	0.005678455215946843
18.1	0.0056558595141759874
18.189999999999998	0.005651530260566635
18.28	0.006197441032990424
18.369999999999997	0.005947841221757636
18.46	0.005733049034638971
18.549999999999997	0.005599677164094936
18.64	0.005285373941443217
18.73	0.005654404789457688
18.82	0.005912081248185841
18.91	0.005686460136838774
19.0	0.0056991455121065855
19.09	0.005330622082683278
19.18	0.005627899292775325
19.27	0.005998134516220797
19.36	0.006674153159790747
19.45	0.006555690878930483
19.54	0.00659029264960244
19.63	0.00683406719020729
19.72	0.006725307911101864
19.810000000000002	0.0066385782557986375
19.9	0.00658903201466088
19.990000000000002	0.005934553820389302
20.08	0.006080663624767723
20.17	0.005615465909453153
20.259999999999998	0.0060506936380803344
20.35	0.005679307308103784
20.439999999999998	0.005415199410652333
20.53	0.0055411376125342705
20.619999999999997	0.005531918301839735
20.71	0.005691956427420101
20.799999999999997	0.005886091302486488
20.89	0.005871416141763165
20.98	0.005562731037910029
21.07	0.006091880408776639
21.16	0.006461051154788463
21.25	0.006536111791121545
21.34	0.0066222504014480784
21.43	0.006744749413848701
21.52	0.00616665658166409
21.61	0.005991525602545835
21.7	0.006121889834597467
21.79	0.005634466025400945
21.88	0.004884791791881938
21.97	0.005196013233549415
22.06	0.005201297934087873
22.15	0.0054464529748944265
22.240000000000002	0.005293592054496446
22.33	0.005037751419558579
22.42	0.004604910317965881
22.509999999999998	0.004441168763567114
22.6	0.005100026203316936
22.689999999999998	0.0050130524513121045
22.78	0.005116006391057808
22.869999999999997	0.0048032913528695785
22.96	0.005230106237059505
23.049999999999997	0.005550824865719097
23.14	0.005499059628229558
23.229999999999997	0.005122112011298201
23.32	0.005690610586238881
23.41	0.005699834845560535
23.5	0.00570019398800762
23.59	0.0054049937400733935
23.68	0.005023990983413777
23.77	0.005521460419265627
23.86	0.005135905375375515
23.95	0.005294948983436084
24.04	0.005234967658759861
24.13	0.005379248356075302
24.22	0.004991299082611166
24.31	0.004988077486382293
24.4	0.0054953299884805155
24.490000000000002	0.005740719943503003
24.58	0.005100174728852978
24.67	0.005429480681770697
24.759999999999998	0.005117351207504734
24.85	0.0053112097000831675
24.939999999999998	0.005832878774292026
25.03	0.005357365701519059
25.119999999999997	0.005497145531419913
25.21	0.00528862540048481
25.299999999999997	0.005160167404643122
25.39	0.005003789028702942
25.479999999999997	0.004678392923648245
25.57	0.004729727928981463
25.66	0.0043459336538961175
25.75	0.0053715927938901694
25.84	0.005350314977656702
25.93	0.005429225504506244
26.02	0.005387158860158428
26.11	0.0056584792774495
26.2	0.005709707260009262
26.29	0.006005586066234275
26.38	0.006360157659117139
26.47	0.005954357749221277
26.56	0.005981378404669906
26.65	0.006154276725140353
26.74	0.006844212845165935
26.83	0.0065412024611864366
26.919999999999998	0.006466317911199574
27.009999999999998	0.006306612562145298
27.099999999999998	0.006577318879758443
27.189999999999998	0.0057432182632995606
27.28	0.0053463588428911465
27.37	0.005454155173229077
27.46	0.005607443123402647
27.55	0.005605494574888691
27.64	0.006093040654854625
27.73	0.005545374352195995
27.82	0.005530108280258929
27.91	0.005802509993435374
28.0	0.006016405432634701
28.09	0.0057796336680954385
28.18	0.005525132994937323
28.27	0.005404866086425704
28.36	0.004887469505339619
28.45	0.005140700739720064
28.54	0.0048227996599134355
28.63	0.004713709785205198
28.72	0.004850396354696189
28.81	0.0049872747837657935
28.9	0.005543443272539547
28.99	0.0052287733528522135
29.08	0.005588320351766229
29.169999999999998	0.005492628409171937
29.259999999999998	0.005742940712832535
29.349999999999998	0.006380367055510348
29.439999999999998	0.0063835311461209986
29.529999999999998	0.005965372723602968
29.62	0.005991988231200896
29.71	0.005244674883004432
29.8	0.005472618007745625
29.89	0.005565833532709228
29.98	0.005437873696856955
30.07	0.005142382603901996
30.16	0.004891623067645532
30.25	0.004761631222211465
30.34	0.004658925265614332
30.43	0.004579818298197628
30.52	0.005234358085661496
30.61	0.005053884671397755
30.7	0.0053095812593739146
30.79	0.005899058571288217
30.88	0.006135153208180615
30.97	0.0060539934976909186
31.06	0.00589444158198479
31.15	0.005632672762060485
31.24	0.005681377209762474
31.33	0.005287231639400719
31.419999999999998	0.005352294833350498
31.509999999999998	0.004778346780009531
31.599999999999998	0.00489515955254236
31.689999999999998	0.004937109371232096
31.779999999999998	0.004901382223724698
31.869999999999997	0.005574918607695921
31.96	0.00515286893649505
32.05	0.005467285780053237
32.14	0.005458064092386855
32.230000000000004	0.005891301538428618
32.32	0.005694736926151322
32.41	0.005527421122289993
32.5	0.006263264378215425
32.59	0.006382464710369634
32.68	0.006608852398628213
32.769999999999996	0.006226116439271175
32.86	0.0064477365584957634
32.95	0.006252411927148621
33.04	0.006426509453853386
33.129999999999995	0.006525659643552292
33.22	0.007112892425202426
33.31	0.006566718107689092
33.4	0.007408724040445972
33.489999999999995	0.007107966242179922
33.58	0.007581079473387688
33.67	0.00730578400083228
33.76	0.007655527903725502
33.849999999999994	0.008293731644316422
33.94	0.007960922237868182
34.03	0.007906221625594196
34.12	0.006975117078317765
34.21	0.006956430399990201
34.3	0.007261992824635416
34.39	0.006716577530937703
34.480000000000004	0.0068762268864954006
34.57	0.006834381602577612
34.66	0.006182358859854719
34.75	0.006051507468364635
34.84	0.005565950058877175
34.93	0.00555026330078121
35.019999999999996	0.005573735364866525
35.11	0.005123205946756078
35.2	0.005449896668559226
35.29	0.005219018936708911
35.379999999999995	0.004635611018817218
35.47	0.004469990352306685
35.56	0.004642734694373597
35.65	0.005186430965636294
35.739999999999995	0.005389211762858827
35.83	0.005824781441599419
35.92	0.00606241807412158
36.01	0.005582333384367481
36.099999999999994	0.006209214427869789
36.19	0.00653556592728489
36.28	0.006503020038007794
36.37	0.0063103294768795965
36.459999999999994	0.00581639573100246
36.55	0.005393661349812416
36.64	0.005227779370541772
36.730000000000004	0.0051270345649143964
36.82	0.0050809095277474705
36.91	0.0050251285373094125
37.0	0.004989422300827255
37.09	0.00556051618159966
37.18	0.005505833705813018
37.269999999999996	0.005209066223605239
37.36	0.0055797878299315585
37.45	0.006434871201930019
37.54	0.006118942707609996
37.629999999999995	0.006288009544790909
37.72	0.006184814682238343
37.81	0.00642049951592805
37.9	0.0066912505967291185
37.989999999999995	0.00657137862605371
38.08	0.006086490158513667
38.17	0.005929409689168359
38.26	0.0057967911780060985
38.349999999999994	0.005822694558019807
38.44	0.005309290606429481
38.53	0.005150483311325337
38.62	0.005929565964020542
38.709999999999994	0.00602728662387185
38.8	0.006665161124543363
38.89	0.006820157692191907
38.980000000000004	0.006664092137064944
39.07	0.0070723506534790875
39.16	0.007164787402569876
39.25	0.007300450342748131
39.34	0.007559465024211429
39.43	0.007998789525745162
39.519999999999996	0.007748208913291963
39.61	0.007746863887554655
39.7	0.007604892050478371
39.79	0.007466000165722508
39.879999999999995	0.007311281079149557
39.97	0.007629045325367047
40.06	0.0070430753925861634
40.15	0.00687598896196289
40.239999999999995	0.006943287588492923
40.33	0.007158901132621781
40.42	0.007579225771214949
40.51	0.007112564159987933
40.599999999999994	0.00700196522865807
40.69	0.007208725842969573
40.78	0.0072140750984468855
40.87	0.00706253489783968
40.959999999999994	0.00713690753421956
41.05	0.007051335522875639
41.14	0.0070997025337114945
41.230000000000004	0.006507959144511094
41.32	0.006898007713214518
41.41	0.006746908158281513
41.5	0.006838005693467922
41.59	0.006388562249501291
41.68	0.006813951141886757
41.769999999999996	0.007078993649567621
41.86	0.0070955561548630254
41.95	0.006048096284194576
42.04	0.006022655396229773
42.129999999999995	0.006409766694855853
42.22	0.006220418575865031
42.31	0.006402561625441154
42.4	0.0060851029071954865
42.49	0.0063250089471992175
42.58	0.006218160001828326
42.67	0.006419066580269269
42.76	0.006171778662846136
42.85	0.00648426962127215
42.94	0.0066180382087524916
43.03	0.006484209047812797
43.12	0.006480952519341402
43.21	0.006284286875343914
43.3	0.006197074303977989
43.39	0.00677232500877901
43.48	0.006108352081772472
43.57	0.005938053158640606
43.66	0.00619445553344033
43.75	0.006264043582993465
43.839999999999996	0.005708195926821369
43.93	0.006310758810186307
44.019999999999996	0.005979231566460075
44.11	0.006845418149867005
44.199999999999996	0.006780753882241946
44.29	0.00652463520205585
44.379999999999995	0.006600329105053741
44.47	0.006911691503344825
44.56	0.007323332178391889
44.65	0.007134701427422958
44.74	0.006900222292184886
44.83	0.007071685981785366
44.92	0.00700041148500896
45.01	0.006316580319129142
45.1	0.00606573536311825
45.19	0.006106398507800007
45.28	0.005871755465924057
45.37	0.005902014330697728
45.46	0.005680044451613873
45.55	0.005962876423727777
45.64	0.005614126237989836
45.73	0.005960647045335598
45.82	0.0065780187643577626
45.91	0.006647703830124951
46.0	0.0070866584227701045
46.089999999999996	0.006604194180064191
46.18	0.006710753737430603
46.269999999999996	0.006617090059805953
46.36	0.006328927040187653
46.449999999999996	0.00565549646124618
46.54	0.005429049094388957
46.629999999999995	0.005580515187069038
46.72	0.006261535035369155
46.809999999999995	0.006407535708901819
46.9	0.005979585917286069
46.99	0.005695503366769617
47.08	0.005579251405871273
47.17	0.005590698184472121
47.26	0.006517708379764133
47.35	0.006571611467881568
47.44	0.006364491876104416
47.53	0.006276326032449969
47.62	0.006486656031249807
47.71	0.005694170437329673
47.8	0.005898562292751397
47.89	0.00575563905950641
47.98	0.00602728968169398
48.07	0.0063877087159283225
48.16	0.006957206766313398
48.25	0.0069563964225527
48.339999999999996	0.007038725075645525
48.43	0.006888316428664209
48.519999999999996	0.007026612945035177
48.61	0.00732640989577874
48.699999999999996	0.007682268577272542
48.79	0.007659457486637162
48.879999999999995	0.007964142974991434
48.97	0.0076658182930573185
49.059999999999995	0.00800205519646695
49.15	0.007807939746265194
49.24	0.0076021750162198025
49.33	0.007302651388210764
49.42	0.0077425382721995695
49.51	0.007656115262344426
49.6	0.007428685540001803
49.69	0.007408644096483199
49.78	0.007411203502477061
49.87	0.00777556217319356
49.96	0.00758974366629238
50.05	0.007664024689737006
50.14	0.007633515444350371
50.23	0.00707672376520186
50.32	0.006947297299735451
50.41	0.0070017550264019806
50.5	0.006431110190244983
50.589999999999996	0.006114874316390944
50.68	0.005769700961284261
50.769999999999996	0.005094951590839318
50.86	0.005228285230798682
50.949999999999996	0.005458868632456484
51.04	0.005275907203633093
51.129999999999995	0.005899560648976338
51.22	0.005647504996577476
51.309999999999995	0.005998538742257898
51.4	0.0062212659491897426
51.49	0.0057718140336233004
51.58	0.005667498560266123
51.67	0.005576735739186748
51.76	0.005311832664517921
51.85	0.005407348136393989
51.94	0.005586327051957901
52.03	0.005145123720442171
52.12	0.005373042469032953
52.21	0.004792352973223096
52.3	0.004771091535430195
52.39	0.005275123538867314
52.48	0.005042299516198219
52.57	0.005161971525871235
52.66	0.005446759921017412
52.75	0.005217479813404895
52.839999999999996	0.004250957762880966
52.93	0.003960556781905312
53.019999999999996	0.0036280319170077795
53.11	0.003962791337755846
53.199999999999996	0.004714798303643673
53.29	0.004782825145787523
53.379999999999995	0.005120732492280013
53.47	0.004470331766733424
53.559999999999995	0.0044011875827405554
53.65	0.004604692331379393
53.739999999999995	0.004633651387368785
53.83	0.005263661233492813
53.92	0.005540675746320572
54.01	0.006104722260827932
54.1	0.005745590875223582
54.19	0.005208780488288736
54.28	0.005143995152628588
54.37	0.005384213539789305
54.46	0.005003117374938301
54.55	0.005005644735952734
54.64	0.004944554491293954
54.73	0.004856819524367771
54.82	0.0048239367695525216
54.91	0.00480127455060848
55.0	0.005091359646076101
55.089999999999996	0.005113768417316836
55.18	0.005005333655523073
55.269999999999996	0.0049291126354987945
55.36	0.005152640077119751
55.449999999999996	0.005828039387662967
55.54	0.005922804148812007
55.629999999999995	0.005895989879698056
55.72	0.005900317336700573
55.809999999999995	0.00613238390280329
55.9	0.006414937053217414
55.989999999999995	0.006596079832264713
56.08	0.0064794315426917794
56.17	0.007763342068265609
56.26	0.007282533528219539
56.35	0.007458230808263786
56.44	0.0074254217310958
56.53	0.007210819344554913
56.62	0.007708939346465668
56.71	0.007110227942288978
56.8	0.007289060527830095
56.89	0.007086248087959533
56.98	0.0070736574726931074
57.07	0.006711727412249918
57.16	0.006808808819047492
57.25	0.0060755678548521
57.339999999999996	0.0066687469265529565
57.43	0.006381448552240438
57.519999999999996	0.006517731490498454
57.61	0.006121537939500992
57.699999999999996	0.006047377336783083
57.79	0.006152719007724134
57.879999999999995	0.006130759224770681
57.97	0.005856303759681978
58.059999999999995	0.005988667802861479
58.15	0.005742440354878502
58.239999999999995	0.006299328642909306
58.33	0.006190757048307049
58.42	0.00660560357216632
58.51	0.006301147646466964
58.6	0.006284097442827874
58.69	0.006422245715755559
58.78	0.007180281993254431
58.87	0.006839004859308593
58.96	0.006357519431981009
59.05	0.006025787568709156
59.14	0.00597113189991045
59.23	0.006141967931459455
59.32	0.006323481991418971
59.41	0.005992526589588806
59.5	0.005670038855188292
59.589999999999996	0.006340073979914435
59.68	0.006544122549486059
59.769999999999996	0.006047642450706168
59.86	0.005652481981946065
59.949999999999996	0.006020416101362738
60.04	0.006104976965995887
60.129999999999995	0.006069812259526785
60.22	0.005993566184366605
60.309999999999995	0.005614100553430469
60.4	0.005590895153932395
60.489999999999995	0.006033925021443084
60.58	0.006794956971975782
60.669999999999995	0.006837856076329103
60.76	0.0062589666790316715
60.85	0.0062723453331226565
60.94	0.0066370185567327595
61.03	0.006608833020873736
61.12	0.007477913653328401
61.21	0.006513219396893807
61.3	0.006351004232560226
61.39	0.0061571457286126695
61.48	0.006455359303191078
61.57	0.005967740292270394
61.66	0.006094860539017654
61.75	0.006353038371454188
61.839999999999996	0.00658740792841291
61.93	0.006140194106349722
62.019999999999996	0.0056979779351983
62.11	0.005576395536861736
62.199999999999996	0.005743729090840717
62.29	0.006251978589845274
62.379999999999995	0.005890142756948112
62.47	0.005728820307022442
62.559999999999995	0.005406682940852928
62.65	0.005680095944915838
62.739999999999995	0.006272470369931801
62.83	0.0065401262733601915
62.919999999999995	0.00562794667444239
63.01	0.005958913919575697
63.1	0.0056793458056460236
63.19	0.005777913430795217
63.28	0.00602717206119759
63.37	0.006237552691711541
63.46	0.006109600454362209
63.55	0.005894047063880877
63.64	0.005832358397977328
63.73	0.005683999073252616
63.82	0.005608834469420096
63.91	0.005748217536735654
64.0	0.005637826747526477
64.09	0.005064744309962179
64.18	0.005163231372003341
64.27	0.005332437697410776
64.36	0.005292047537464483
64.44999999999999	0.005170457455604123
64.53999999999999	0.005342407511579002
64.63	0.0057514191017526105
64.72	0.005602756031365289
64.81	0.006039457720154963
64.9	0.00720528537118819
64.99	0.007218674255918889
65.08	0.0067604437464073895
65.16999999999999	0.006282606644446563
65.25999999999999	0.006584786758686713
65.35	0.006371261148740963
65.44	0.0070117250793860445
65.53	0.006722611513037667
65.62	0.006824229339691481
65.71000000000001	0.006668045577668526
65.8	0.006422169081427052
65.89	0.006438135149117823
65.97999999999999	0.006452531305859114
66.07	0.006337297203572002
66.16	0.006374520031170227
66.25	0.006474887196597732
66.34	0.006386946638623127
66.43	0.006157839324679102
66.52	0.006009751571355832
66.61	0.005867399140475137
66.69999999999999	0.005340511442274028
66.78999999999999	0.0051879004692056245
66.88	0.005570266043660922
66.97	0.006066028005132423
67.06	0.00572758559581246
67.15	0.006030897598086276
67.24	0.0063115161950498865
67.33	0.006799036826414314
67.41999999999999	0.0068112506450694705
67.50999999999999	0.007511744128862802
67.6	0.0077187443981486786
67.69	0.0077786127372190365
67.78	0.007404443508417674
67.87	0.007216370769871764
67.96000000000001	0.007286042977658384
68.05	0.007388259476449161
68.14	0.007325350833392796
68.22999999999999	0.007577613705327293
68.32	0.007186017104286062
68.41	0.007087850400391488
68.5	0.00679886208574628
68.59	0.006751986199929667
68.68	0.006566018590916624
68.77	0.006449327544878652
68.86	0.006945838308693887
68.94999999999999	0.006595082463139329
69.03999999999999	0.00659892867078342
69.13	0.006637780824899198
69.22	0.006299747177513797
69.31	0.006142551820256823
69.4	0.006268596721452868
69.49	0.00611445612566543
69.58	0.005964036532354765
69.66999999999999	0.005752281141196496
69.75999999999999	0.006307796071023634
69.85	0.00684828715444453
69.94	0.006413255061659204
70.03	0.006043843205371982
70.12	0.006605879349866628
70.21000000000001	0.006448155498755875
70.3	0.00660345908574709
70.39	0.0072592716411203
70.47999999999999	0.006943197536199674
70.57	0.006983826723419898
70.66	0.006614497237087869
70.75	0.0067219820910486595
70.84	0.0065632750000694795
70.93	0.006420074542845052
71.02	0.006029561696831773
71.11	0.005363574368574462
71.19999999999999	0.0063837098845454755
71.28999999999999	0.006466941204520308
71.38	0.0059797062192373535
71.47	0.006032331253235953
71.56	0.005902421939916671
71.65	0.005822765096894568
71.74	0.006118262800622094
71.83	0.006452574488375281
71.91999999999999	0.006309043418873559
72.00999999999999	0.005497419741126447
72.1	0.005686315811917947
72.19	0.005454305666205119
72.28	0.005383016819056895
72.37	0.005481710553916572
72.46000000000001	0.005513922550965776
72.55	0.00543554026863544
72.64	0.005364115834423845
72.72999999999999	0.005166484880075469
72.82	0.005804522087874032
72.91	0.005985415027971875
73.0	0.005548868521318283
73.09	0.006349123208905232
73.18	0.00651026056295996
73.27	0.006655829257680255
73.36	0.0069510172130722355
73.44999999999999	0.006931671795507486
73.53999999999999	0.007129293515250575
73.63	0.0074235512866260706
73.72	0.007375467382413067
73.81	0.007333440183105609
73.9	0.007862914146312176
73.99	0.007623426308032139
74.08	0.00772068428398477
74.17	0.008023083443792583
74.25999999999999	0.00837695728446456
74.35	0.007757673293841593
74.44	0.007762085624989954
74.53	0.007698239553686921
74.62	0.008239251036904585
74.71	0.007835034295704734
74.8	0.00735863693775956
74.89	0.007602919449022303
74.98	0.0072061309942899505
75.07	0.006863791744744813
75.16	0.007244612717858129
75.25	0.0073884723270913845
75.34	0.007269632957643383
75.42999999999999	0.007168143559378321
75.52	0.007029746031376487
75.61	0.0066225231318947754
75.7	0.007243592065659677
75.78999999999999	0.0069186381556310345
75.88	0.006585239955772673
75.97	0.006510425064022537
76.06	0.0064694697473218765
76.14999999999999	0.007043826609003717
76.24	0.007006775692393789
76.33	0.00696007159433221
76.42	0.00632707615386715
76.50999999999999	0.006304331400888541
76.6	0.006642208528454089
76.69	0.006794471575917018
76.78	0.00762168268870586
76.87	0.007274854566659771
76.96	0.007401780206968717
77.05	0.0069410194822761406
77.14	0.006801278572273109
77.23	0.006986782595765365
77.32	0.007293830062087986
77.41	0.006869482929100245
77.5	0.006972864896010874
77.59	0.006941506887992423
77.67999999999999	0.006524569541086424
77.77	0.007138110682138409
77.86	0.007333787635383103
77.95	0.0070572466218610415
78.03999999999999	0.007150071638624587
78.13	0.007060002143130966
78.22	0.006573887372549911
78.31	0.007165323370094
78.39999999999999	0.00738705063099143
78.49	0.007449584317766436
78.58	0.007453073773212435
78.67	0.007555217567956497
78.75999999999999	0.0075134463689095436
78.85	0.008256428381124777
78.94	0.007956703340459855
79.03	0.008080192773331073
79.12	0.007743441205355394
79.21	0.008405613248715473
79.3	0.008291695467269251
79.39	0.007910581415912301
79.48	0.007735666051161972
79.57	0.0076069677997965095
79.66	0.007986775778649062
79.75	0.007198323955254544
79.84	0.0070930603540828845
79.92999999999999	0.007482070930008519
80.02	0.007351485347467528
80.11	0.007435312136040768
80.2	0.007334676241434536
80.28999999999999	0.006451708987539256
80.38	0.006729929957308399
80.47	0.00639699914169877
80.56	0.006444769854777194
80.64999999999999	0.0064372474489933955
80.74	0.006519111533183177
80.83	0.006326094454184197
80.92	0.006137774423277668
81.00999999999999	0.005797808512264571
81.1	0.005144073917411309
81.19	0.004931668176826306
81.28	0.0050220801189934956
81.36999999999999	0.004592675103255725
81.46	0.005150019495760388
81.55	0.0049568274118289846
81.64	0.004980813042871579
81.73	0.0046645291949589775
81.82	0.004715663065130951
81.91	0.004680547795143619
82.0	0.005646869445725016
82.09	0.0058321632821111725
82.17999999999999	0.005887119791826131
82.27	0.006275296932082004
82.36	0.006299289799568491
82.45	0.006178782019476702
82.53999999999999	0.00568388488690006
82.63	0.005301391580594083
82.72	0.0054370737142971914
82.81	0.0056979626093969305
82.89999999999999	0.005653047905221967
82.99	0.005625472751238607
83.08	0.005689686698023174
83.17	0.005455611256442826
83.25999999999999	0.005074926346450334
83.35	0.005888599699992302
83.44	0.0064981217891875494
83.53	0.005738019206286428
83.61999999999999	0.0060139893087016805
83.71	0.005829170349122841
83.8	0.005351984351315944
83.89	0.005398385488864094
83.98	0.005113751127654434
84.07	0.0051073588948092295
84.16	0.004883564602158096
84.25	0.005200079150111582
84.34	0.00529889992915737
84.42999999999999	0.005288208690564672
84.52	0.005973786689916804
84.61	0.006558122178473555
84.7	0.00695634585853558
84.78999999999999	0.006983720457428027
84.88	0.006958707556885288
84.97	0.006889182512342829
85.06	0.0074634603358382555
85.14999999999999	0.007513913830663668
85.24	0.007688990800088267
85.33	0.007103571342694011
85.42	0.006670719060559806
85.50999999999999	0.006667245606408879
85.6	0.006634253734228827
85.69	0.006171306205754869
85.78	0.005952149400633092
85.86999999999999	0.006054653110454401
85.96	0.006022632622750143
86.05	0.0066043494508004705
86.14	0.00633993221049418
86.23	0.0066845274663164134
86.32	0.006799274491751813
86.41	0.006676602126758515
86.5	0.005485211786251601
86.59	0.005640395398195403
86.67999999999999	0.005410144357367134
86.77	0.005704973502304386
86.86	0.006101589267048012
86.95	0.006319863798875832
87.03999999999999	0.005769862839863271
87.13	0.0059988758321163765
87.22	0.006196548985551199
87.31	0.00585404435845185
87.39999999999999	0.0059298232471490945
87.49	0.005645934265085752
87.58	0.005699611028559072
87.67	0.005633433797500623
87.75999999999999	0.00518345811187361
87.85	0.0051715355784214935
87.94	0.005349116960292415
88.03	0.00614077048481958
88.11999999999999	0.006299141668460664
88.21	0.006203587648885445
88.3	0.0062683213519656375
88.39	0.0059181926967416905
88.48	0.0056228603807333515
88.57	0.006703550749481202
88.66	0.0064427134677503455
88.75	0.007338357290793313
88.84	0.006270752984854587
88.92999999999999	0.006074786594373042
89.02	0.006414062332876088
89.11	0.006380186842069716
89.2	0.007229556561514321
89.28999999999999	0.00629140221429601
89.38	0.005918519360291107
89.47	0.005869510706981628
89.56	0.0057594438100657605
89.64999999999999	0.005891228618161583
89.74	0.006097986918159916
89.83	0.006044343055941434
89.92	0.005787895259983688
90.00999999999999	0.005651207203371096
90.1	0.005720783663711631
90.19	0.005233010653717997
90.28	0.005435808689501433
90.36999999999999	0.005457809392360939
90.46	0.0060068170564656674
90.55	0.005729525884044004
90.64	0.0054358523716868485
90.73	0.005293600891234271
90.82	0.0053125433956626505
90.91	0.005306781574018134
91.0	0.005337105265500377
91.09	0.005639005560630833
91.17999999999999	0.0056086986529455
91.27	0.0061369703711400565
91.36	0.006234765166570902
91.45	0.0060441290447951455
91.53999999999999	0.006791906690287391
91.63	0.006750623021963737
91.72	0.006813906769232913
91.81	0.006622838734401851
91.89999999999999	0.00648482188669336
91.99	0.006034924562522893
92.08	0.006104835904143035
92.17	0.005857847986774544
92.25999999999999	0.005733667043425553
92.35	0.006356654360367815
92.44	0.006214457446747711
92.53	0.006277865602003719
92.61999999999999	0.006169157600076101
92.71	0.006462361375604869
92.8	0.0065479420087972496
92.89	0.0067451315565153405
92.98	0.006726545502208468
93.07	0.006676262268246084
93.16	0.006342749315229252
93.25	0.006140601711001017
93.34	0.006104087114466183
93.42999999999999	0.006486274188635878
93.52	0.007285685351833369
93.61	0.006966612272643414
93.7	0.006534512799592702
93.78999999999999	0.005748111152609362
93.88	0.005729099325378069
93.97	0.005630124655053698
94.06	0.0065351009872471385
94.14999999999999	0.00621982005958972
94.24	0.005947419363968219
94.33	0.006219213537169924
94.42	0.006267959147522101
94.50999999999999	0.005781643023804975
94.6	0.005624720898502099
94.69	0.006148698692550078
94.78	0.00655073932505318
94.86999999999999	0.006865157084370966
94.96	0.006896743789725177
95.05	0.007266302845784879
95.14	0.006850600959759478
95.22999999999999	0.006683514980998516
95.32	0.0068510874777640805
95.41	0.006599307688060249
95.5	0.006724996110837173
95.59	0.00662041689932828
95.67999999999999	0.00658755596936764
95.77	0.0064646148233554745
95.86	0.006754641974665704
95.95	0.006770840703018058
96.03999999999999	0.00640003209103481
96.13	0.006200862201198463
96.22	0.006006121914758963
96.31	0.005577129805038884
96.39999999999999	0.005648308779083347
96.49	0.005517593540227792
96.58	0.005599188906154277
96.67	0.00530108020997109
96.75999999999999	0.005346270294895657
96.85	0.005428767703426785
96.94	0.006387720373100197
97.03	0.006461073783363659
97.11999999999999	0.006356937133033915
97.21	0.006337574837917277
97.3	0.006178610070759934
97.39	0.006611220374393533
97.47999999999999	0.006527065385425715
97.57	0.006454351818189541
97.66	0.005942983370034859
97.75	0.006717185697269972
97.84	0.006276625750775007
97.92999999999999	0.00559584208183128
98.02	0.005718324677593645
98.11	0.0059830342509143136
98.2	0.0064551029740978864
98.28999999999999	0.006119103255215446
98.38	0.006363845021759394
98.47	0.005820919518523819
98.56	0.006017295073771098
98.64999999999999	0.005995753890356933
98.74	0.006027982373870835
98.83	0.006064069190160437
98.92	0.005713088222403511
99.00999999999999	0.00530098655284211
99.1	0.005602560454085135
99.19	0.00535114669811868
99.28	0.005527865502392817
99.36999999999999	0.005189733733999751
99.46	0.005615832308988222
99.55	0.005922124409824696
99.64	0.00573100495571465
99.72999999999999	0.0063451401184339215
99.82	0.006681185487844826
99.91	0.0069880459091908155
100.0	0.007012771438309097
100.90090090090091	0.005090790957265165
101.8018018018018	0.005599676855134697
102.70270270270271	0.004398321148752711
103.6036036036036	0.004086634756368007
104.50450450450451	0.006507129571926234
105.4054054054054	0.006766931551128478
106.30630630630631	0.0054575986048248145
107.2072072072072	0.005777143846379982
108.10810810810811	0.006052375560950895
109.009009009009	0.0064186945162452765
109.90990990990991	0.006101186951126144
110.8108108108108	0.005535634174155398
111.71171171171171	0.007135509111215932
112.61261261261261	0.005023398914114583
113.51351351351352	0.006244258048777344
114.41441441441441	0.005695135232921001
115.31531531531532	0.006266947203396758
116.21621621621622	0.005972960823830115
117.11711711711712	0.006351704098212512
118.01801801801801	0.006280757822039862
118.91891891891892	0.005693315255260198
119.81981981981983	0.005440357348062186
120.72072072072072	0.00601514780788766
121.62162162162161	0.006056802926959537
122.52252252252252	0.006732191655260082
123.42342342342343	0.007448617260944496
124.32432432432432	0.007870520352180695
125.22522522522523	0.0075249886092110686
126.12612612612612	0.006172729056245529
127.02702702702703	0.00663808743704671
127.92792792792793	0.005912855752572432
128.82882882882882	0.004718767840080222
129.72972972972974	0.005797004733569608
130.63063063063063	0.00794226867065035
131.53153153153153	0.007055505561225092
132.43243243243245	0.007051458597889289
133.33333333333334	0.005826692320290985
134.23423423423424	0.004754328160552101
135.13513513513513	0.0072754592011204326
136.03603603603602	0.0066630977678583175
136.93693693693695	0.006439914317765019
137.83783783783784	0.006032874782648122
138.73873873873873	0.007699044141347312
139.63963963963965	0.008041528538864107
140.54054054054055	0.005735282526737599
141.44144144144144	0.005203827404303012
142.34234234234233	0.007166959419293597
143.24324324324323	0.005770598757775442
144.14414414414415	0.006474772560458273
145.04504504504504	0.005262952170557819
145.94594594594594	0.004906979100774295
146.84684684684686	0.005547858241470187
147.74774774774775	0.007034644445888658
148.64864864864865	0.005850392275401437
149.54954954954957	0.006194532767058476
150.45045045045046	0.006291921322001853
151.35135135135135	0.006680034708475869
152.25225225225225	0.005673052032236576
153.15315315315314	0.005452501483190832
154.05405405405406	0.005107696135202634
154.95495495495496	0.005727059839118364
155.85585585585585	0.004933423170545527
156.75675675675677	0.006121246082314051
157.65765765765767	0.004893807072113043
158.55855855855856	0.006776158142941466
159.45945945945945	0.006350234359971269
160.36036036036035	0.004668491973535828
161.26126126126127	0.005254727487629509
162.16216216216216	0.006816634686556709
163.06306306306305	0.006394007227888451
163.96396396396398	0.006424602395621762
164.86486486486487	0.00582938735418156
165.76576576576576	0.00523553560179161
166.66666666666669	0.0059841054076963185
167.56756756756755	0.00796995770682831
168.46846846846847	0.00681705238612679
169.36936936936937	0.005934575306002579
170.27027027027026	0.0066832887389886375
171.17117117117118	0.0057133721847533086
172.07207207207207	0.005289825248212086
172.97297297297297	0.007778039198526288
173.8738738738739	0.006367206569503752
174.77477477477476	0.007458961651426856
175.67567567567568	0.006201456278677682
176.57657657657657	0.006149211080183169
177.47747747747746	0.005114348466543685
178.3783783783784	0.0056176310195765605
179.27927927927928	0.007258805651040607
180.18018018018017	0.0065002225693958455
181.0810810810811	0.007323880164364677
181.981981981982	0.004752167207170009
182.88288288288288	0.007242971556738211
183.7837837837838	0.005056853875969247
184.68468468468467	0.007322429660893475
185.5855855855856	0.006008551657953927
186.48648648648648	0.00640804610106984
187.38738738738738	0.0072133180992926356
188.2882882882883	0.006726491823634485
189.1891891891892	0.006751227543193974
190.0900900900901	0.0072290418541938435
190.990990990991	0.007379823986792938
191.89189189189187	0.005110814459897819
192.7927927927928	0.005863518239136648
193.6936936936937	0.005820382293085188
194.59459459459458	0.006217516368840247
195.4954954954955	0.006764928009663895
196.3963963963964	0.006896653360908965
197.2972972972973	0.005450090781981071
198.1981981981982	0.005734153776205952
199.0990990990991	0.005709227781218458
200.0	0.006817507415118564
200.90090090090092	0.005836227049860151
201.8018018018018	0.006006584390851152
202.7027027027027	0.005598351178761967
203.6036036036036	0.005996620188940681
204.5045045045045	0.005395382847912241
205.40540540540542	0.005485920926246675
206.3063063063063	0.00676522267316512
207.2072072072072	0.0062254562167353865
208.10810810810813	0.0061349724255268375
209.009009009009	0.006261089122418006
209.9099099099099	0.005056112265763033
210.8108108108108	0.005740518037531324
211.7117117117117	0.005193865192385532
212.61261261261262	0.005799587043493013
213.51351351351352	0.005074566912519961
214.4144144144144	0.005160278319852229
215.31531531531533	0.0046287697661522445
216.21621621621622	0.004980999640364087
217.11711711711712	0.003867189332067374
218.01801801801804	0.005873004441342476
218.9189189189189	0.004325761620283082
219.81981981981983	0.005228463041140179
220.72072072072072	0.005168141463372032
221.6216216216216	0.004416255649116071
222.52252252252254	0.0058323150201092435
223.42342342342343	0.0056910895589605695
224.32432432432432	0.006367325413591972
225.22522522522524	0.006284339399052405
226.1261261261261	0.00462647807292716
227.02702702702703	0.006838140834383677
227.92792792792793	0.007116946917054009
228.82882882882882	0.006017083246874916
229.72972972972974	0.0065341347938032935
230.63063063063063	0.0071393165830236135
231.53153153153153	0.0064199970605461915
232.43243243243242	0.006607606655425297
233.33333333333334	0.0061114074728935985
234.23423423423424	0.005304802496898417
235.13513513513513	0.006445306916286335
236.03603603603605	0.006353776578154539
236.93693693693695	0.005986780732713463
237.83783783783784	0.0055759451431674194
238.73873873873873	0.005590689363752303
239.63963963963965	0.007215949667330179
240.54054054054055	0.006919800135482126
241.44144144144144	0.006877249095416893
242.34234234234233	0.005593575103147645
243.24324324324326	0.006958047962351865
244.14414414414415	0.006939982067665633
245.04504504504504	0.005996475040784676
245.94594594594594	0.005808443026382954
246.84684684684686	0.006800454128302052
247.74774774774775	0.006096686765221542
248.64864864864865	0.007617023941384272
249.54954954954954	0.006851263621761081
250.45045045045046	0.00754290289422173
251.35135135135135	0.007157461603371861
252.25225225225225	0.005811487018033718
253.15315315315314	0.00596802727607653
254.05405405405406	0.005117234123740381
254.95495495495496	0.004110598342562585
255.85585585585585	0.005620927414807685
256.7567567567568	0.005938454872022223
257.65765765765764	0.006772367482031873
258.55855855855856	0.00518123669355161
259.4594594594595	0.0053447607490945325
260.36036036036035	0.004510868042672947
261.26126126126127	0.007538003672889411
262.1621621621622	0.005846037365913121
263.06306306306305	0.005896155200748142
263.963963963964	0.00568880769813411
264.8648648648649	0.005782476751226668
265.76576576576576	0.006853766096233477
266.66666666666663	0.006991846096593482
267.5675675675676	0.00791114367111961
268.4684684684685	0.0061066619543311135
269.36936936936934	0.007182524717987063
270.27027027027026	0.005420216304705702
271.1711711711712	0.005580546144960234
272.07207207207205	0.00587567026131034
272.97297297297297	0.006042887449073963
273.8738738738739	0.006882304327732982
274.77477477477476	0.005665839455937259
275.6756756756757	0.006082176384564162
276.5765765765766	0.005833485274504252
277.47747747747746	0.005486939796492629
278.3783783783784	0.0055857299174149055
279.2792792792793	0.007344193461973756
280.1801801801802	0.006289286682546807
281.0810810810811	0.006388418842563017
281.981981981982	0.005838051912978567
282.8828828828829	0.003918935547820179
283.78378378378375	0.005547547657768873
284.6846846846847	0.005705804366890906
285.5855855855856	0.006207839490226156
286.48648648648646	0.005505273823453799
287.3873873873874	0.005537787703223404
288.2882882882883	0.0049603943465866005
289.18918918918916	0.005018954956806644
290.0900900900901	0.005963837428924589
290.990990990991	0.005848615789591772
291.8918918918919	0.004686651582757484
292.7927927927928	0.005631832693884866
293.6936936936937	0.0066743971179205564
294.5945945945946	0.005474007488213815
295.4954954954955	0.005930154564733605
296.3963963963964	0.005651437941547166
297.2972972972973	0.00634591131612712
298.1981981981982	0.0070544453070291125
299.09909909909913	0.006404321282693861
300.0	0.005738486921779283
300.90090090090087	0.00638817947993783
301.80180180180184	0.005714643195783552
302.7027027027027	0.006234756202152144
303.6036036036036	0.005740049874137494
304.5045045045045	0.006055922198176733
305.4054054054054	0.005634329820568416
306.3063063063063	0.005815142121256675
307.2072072072072	0.005331501056092368
308.1081081081081	0.005526885200849756
309.009009009009	0.0050265437281918415
309.9099099099099	0.005119685284680485
310.81081081081084	0.006108822825751598
311.7117117117117	0.006013505186136217
312.6126126126126	0.006113019561001884
313.51351351351354	0.006434276957579866
314.4144144144144	0.0059729358014032645
315.31531531531533	0.00558186701303909
316.21621621621625	0.00608047960595296
317.1171171171171	0.005830175234203927
318.018018018018	0.005207461749900875
318.91891891891896	0.006186990347830245
319.8198198198198	0.004921965199449879
320.7207207207207	0.005671160513095995
321.6216216216216	0.005337359416309408
322.52252252252254	0.005900412754392198
323.4234234234234	0.005612896869190431
324.3243243243243	0.0042921786000798805
325.22522522522524	0.006666783037836552
326.1261261261261	0.006311452969584422
327.02702702702703	0.006689479340659979
327.92792792792795	0.005746679136112589
328.8288288288288	0.00613105009860781
329.72972972972974	0.006016917657527807
330.63063063063066	0.006575962458466376
331.5315315315315	0.005583250554067687
332.43243243243245	0.0061779318211426385
333.33333333333337	0.005947449348177433
334.23423423423424	0.005875015466928
335.1351351351351	0.005693118375196855
336.0360360360361	0.005121315932200532
336.93693693693695	0.0053315308199722465
337.8378378378378	0.005028870903767353
338.73873873873873	0.005009244708176457
339.63963963963965	0.004537142909078991
340.5405405405405	0.005318891112858079
341.44144144144144	0.006511381698572003
342.34234234234236	0.006474718015112534
343.2432432432432	0.005351506065774796
344.14414414414415	0.006101311474047709
345.0450450450451	0.005940192740565223
345.94594594594594	0.006049704976836205
346.84684684684686	0.006106464948076391
347.7477477477478	0.006012213405071039
348.64864864864865	0.005590761645123544
349.5495495495495	0.005248024241662019
350.4504504504505	0.007285980079489364
351.35135135135135	0.005934557746430654
352.2522522522522	0.0048166984591159695
353.1531531531532	0.005945117171738753
354.05405405405406	0.006235885592157081
354.9549549549549	0.00671968759984142
355.85585585585585	0.0057006390440653655
356.7567567567568	0.0050548369019867085
357.65765765765764	0.005010763755401938
358.55855855855856	0.005774720842853319
359.4594594594595	0.005620477412996582
360.36036036036035	0.0059581486545495855
361.26126126126127	0.005824933441141775
362.1621621621622	0.004948606899138389
363.06306306306305	0.0051683540635861615
363.963963963964	0.006930465245777777
364.86486486486484	0.00539167384944902
365.76576576576576	0.0050801270960024085
366.6666666666667	0.004893497411602497
367.56756756756755	0.0053268364912920805
368.4684684684685	0.005814490131415539
369.3693693693694	0.005906456167616464
370.27027027027026	0.005566944331435124
371.1711711711712	0.005065314326618516
372.0720720720721	0.00521990695710019
372.97297297297297	0.006317498194708654
373.8738738738739	0.00648776157971622
374.77477477477476	0.004454976134599969
375.6756756756757	0.005201451696719182
376.5765765765766	0.00508850038619765
377.47747747747746	0.004862922736515285
378.3783783783784	0.006415092002770521
379.2792792792793	0.007017268062427585
380.1801801801802	0.008030760704719317
381.0810810810811	0.006179205399330051
381.98198198198196	0.005078360629481796
382.8828828828829	0.004203493192965826
383.7837837837838	0.005995931266469345
384.68468468468467	0.006259328518089549
385.5855855855856	0.006165729974257492
386.4864864864865	0.006605862262659683
387.3873873873874	0.005175939003466909
388.2882882882883	0.005786625554300078
389.1891891891892	0.0064065066235204846
390.0900900900901	0.006720718153721711
390.990990990991	0.006296098629073122
391.8918918918919	0.005718390190880636
392.7927927927928	0.006173384948835512
393.6936936936937	0.007127672770456583
394.5945945945946	0.006955265413113319
395.4954954954955	0.005980399204153363
396.3963963963964	0.006382031582855415
397.2972972972973	0.005707898057756915
398.1981981981982	0.00664625449142183
399.0990990990991	0.00560516717989532
400.0	0.004727840470097027
400.9009009009009	0.0052298485275511595
401.8018018018018	0.005113357597322866
402.7027027027027	0.005064365690738336
403.60360360360363	0.00621851247888875
404.5045045045045	0.00446259157127237
405.4054054054054	0.005204216205506677
406.3063063063063	0.00513046019594412
407.2072072072072	0.0066743505521586815
408.1081081081081	0.006293260973002865
409.009009009009	0.006227261989319712
409.9099099099099	0.005310698630291082
410.81081081081084	0.006070853808760644
411.7117117117117	0.006986905691130246
412.6126126126126	0.0060264046692518735
413.51351351351354	0.006610154460805465
414.4144144144144	0.00555590241059586
415.31531531531533	0.007468418118687679
416.2162162162162	0.005895756457838141
417.1171171171171	0.004682657721648289
418.01801801801804	0.004805915087842783
418.9189189189189	0.005768129174254799
419.8198198198198	0.0056294146627855046
420.72072072072075	0.005359220273042796
421.6216216216216	0.004746410199489888
422.52252252252254	0.005285352640501274
423.4234234234234	0.00454090615789162
424.3243243243243	0.005097614832332662
425.22522522522524	0.004537460255603026
426.1261261261261	0.006274744434903038
427.02702702702703	0.0063006925142844485
427.92792792792795	0.006622452309779434
428.8288288288288	0.005379300941178975
429.72972972972974	0.00646722888653491
430.63063063063066	0.00614788998710649
431.5315315315315	0.007114969805191959
432.43243243243245	0.006361977105881243
433.3333333333333	0.006441602544162742
434.23423423423424	0.00693404331448887
435.13513513513516	0.00636287215213384
436.036036036036	0.006286365824618521
436.93693693693695	0.006201056479821486
437.83783783783787	0.006448016176615675
438.73873873873873	0.0058599827161698766
439.63963963963965	0.006474711519002229
440.5405405405405	0.006803442560935123
441.44144144144144	0.006785647893467392
442.34234234234236	0.0053586680602059605
443.2432432432432	0.004801968019437863
444.14414414414415	0.0050896795446154055
445.0450450450451	0.007485190016064697
445.94594594594594	0.005686195822364145
446.84684684684686	0.005040781999835839
447.7477477477478	0.004115059154180767
448.64864864864865	0.005279085142407189
449.54954954954957	0.005438352055887192
450.45045045045043	0.00540238666288907
451.35135135135135	0.006124769500369321
452.2522522522523	0.0052947175348896985
453.15315315315314	0.004914498720777062
454.05405405405406	0.006485689338326051
454.954954954955	0.005555915432961862
455.85585585585585	0.004964699241442242
456.7567567567568	0.00406013948053817
457.65765765765764	0.005510851991662162
458.55855855855856	0.005720886188452693
459.4594594594595	0.007020253722338788
460.36036036036035	0.006572804519333653
461.26126126126127	0.005597425327464144
462.1621621621622	0.005716010923312858
463.06306306306305	0.006244747050633109
463.963963963964	0.004658887744378855
464.86486486486484	0.0056247020749613874
465.76576576576576	0.005933684706705744
466.6666666666667	0.00547984487937375
467.56756756756755	0.006436499150051522
468.4684684684685	0.0060392123290817935
469.3693693693694	0.006513265801607351
470.27027027027026	0.005932637963052731
471.1711711711712	0.005920179664401585
472.0720720720721	0.005544749674217956
472.97297297297297	0.006420167231841545
473.8738738738739	0.005757124484550883
474.77477477477476	0.006392155699567056
475.6756756756757	0.005577348812611812
476.5765765765766	0.004829727585434413
477.47747747747746	0.004295604444774646
478.3783783783784	0.00553119910492495
479.2792792792793	0.005028350422607174
480.1801801801802	0.0042347306194521735
481.0810810810811	0.005904284914110558
481.98198198198196	0.005850749740493373
482.8828828828829	0.006402919908431354
483.7837837837838	0.0068669417921390615
484.68468468468467	0.00494341202522021
485.5855855855856	0.005343035544131109
486.4864864864865	0.005809422025997456
487.3873873873874	0.006305290825148302
488.2882882882883	0.00495859043625495
489.1891891891892	0.005419253908348921
490.0900900900901	0.005702085471182375
490.990990990991	0.006192473968577687
491.8918918918919	0.006299416165040971
492.7927927927928	0.005237483316432104
493.6936936936937	0.005557356658253595
494.5945945945946	0.00555439113680904
495.4954954954955	0.005149293217263077
496.3963963963964	0.005880618342649531
497.2972972972973	0.0071968518340870535
498.1981981981982	0.007369426163118519
499.0990990990991	0.005717895754599221
500.0	0.006938196987521657
500.9009009009009	0.006581496146301698
501.8018018018018	0.007650185991408527
502.7027027027027	0.0063451574007725026
503.60360360360363	0.00575221835206937
504.5045045045045	0.005056149785557356
505.4054054054054	0.00690143922632453
506.30630630630634	0.006474666061236065
507.2072072072072	0.00775609463614866
508.1081081081081	0.0077076203756005655
509.009009009009	0.005429907653504681
509.9099099099099	0.006121926001011117
510.81081081081084	0.005853174801085438
511.7117117117117	0.006868224820658787
512.6126126126126	0.0054473903288022735
513.5135135135135	0.006228661994456164
514.4144144144144	0.007259660595301306
515.3153153153153	0.006120482303006442
516.2162162162163	0.005130434154870949
517.1171171171171	0.005812885811016471
518.018018018018	0.004732100845369759
518.918918918919	0.005132473453447763
519.8198198198198	0.006958258724715793
520.7207207207207	0.004548523880097925
521.6216216216217	0.006430379659835817
522.5225225225225	0.00516223996726587
523.4234234234234	0.006453867010805021
524.3243243243244	0.005090777367524528
525.2252252252252	0.0053663242107708665
526.1261261261261	0.00532096347044741
527.0270270270271	0.006305073355407029
527.927927927928	0.006093590297281353
528.8288288288288	0.006381800315311599
529.7297297297298	0.004952325402327344
530.6306306306307	0.00588734858520585
531.5315315315315	0.005581526586433802
532.4324324324325	0.0048447089195411
533.3333333333333	0.005950785798496615
534.2342342342342	0.005724501558874097
535.1351351351352	0.006329634170302572
536.036036036036	0.005767689167839669
536.936936936937	0.006236538907718612
537.8378378378379	0.006078688467396471
538.7387387387387	0.0062419343358732894
539.6396396396397	0.007138765455480482
540.5405405405405	0.0063939833706444715
541.4414414414414	0.005494829221705428
542.3423423423424	0.005738632248994128
543.2432432432432	0.005954877417402372
544.1441441441441	0.006030609552958322
545.0450450450451	0.006396632878065054
545.9459459459459	0.005695687336201594
546.8468468468468	0.005975731689307834
547.7477477477478	0.00487032371781023
548.6486486486486	0.005628414294458224
549.5495495495495	0.006463368164664421
550.4504504504505	0.006838487547688706
551.3513513513514	0.006192322552635145
552.2522522522522	0.006821588295445136
553.1531531531532	0.006297603174636901
554.0540540540541	0.006559543818209607
554.9549549549549	0.0064948557888877744
555.8558558558559	0.0059529619412183625
556.7567567567568	0.006157458111840258
557.6576576576576	0.005509419954904321
558.5585585585586	0.0045666868696512646
559.4594594594595	0.006297038411625514
560.3603603603603	0.005321131776639734
561.2612612612613	0.006099105298101333
562.1621621621622	0.006485659470047106
563.063063063063	0.008242237195549335
563.963963963964	0.006890469112823404
564.8648648648649	0.006479838674412553
565.7657657657658	0.005920393981785794
566.6666666666667	0.006457464188457434
567.5675675675675	0.007567047908682835
568.4684684684685	0.005997021249787758
569.3693693693695	0.0068202566868398665
570.2702702702702	0.006054103017251204
571.1711711711712	0.006426504758335044
572.0720720720722	0.006043391632457862
572.9729729729729	0.004458931378709475
573.8738738738739	0.006255635732480238
574.7747747747748	0.00632781975803517
575.6756756756756	0.006475889379462827
576.5765765765766	0.006585275157703136
577.4774774774775	0.006425102260605193
578.3783783783783	0.006969032929848046
579.2792792792793	0.006249314729298486
580.1801801801802	0.00581729974602123
581.081081081081	0.004781430750942333
581.981981981982	0.006248835927696331
582.8828828828829	0.005079073512611136
583.7837837837837	0.006029394510773461
584.6846846846847	0.006430244343168262
585.5855855855856	0.006695321982698006
586.4864864864865	0.0060116682688237276
587.3873873873874	0.005158649772522676
588.2882882882883	0.006214542362812448
589.1891891891892	0.006435046584837054
590.0900900900901	0.005804879984352891
590.990990990991	0.0051404068973017495
591.8918918918919	0.004912036600172973
592.7927927927929	0.0057718644432736155
593.6936936936937	0.005368380248316005
594.5945945945946	0.007136111083149886
595.4954954954956	0.005911207410536954
596.3963963963964	0.005895754449271554
597.2972972972973	0.006755770602461521
598.1981981981983	0.005536052970574281
599.099099099099	0.004677201050972157
600.0	0.004900154727189995
600.900900900901	0.005628116178849777
601.8018018018017	0.006701401926121
602.7027027027027	0.004963526831493109
603.6036036036037	0.00546689511186237
604.5045045045044	0.005953712509994663
605.4054054054054	0.006675740766681292
606.3063063063064	0.007313715566029159
607.2072072072071	0.006572000052791392
608.1081081081081	0.004679697350216568
609.009009009009	0.005217693410422736
609.9099099099099	0.00482962734486883
610.8108108108108	0.005244182646126683
611.7117117117117	0.005418121778250353
612.6126126126126	0.005738674014849042
613.5135135135135	0.005465697596052841
614.4144144144144	0.0054989150165110105
615.3153153153153	0.006740994770397246
616.2162162162163	0.00485094194677289
617.1171171171171	0.005837492610587242
618.018018018018	0.0073139492022225375
618.918918918919	0.0070032506813028535
619.8198198198198	0.00491249952246526
620.7207207207207	0.006675735746867938
621.6216216216217	0.0064081542254048
622.5225225225225	0.006819422948715473
623.4234234234234	0.006653886904607884
624.3243243243244	0.0071849198632391465
625.2252252252252	0.006813223328209211
626.1261261261261	0.006766784735802328
627.0270270270271	0.005633399203737849
627.927927927928	0.005870674053494426
628.8288288288288	0.006515477605216863
629.7297297297297	0.005538560925829919
630.6306306306307	0.006365176530077486
631.5315315315315	0.00585931754046892
632.4324324324324	0.006253675156689466
633.3333333333334	0.006750811145706623
634.2342342342342	0.0064724727770031935
635.1351351351351	0.006675906405440979
636.0360360360361	0.007479776172152871
636.936936936937	0.005678651400096679
637.8378378378378	0.0055395978311388715
638.7387387387388	0.006753032807876474
639.6396396396397	0.006472878333979263
640.5405405405405	0.004826669890938625
641.4414414414415	0.005925802626162734
642.3423423423424	0.005744678935475244
643.2432432432432	0.005300007560725517
644.1441441441442	0.0066498913052262685
645.0450450450451	0.006352905670130973
645.9459459459459	0.004885746750085578
646.8468468468468	0.0053821532981789925
647.7477477477478	0.007054785737573745
648.6486486486486	0.005525418073724031
649.5495495495495	0.006624006162847798
650.4504504504505	0.006497750064566696
651.3513513513514	0.005877905311802427
652.2522522522522	0.0059939991917639865
653.1531531531532	0.00683289740781181
654.0540540540541	0.005818407615797048
654.9549549549549	0.005723782676311096
655.8558558558559	0.006285845931990469
656.7567567567568	0.00641835783279737
657.6576576576576	0.006730385969172998
658.5585585585586	0.00607031715342349
659.4594594594595	0.004651031230240724
660.3603603603603	0.006190958339090016
661.2612612612613	0.006320352020509202
662.1621621621622	0.006479398633157086
663.063063063063	0.00647256813144371
663.9639639639639	0.006608228943660348
664.8648648648649	0.006548433552600676
665.7657657657658	0.007319858183911062
666.6666666666666	0.007420663123926279
667.5675675675676	0.006735454235342695
668.4684684684685	0.00715707318565057
669.3693693693693	0.007129947763986289
670.2702702702703	0.006735482464676593
671.1711711711712	0.005699567028156522
672.072072072072	0.005899069417779566
672.972972972973	0.007168537847651648
673.8738738738739	0.006577811203377825
674.7747747747748	0.005028005837445017
675.6756756756757	0.006075989632221449
676.5765765765766	0.0063431502173043755
677.4774774774775	0.006327326446959989
678.3783783783784	0.005549984603032304
679.2792792792793	0.005026821493933395
680.1801801801802	0.005458200084635471
681.081081081081	0.006952874504903983
681.981981981982	0.0066188323748902975
682.8828828828829	0.005315504751407187
683.7837837837837	0.006527053913631053
684.6846846846847	0.006113223109536093
685.5855855855856	0.006011971916750929
686.4864864864865	0.006461506068597903
687.3873873873874	0.00599220570649212
688.2882882882883	0.005786719037908067
689.1891891891892	0.006478315953615084
690.0900900900901	0.006723879606656937
690.990990990991	0.0053142480069885804
691.8918918918919	0.006771132509821693
692.7927927927929	0.005391045377364979
693.6936936936937	0.006330826253228134
694.5945945945946	0.005750837757059352
695.4954954954954	0.005275334275208935
696.3963963963964	0.005885617267406517
697.2972972972973	0.006059106687000064
698.1981981981982	0.005796302724714709
699.0990990990991	0.005206593809220803
700.0	0.005409523300276206
700.9009009009009	0.006301543645756137
701.8018018018018	0.0053493143602793315
702.7027027027027	0.0056613803471245155
703.6036036036036	0.005478292682398178
704.5045045045046	0.0074859153914234875
705.4054054054054	0.00525704471635518
706.3063063063063	0.006441123913677282
707.2072072072073	0.005254059332724638
708.1081081081081	0.005632602150356127
709.009009009009	0.005809672351174501
709.90990990991	0.00595961086752812
710.8108108108108	0.005789790136859159
711.7117117117117	0.005649162545815334
712.6126126126126	0.004823341312101441
713.5135135135135	0.00542367669470598
714.4144144144144	0.0050283885707570475
715.3153153153153	0.00603955893778626
716.2162162162163	0.007780955816605033
717.1171171171171	0.006400450319893583
718.018018018018	0.006109881756191484
718.918918918919	0.0063900639966262465
719.8198198198198	0.005664423074626704
720.7207207207207	0.005635822669501058
721.6216216216217	0.006164128561400284
722.5225225225225	0.006721348551768205
723.4234234234234	0.006190290940654314
724.3243243243244	0.005917946309492383
725.2252252252252	0.005275224958946686
726.1261261261261	0.00529475089259822
727.0270270270271	0.005506992721830845
727.927927927928	0.006523767597210387
728.8288288288288	0.007300148072978823
729.7297297297297	0.007864288701204827
730.6306306306307	0.005848425802756951
731.5315315315315	0.006914302907549437
732.4324324324324	0.006031113144152447
733.3333333333334	0.005912281053772154
734.2342342342342	0.0054548614337177745
735.1351351351351	0.007280497873820415
736.0360360360361	0.006455841012140807
736.936936936937	0.00577573333450958
737.8378378378378	0.005626460151952563
738.7387387387388	0.006093142369680984
739.6396396396397	0.006574056397420638
740.5405405405405	0.005715659149727355
741.4414414414415	0.007562099293664982
742.3423423423424	0.006136679963933205
743.2432432432432	0.005625978133980274
744.1441441441442	0.00684968220145171
745.0450450450451	0.0059773442187484125
745.9459459459459	0.005411839240345389
746.8468468468468	0.006730102389843332
747.7477477477478	0.006526042608653388
748.6486486486486	0.006319988652505028
749.5495495495495	0.005002092498911052
750.4504504504505	0.005389511021594662
751.3513513513514	0.004646516741067596
752.2522522522522	0.005480440865586919
753.1531531531532	0.003992747071982743
754.0540540540541	0.006198726720144917
754.9549549549549	0.006137525737033329
755.8558558558559	0.00634259704723419
756.7567567567568	0.005544570434382758
757.6576576576576	0.005417637954046618
758.5585585585586	0.0054604923070844
759.4594594594595	0.005711212008238828
760.3603603603603	0.0051534511596934614
761.2612612612613	0.005816027558837617
762.1621621621622	0.005740341096771282
763.063063063063	0.005512247782846211
763.9639639639639	0.00521548777509023
764.8648648648649	0.005145334400773609
765.7657657657658	0.00525209005679546
766.6666666666666	0.005035935779280698
767.5675675675676	0.0046763810282682535
768.4684684684685	0.0054597141310789125
769.3693693693693	0.006330149979264492
770.2702702702703	0.0064795193771469296
771.1711711711712	0.006951508253122458
772.072072072072	0.006695664015036985
772.972972972973	0.005171825826614771
773.8738738738739	0.006044614290052563
774.7747747747748	0.005862167286162039
775.6756756756757	0.00579291957126651
776.5765765765766	0.006228820562905615
777.4774774774775	0.007065780014496166
778.3783783783784	0.0064627501164658116
779.2792792792793	0.00545232174408032
780.1801801801802	0.005702398558159636
781.081081081081	0.006171186891976417
781.981981981982	0.0066940554089328615
782.8828828828829	0.006333089536975262
783.7837837837837	0.006303490859382201
784.6846846846847	0.005419264916596189
785.5855855855856	0.0070174580854283014
786.4864864864865	0.0047282975358706614
787.3873873873874	0.005939548552961672
788.2882882882883	0.005801481015313307
789.1891891891892	0.00610859482988309
790.0900900900901	0.006123517746850787
790.990990990991	0.006397509398945356
791.8918918918919	0.005362972938998869
792.7927927927929	0.005340145459519105
793.6936936936937	0.005214626352095218
794.5945945945946	0.0053474938111461295
795.4954954954956	0.0061219703710726206
796.3963963963964	0.006938536966027129
797.2972972972973	0.006401565287469817
798.1981981981982	0.0057340866777225215
799.0990990990991	0.006460026896350135
800.0	0.006844121960510401
800.9009009009009	0.005735564988063147
801.8018018018018	0.0044826551468742214
802.7027027027027	0.005034593605591422
803.6036036036036	0.00495786838208926
804.5045045045046	0.006825409292857854
805.4054054054054	0.005190821031601316
806.3063063063063	0.006168213163159137
807.2072072072073	0.00516019731198694
808.1081081081081	0.006317274879664746
809.009009009009	0.006124919363805483
809.90990990991	0.005960570277058616
810.8108108108108	0.00475533355918601
811.7117117117117	0.005342519045470363
812.6126126126127	0.005186153783759145
813.5135135135135	0.004814819736519256
814.4144144144144	0.005100085155461359
815.3153153153153	0.004083816607941229
816.2162162162163	0.006564525791589
817.1171171171171	0.0055313285128593395
818.018018018018	0.005791391192840935
818.918918918919	0.006770687961679196
819.8198198198198	0.00639251225098335
820.7207207207207	0.006163347382426514
821.6216216216217	0.005826503708764624
822.5225225225225	0.005278890310633121
823.4234234234234	0.005185140515219796
824.3243243243244	0.0056633332238152844
825.2252252252252	0.006589793675710692
826.1261261261261	0.005959159702568226
827.0270270270271	0.005811552207837404
827.927927927928	0.006297183355548987
828.8288288288288	0.006270760076172178
829.7297297297297	0.006093920638386401
830.6306306306307	0.006104903967276585
831.5315315315315	0.0065603175157662175
832.4324324324324	0.005365472490020083
833.3333333333334	0.004612161365454891
834.2342342342342	0.0055909397209490215
835.1351351351351	0.005378639873802607
836.0360360360361	0.005770014851432136
836.936936936937	0.005574436457069663
837.8378378378378	0.006284106695633146
838.7387387387388	0.006767222706766837
839.6396396396397	0.006157407005140826
840.5405405405405	0.005494852338971486
841.4414414414415	0.0069596673326442985
842.3423423423424	0.005946021087499358
843.2432432432432	0.006061637651934111
844.1441441441442	0.0073508622199151665
845.0450450450451	0.006900650942487688
845.9459459459459	0.006313473413702476
846.8468468468468	0.006122713470119945
847.7477477477478	0.005971239810073761
848.6486486486486	0.004080656666920819
849.5495495495495	0.00489373930358522
850.4504504504505	0.004143727303946837
851.3513513513514	0.0049982613068793305
852.2522522522522	0.006277344471307888
853.1531531531532	0.005006225182853525
854.0540540540541	0.00589427349867216
854.9549549549549	0.005383526218977231
855.8558558558559	0.005911206165102538
856.7567567567568	0.00569797412667998
857.6576576576576	0.007263766419112528
858.5585585585586	0.006346491463372562
859.4594594594595	0.006881308028694715
860.3603603603603	0.007311386868362878
861.2612612612613	0.0067234867640947535
862.1621621621622	0.006769772722506117
863.063063063063	0.0064826493864435135
863.9639639639639	0.0052104285403793225
864.8648648648649	0.005240991055025834
865.7657657657658	0.004307016419020422
866.6666666666666	0.005424486694938019
867.5675675675676	0.005461596868023569
868.4684684684685	0.004861854684887034
869.3693693693693	0.006463876871146985
870.2702702702703	0.007374326217876802
871.1711711711712	0.00604085388125065
872.072072072072	0.005700520823072134
872.972972972973	0.005201977127836945
873.8738738738739	0.0063108763263605445
874.7747747747748	0.006276361403347554
875.6756756756757	0.006688526585282505
876.5765765765766	0.006021119062604536
877.4774774774775	0.0038524410807888976
878.3783783783784	0.005241625651362794
879.2792792792793	0.004322101653819207
880.1801801801802	0.005228972238084964
881.081081081081	0.0065029612345600925
881.981981981982	0.0046562198078035286
882.8828828828829	0.005601141286705755
883.7837837837837	0.006146488835894595
884.6846846846847	0.007103948121701399
885.5855855855856	0.006362737078411274
886.4864864864865	0.007457761969798532
887.3873873873874	0.00578160790727572
888.2882882882883	0.006532126444191594
889.1891891891892	0.005629047843112216
890.0900900900901	0.005266999896482959
890.990990990991	0.005968688241693774
891.8918918918919	0.003940627048188387
892.7927927927929	0.004563645826314488
893.6936936936937	0.004768370277289066
894.5945945945946	0.0059104345126027285
895.4954954954956	0.005854870571589914
896.3963963963964	0.005954904829006463
897.2972972972973	0.006816138440845797
898.1981981981982	0.006875925323728297
899.0990990990991	0.007434350132277412
900.0	0.006464067477638252
900.9009009009009	0.007298503593209972
901.8018018018018	0.006711950929247139
902.7027027027027	0.00783104715041168
903.6036036036036	0.006933518862931688
904.5045045045046	0.0059304147269921195
905.4054054054054	0.0049765192866708914
906.3063063063063	0.005682109764591877
907.2072072072073	0.0061752961483733946
908.1081081081081	0.0059934256320161245
909.009009009009	0.005653941453853304
909.90990990991	0.005589180869555822
910.8108108108108	0.005169228204043004
911.7117117117117	0.00490289642921666
912.6126126126127	0.006662808060440134
913.5135135135135	0.005544917717275555
914.4144144144144	0.006577508127732241
915.3153153153153	0.006346092744671038
916.2162162162163	0.004838841839002103
917.1171171171171	0.005183476780446018
918.018018018018	0.006772545829891158
918.918918918919	0.006573564351918251
919.8198198198198	0.006557482707923735
920.7207207207207	0.004852150553346375
921.6216216216217	0.005384878615341826
922.5225225225225	0.005431751342817425
923.4234234234234	0.005619746722688429
924.3243243243244	0.005248056629090526
925.2252252252252	0.005588204419286209
926.1261261261261	0.005914458777178342
927.0270270270271	0.005974773175493459
927.927927927928	0.0047329707267655344
928.8288288288288	0.00585772230463945
929.7297297297298	0.0061448374633579425
930.6306306306307	0.0060962987952899225
931.5315315315315	0.0054554772748633224
932.4324324324324	0.005024186751080357
933.3333333333334	0.005251815346022319
934.2342342342342	0.0053296271126325526
935.1351351351351	0.0061074845491827295
936.0360360360361	0.004900097551702753
936.936936936937	0.00469064119471358
937.8378378378378	0.005906767459412369
938.7387387387388	0.005163696284016408
939.6396396396397	0.005566278777295875
940.5405405405405	0.005288513616478015
941.4414414414415	0.006612637729118856
942.3423423423424	0.007832372487987961
943.2432432432432	0.005219181007521063
944.1441441441442	0.00457931709598936
945.0450450450451	0.0060805136072340765
945.9459459459459	0.0060661235505474875
946.8468468468469	0.006521053619336386
947.7477477477478	0.006317610375421748
948.6486486486486	0.005262853354357378
949.5495495495495	0.005329345389387263
950.4504504504505	0.005701083805237598
951.3513513513514	0.00677543346779284
952.2522522522522	0.0057400424014719615
953.1531531531532	0.005542412016400633
954.0540540540541	0.005274059961776269
954.9549549549549	0.0052260849844195136
955.8558558558559	0.005950259999354123
956.7567567567568	0.006096880639400588
957.6576576576576	0.00843027963492043
958.5585585585586	0.007033371473577115
959.4594594594595	0.00514249613605707
960.3603603603603	0.004245080340617576
961.2612612612613	0.004036663619970009
962.1621621621622	0.004954610006263214
963.063063063063	0.005863876725082002
963.9639639639639	0.00513599925915884
964.8648648648649	0.005276918234041309
965.7657657657658	0.005920254046492957
966.6666666666666	0.006175972201420732
967.5675675675676	0.006541720766081123
968.4684684684685	0.0066686728111221075
969.3693693693693	0.005219967472531622
970.2702702702703	0.00696184920554097
971.1711711711712	0.005653302936400152
972.072072072072	0.006196923928798983
972.972972972973	0.005612983575490692
973.8738738738739	0.005046844608850224
974.7747747747748	0.006173263863347975
975.6756756756757	0.007017170403907629
976.5765765765766	0.005370328806409549
977.4774774774775	0.0058879408273769295
978.3783783783784	0.005135298000001503
979.2792792792793	0.006016479737923614
980.1801801801802	0.007758238779911886
981.081081081081	0.007091765418238005
981.981981981982	0.006116831049671511
982.8828828828829	0.006966954523263107
983.7837837837837	0.0064653767792985095
984.6846846846847	0.006702596763969914
985.5855855855856	0.006239174479531693
986.4864864864865	0.005188383016380439
987.3873873873874	0.004517899208486709
988.2882882882883	0.005360496441150705
989.1891891891892	0.00408330962986091
990.0900900900901	0.003878373049419516
990.990990990991	0.006719415974646051
991.8918918918919	0.005748864837747695
992.7927927927929	0.006888640133341597
993.6936936936937	0.005813826560234828
994.5945945945946	0.005870292822772247
995.4954954954956	0.0074899302704043245
996.3963963963964	0.00572749880477406
997.2972972972973	0.004791040920355397
998.1981981981982	0.007043578720080305
999.0990990990991	0.006060514326530552
1000.0	0.0066363730709097565
