0.0	0.9999999999999927
0.0001	0.9999999930513397
0.0002	0.9999999722052664
0.00030000000000000003	0.9999999374618683
0.0004	0.9999998888212605
0.0005	0.9999998262835268
0.0006000000000000001	0.999999749848765
0.0007	0.9999996595170949
0.0008	0.9999995552886013
0.0009000000000000001	0.9999994371633826
0.001	0.9999993051415569
0.0011	0.9999991592232089
0.0012000000000000001	0.9999989994084566
0.0013000000000000002	0.9999988256973952
0.0014	0.9999986380901354
0.0015	0.9999984365867782
0.0016	0.9999982211874275
0.0017000000000000001	0.9999979918921855
0.0018000000000000002	0.9999977487011694
0.0019	0.9999974916144743
0.002	0.9999972206322155
0.0021000000000000003	0.9999969357544931
0.0022	0.9999966369814337
0.0023	0.9999963243131206
0.0024000000000000002	0.9999959977496881
0.0025	0.9999956572912313
0.0026000000000000003	0.9999953029378614
0.0027	0.9999949346896938
0.0028	0.9999945525468386
0.0029000000000000002	0.9999941565094052
0.003	0.9999937465775206
0.0031000000000000003	0.9999933227512727
0.0032	0.9999928850308005
0.0033	0.9999924334162061
0.0034000000000000002	0.9999919679076035
0.0035	0.9999914885051147
0.0036000000000000003	0.9999909952088423
0.0037	0.9999904880189262
0.0038	0.9999899669354643
0.0039000000000000003	0.999989431958578
0.004	0.9999888830883821
0.0041	0.9999883203250074
0.004200000000000001	0.9999877436685665
0.0043	0.9999871531191783
0.0044	0.9999865486769665
0.0045000000000000005	0.9999859303420423
0.0046	0.9999852981145381
0.0047	0.9999846519945695
0.0048000000000000004	0.9999839919822694
0.0049	0.9999833180777417
0.005	0.9999826302811228
0.0051	0.9999819285925382
0.005200000000000001	0.9999812130121108
0.0053	0.9999804835399667
0.0054	0.9999797401762218
0.0055000000000000005	0.9999789829210126
0.0056	0.9999782117744679
0.0057	0.9999774267367071
0.0058000000000000005	0.9999766278078547
0.0059	0.9999758149880554
0.006	0.9999749882774182
0.0061	0.9999741476760885
0.006200000000000001	0.9999732931841899
0.0063	0.9999724248018506
0.0064	0.9999715425292142
0.006500000000000001	0.999970646366396
0.0066	0.9999697363135298
0.0067	0.9999688123707668
0.0068000000000000005	0.9999678745382167
0.006900000000000001	0.9999669228160207
0.007	0.9999659572043245
0.0071	0.9999649777032521
0.007200000000000001	0.9999639843129323
0.0073	0.9999629770335147
0.0074	0.9999619558651403
0.007500000000000001	0.9999609208079292
0.0076	0.9999598718620258
0.0077	0.9999588090275696
0.0078000000000000005	0.9999577323046955
0.0079	0.9999566416935446
0.008	0.9999555371942622
0.0081	0.999954418806982
0.0082	0.9999532865318458
0.0083	0.9999521403690043
0.008400000000000001	0.9999509803185778
0.0085	0.9999498063807317
0.0086	0.9999486185555971
0.008700000000000001	0.9999474168433169
0.0088	0.9999462012440347
0.0089	0.9999449717578933
0.009000000000000001	0.9999437283850509
0.0091	0.9999424711256449
0.0092	0.9999411999798139
0.009300000000000001	0.9999399149477213
0.0094	0.9999386160294979
0.0095	0.9999373032253004
0.009600000000000001	0.9999359765352664
0.0097	0.9999346359595647
0.0098	0.9999332814983252
0.0099	0.9999319131517115
0.01	0.9999305309198623
0.010100000000000001	0.9999291348029387
0.0102	0.9999277248010858
0.0103	0.9999263009144541
0.010400000000000001	0.9999248631432034
0.0105	0.9999234114874878
0.0106	0.9999219459474482
0.010700000000000001	0.9999204665232518
0.0108	0.9999189732150455
0.0109	0.9999174660229961
0.011000000000000001	0.9999159449472446
0.0111	0.9999144099879478
0.0112	0.9999128611452757
0.011300000000000001	0.9999112984193761
0.0114	0.9999097218104056
0.0115	0.9999081313185365
0.011600000000000001	0.9999065269439076
0.0117	0.9999049086866931
0.0118	0.9999032765470428
0.0119	0.9999016305251315
0.012	0.9998999706211036
0.012100000000000001	0.9998982968351309
0.0122	0.9998966091673775
0.0123	0.9998949076179999
0.012400000000000001	0.9998931921871691
0.0125	0.9998914628750408
0.0126	0.9998897196817805
0.012700000000000001	0.9998879626075488
0.0128	0.9998861916525228
0.0129	0.999884406816864
0.013000000000000001	0.9998826081007378
0.0131	0.9998807955043147
0.0132	0.9998789690277564
0.013300000000000001	0.9998771286712343
0.0134	0.9998752744349105
0.0135	0.9998734063189676
0.013600000000000001	0.9998715243235583
0.0137	0.9998696284488746
0.013800000000000002	0.9998677186950699
0.013900000000000001	0.9998657950623198
0.014	0.9998638575507911
0.014100000000000001	0.999861906160675
0.0142	0.9998599408921249
0.0143	0.9998579617453225
0.014400000000000001	0.999855968720437
0.0145	0.9998539618176508
0.0146	0.9998519410371336
0.014700000000000001	0.9998499063790631
0.0148	0.9998478578436064
0.0149	0.9998457954309553
0.015000000000000001	0.9998437191412872
0.0151	0.9998416289747604
0.0152	0.9998395249315697
0.015300000000000001	0.9998374070118974
0.0154	0.9998352752159039
0.0155	0.9998331295437878
0.015600000000000001	0.9998309699957232
0.015700000000000002	0.9998287965718818
0.0158	0.999826609272464
0.0159	0.9998244080976355
0.016	0.9998221930475835
0.0161	0.9998199641224981
0.0162	0.9998177213225484
0.016300000000000002	0.9998154646479389
0.0164	0.999813194098836
0.0165	0.9998109096754354
0.0166	0.9998086113779204
0.0167	0.999806299206467
0.016800000000000002	0.9998039731612867
0.016900000000000002	0.9998016332425373
0.017	0.999799279450431
0.0171	0.9997969117851492
0.0172	0.9997945302468736
0.0173	0.9997921348357983
0.017400000000000002	0.9997897255521154
0.0175	0.9997873023960123
0.0176	0.9997848653676817
0.0177	0.9997824144673141
0.0178	0.9997799496951082
0.0179	0.999777471051244
0.018000000000000002	0.9997749785359323
0.0181	0.9997724721493482
0.0182	0.9997699518917017
0.0183	0.9997674177631805
0.0184	0.9997648697639727
0.018500000000000003	0.9997623078942963
0.018600000000000002	0.9997597321543185
0.0187	0.9997571425442582
0.0188	0.9997545390643079
0.0189	0.9997519217146666
0.019	0.9997492904955343
0.019100000000000002	0.9997466454070981
0.019200000000000002	0.9997439864495637
0.0193	0.9997413136231452
0.0194	0.9997386269280207
0.0195	0.9997359263644103
0.0196	0.9997332119325063
0.019700000000000002	0.9997304836325159
0.0198	0.9997277414646422
0.0199	0.9997249854290784
0.02	0.9997222155260451
0.0201	0.9997194317557356
0.020200000000000003	0.9997166341183588
0.020300000000000002	0.9997138226141086
0.0204	0.9997109972432157
0.0205	0.9997081580058601
0.0206	0.9997053049022723
0.0207	0.9997024379326468
0.020800000000000003	0.9996995570971865
0.020900000000000002	0.9996966623961214
0.021	0.9996937538296353
0.0211	0.9996908313979589
0.0212	0.9996878951013002
0.0213	0.9996849449398519
0.021400000000000002	0.9996819809138452
0.021500000000000002	0.9996790030234798
0.0216	0.9996760112689773
0.0217	0.9996730056505495
0.0218	0.999669986168411
0.0219	0.9996669528227622
0.022000000000000002	0.9996639056138406
0.0221	0.9996608445418359
0.0222	0.9996577696069879
0.0223	0.9996546808094995
0.0224	0.9996515781495879
0.022500000000000003	0.9996484616274726
0.022600000000000002	0.9996453312433702
0.0227	0.9996421869975127
0.0228	0.999639028890096
0.0229	0.9996358569213498
0.023	0.9996326710915036
0.023100000000000002	0.9996294714007667
0.023200000000000002	0.9996262578493639
0.0233	0.9996230304375162
0.0234	0.9996197891654369
0.0235	0.999616534033369
0.0236	0.9996132650415278
0.023700000000000002	0.9996099821901223
0.0238	0.9996066854793941
0.0239	0.9996033749095681
0.024	0.9996000504808598
0.0241	0.9995967121934978
0.024200000000000003	0.999593360047706
0.024300000000000002	0.9995899940437216
0.0244	0.9995866141817681
0.0245	0.99958322046207
0.0246	0.999579812884861
0.0247	0.9995763914503627
0.024800000000000003	0.9995729561588143
0.024900000000000002	0.9995695070104398
0.025	0.9995660440054663
0.0251	0.9995625671441346
0.0252	0.9995590764266687
0.0253	0.9995555718533028
0.025400000000000002	0.9995520534242731
0.025500000000000002	0.9995485211398161
0.0256	0.9995449750001554
0.0257	0.9995414150055342
0.0258	0.9995378411561793
0.025900000000000003	0.9995342534523363
0.026000000000000002	0.9995306518942336
0.0261	0.9995270364821136
0.0262	0.9995234072162159
0.0263	0.9995197640967581
0.0264	0.9995161071240078
0.026500000000000003	0.9995124362981772
0.026600000000000002	0.999508751619528
0.0267	0.9995050530882822
0.0268	0.9995013407046933
0.0269	0.999497614468998
0.027	0.9994938743814276
0.027100000000000003	0.9994901204422437
0.027200000000000002	0.9994863526516677
0.0273	0.9994825710099559
0.0274	0.9994787755173574
0.0275	0.9994749661740991
0.027600000000000003	0.9994711429804337
0.027700000000000002	0.9994673059366114
0.027800000000000002	0.9994634550428745
0.0279	0.9994595902994622
0.028	0.9994557117066366
0.0281	0.9994518192646252
0.028200000000000003	0.9994479129736992
0.028300000000000002	0.999443992834084
0.0284	0.9994400588460468
0.0285	0.9994361110098231
0.0286	0.9994321493256744
0.0287	0.9994281737938491
0.028800000000000003	0.9994241844145837
0.028900000000000002	0.9994201811881507
0.029	0.99941616411479
0.0291	0.9994121331947546
0.0292	0.9994080884282983
0.029300000000000003	0.9994040298156893
0.029400000000000003	0.9993999573571593
0.029500000000000002	0.9993958710529711
0.0296	0.999391770903388
0.0297	0.9993876569086534
0.0298	0.999383529069039
0.029900000000000003	0.9993793873847859
0.030000000000000002	0.9993752318561628
0.030100000000000002	0.9993710624834247
0.0302	0.9993668792668252
0.0303	0.9993626822066228
0.0304	0.9993584713030907
0.030500000000000003	0.9993542465564763
0.030600000000000002	0.9993500079670394
0.0307	0.9993457555350489
0.0308	0.9993414892607697
0.0309	0.9993372091444477
0.031	0.9993329151863674
0.031100000000000003	0.9993286073867659
0.031200000000000002	0.9993242857459327
0.0313	0.9993199502641195
0.031400000000000004	0.9993156009415888
0.0315	0.9993112377786142
0.0316	0.9993068607754466
0.0317	0.9993024699323729
0.0318	0.9992980652496546
0.031900000000000005	0.9992936467275474
0.032	0.9992892143663321
0.032100000000000004	0.9992847681662674
0.0322	0.9992803081276388
0.0323	0.9992758342506938
0.0324	0.9992713465357158
0.0325	0.9992668449829765
0.032600000000000004	0.9992623295927483
0.0327	0.9992578003652957
0.0328	0.9992532573008895
0.0329	0.9992487003998176
0.033	0.9992441296623367
0.033100000000000004	0.9992395450887355
0.0332	0.9992349466792679
0.0333	0.9992303344342355
0.0334	0.9992257083538848
0.0335	0.9992210684385247
0.033600000000000005	0.999216414688403
0.0337	0.9992117471038122
0.033800000000000004	0.9992070656850223
0.0339	0.9992023704323232
0.034	0.9991976613459865
0.0341	0.9991929384262846
0.0342	0.9991882016735042
0.034300000000000004	0.9991834510879218
0.0344	0.9991786866698257
0.0345	0.9991739084194932
0.0346	0.9991691163372144
0.0347	0.9991643104232556
0.034800000000000005	0.9991594906779129
0.0349	0.9991546571014555
0.035	0.9991498096941923
0.0351	0.9991449484563797
0.0352	0.9991400733883206
0.035300000000000005	0.9991351844902998
0.0354	0.9991302817626002
0.035500000000000004	0.9991253652055009
0.0356	0.9991204348193023
0.0357	0.9991154906042813
0.0358	0.999110532560737
0.0359	0.9991055606889478
0.036000000000000004	0.999100574989209
0.0361	0.999095575461818
0.0362	0.9990905621070477
0.0363	0.999085534925202
0.0364	0.9990804939165656
0.036500000000000005	0.99907543908144
0.0366	0.9990703704201044
0.0367	0.9990652879328609
0.0368	0.9990601916200091
0.0369	0.9990550814818319
0.037000000000000005	0.9990499575186264
0.0371	0.9990448197306894
0.037200000000000004	0.9990396681183097
0.0373	0.9990345026817974
0.0374	0.999029323421445
0.0375	0.999024130337548
0.0376	0.9990189234304027
0.037700000000000004	0.9990137027003073
0.0378	0.9990084681475524
0.0379	0.9990032197724628
0.038	0.9989979575753177
0.0381	0.9989926815564166
0.038200000000000005	0.9989873917160731
0.0383	0.9989820880545888
0.038400000000000004	0.9989767705722463
0.0385	0.9989714392693732
0.0386	0.9989660941462566
0.038700000000000005	0.9989607352032064
0.0388	0.9989553624405281
0.038900000000000004	0.9989499758585273
0.039	0.9989445754574935
0.0391	0.9989391612377609
0.0392	0.9989337331996131
0.0393	0.9989282913433614
0.039400000000000004	0.9989228356693218
0.0395	0.9989173661777895
0.0396	0.9989118828690853
0.0397	0.9989063857435222
0.0398	0.9989008748013865
0.039900000000000005	0.9988953500430114
0.04	0.9988898114687035
0.040100000000000004	0.9988842590787554
0.0402	0.9988786928735073
0.0403	0.9988731128532478
0.040400000000000005	0.998867519018305
0.0405	0.9988619113689885
0.040600000000000004	0.9988562899056043
0.0407	0.9988506546284699
0.0408	0.9988450055379148
0.0409	0.998839342634228
0.041	0.9988336659177507
0.041100000000000005	0.9988279753887888
0.0412	0.9988222710476565
0.0413	0.9988165528946792
0.0414	0.9988108209301697
0.0415	0.9988050751544384
0.041600000000000005	0.9987993155678259
0.0417	0.9987935421706269
0.041800000000000004	0.9793917570707957
0.0419	0.9793860294479487
0.042	0.9793802882955459
0.042100000000000005	0.9793745336139009
0.0422	0.9793687654033236
0.042300000000000004	0.9793629836641281
0.0424	0.9793571883966524
0.0425	0.9793513796011877
0.0426	0.9793455572780645
0.0427	0.9793397214275987
0.042800000000000005	0.9793338720501084
0.0429	0.9793280091459133
0.043000000000000003	0.9793221327153284
0.0431	0.9793162427586868
0.0432	0.9793103392763046
0.043300000000000005	0.9793044222684897
0.0434	0.9792984917355808
0.043500000000000004	0.9792925476778906
0.0436	0.9792865900957529
0.0437	0.979280618989472
0.0438	0.9792746343593932
0.0439	0.9792686362058296
0.044000000000000004	0.9792626245291014
0.0441	0.9792565993295504
0.0442	0.9792505606074863
0.0443	0.9792445083632371
0.0444	0.979238442597142
0.044500000000000005	0.9792323633095269
0.0446	0.979226270500708
0.044700000000000004	0.9792201641710198
0.0448	0.9792140443207907
0.0449	0.9792079109503546
0.045000000000000005	0.9792017640600355
0.0451	0.9791956036501702
0.045200000000000004	0.979189429721089
0.0453	0.979183242273118
0.0454	0.979177041306595
0.0455	0.9791708268218612
0.0456	0.9791645988192273
0.045700000000000005	0.9791583572990397
0.0458	0.9791521022616388
0.0459	0.9791458337073473
0.046	0.9791395516365058
0.0461	0.9791332560494534
0.046200000000000005	0.9791269469465222
0.0463	0.9791206243280594
0.046400000000000004	0.9791142881943885
0.0465	0.9791079385458501
0.0466	0.979101575382786
0.046700000000000005	0.9790951987055371
0.0468	0.9790888085144431
0.046900000000000004	0.9790824048098336
0.047	0.9790759875920633
0.0471	0.9790695568614649
0.0472	0.9790631126183839
0.0473	0.9790566548631566
0.047400000000000005	0.9790501835961342
0.0475	0.9790436988176598
0.0476	0.9790372005280613
0.0477	0.9790306887277055
0.0478	0.979024163416917
0.047900000000000005	0.9790176245960488
0.048	0.9790110722654576
0.048100000000000004	0.9790045064254765
0.0482	0.9789979270764532
0.0483	0.9789913342187325
0.048400000000000006	0.9789847278526698
0.0485	0.9789781079786114
0.048600000000000004	0.9789714745969083
0.0487	0.9789648277079062
0.0488	0.9789581673119575
0.0489	0.9789514934094027
0.049	0.9789448060006064
0.049100000000000005	0.9789381050859197
0.0492	0.9789313906656822
0.049300000000000004	0.9789246627402559
0.0494	0.9789179213099942
0.0495	0.9789111663752383
0.049600000000000005	0.9789043979363665
0.0497	0.9788976159937088
0.049800000000000004	0.9788908205476291
0.0499	0.978884011598485
0.05	0.9788771891466352
0.050100000000000006	0.9788703531924327
0.0502	0.9788635037362331
0.050300000000000004	0.9788566407783981
0.0504	0.9596514588159852
0.0505	0.9596446660355394
0.0506	0.9596378600310554
0.0507	0.9596310408028745
0.050800000000000005	0.9596242083513522
0.0509	0.9596173626768493
0.051000000000000004	0.9596105037797225
0.0511	0.95960363166031
0.0512	0.9595967463189824
0.051300000000000005	0.9595898477560751
0.0514	0.9595829359719678
0.051500000000000004	0.9595760109670067
0.0516	0.9595690727415429
0.0517	0.9595621212959329
0.051800000000000006	0.9595551566305448
0.0519	0.9595481787457294
0.052000000000000005	0.9595411876418545
0.0521	0.959534183319267
0.0522	0.9595271657783278
0.0523	0.9595201350194066
0.0524	0.9595130910428569
0.052500000000000005	0.9595060338490422
0.0526	0.9594989634383282
0.052700000000000004	0.9594918798110701
0.0528	0.9594847829676353
0.0529	0.9594776729083832
0.053000000000000005	0.9404650514473446
0.0531	0.9404580187569113
0.053200000000000004	0.940450973125201
0.0533	0.9404439145525817
0.0534	0.9404368430394041
0.053500000000000006	0.9404297585860241
0.0536	0.9404226611928123
0.053700000000000005	0.940415550860106
0.0538	0.9404084275882848
0.0539	0.9404012913777074
0.054	0.9403941422287295
0.0541	0.9403869801417091
0.054200000000000005	0.9403798051170205
0.0543	0.9403726171550147
0.054400000000000004	0.9403654162560511
0.0545	0.9403582024205053
0.0546	0.9403509756487425
0.054700000000000006	0.9403437359411152
0.0548	0.940336483297997
0.054900000000000004	0.9215158981767486
0.055	0.9215087280094307
0.0551	0.9215015451781498
0.055200000000000006	0.9214943496832718
0.0553	0.9214871415251519
0.055400000000000005	0.9214799207041545
0.0555	0.9214726872206336
0.055600000000000004	0.9214654410749472
0.0557	0.9214581822674762
0.0558	0.9214509107985592
0.055900000000000005	0.9214436266685694
0.056	0.9214363298778716
0.056100000000000004	0.9214290204268241
0.0562	0.921421698315795
0.0563	0.921414363545148
0.056400000000000006	0.9214070161152415
0.0565	0.9213996560264529
0.056600000000000004	0.9213922832791436
0.0567	0.9213848978736724
0.0568	0.9213774998104055
0.056900000000000006	0.9213700890897255
0.057	0.9213626657119889
0.057100000000000005	0.9213552296775703
0.0572	0.921347780986828
0.057300000000000004	0.9213403196401373
0.0574	0.9213328456378699
0.0575	0.9213253589803982
0.057600000000000005	0.9213178596680799
0.0577	0.9213103477013055
0.057800000000000004	0.9213028230804301
0.0579	0.9212952858058354
0.058	0.9212877358778829
0.058100000000000006	0.9212801732969622
0.0582	0.9212725980634363
0.058300000000000005	0.9212650101776785
0.0584	0.9212574096400675
0.0585	0.921249796450974
0.058600000000000006	0.9212421706107836
0.0587	0.9212345321198582
0.058800000000000005	0.921226880978582
0.0589	0.9212192171873367
0.059000000000000004	0.9212115407464898
0.0591	0.9212038516564189
0.0592	0.9211961499175141
0.059300000000000005	0.9211884355301452
0.0594	0.9211807084946981
0.059500000000000004	0.921172968811543
0.0596	0.9211652164810674
0.0597	0.9211574515036461
0.059800000000000006	0.9211496738796718
0.0599	0.9211418836095112
0.060000000000000005	0.9211340806935656
0.0601	0.9211262651322023
0.060200000000000004	0.9211184369258085
0.0603	0.9211105960747626
0.0604	0.921102742579465
0.060500000000000005	0.9210948764402835
0.0606	0.9210869976576102
0.060700000000000004	0.9210791062318392
0.0608	0.9210712021633412
0.0609	0.9210632854525044
0.061000000000000006	0.921055356099731
0.0611	0.9210474141053951
0.061200000000000004	0.9210394594698884
0.0613	0.9210314921935993
0.0614	0.9210235122769174
0.061500000000000006	0.9210155197202274
0.0616	0.9210075145239321
0.061700000000000005	0.9209994966884046
0.0618	0.9209914662140533
0.061900000000000004	0.920983423101255
0.062	0.9209753673504136
0.0621	0.920967298961918
0.062200000000000005	0.920959217936158
0.0623	0.9209511242735265
0.062400000000000004	0.9209430179744169
0.0625	0.9209348990392248
0.0626	0.9209267674683528
0.0627	0.9209186232621819
0.06280000000000001	0.920910466421118
0.0629	0.9209022969455606
0.063	0.9208941148358939
0.0631	0.9208859200925222
0.0632	0.9208777127158497
0.06330000000000001	0.9208694927062641
0.0634	0.9208612600641637
0.0635	0.9208530147899616
0.0636	0.9208447568840439
0.0637	0.9208364863468048
0.06380000000000001	0.9208282031786653
0.0639	0.9208199073800118
0.064	0.9208115989512573
0.0641	0.9208032778927895
0.06420000000000001	0.9207949442050274
0.06430000000000001	0.9207865978883569
0.0644	0.9207782389431923
0.0645	0.920769867369929
0.0646	0.9207614831689834
0.06470000000000001	0.9207530863407603
0.0648	0.920744676885651
0.0649	0.9207362548040714
0.065	0.9207278200964283
0.0651	0.9207193727631208
0.06520000000000001	0.9207109128045635
0.0653	0.9207024402211668
0.0654	0.9206939550133325
0.0655	0.9206854571814777
0.0656	0.9206769467260043
0.06570000000000001	0.9206684236473228
0.0658	0.920659887945838
0.0659	0.9206513396219769
0.066	0.9206427786761313
0.0661	0.9206342051087322
0.06620000000000001	0.9206256189201799
0.0663	0.9206170201108843
0.0664	0.920608408681269
0.0665	0.9205997846317432
0.0666	0.9205911479627147
0.06670000000000001	0.9205824986746073
0.0668	0.9205738367678367
0.0669	0.9205651622428144
0.067	0.9205564750999451
0.0671	0.9205477753396694
0.06720000000000001	0.9205390629623849
0.0673	0.9205303379685121
0.0674	0.9205216003584775
0.0675	0.9205128501326956
0.06760000000000001	0.9205040872915853
0.06770000000000001	0.9204953118355629
0.0678	0.9204865237650465
0.0679	0.9204777230804623
0.068	0.920468909782234
0.06810000000000001	0.9204600838707753
0.0682	0.920451245346512
0.0683	0.9204423942098636
0.0684	0.9204335304612623
0.0685	0.9204246541011133
0.06860000000000001	0.920415765129855
0.0687	0.9204068635479068
0.0688	0.9203979493557012
0.0689	0.9203890225536503
0.069	0.9203800831421809
0.06910000000000001	0.9203711311217334
0.0692	0.9203621664927152
0.0693	0.9203531892555672
0.0694	0.9203441994107171
0.0695	0.9203351969585873
0.06960000000000001	0.9203261818996068
0.0697	0.9203171542342078
0.0698	0.9203081139628142
0.0699	0.9202990610858626
0.07	0.9202899956037819
0.07010000000000001	0.9202809175169987
0.0702	0.9202718268259503
0.0703	0.9202627235310633
0.0704	0.9202536076327752
0.07050000000000001	0.9202444791315131
0.07060000000000001	0.9202353380277158
0.0707	0.9202261843218211
0.0708	0.9202170180142462
0.0709	0.9202078391054468
0.07100000000000001	0.9201986475958422
0.0711	0.9201894434858758
0.0712	0.9201802267759797
0.0713	0.9201709974665964
0.0714	0.9201617555581564
0.07150000000000001	0.9201525010511055
0.0716	0.9201432339458788
0.0717	0.9201339542429041
0.0718	0.920124661942636
0.0719	0.9201153570455066
0.07200000000000001	0.9201060395519622
0.0721	0.9200967094624327
0.0722	0.9200873667773638
0.0723	0.9200780114972016
0.0724	0.9200686436223832
0.07250000000000001	0.9200592631533576
0.0726	0.9200498700905543
0.0727	0.9200404644344318
0.0728	0.920031046185423
0.0729	0.9200216153439776
0.07300000000000001	0.9200121719105427
0.0731	0.9200027158855578
0.0732	0.919993247269475
0.0733	0.9199837660627374
0.0734	0.9199742722657853
0.07350000000000001	0.919964765879076
0.0736	0.9199552469030512
0.0737	0.9199457153381669
0.0738	0.9199361711848584
0.07390000000000001	0.9199266144435903
0.07400000000000001	0.919917045114803
0.0741	0.9199074631989455
0.0742	0.9198978686964729
0.0743	0.9198882616078298
0.07440000000000001	0.9198786419334758
0.0745	0.9198690096738658
0.0746	0.9198593648294382
0.0747	0.9198497074006641
0.0748	0.9198400373879781
0.07490000000000001	0.9198303547918449
0.075	0.9198206596127232
0.0751	0.9198109518510574
0.0752	0.9198012315073082
0.0753	0.9197914985819325
0.07540000000000001	0.9197817530753796
0.0755	0.9197719949881153
0.0756	0.9197622243205981
0.0757	0.9197524410732757
0.0758	0.9197426452466094
0.07590000000000001	0.919732836841065
0.076	0.9197230158571017
0.0761	0.9197131822951679
0.0762	0.9197033361557343
0.0763	0.9196934774392552
0.07640000000000001	0.9196836061461925
0.0765	0.9196737222770136
0.0766	0.9196638258321788
0.0767	0.9196539168121413
0.07680000000000001	0.9196439952173817
0.07690000000000001	0.9196340610483463
0.077	0.9196241143055047
0.0771	0.9196141549893271
0.0772	0.9196041831002768
0.07730000000000001	0.9195941986388136
0.07740000000000001	0.919584201605406
0.0775	0.9195741920005305
0.0776	0.9195641698246346
0.0777	0.9195541350781954
0.07780000000000001	0.9195440877616893
0.0779	0.9195340278755653
0.078	0.9195239554203096
0.0781	0.919513870396386
0.0782	0.9195037728042632
0.07830000000000001	0.9194936626444117
0.0784	0.9194835399173026
0.0785	0.9194734046234043
0.0786	0.9194632567632004
0.0787	0.9194530963371439
0.07880000000000001	0.9194429233457183
0.0789	0.9194327377894033
0.079	0.9194225396686574
0.0791	0.9194123289839611
0.0792	0.9194021057357907
0.07930000000000001	0.9193918699246261
0.0794	0.9193816215509294
0.0795	0.9193713606151929
0.0796	0.9193610871178742
0.07970000000000001	0.9193508010594669
0.07980000000000001	0.919340502440447
0.0799	0.9007431210505376
0.08	0.9007329723803092
0.0801	0.9007228114160444
0.08020000000000001	0.9007126381582167
0.08030000000000001	0.9007024526072902
0.0804	0.9006922547637408
0.0805	0.900682044628036
0.0806	0.9006718222006489
0.08070000000000001	0.900661587482044
0.08080000000000001	0.9006513404727037
0.0809	0.9006410811730843
0.081	0.9006308095836815
0.0811	0.9006205257049433
0.08120000000000001	0.9006102295373571
0.0813	0.9005999210813982
0.0814	0.9005896003375372
0.0815	0.900579267306254
0.0816	0.9005689219880157
0.08170000000000001	0.9005585643833083
0.0818	0.9005481944925944
0.0819	0.9005378123163646
0.082	0.9005274178550864
0.0821	0.9005170111092463
0.08220000000000001	0.900506592079318
0.0823	0.9004961607657831
0.0824	0.90048571716911
0.0825	0.9004752612897943
0.0826	0.9004647931283059
0.08270000000000001	0.9004543126851307
0.0828	0.9004438199607423
0.0829	0.9004333149556317
0.083	0.9004227976702747
0.08310000000000001	0.9004122681051578
0.08320000000000001	0.9004017262607518
0.0833	0.9003911721375575
0.0834	0.9003806057360495
0.0835	0.9003700270567195
0.08360000000000001	0.9003594361000379
0.08370000000000001	0.9003488328665069
0.0838	0.9003382173566029
0.0839	0.9003275895708114
0.084	0.9003169495096212
0.08410000000000001	0.900306297173513
0.08420000000000001	0.9002956325629871
0.0843	0.9002849556785271
0.0844	0.9002742665206235
0.0845	0.9002635650897529
0.08460000000000001	0.900252851386416
0.0847	0.900242125411098
0.0848	0.9002313871642942
0.0849	0.9002206366464885
0.085	0.9002098738581849
0.08510000000000001	0.9001990987998613
0.0852	0.9001883114720108
0.0853	0.9001775118751396
0.0854	0.9001667000097262
0.0855	0.9001558758762691
0.08560000000000001	0.9001450394752725
0.0857	0.900134190807214
0.0858	0.9001233298725939
0.0859	0.900112456671922
0.08600000000000001	0.9001015712056718
0.08610000000000001	0.9000906734743539
0.0862	0.9000797634784603
0.0863	0.9000688412184973
0.0864	0.9000579066949458
0.08650000000000001	0.9000469599083198
0.08660000000000001	0.9000360008591098
0.0867	0.900025029547819
0.0868	0.90001404597495
0.0869	0.9000030501409905
0.08700000000000001	0.8999920420464539
0.08710000000000001	0.8999810216918364
0.0872	0.8999699890776377
0.0873	0.8999589442043583
0.0874	0.8999478870725085
0.08750000000000001	0.8999368176825832
0.0876	0.899925736035099
0.0877	0.8999146421305381
0.0878	0.8999035359694265
0.0879	0.8998924175522559
0.08800000000000001	0.8998812868795404
0.0881	0.8998701439517758
0.0882	0.8998589887694717
0.0883	0.899847821333139
0.0884	0.8998366416432843
0.08850000000000001	0.8998254497004123
0.0886	0.8998142455050313
0.0887	0.8998030290576491
0.0888	0.8997918003587712
0.0889	0.8997805594089228
0.08900000000000001	0.8997693062085963
0.0891	0.8997580407583113
0.0892	0.8997467630585736
0.0893	0.8813560868933011
0.08940000000000001	0.8813449832337095
0.08950000000000001	0.881333867587459
0.0896	0.8813227399550604
0.0897	0.8813116003370036
0.0898	0.881300448733791
0.08990000000000001	0.8812892851459279
0.09000000000000001	0.8812781095739323
0.0901	0.881266922018284
0.0902	0.8812557224795036
0.0903	0.8812445109580813
0.09040000000000001	0.8812332874545376
0.09050000000000001	0.8812220519693785
0.0906	0.8812108045030914
0.0907	0.8811995450562052
0.0908	0.8811882736292151
0.09090000000000001	0.8811769902226247
0.091	0.881165694836953
0.0911	0.8811543874726963
0.0912	0.8811430681303742
0.0913	0.8811317368104864
0.09140000000000001	0.8811203935135505
0.0915	0.8811090382400765
0.0916	0.8810976709905679
0.0917	0.8810862917655434
0.0918	0.881074900565516
0.09190000000000001	0.8810634973909838
0.092	0.8810520822424674
0.0921	0.8810406551204879
0.0922	0.8810292160255423
0.09230000000000001	0.8810177649581598
0.09240000000000001	0.8810063019188504
0.0925	0.8809948269081209
0.0926	0.8809833399264962
0.0927	0.8809718409744817
0.09280000000000001	0.880960330052605
0.09290000000000001	0.8809488071613772
0.093	0.8809372723013149
0.0931	0.8809257254729292
0.0932	0.8809141666767503
0.09330000000000001	0.8809025959132881
0.09340000000000001	0.8808910131830628
0.0935	0.8808794184866005
0.0936	0.8626869770329938
0.0937	0.8626755664681068
0.09380000000000001	0.8626641441964811
0.09390000000000001	0.8626527102186152
0.094	0.8626412645350184
0.0941	0.8626298071462088
0.0942	0.8626183380526865
0.09430000000000001	0.8626068572549707
0.0944	0.8625953647535665
0.0945	0.8625838605489934
0.0946	0.8625723446417641
0.0947	0.8625608170323865
0.09480000000000001	0.8625492777213764
0.0949	0.8625377267092449
0.095	0.8625261639965099
0.0951	0.8625145895836843
0.0952	0.8625030034712837
0.09530000000000001	0.8624914056598305
0.0954	0.8624797961498344
0.0955	0.8624681749418057
0.0956	0.8624565420362704
0.09570000000000001	0.8624448974337473
0.09580000000000001	0.8624332411347425
0.0959	0.862421573139792
0.096	0.8624098934493989
0.0961	0.8623982020640887
0.09620000000000001	0.8623864989843862
0.09630000000000001	0.8623747842108
0.0964	0.8623630577438639
0.0965	0.8623513195840896
0.0966	0.862339569732
0.09670000000000001	0.8623278081881212
0.09680000000000001	0.8623160349529686
0.0969	0.8623042500270703
0.097	0.8622924534109441
0.0971	0.8622806451051225
0.09720000000000001	0.8622688251101271
0.09730000000000001	0.8622569934264736
0.0974	0.8622451500546991
0.0975	0.8622332949953213
0.0976	0.8622214282488678
0.09770000000000001	0.8622095498158596
0.0978	0.8621976596968371
0.0979	0.8621857578923143
0.098	0.8621738444028295
0.0981	0.862161919228907
0.09820000000000001	0.862149982371067
0.0983	0.8621380338298459
0.0984	0.8621260736057754
0.0985	0.8621141016993807
0.09860000000000001	0.8621021181111994
0.09870000000000001	0.8620901228417469
0.0988	0.8620781158915685
0.0989	0.8620660972611964
0.099	0.8620540669511503
0.09910000000000001	0.8620420249619688
0.09920000000000001	0.862029971294192
0.0993	0.8620179059483466
0.0994	0.8620058289249627
0.0995	0.8619937402245805
0.09960000000000001	0.861981639847736
0.09970000000000001	0.8619695277949602
0.0998	0.8619574040667886
0.0999	0.8619452686637601
0.1	0.8619331215864127
0.1009	0.861823272634496
0.1018	0.8617124784992287
0.1027	0.861600739576503
0.10360000000000001	0.8614880562650982
0.10450000000000001	0.8613744289666672
0.10540000000000001	0.8612598580857581
0.1063	0.8611443440297845
0.1072	0.8610278872090606
0.1081	0.8609104880367393
0.109	0.8607921469288826
0.1099	0.8606728643043954
0.11080000000000001	0.8605526405850632
0.11170000000000001	0.8604314761955378
0.1126	0.8603093715633362
0.1135	0.8601863271188371
0.1144	0.8600623432952683
0.1153	0.859937420528728
0.1162	0.8598115592581558
0.11710000000000001	0.8596847599253532
0.11800000000000001	0.8595570229749782
0.1189	0.8594283488545136
0.1198	0.8592987380143066
0.1207	0.8591681909075489
0.12160000000000001	0.8590367079902596
0.1225	0.8589042897213147
0.12340000000000001	0.858770936562394
0.12430000000000001	0.8586366489780451
0.1252	0.8585014274356343
0.1261	0.8583652724053528
0.127	0.8582281843602084
0.1279	0.8580901637760653
0.1288	0.8579512111315661
0.1297	0.8578113269082127
0.1306	0.8576705115902958
0.1315	0.857528765664927
0.13240000000000002	0.8573860896220333
0.1333	0.8572424839543494
0.1342	0.8570979491574168
0.1351	0.8569524857295655
0.136	0.8568060941719507
0.13690000000000002	0.8566587749885103
0.1378	0.8565105286859892
0.1387	0.8563613557739099
0.1396	0.8562112567645888
0.1405	0.8560602321731537
0.1414	0.8559082825174846
0.1423	0.8557554083182632
0.1432	0.8556016100989399
0.1441	0.8554468883857665
0.14500000000000002	0.8552912437077337
0.1459	0.8551346765966298
0.1468	0.854977187587008
0.1477	0.8548187772161809
0.1486	0.8368232631509139
0.1495	0.836666135135055
0.1504	0.836508107391212
0.1513	0.8363491804555417
0.1522	0.836189354866883
0.1531	0.83602863116688
0.154	0.8358670098998072
0.1549	0.8357044916126222
0.1558	0.8355410768549678
0.1567	0.8353767661791621
0.15760000000000002	0.8352115601401965
0.1585	0.8350454592957329
0.15940000000000001	0.8348784642061241
0.1603	0.834710575434355
0.1612	0.8345417935461045
0.1621	0.8343721191097078
0.163	0.8342015526961367
0.1639	0.8340300948790527
0.1648	0.8338577462347475
0.16570000000000001	0.8336845073421588
0.1666	0.8335103787828952
0.1675	0.8333353611411911
0.1684	0.833159455003916
0.1693	0.8154122180069897
0.17020000000000002	0.8152380863107564
0.1711	0.7976871170698998
0.172	0.7803296296806399
0.1729	0.7801600061410284
0.1738	0.7799895553648734
0.17470000000000002	0.7798182779172386
0.1756	0.779646174365713
0.1765	0.7794732452803887
0.1774	0.7792994912337265
0.17830000000000001	0.7453665852379247
0.1792	0.7451984097494601
0.1801	0.7450294482177147
0.181	0.74485970119807
0.1819	0.7446891692481791
0.18280000000000002	0.7445178529282139
0.1837	0.7443457528005528
0.1846	0.7441728694298875
0.1855	0.7439992033832141
0.1864	0.7438247552298326
0.18730000000000002	0.743649525541342
0.1882	0.7434735148916274
0.1891	0.7432967238568887
0.19	0.7431191530155992
0.19090000000000001	0.7429408029485273
0.1918	0.7427616742387247
0.19269999999999998	0.7425817674715275
0.1936	0.7424010832345542
0.1945	0.7422196221176935
0.19540000000000002	0.7255106267352331
0.1963	0.692844106888139
0.1972	0.6926719609648091
0.1981	0.6924990938828478
0.199	0.6923255062012433
0.19990000000000002	0.6921511984811656
0.2008	0.6919761712860085
0.2017	0.6918004251811909
0.2026	0.6916239607342075
0.20350000000000001	0.6914467785146534
0.2044	0.6912688790942257
0.20529999999999998	0.69109026304669
0.2062	0.6909109309479075
0.2071	0.6907308833758167
0.20800000000000002	0.69055012091043
0.2089	0.6903686441338452
0.2098	0.6901864536302231
0.2107	0.6900035499857997
0.2116	0.6898199337888804
0.21250000000000002	0.6896356056298285
0.2134	0.6894505661010738
0.2143	0.6892648157970995
0.2152	0.6890783553144452
0.21610000000000001	0.6730158298657244
0.217	0.6571459796619874
0.21789999999999998	0.6569657369803711
0.2188	0.6567848203623793
0.2197	0.6566032303852076
0.22060000000000002	0.6564209676280666
0.2215	0.6562380326721453
0.2224	0.6560544261005238
0.2233	0.6558701484982148
0.2242	0.6402180096953929
0.2251	0.6400366273639495
0.226	0.6398545922557893
0.2269	0.6396719049487453
0.2278	0.6394885660224998
0.22870000000000001	0.6393045760586896
0.2296	0.6238631484986563
0.2305	0.6236821433157218
0.2314	0.6235005050427243
0.2323	0.6082587427915214
0.2332	0.6080801234893914
0.2341	0.5930342362279355
0.23500000000000001	0.5928586512577265
0.2359	0.5926824677062866
0.2368	0.5925056861269586
0.2377	0.5923283070747402
0.2386	0.592150331106408
0.2395	0.5919717587804004
0.2404	0.5917925906568503
0.24130000000000001	0.5916128272975888
0.2422	0.59143246926613
0.2431	0.5912515171276799
0.244	0.5910699714491313
0.2449	0.5908878327990574
0.2458	0.590705101747717
0.2467	0.5905217788670352
0.24760000000000001	0.5903378647306242
0.2485	0.5901533599137546
0.2494	0.5899682649933726
0.25029999999999997	0.5897825805481006
0.2512	0.5895963071582071
0.2521	0.589409445405628
0.253	0.5892219958739618
0.2539	0.5744493189360909
0.2548	0.5598680608280621
0.25570000000000004	0.55968793482715
0.2566	0.5595072535023602
0.2575	0.5593260174145119
0.25839999999999996	0.5591442271260473
0.2593	0.558961883201001
0.2602	0.5587789862049137
0.2611	0.5585955367048935
0.262	0.5584115352695779
0.2629	0.5582269824691515
0.26380000000000003	0.558041878875349
0.2647	0.5436925083164474
0.2656	0.5435109258361215
0.2665	0.5293565891188928
0.26739999999999997	0.5291785303263952
0.2683	0.5289999525275697
0.2692	0.5288208562721887
0.2701	0.5286412421114189
0.271	0.5284611105978543
0.27190000000000003	0.5282804622855809
0.27280000000000004	0.5143416838610186
0.2737	0.5141646370159074
0.2746	0.5139870890922267
0.27549999999999997	0.5138090406341568
0.2764	0.5136304921873655
0.2773	0.5134514442988644
0.2782	0.5132718975170425
0.2791	0.5130918523916721
0.28	0.5129113094738967
0.28090000000000004	0.5127302693162349
0.2818	0.5125487324725724
0.2827	0.5123666994981597
0.28359999999999996	0.5121841709496218
0.2845	0.5120011473849364
0.2854	0.5118176293634422
0.2863	0.5116336174458376
0.2872	0.5114491121941723
0.2881	0.511264114171847
0.28900000000000003	0.5110786239436146
0.2899	0.5108926420755697
0.2908	0.5107061691351555
0.29169999999999996	0.5105192056911537
0.29259999999999997	0.5103317523136796
0.2935	0.5101438095741891
0.2944	0.509955378045473
0.2953	0.5097664583016438
0.2962	0.5095770509181484
0.29710000000000003	0.5093871564717584
0.298	0.5091967755405625
0.2989	0.5090059087039764
0.2998	0.5088145565427186
0.30069999999999997	0.5086227196388353
0.3016	0.5084303985756787
0.3025	0.5082375939379113
0.3034	0.5080443063114974
0.3043	0.4944457569144302
0.3052	0.494256558519944
0.30610000000000004	0.4940668921894626
0.307	0.49387675849753165
0.3079	0.4804810009893874
0.30879999999999996	0.48029497389566783
0.3097	0.4801084942063782
0.3106	0.4669106325256291
0.3115	0.46672826044434823
0.3124	0.46654545026057404
0.3133	0.46636220252461025
0.31420000000000003	0.4661785177879306
0.3151	0.4659943966032363
0.316	0.46580983952435834
0.31689999999999996	0.46562484710629726
0.31779999999999997	0.4654394199052085
0.3187	0.46525355847840116
0.3196	0.46506726338434823
0.3205	0.46488053518266836
0.3214	0.4646933744341278
0.32230000000000003	0.4645057817006407
0.3232	0.4643177575452648
0.3241	0.4641293025322071
0.325	0.4511903106426932
0.32589999999999997	0.4510061405279366
0.3268	0.45082155360487763
0.3277	0.45063655042558615
0.3286	0.45045113154321487
0.3295	0.4502652975120789
0.3304	0.45007904888755157
0.33130000000000004	0.44989238622609046
0.3322	0.44970531008524306
0.3331	0.4495178210236441
0.33399999999999996	0.44932991960100505
0.3349	0.44914160637811135
0.3358	0.4489528819168306
0.3367	0.4487637467800973
0.3376	0.4485742015319259
0.3385	0.4483842467373883
0.33940000000000003	0.44819388296262536
0.3403	0.44800311077484145
0.3412	0.4478119307423008
0.34209999999999996	0.4476203434343257
0.34299999999999997	0.4474283494212863
0.3439	0.4472359492746129
0.3448	0.44704314356678626
0.3457	0.4468499328713229
0.3466	0.4466563177627914
0.34750000000000003	0.44646229881680494
0.3484	0.44626787661000944
0.3493	0.44607305172008527
0.35019999999999996	0.4458778247257518
0.35109999999999997	0.44568219620675853
0.352	0.4454861667438795
0.3529	0.445289736918918
0.3538	0.4450929073146959
0.3547	0.4448956785150592
0.3556	0.4446980511048676
0.35650000000000004	0.44450002566999736
0.35740000000000005	0.444301602797341
0.35829999999999995	0.4441027830747914
0.35919999999999996	0.44390356709125667
0.3601	0.44370395543664076
0.361	0.4435039487018552
0.3619	0.44330354747880624
0.3628	0.4431027523604001
0.3637	0.44290156394053065
0.36460000000000004	0.43036619727116
0.36550000000000005	0.4301698219890619
0.36639999999999995	0.4299730666014238
0.36729999999999996	0.4297759316883719
0.36819999999999997	0.42957841783096506
0.3691	0.42938052561126355
0.37	0.4291822556122518
0.3709	0.42898360841785516
0.3718	0.4287845846129388
0.37270000000000003	0.42858518478330654
0.37360000000000004	0.4283854095156958
0.37449999999999994	0.42818525939778146
0.37539999999999996	0.427984735018166
0.37629999999999997	0.4277838369663778
0.3772	0.4155027184519969
0.3781	0.4153067512638314
0.379	0.4151104231672957
0.3799	0.41491373473776766
0.3808	0.41471668655150573
0.38170000000000004	0.41451927918570197
0.38260000000000005	0.41432151321840316
0.38349999999999995	0.4141233892285379
0.38439999999999996	0.4139249077959111
0.3853	0.4137260695012083
0.3862	0.4135268749259745
0.3871	0.413327324652632
0.388	0.41312741926446817
0.3889	0.4129271593456351
0.38980000000000004	0.41272654548114374
0.39070000000000005	0.4125255782568594
0.39159999999999995	0.4123242582595136
0.39249999999999996	0.4121225860766796
0.39339999999999997	0.41184038800118034
0.3943	0.3998424392109793
0.3952	0.3996455052409718
0.3961	0.3994482320696884
0.397	0.3992506202708265
0.39790000000000003	0.39905267041887815
0.39880000000000004	0.39885438308918814
0.39969999999999994	0.39865575885788956
0.40059999999999996	0.39845679830191866
0.40149999999999997	0.3982575019990134
0.4024	0.3980578705277142
0.4033	0.3978579044673509
0.4042	0.3976576043980499
0.4051	0.3974569709007364
0.406	0.3972560045571092
0.40690000000000004	0.3855128905857169
0.40780000000000005	0.3853171200584816
0.40869999999999995	0.3851210285025236
0.40959999999999996	0.38492461648457194
0.4105	0.38472788457212526
0.4114	0.3845308333334655
0.4123	0.38433346333760515
0.4132	0.3841357751543008
0.4141	0.3839377693540555
0.41500000000000004	0.3837394465081026
0.41590000000000005	0.38354080718842115
0.41679999999999995	0.38334185196772286
0.41769999999999996	0.3831425814194469
0.41859999999999997	0.38294299611776456
0.4195	0.38274309663757644
0.4204	0.3825428835545043
0.4213	0.38234235744489115
0.4222	0.38214151888580006
0.42310000000000003	0.3819403684550113
0.42400000000000004	0.3817389067310187
0.42489999999999994	0.38153713429302155
0.42579999999999996	0.3813350517209377
0.42669999999999997	0.3811326595953852
0.4276	0.38092995849768224
0.4285	0.38072694900985266
0.4294	0.38052363171461967
0.4303	0.3803200071953974
0.4312	0.3801160760362971
0.43210000000000004	0.3799118388221118
0.43300000000000005	0.37970729613833426
0.43389999999999995	0.3795024485711353
0.43479999999999996	0.3792972967073635
0.4357	0.3790918411345592
0.4366	0.37888608244092975
0.4375	0.37868002121536154
0.4384	0.37847365804740934
0.4393	0.37826699352729937
0.44020000000000004	0.3780600282459263
0.44110000000000005	0.3778527627948444
0.44199999999999995	0.37764519776627165
0.44289999999999996	0.37743733375308347
0.4438	0.3772291713488131
0.4447	0.37702071114764296
0.4456	0.3768119537444096
0.4465	0.3766028997345976
0.4474	0.37639354971433103
0.44830000000000003	0.37618390428038895
0.44920000000000004	0.3759739640301764
0.45009999999999994	0.3757637295617435
0.45099999999999996	0.3755532014737705
0.45189999999999997	0.37534238036557654
0.4528	0.37513126683710124
0.4537	0.3749198614889191
0.4546	0.37470816492221887
0.4555	0.37449617773882293
0.45640000000000003	0.37428390054116023
0.45730000000000004	0.3740713339322784
0.45819999999999994	0.373858478515846
0.45909999999999995	0.37364533489613083
0.45999999999999996	0.3734319036780179
0.4609	0.37321818546699065
0.4618	0.37300418086913767
0.4627	0.3727898904911474
0.4636	0.37257531494030116
0.4645	0.37236045482448277
0.46540000000000004	0.3721453107521579
0.46630000000000005	0.3719298833323903
0.46719999999999995	0.37171417317482025
0.46809999999999996	0.37149818088968145
0.469	0.37128190708778
0.4699	0.3710653523805021
0.4708	0.37084851737981606
0.4717	0.37063140269824885
0.4726	0.3704140089489131
0.47350000000000003	0.3701963367454766
0.47440000000000004	0.36997838670217376
0.47529999999999994	0.358862425384793
0.47619999999999996	0.35865040129586756
0.47709999999999997	0.35843810969855683
0.478	0.3582255511900503
0.4789	0.35801272636807724
0.4798	0.3577996358309279
0.4807	0.35758628017740124
0.48160000000000003	0.35737266000683227
0.48250000000000004	0.35715877591907313
0.48339999999999994	0.3569446285145005
0.48429999999999995	0.35673021839400415
0.48519999999999996	0.3565155461589985
0.4861	0.35630061241140554
0.487	0.3560854177536604
0.4879	0.355869962788704
0.4888	0.35565424811998503
0.4897	0.35543827435145436
0.49060000000000004	0.35522204208756325
0.49150000000000005	0.3550055519332564
0.49239999999999995	0.34417875697795003
0.49329999999999996	0.3335258727797687
0.4942	0.3333216063528606
0.4951	0.3331171002685747
0.496	0.3329123550960735
0.4969	0.3327073714050037
0.4978	0.33250214976548254
0.49870000000000003	0.33229669074805707
0.49960000000000004	0.33209099492371896
0.5005	0.33188506286390357
0.5014	0.3316788951404893
0.5023	0.33147249232578996
0.5032	0.3312658549925603
0.5041	0.331058983713979
0.505	0.33085187906366614
0.5059	0.3306445416156626
0.5068	0.3304369719444384
0.5077	0.33022917062488355
0.5085999999999999	0.3300211382323138
0.5095	0.32981287534245923
0.5104	0.3296043825314651
0.5113	0.32939566037589246
0.5122	0.3291867094527121
0.5131	0.3289775303393017
0.514	0.32876812361344393
0.5149	0.328558489853328
0.5158	0.3283486296375412
0.5167	0.31802735187782644
0.5176	0.3178235832122545
0.5185	0.31761959705030673
0.5194	0.3174153939531614
0.5203	0.31721097448237623
0.5212	0.31700633919991905
0.5221	0.316801488668105
0.523	0.31659642344962646
0.5239	0.31639114410753705
0.5248	0.3062919123746703
0.5257	0.2963627579492378
0.5266	0.29616975529234413
0.5275	0.2959765544821662
0.5284	0.29578315604630934
0.5293	0.295589560512761
0.5302	0.2953957684098084
0.5311	0.2952017802660972
0.532	0.29500759661057807
0.5329	0.2948132179725265
0.5337999999999999	0.29461864488153755
0.5347	0.29442387786751933
0.5356	0.29422891746069707
0.5365	0.2940337641916116
0.5374	0.29383841859110976
0.5383	0.29364288119034604
0.5392	0.2934471525207813
0.5401	0.29325123311418233
0.541	0.29305512350261476
0.5419	0.29285882421844267
0.5428	0.29266233579432444
0.5437	0.29246565876321723
0.5446	0.2922687936583638
0.5455	0.2920717410133048
0.5464	0.2918745013618588
0.5473	0.2916770752381358
0.5482	0.2914794631765252
0.5491	0.2912816657116983
0.55	0.2910836833786039
0.5509	0.2908855167124633
0.5518	0.29068716624877666
0.5527	0.29048863252331014
0.5536	0.2902899160721035
0.5545	0.29009101743145727
0.5554	0.28989193713794115
0.5563	0.289692675728384
0.5572	0.28949323373987523
0.5581	0.2892936117097594
0.5589999999999999	0.2890938101756394
0.5599	0.28889382967536636
0.5608	0.2886936707470443
0.5617	0.28849333392902793
0.5626	0.27898804052673654
0.5635	0.27879391171524626
0.5644	0.27859961255763754
0.5653	0.27840514357475127
0.5662	0.27821050528765606
0.5670999999999999	0.2780156982176409
0.568	0.2778207228862237
0.5689	0.2776255798151459
0.5698	0.2774302695263668
0.5707	0.27723479254206573
0.5716	0.277039149384639
0.5725	0.276843340576694
0.5734	0.2766473666410501
0.5743	0.2764512281007403
0.5752	0.2762549254789979
0.5761	0.276058459299266
0.577	0.27586183008519094
0.5779	0.27566503836061496
0.5788	0.26643486491562934
0.5797	0.2662443057558382
0.5806	0.266053591153157
0.5815	0.26586272161392654
0.5824	0.2656716976446672
0.5833	0.2654805197521054
0.5841999999999999	0.2652891884431346
0.5851	0.2650977042248258
0.586	0.2649060676044258
0.5869	0.264714279089355
0.5878	0.26452233918720264
0.5887	0.26433024840572916
0.5896	0.26413800725285913
0.5905	0.26394561623668517
0.5914	0.26375307586545704
0.5922999999999999	0.2635603866475898
0.5932	0.2633675490916529
0.5941	0.2631745637063736
0.595	0.26298143100063176
0.5959	0.2627881514834609
0.5968	0.2625947256640393
0.5977	0.2624011540516976
0.5986	0.26220743715590966
0.5995	0.2620135754862906
0.6003999999999999	0.2618195695526008
0.6013	0.26162541986473353
0.6022	0.26143112693272186
0.6031	0.26123669126673343
0.604	0.2610421133770679
0.6049	0.2608473937741543
0.6058	0.26065253296854984
0.6067	0.2604575314709367
0.6075999999999999	0.26026238979212374
0.6084999999999999	0.2600671084430369
0.6093999999999999	0.2598716879347264
0.6103	0.25967612877835466
0.6112	0.2594804314852018
0.6121	0.2592845965666616
0.613	0.25908862453423875
0.6139	0.25889251589954243
0.6148	0.2586962711742939
0.6156999999999999	0.25849989087031633
0.6165999999999999	0.25830337549953225
0.6174999999999999	0.25810672557397074
0.6184	0.2579099416057541
0.6193	0.25771302410710056
0.6202	0.2575159735903235
0.6211	0.257318790567827
0.622	0.257121475552106
0.6229	0.2569240290557401
0.6237999999999999	0.25672645159139657
0.6246999999999999	0.25652874367182504
0.6255999999999999	0.2563309058098539
0.6265	0.2561329385183929
0.6274	0.25593484231042674
0.6283	0.25573661769901707
0.6292	0.2555382651972931
0.6301	0.2553397853184597
0.631	0.25514117857578705
0.6319	0.2549424454826101
0.6327999999999999	0.2547435865523283
0.6336999999999999	0.2545446022984065
0.6345999999999999	0.2543454932343634
0.6355	0.25414625987377804
0.6364	0.25394690273028575
0.6373	0.2537474223175732
0.6382	0.25354781914937724
0.6391	0.2533480937394873
0.64	0.2531482466017364
0.6408999999999999	0.2529482782500015
0.6417999999999999	0.2527481891982068
0.6426999999999999	0.25254797996031203
0.6436	0.2523476510503173
0.6445	0.25214720298225857
0.6454	0.2519466362702064
0.6463	0.2517459514282626
0.6472	0.25154514897056035
0.6481	0.2513442294112573
0.6489999999999999	0.2511431932645407
0.6498999999999999	0.25094204104461876
0.6507999999999999	0.2507407732657215
0.6517	0.25053939044209744
0.6526	0.2503378930880155
0.6535	0.2501362817177545
0.6544	0.24993455684561167
0.6553	0.24973271898589122
0.6562	0.2495307686529089
0.6571	0.2493287063609827
0.6579999999999999	0.24912653262443926
0.6588999999999999	0.24892424795760867
0.6597999999999999	0.24872185287481452
0.6607	0.24851934789038654
0.6616	0.24831673351864725
0.6625	0.24811401027391036
0.6634	0.24791117867048737
0.6643	0.24770823922267393
0.6652	0.2475051924447575
0.6660999999999999	0.24730203885100877
0.6669999999999999	0.24709877895568183
0.6678999999999999	0.24689541327301612
0.6688	0.24669194231722513
0.6697	0.2464883666025032
0.6706	0.24628468664301745
0.6715	0.24608090295291046
0.6724	0.24587701604629375
0.6733	0.24567302643724856
0.6741999999999999	0.23730782577388146
0.6750999999999999	0.23711055253424737
0.6759999999999999	0.23691318159797517
0.6769	0.23671571346088857
0.6778	0.23651814861877243
0.6787	0.236320487567384
0.6796	0.2361227308024316
0.6805	0.23592487881957597
0.6814	0.2277591806035759
0.6822999999999999	0.2275679676445046
0.6831999999999999	0.22737666421433408
0.6840999999999999	0.22718527079076412
0.6849999999999999	0.2269937878514364
0.6859	0.22680221587395796
0.6868	0.2266105553358676
0.6877	0.22641880671465003
0.6886	0.2262269704877292
0.6895	0.22603504713246578
0.6904	0.21808067788170202
0.6912999999999999	0.21789532152092556
0.6921999999999999	0.21770988249015324
0.6930999999999999	0.21752436124906435
0.694	0.2173387582572926
0.6949	0.217153073974395
0.6958	0.2169673088598573
0.6967	0.2167814633730925
0.6976	0.21659553797343836
0.6985	0.21640953312015798
0.6993999999999999	0.21622344927243303
0.7002999999999999	0.21603728688936855
0.7011999999999999	0.21585104642998454
0.7021	0.21566472835321937
0.703	0.21547833311792317
0.7039	0.2152918611828615
0.7048	0.2151053130067084
0.7057	0.2149186890480476
0.7066	0.21473198976537114
0.7074999999999999	0.21454521561707293
0.7083999999999999	0.21435836706145317
0.7092999999999999	0.2141714445567131
0.7101999999999999	0.213984448560952
0.7111	0.21379737953216996
0.712	0.21361023792826117
0.7129	0.21342302420701317
0.7138	0.21323573882610913
0.7147	0.21304838224312153
0.7156	0.21286095491550885
0.7164999999999999	0.21267345730062293
0.7173999999999999	0.21248588985569314
0.7182999999999999	0.21229825303783958
0.7192	0.21211054730405848
0.7201	0.2119227731112296
0.721	0.21173493091610932
0.7219	0.21154702117532867
0.7228	0.21135904434539804
0.7237	0.2111710008826948
0.7245999999999999	0.21098289124347025
0.7254999999999999	0.21062910620345363
0.7263999999999999	0.21044094535169658
0.7273	0.21025271978027205
0.7282	0.21006442994476812
0.7291	0.20987607630063299
0.73	0.2096876593031771
0.7309	0.20949917940756835
0.7318	0.20931063706883188
0.7326999999999999	0.2091220327418462
0.7335999999999999	0.20893336688134068
0.7344999999999999	0.2087446399419006
0.7353999999999999	0.20855585237795454
0.7363	0.20836700464378397
0.7372	0.20817809719351216
0.7381	0.20798913048110607
0.739	0.2078001049603785
0.7399	0.2076110210849795
0.7408	0.20742187930839692
0.7416999999999999	0.20723268008395884
0.7425999999999999	0.2070434238648258
0.7434999999999999	0.20685411110399188
0.7444	0.20666474225428383
0.7453	0.20647531776835693
0.7462	0.2062858380986947
0.7471	0.2060963036976087
0.748	0.20590671501723282
0.7489	0.20571707250952498
0.7497999999999999	0.20552737662626364
0.7506999999999999	0.20533762781904663
0.7515999999999999	0.20514782653928965
0.7525	0.20495797323822448
0.7534	0.20476806836689748
0.7543	0.2045781123761656
0.7552	0.20438810571669777
0.7561	0.20419804883897147
0.757	0.20400794219327262
0.7578999999999999	0.20381778622969013
0.7587999999999999	0.20362758139811976
0.7596999999999999	0.20343732814825596
0.7605999999999999	0.20324702692959737
0.7615	0.20305667819143747
0.7624	0.20286628238286858
0.7633	0.20267583995277894
0.7642	0.20248535134984885
0.7651	0.2022948170225509
0.766	0.20210423741914882
0.7668999999999999	0.20191361298769106
0.7677999999999999	0.20172294417601824
0.7686999999999999	0.20153223143175095
0.7696	0.2013414752022971
0.7705	0.2011506759348424
0.7714	0.20095983407635512
0.7723	0.20076895007358164
0.7732	0.20057802437304306
0.7741	0.20038705742103688
0.7749999999999999	0.2001960496636345
0.7758999999999999	0.20000500154667547
0.7767999999999999	0.19981391351577227
0.7777	0.19962278601630465
0.7786	0.19943161949341848
0.7795	0.19924041439202464
0.7804	0.19904917115679682
0.7813	0.19885789023216957
0.7822	0.19866657206233954
0.7830999999999999	0.19847521709125812
0.7839999999999999	0.19828382576263623
0.7848999999999999	0.19809239851993748
0.7857999999999999	0.19790093580637916
0.7867	0.19770943806493071
0.7876	0.19751790573831152
0.7885	0.1973263392689867
0.7894	0.19713473909917104
0.7903	0.19008072472973528
0.7912	0.18989590527858893
0.7920999999999999	0.1897110545470894
0.7929999999999999	0.1895261729601318
0.7938999999999999	0.18934126094236242
0.7948	0.18915631891818227
0.7957	0.18897134731173582
0.7966	0.18878634654691173
0.7975	0.1886013170473391
0.7984	0.1884162592363909
0.7993	0.18823117353717847
0.8001999999999999	0.18804606037255203
0.8010999999999999	0.18786092016509648
0.8019999999999999	0.1876757533371346
0.8029	0.18749056031072017
0.8038	0.18730534150763986
0.8047	0.18712009734941032
0.8056	0.1803104448109266
0.8065	0.18013189003155072
0.8074	0.1799533119637083
0.8082999999999999	0.17977471101202797
0.8091999999999999	0.17959608758087267
0.8100999999999999	0.17941744207434554
0.8109999999999999	0.17923877489627751
0.8119	0.17906008645022675
0.8128	0.17888137713948385
0.8137	0.17870264736706226
0.8146	0.17852389753570316
0.8155	0.1719142294191061
0.8163999999999999	0.1717420628242263
0.8172999999999999	0.16527030472831425
0.8181999999999999	0.16510460057512405
0.8190999999999999	0.16493887953945188
0.82	0.16477314199198198
0.8209	0.1646073883031337
0.8218	0.1644416188430696
0.8227	0.16427583398168574
0.8236	0.16411003408861197
0.8245	0.16394421953321378
0.8253999999999999	0.16377839068458722
0.8262999999999999	0.1636125479115589
0.8271999999999999	0.16344669158268652
0.8281	0.16328082206625488
0.829	0.1631149397302756
0.8299	0.1629490449424864
0.8308	0.16278313807034903
0.8317	0.15653919573383773
0.8326	0.15637964704942237
0.8334999999999999	0.1562200877138818
0.8343999999999999	0.15606051807900595
0.8352999999999999	0.1559009384963156
0.8361999999999999	0.15574134931706604
0.8371	0.15558175089223644
0.838	0.15542214357253403
0.8389	0.15526252770838847
0.8398	0.15510290364995385
0.8407	0.15494327174710962
0.8415999999999999	0.15478363234945294
0.8424999999999999	0.15462398580630302
0.8433999999999999	0.1544643324666971
0.8442999999999999	0.15430467267939105
0.8452	0.15414500679285587
0.8461	0.15398533515527793
0.847	0.15382565811455903
0.8479	0.1536659760183115
0.8488	0.15350628921386023
0.8497	0.15334659804824116
0.8505999999999999	0.15318690286819756
0.8514999999999999	0.15302720402018166
0.8523999999999999	0.15286750185035292
0.8533	0.15270779670457402
0.8542	0.15254808892841326
0.8551	0.15238837886714302
0.856	0.15222866686573583
0.8569	0.15206895326886435
0.8578	0.15190923842090323
0.8586999999999999	0.15174952266592218
0.8595999999999999	0.15158980634769056
0.8604999999999999	0.1514300898096712
0.8613999999999999	0.15127037339502408
0.8623	0.15111065744660043
0.8632	0.150950942306945
0.8641	0.15079122831829303
0.865	0.15063151582256978
0.8659	0.1504718051613898
0.8667999999999999	0.1445979302362188
0.8676999999999999	0.13884726158665178
0.8685999999999999	0.13869995129871704
0.8694999999999999	0.13855264374031226
0.8704	0.13840533922427634
0.8713	0.1382580380631608
0.8722	0.13811074056922906
0.8731	0.13796344705444785
0.874	0.1378161578304919
0.8749	0.13766887320873927
0.8757999999999999	0.13752159350027407
0.8766999999999999	0.13194873304842517
0.8775999999999999	0.1318074703405137
0.8785	0.13166621312149743
0.8794	0.13152496168822078
0.8803	0.13138371633724497
0.8812	0.13124247736484448
0.8821	0.13110124506700296
0.883	0.13096001973941424
0.8838999999999999	0.13081880167748014
0.8847999999999999	0.12541507374091984
0.8856999999999999	0.12013123364154678
0.8865999999999999	0.120001669188369
0.8875	0.11987211224444302
0.8884	0.11974256307872404
0.8893	0.11961302195990134
0.8902	0.11948348915639434
0.8911	0.11935396493634995
0.8919999999999999	0.11922444956764153
0.8928999999999999	0.11909494331787
0.8937999999999999	0.11896544645436123
0.8946999999999999	0.11883595924416591
0.8956	0.11870648195405913
0.8965	0.11857701485053854
0.8974	0.1184475581998238
0.8983	0.11831811226785705
0.8992	0.11818867732029883
0.9001	0.11805925362253081
0.9009999999999999	0.11792984143965299
0.9018999999999999	0.11780044103648231
0.9027999999999999	0.1176710526775531
0.9037	0.11754167662711605
0.9046	0.11741231314913607
0.9055	0.11728296250729368
0.9064	0.11715362496498131
0.9073	0.1170243007853052
0.9082	0.11689499023108273
0.9090999999999999	0.11187384112713387
0.9099999999999999	0.11175017119718023
0.9108999999999999	0.11162651491843208
0.9117999999999999	0.11150287254082945
0.9127	0.11137924431403207
0.9136	0.11125563048742407
0.9145	0.11113203131010689
0.9154	0.11100844703090336
0.9163	0.11088487789835316
0.9171999999999999	0.11076132416071359
0.9180999999999999	0.11063778606595992
0.9189999999999999	0.11051426386178266
0.9198999999999999	0.11039075779558735
0.9208	0.11026726811449504
0.9217	0.1101437950653392
0.9226	0.10531670276047542
0.9235	0.10519873976121091
0.9244	0.10508079321986116
0.9252999999999999	0.10496286337086842
0.9261999999999999	0.10484495044839967
0.9270999999999999	0.10472705468634806
0.9279999999999999	0.10460917631832721
0.9289	0.1044913155776736
0.9298	0.10437347269744494
0.9307	0.10425564791041925
0.9316	0.10413784144909417
0.9325	0.10402005354568593
0.9334	0.10390228443213043
0.9342999999999999	0.10378453434007945
0.9351999999999999	0.1036668035009032
0.9360999999999999	0.10354909214568662
0.9369999999999999	0.10343140050523084
0.9379	0.1033137288100517
0.9388	0.10319607729037816
0.9397	0.10307844617615324
0.9406	0.10296083569703264
0.9415	0.102843246082383
0.9423999999999999	0.10272567756128233
0.9432999999999999	0.10260813036251973
0.9441999999999999	0.10249060471459313
0.9450999999999999	0.10237310084571012
0.946	0.10225561898378573
0.9469	0.10213815935644288
0.9478	0.10202072219101206
0.9487	0.10190330771452893
0.9496	0.10178591615373521
0.9504999999999999	0.10166854773507784
0.9513999999999999	0.10155120268470669
0.9522999999999999	0.10143388122847548
0.9531999999999999	0.10131658359194115
0.9541	0.10119931000036299
0.955	0.10108206067869964
0.9559	0.10096483585161305
0.9568	0.10084763574346362
0.9577	0.09634106928320461
0.9586	0.09622922894753494
0.9594999999999999	0.09611741269158577
0.9603999999999999	0.09600562072810753
0.9612999999999999	0.09589385326956139
0.9621999999999999	0.09578211052812065
0.9631	0.09567039271567014
0.964	0.09555870004380301
0.9649	0.09544703272382295
0.9658	0.09533539096674233
0.9667	0.0952237749832817
0.9675999999999999	0.0951121849838691
0.9684999999999999	0.09500062117863906
0.9693999999999999	0.0948890837774335
0.9702999999999999	0.09477757298979894
0.9712	0.09466608902498751
0.9721	0.09455463209195565
0.973	0.09444320239936448
0.9739	0.09433180015557713
0.9748	0.09422042556866035
0.9756999999999999	0.09410907884638182
0.9765999999999999	0.09399776019621177
0.9774999999999999	0.0938864698253211
0.9783999999999999	0.09377520794058052
0.9793	0.09366397474856036
0.9802	0.09355277045553069
0.9811	0.09344159526745936
0.982	0.09333044939001167
0.9829	0.09321933302855183
0.9838	0.0931082463881393
0.9846999999999999	0.09299718967352967
0.9855999999999999	0.09288616308917462
0.9864999999999999	0.09277516683922093
0.9873999999999999	0.09266420112750924
0.9883	0.09255326615757385
0.9892	0.09244236213264242
0.9901	0.09233148925563611
0.991	0.09222064772916651
0.9919	0.092109837755538
0.9927999999999999	0.0919990595367456
0.9936999999999999	0.09188831327447458
0.9945999999999999	0.09177759917009934
0.9954999999999999	0.09166691742468473
0.9964	0.09155626823898351
0.9973	0.09144565181343668
0.9982	0.09133506834817304
0.9991	0.09122451804300842
1.0	0.09111400109744454
1.009	0.09001071008505791
1.018	0.0889109721362819
1.027	0.08781498149596115
1.036	0.08672292915820333
1.045	0.07814415565115054
1.054	0.07715952062143874
1.063	0.07617892785648052
1.072	0.07520253836559093
1.081	0.07080683449675408
1.09	0.06988613026283036
1.099	0.06896984641647318
1.108	0.0680581239756381
1.117	0.06715110087500906
1.126	0.0662489119397982
1.135	0.06535168886143072
1.144	0.06445956017526115
1.153	0.06357265123997864
1.162	0.06269108421899926
1.171	0.061814978063717475
1.18	0.06094444849860732
1.189	0.06007960800819211
1.198	0.05922056582586648
1.207	0.05836742792456174
1.216	0.054845330896278965
1.225	0.05404567778137164
1.234	0.05325189692624771
1.2429999999999999	0.04997483894442816
1.252	0.04684270318790813
1.261	0.046144093983463245
1.27	0.045451024967461104
1.279	0.04254515260119444
1.288	0.04189941197408367
1.297	0.0391681702773316
1.306	0.038567730223459565
1.315	0.03797248442505126
1.3239999999999998	0.03356377346893596
1.333	0.03304316776461364
1.342	0.03252726017966348
1.351	0.032016088854783506
1.3599999999999999	0.029800778295474502
1.369	0.02932862328898648
1.378	0.028860995021879946
1.387	0.026823038886695485
1.396	0.02639219239847215
1.405	0.024489633778156314
1.414	0.024093610325296683
1.423	0.023701631780958285
1.432	0.021957695793290242
1.4409999999999998	0.020307115641552874
1.45	0.019975008821925863
1.459	0.019646437827805407
1.468	0.01813861579394806
1.4769999999999999	0.017838972079956394
1.486	0.01754262144568799
1.4949999999999999	0.017249570331518752
1.504	0.01695982402183018
1.513	0.016673386659664825
1.5219999999999998	0.016390261262451095
1.531	0.016110449738260455
1.54	0.015833952902235264
1.549	0.01556077049351599
1.5579999999999998	0.014348555527912775
1.567	0.014100472001871544
1.576	0.013855438409245798
1.585	0.013613451093545559
1.5939999999999999	0.0125334422438645
1.603	0.010746398706393264
1.612	0.009832578855388678
1.621	0.009664556236827876
1.63	0.00949863874835706
1.6389999999999998	0.009334821545184188
1.648	0.009173099214011418
1.657	0.00901346578513393
1.666	0.00885591474436596
1.6749999999999998	0.008700439045198417
1.684	0.00854703112135584
1.693	0.008395682898977179
1.702	0.00824638580910149
1.7109999999999999	0.008099130800157037
1.72	0.007953908350564504
1.729	0.007810708481338062
1.738	0.007669520768738765
1.7469999999999999	0.007530334356953544
1.7559999999999998	0.007393137970790463
1.765	0.007257919928385396
1.774	0.007124668153906734
1.783	0.006993370190250678
1.7919999999999998	0.006864013211732703
1.801	0.006736584036733029
1.81	0.006611069140325587
1.819	0.006487454666855199
1.8279999999999998	0.006365726442473415
1.837	0.006245869987612619
1.846	0.006127870529396665
1.855	0.00601171301398056
1.8639999999999999	0.005897382118809171
1.8729999999999998	0.005784862264791459
1.882	0.005674137628380167
1.891	0.004875274418217916
1.9	0.004784312929241366
1.9089999999999998	0.004694786876336941
1.918	0.004606683220567155
1.927	0.004519988761899659
1.936	0.004434690148156136
1.9449999999999998	0.004350773884180288
1.954	0.004268226340562224
1.963	0.004187033762475153
1.972	0.00410718227834777
1.9809999999999999	0.004028657908412377
1.9899999999999998	0.0039514465731393415
1.9989999999999999	0.0038755341015426137
2.008	0.003800906239360966
2.017	0.0037275486571078592
2.026	0.0036554469579881837
2.035	0.0035845866856793977
2.0439999999999996	0.003514953331974399
2.053	0.00344653234428237
2.062	0.0033793091329877866
2.0709999999999997	0.0031159443536612507
2.08	0.003056137237155333
2.089	0.002997373105429704
2.098	0.0029396390183521587
2.107	0.0028829220278385206
2.1159999999999997	0.0026599954228799013
2.125	0.0026096348772800607
2.134	0.002560154826068016
2.143	0.0025115439409524884
2.152	0.00246379090533343
2.1609999999999996	0.002416884418848236
2.17	0.0023466146168954916
2.179	0.002301649723490928
2.1879999999999997	0.0022574957262488367
2.197	0.002214141405454202
2.206	0.002171575579742985
2.215	0.0021297871099368658
2.224	0.0020887649027339092
2.2329999999999997	0.0020484979142811974
2.242	0.002008975153631284
2.251	0.0019701856860782157
2.26	0.0019321186363785152
2.269	0.0018947631918536996
2.2779999999999996	0.001858108605377874
2.287	0.001822144198249571
2.296	0.0017868593629503113
2.3049999999999997	0.001752243565790181
2.314	0.0017182863494407377
2.323	0.0016849773353575126
2.332	0.0016523062260927603
2.341	0.0015414333657085802
2.3499999999999996	0.0015122955608330888
2.359	0.001483706167169365
2.368	0.0014556564428827058
2.377	0.0014251977784491526
2.386	0.0013982365080709418
2.3949999999999996	0.0013717881922023474
2.404	0.0013458444250928905
2.413	0.001320396882448397
2.4219999999999997	0.0012954373226270405
2.431	0.0012145790284345814
2.44	0.0011922701850319336
2.449	0.001170379193757655
2.458	0.001148899151100964
2.4669999999999996	0.0011278232265902295
2.476	0.001107144663559658
2.485	0.001086856779764878
2.4939999999999998	0.001066952967997433
2.503	0.001047426696621173
2.5119999999999996	0.0009869777352836421
2.521	0.0009694741951900401
2.53	0.0009522929215586041
2.5389999999999997	0.000935428508333134
2.548	0.000918875613753863
2.557	0.0009026289605986418
2.566	0.0008866833364164691
2.575	0.0008710335936737402
2.5839999999999996	0.0008246616611502833
2.593	0.0008105852124830836
2.602	0.0007967606519004347
2.6109999999999998	0.0007831837681984245
2.62	0.0007698504037867601
2.6289999999999996	0.0007567564547304651
2.638	0.000743897870720986
2.647	0.0007312706550642819
2.6559999999999997	0.0007188708645743988
2.665	0.0007066946094881204
2.674	0.0006731673995130358
2.683	0.0006621497080539829
2.692	0.0006513221714572921
2.7009999999999996	0.0006406816455469057
2.71	0.0006302250289985411
2.719	0.0006199492631703406
2.7279999999999998	0.0006098513319668223
2.737	0.0005999282616243148
2.7459999999999996	0.0005901771205216486
2.755	0.0005805950189646541
2.764	0.0005711791089558577
2.7729999999999997	0.0005476945433954964
2.782	0.0005391050095245572
2.791	0.0005306570787370186
2.8	0.0005223484767208246
2.809	0.0005141769616439843
2.8179999999999996	0.00050614032392218
2.827	0.0004982363860175201
2.836	0.0004904630021753468
2.8449999999999998	0.0004828180581878747
2.854	0.00047529947114088704
2.8629999999999995	0.00046790518915231595
2.872	0.0004606331911041196
2.881	0.0004534814863666878
2.8899999999999997	0.00044644811451716236
2.899	0.0004395311450515065
2.908	0.00043272867709088413
2.917	0.0004260388390828692
2.926	0.00041945978849761633
2.9349999999999996	0.0004129897115193715
2.944	0.00040662682273398304
2.953	0.0004003693648124559
2.9619999999999997	0.0003942156081909092
2.971	0.0003881638507474592
2.9799999999999995	0.000382212417476164
2.989	0.0003763596601584213
2.9979999999999998	0.00037060395703218245
3.0069999999999997	0.0003649437124590716
3.016	0.00035937735658999036
3.025	0.0003539033450293034
3.034	0.00034852015849777903
3.0429999999999997	0.0003390853677124524
3.052	0.00033404584873177897
3.061	0.0003290856314843616
3.07	0.0003242034997906622
3.0789999999999997	0.00031939825632129707
3.0879999999999996	0.0003146687223200537
3.097	0.0003100137373381244
3.106	0.0003054321589853625
3.1149999999999998	0.00030092286264978653
3.1239999999999997	0.0002964847412408234
3.133	0.00029211670492794797
3.142	0.0002878176808793258
3.151	0.0002835866130023375
3.1599999999999997	0.00027942246168564055
3.169	0.00027532420354058057
3.178	0.0002712908311462058
3.187	0.00026732135279512915
3.1959999999999997	0.0002634147922411062
3.2049999999999996	0.0002595701884492942
3.214	0.0002557865953459802
3.223	0.0002520630815726997
3.2319999999999998	0.00024839873024257457
3.2409999999999997	0.00024479263869899893
3.25	0.0002412439182753201
3.259	0.00023775169405698465
3.268	0.00023431510464784008
3.2769999999999997	0.0002309333019378214
3.286	0.00022760545087387583
3.295	0.00022433072923331443
3.304	0.00022110832740023637
3.3129999999999997	0.0002179374481447527
3.3219999999999996	0.00021481730640507277
3.331	0.00021174712907262385
3.34	0.00020872615478024424
3.3489999999999998	0.00020575363369333192
3.3579999999999997	0.00020282882730423093
3.367	0.0001999510082295468
3.376	0.00019711946001081334
3.385	0.00019450857584100525
3.3939999999999997	0.0001917775374683768
3.403	0.00018909030298470316
3.412	0.00018644620217054799
3.421	0.0001838445748070489
3.4299999999999997	0.00018128477048621694
3.4389999999999996	0.00017876614843770973
3.448	0.00017628807735359768
3.457	0.00017384993521664732
3.4659999999999997	0.00017145110913309854
3.4749999999999996	0.00016909099516721553
3.484	0.0001667689981800332
3.493	0.00016475759439731774
3.502	0.00016251914316760323
3.5109999999999997	0.00016031671576085158
3.52	0.00015814975459904848
3.529	0.0001550875481812044
3.538	0.00015303614772881622
3.5469999999999997	0.00015101758993324037
3.5559999999999996	0.00014903136083614134
3.565	0.00014707695394917245
3.574	0.00014515387012133452
3.5829999999999997	0.0001432616174071479
3.5919999999999996	0.00014139971093616598
3.601	0.00013956767278830863
3.61	0.00013776503186877125
3.6189999999999998	0.00013599132378715471
3.6279999999999997	0.00013424609073944686
3.637	0.00013252888139197398
3.646	0.00013083925076823823
3.655	0.0001291767601382018
3.6639999999999997	0.00012754097691002593
3.6729999999999996	0.0001259314745242751
3.682	0.00012434783235052023
3.691	0.00012278963558628404
3.6999999999999997	0.00012125647515828355
3.7089999999999996	0.00011974794762588713
3.718	0.00011826365508686515
3.727	0.00011680320508530037
3.7359999999999998	0.00011427627812719947
3.7449999999999997	0.00011283193307213494
3.754	0.00011141026772793095
3.763	0.00011001092712405071
3.772	0.0001086335607395202
3.7809999999999997	0.00010727782243664348
3.7899999999999996	0.00010594337040350859
3.799	0.00010462986708972197
3.808	0.00010333697914838791
3.8169999999999997	0.00010206437737979621
3.8259999999999996	0.00010081173667461967
3.835	9.957873595939464e-05
3.844	9.836505814294999e-05
3.8529999999999998	9.717039006417147e-05
3.8619999999999997	9.599442244094644e-05
3.871	9.483684982037063e-05
3.88	9.369737052994364e-05
3.889	9.257568663002035e-05
3.8979999999999997	9.147150386720719e-05
3.9069999999999996	9.038453162891965e-05
3.916	8.931448289917166e-05
3.925	8.826107421473835e-05
3.9339999999999997	8.722402562284048e-05
3.9429999999999996	8.6203060639566e-05
3.952	8.519790620931647e-05
3.961	8.42082926648801e-05
3.9699999999999998	8.323395368905134e-05
3.9789999999999996	8.332277424835957e-05
3.988	8.238227705121096e-05
3.997	8.145591923329334e-05
4.006	8.05434523809508e-05
4.015	7.964463122641638e-05
4.023999999999999	7.875921361670783e-05
4.0329999999999995	7.788696047943717e-05
4.042	7.702763578945194e-05
4.051	7.618100653786429e-05
4.06	7.53468426998299e-05
4.069	7.45249172040669e-05
4.077999999999999	7.371500590313621e-05
4.087	7.291688754401372e-05
4.096	7.213034373951845e-05
4.105	7.135515894025712e-05
4.114	7.059112040730202e-05
4.122999999999999	6.98380181854058e-05
4.132	6.909564507689643e-05
4.141	6.836379661612164e-05
4.15	6.764227104449935e-05
4.159	6.693086928614206e-05
4.167999999999999	6.622939492406303e-05
4.177	6.553765417694267e-05
4.186	6.485545587645146e-05
4.195	6.484011743049641e-05
4.204	6.418036441621633e-05
4.212999999999999	6.352934872894769e-05
4.2219999999999995	6.288689189148857e-05
4.231	6.225281794382133e-05
4.24	6.16269534265276e-05
4.249	6.100912736138081e-05
4.257999999999999	6.0399171232572564e-05
4.2669999999999995	5.9796918969952924e-05
4.276	5.920220693095344e-05
4.285	5.861487388403216e-05
4.294	5.8034760992638886e-05
4.303	5.862802913044805e-05
4.311999999999999	5.806914641176967e-05
4.321	5.7516614747489604e-05
4.33	5.6970289125610875e-05
4.339	5.6430026829333257e-05
4.348	5.589568743162753e-05
4.356999999999999	5.53671327818247e-05
4.366	5.484422699417714e-05
4.375	5.432683643901293e-05
4.384	5.381482973114826e-05
4.393	5.330807772068978e-05
4.401999999999999	5.280645348390082e-05
4.411	5.2309832314214054e-05
4.42	5.18180917137336e-05
4.429	5.133111138503568e-05
4.438	5.08487732234227e-05
4.446999999999999	5.03709613092706e-05
4.4559999999999995	4.989756190086812e-05
4.465	4.942846342743498e-05
4.474	4.896355648255761e-05
4.483	4.850273381748589e-05
4.491999999999999	4.804589033571867e-05
4.5009999999999994	4.7592923086653015e-05
4.51	4.7143731259149715e-05
4.519	4.6698216177000446e-05
4.528	4.625628129322695e-05
4.537	4.581783218480779e-05
4.545999999999999	4.538277654763746e-05
4.555	4.49510241915457e-05
4.564	4.452248703544217e-05
4.5729999999999995	4.409707910248443e-05
4.582	4.367471651534341e-05
4.590999999999999	4.325531749148105e-05
4.6	4.374287800644403e-05
4.609	4.332910587565425e-05
4.618	4.29178489381016e-05
4.627	4.2509035712277905e-05
4.635999999999999	4.2102596865946917e-05
4.645	4.169846517009017e-05
4.654	4.129657549901935e-05
4.663	4.089686482374341e-05
4.672	4.0499272206733465e-05
4.680999999999999	4.0103738797661346e-05
4.6899999999999995	3.971020782711033e-05
4.699	3.931862460102925e-05
4.708	3.892893649473603e-05
4.717	3.8541092946392854e-05
4.725999999999999	3.815504545020032e-05
4.734999999999999	3.777074754914058e-05
4.744	3.7388154827312824e-05
4.753	3.51872848386307e-05
4.762	3.4792084925412204e-05
4.771	3.4399389710492576e-05
4.779999999999999	3.40091489825413e-05
4.789	3.362131468364826e-05
4.798	3.3235840852184345e-05
4.8069999999999995	3.285268360594748e-05
4.816	3.2471801122748355e-05
4.824999999999999	3.209315362532909e-05
4.834	3.1716703361761926e-05
4.843	3.134241458766399e-05
4.852	3.097025354628484e-05
4.861	3.060018844881545e-05
4.869999999999999	3.0232189453934255e-05
4.879	2.986622864679982e-05
4.888	3.0062818141031652e-05
4.897	2.9702063283406914e-05
4.906	2.9343106086428155e-05
4.914999999999999	2.8985927159163288e-05
4.9239999999999995	2.8630509004356603e-05
4.933	2.8276835960796413e-05
4.942	2.792489418377011e-05
4.951	2.757467161685943e-05
4.959999999999999	2.7226157964914054e-05
4.968999999999999	2.6879344667493125e-05
4.978	2.6534224869662137e-05
4.987	2.6190793393169127e-05
4.9959999999999996	2.5849046706633535e-05
5.005	2.5508982894822922e-05
5.013999999999999	2.517060162719976e-05
5.023	2.4833904125633564e-05
5.032	2.4498893131330372e-05
5.0409999999999995	2.4165572870946915e-05
5.05	2.3833949021912288e-05
5.058999999999999	2.3504028676971846e-05
5.068	2.3175820307907546e-05
5.077	2.2849333728459426e-05
5.085999999999999	2.2524580056530118e-05
5.095	2.220157167542972e-05
5.104	2.188032219490519e-05
5.1129999999999995	2.1560846410827308e-05
5.122	2.12431602640341e-05
5.130999999999999	2.0927280799154424e-05
5.14	2.0613226122240595e-05
5.149	2.030101535784309e-05
5.1579999999999995	2.0493167513262778e-05
5.167	2.0185116159701704e-05
5.175999999999999	1.9878811361478836e-05
5.185	1.95742770566005e-05
5.194	1.9271538073937503e-05
5.202999999999999	1.8970620061688013e-05
5.212	1.8671549445810086e-05
5.221	1.837435337971283e-05
5.2299999999999995	1.807905969559632e-05
5.239	1.7785696856401424e-05
5.247999999999999	1.749429390550217e-05
5.257	1.7204880417137594e-05
5.266	1.69174864462204e-05
5.2749999999999995	1.663214247773521e-05
5.284	1.634887937588343e-05
5.292999999999999	1.6067728332945763e-05
5.302	1.5788720817943527e-05
5.311	1.5511888525130087e-05
5.319999999999999	1.5237263322361435e-05
5.329	1.4964877199393784e-05
5.338	1.4694762216164046e-05
5.3469999999999995	1.442695045109404e-05
5.356	1.4161473949479782e-05
5.364999999999999	1.3898364672014597e-05
5.374	1.429701991419931e-05
5.383	1.4038299391184728e-05
5.3919999999999995	1.3781706731604092e-05
5.401	1.3527282199486853e-05
5.409999999999999	1.3275065682496157e-05
5.419	1.3025096657676671e-05
5.428	1.2777414139492471e-05
5.436999999999999	1.2532056629806436e-05
5.446	1.2289062066258261e-05
5.455	1.2048467772834734e-05
5.4639999999999995	1.2624711868807274e-05
5.473	1.2387373441799987e-05
5.481999999999999	1.215227663292494e-05
5.491	1.1919459857709765e-05
5.5	1.168896084498262e-05
5.5089999999999995	1.1460816596332378e-05
5.518	1.1235063336412853e-05
5.526999999999999	1.101173646663402e-05
5.536	1.0790870521719393e-05
5.545	1.0572499124456573e-05
5.553999999999999	1.077565874691042e-05
5.563	1.0559837733927308e-05
5.572	1.0346507589902461e-05
5.5809999999999995	1.0135700491255808e-05
5.59	9.927447569676384e-06
5.598999999999999	9.721778861173402e-06
5.608	9.518723273407835e-06
5.617	9.318308549319539e-06
5.6259999999999994	9.120561233922298e-06
5.635	8.925506643631213e-06
5.643999999999999	8.73316883617901e-06
5.653	8.543570583138264e-06
5.662	8.356733344139328e-06
5.670999999999999	8.172677243068789e-06
5.68	7.991421046298741e-06
5.689	7.812982142983868e-06
5.6979999999999995	7.637376527493551e-06
5.707	7.4646187840303916e-06
5.715999999999999	7.294722073472116e-06
5.725	7.127698122496251e-06
5.734	6.963557215021569e-06
5.742999999999999	6.802308186012662e-06
5.752	6.643958417687994e-06
5.760999999999999	6.488513838163585e-06
5.77	6.335978922571201e-06
5.779	6.186356696677975e-06
5.787999999999999	6.039648743038345e-06
5.797	5.895855209702509e-06
5.806	5.7549748215033044e-06
5.8149999999999995	5.6170048939421815e-06
5.824	5.7389912421913395e-06
5.832999999999999	5.6053519589869045e-06
5.842	5.474542165739698e-06
5.851	5.346556582761467e-06
5.859999999999999	5.221388661702695e-06
5.869	5.099030613645513e-06
5.877999999999999	4.979473436454129e-06
5.887	4.862706945507347e-06
5.896	4.748719807570844e-06
5.904999999999999	4.63749957626307e-06
5.914	4.5290327307168305e-06
5.923	4.423304716593353e-06
5.9319999999999995	4.320299989609316e-06
5.941	4.22000206155058e-06
5.949999999999999	4.122393548731841e-06
5.959	4.027456222884815e-06
5.968	3.935171064431833e-06
5.976999999999999	3.84551831810692e-06
5.986	3.758477550885381e-06
5.994999999999999	3.674027712172366e-06
6.004	3.5921471962001983e-06
6.013	3.5128139065850002e-06
6.021999999999999	3.4360053229829998e-06
6.031	3.361698569785805e-06
6.04	3.2898704867843346e-06
6.0489999999999995	3.2204977017625625e-06
6.058	3.153556704908279e-06
6.066999999999999	3.08902392499452e-06
6.076	3.0268758072503772e-06
6.085	2.9670888928280046e-06
6.093999999999999	2.9096398998189166e-06
6.103	2.854505805681191e-06
6.111999999999999	2.801663931012458e-06
6.1209999999999996	2.751092024581714e-06
6.13	2.7027683495273094e-06
6.138999999999999	2.6566717706173936e-06
6.148	2.6127818424550415e-06
6.157	2.571078898551338e-06
6.1659999999999995	2.5315441411451096e-06
6.175	2.494159731667612e-06
6.183999999999999	2.4589088817396535e-06
6.193	2.425775944590136e-06
6.202	2.394746506781079e-06
6.210999999999999	2.3658074801252125e-06
6.22	2.338947193675776e-06
6.228999999999999	2.3141554856721312e-06
6.2379999999999995	2.2914237953187447e-06
6.247	2.270745254277597e-06
6.255999999999999	2.2521147777501605e-06
6.265	2.2355291550249087e-06
6.274	2.220987139366963e-06
6.2829999999999995	2.2084895371240185e-06
6.292	2.198039295921809e-06
6.300999999999999	2.1896415918247005e-06
6.31	2.183303915334859e-06
6.319	2.1790361561011007e-06
6.327999999999999	2.176850686214885e-06
6.337	2.1767624419653017e-06
6.345999999999999	2.1787890039274166e-06
6.3549999999999995	2.1829506752601975e-06
6.364	2.1892705580883744e-06
6.372999999999999	2.197774627846152e-06
6.382	2.208491805460321e-06
6.391	2.2214540272512766e-06
6.3999999999999995	2.236696312432722e-06
6.409	2.254256828092112e-06
6.417999999999999	2.27417695153573e-06
6.427	2.447652245379383e-06
6.436	2.4728345412702388e-06
6.444999999999999	2.5005328783650865e-06
6.454	2.5308005980055652e-06
6.462999999999999	2.563694340933121e-06
6.4719999999999995	2.5992740919569443e-06
6.481	2.637603218229365e-06
6.489999999999999	2.6787485051994665e-06
6.499	2.7227801895469373e-06
6.508	2.769771988002313e-06
6.5169999999999995	2.81980112312572e-06
6.526	2.8729483453131637e-06
6.534999999999999	2.929297951169457e-06
6.544	2.9889377981018587e-06
6.553	3.051959315092134e-06
6.561999999999999	3.118457509566762e-06
6.571	3.1885309703084703e-06
6.579999999999999	3.262281866342641e-06
6.5889999999999995	3.3398159417522655e-06
6.598	3.4212425063589516e-06
6.606999999999999	3.6594853761386154e-06
6.616	3.7513634044254185e-06
6.625	3.847536678910336e-06
6.6339999999999995	3.948128482862891e-06
6.643	4.053265499014607e-06
6.651999999999999	4.163077778552572e-06
6.661	4.277698701328829e-06
6.67	4.397264932780684e-06
6.678999999999999	4.5219163773362055e-06
6.688	4.651796126149181e-06
6.696999999999999	4.787050401336088e-06
6.7059999999999995	4.927828495668132e-06
6.715	5.07428270788545e-06
6.723999999999999	5.2265682736974466e-06
6.733	5.384843292445823e-06
6.742	5.549268649474057e-06
6.7509999999999994	5.7200079342155365e-06
6.76	5.8972273540352696e-06
6.768999999999999	6.08109564385786e-06
6.778	6.271783971622282e-06
6.787	6.469465839603674e-06
6.795999999999999	6.674316981656886e-06
6.805	6.886515256430339e-06
6.813999999999999	7.106240536609942e-06
6.8229999999999995	7.333674594256855e-06
6.832	7.569000982306497e-06
6.840999999999999	7.812404912297735e-06
6.85	8.064073128413462e-06
6.859	8.324193777910285e-06
6.867999999999999	8.592956278024188e-06
6.877	8.870551179441328e-06
6.885999999999999	9.157170026427613e-06
6.895	9.453005213717098e-06
6.904	9.758249840258578e-06
6.912999999999999	1.0073097559928613e-05
6.922	1.0397742429320708e-05
6.930999999999999	1.0732378752724391e-05
6.9399999999999995	1.1077200924411675e-05
6.949	1.1432403268352968e-05
6.957999999999999	1.179817987548517e-05
6.967	1.2174724438663379e-05
6.976	1.2562230085423983e-05
6.984999999999999	1.296088920869492e-05
6.994	1.3370893295592352e-05
7.002999999999999	1.3792432754440382e-05
7.012	1.4225696740160833e-05
7.021	1.4670872978175425e-05
7.029999999999999	1.5052472827040919e-05
7.039	1.5514250333420315e-05
7.047999999999999	1.5988155908272146e-05
7.0569999999999995	1.6474362050728754e-05
7.066	1.6973038972413992e-05
7.074999999999999	1.748435442660666e-05
7.084	1.8008473533028718e-05
7.093	1.854555860362553e-05
7.101999999999999	1.909576896883137e-05
7.111	1.9659260802855003e-05
7.119999999999999	2.0236186950077673e-05
7.129	2.0826696751494628e-05
7.138	2.143093587190415e-05
7.146999999999999	2.204904612779407e-05
7.156	2.2681165316121393e-05
7.164999999999999	2.332742704415463e-05
7.1739999999999995	2.3987960560528073e-05
7.183	2.4662890587655782e-05
7.191999999999999	2.535233715569332e-05
7.201	2.60564154381693e-05
7.21	2.677523558945963e-05
7.218999999999999	2.7508902584256356e-05
7.228	2.8257516059181578e-05
7.236999999999999	2.9021170156706368e-05
7.2459999999999996	2.9799953371516363e-05
7.255	3.05939483994819e-05
7.263999999999999	3.140323198937638e-05
7.273	3.222787479749274e-05
7.281999999999999	3.3067941245299306e-05
7.2909999999999995	3.3923489380282284e-05
7.3	3.479457074011096e-05
7.308999999999999	3.5681230220265573e-05
7.318	3.658350594526686e-05
7.327	3.75014291436371e-05
7.335999999999999	3.8435024026724295e-05
7.345	3.938430767151745e-05
7.353999999999999	4.0349289907576857e-05
7.3629999999999995	4.1329973208207006e-05
7.372	4.232635258598284e-05
7.380999999999999	4.333841549274938e-05
7.39	4.436614172420805e-05
7.398999999999999	4.540950332919258e-05
7.4079999999999995	4.561559978929556e-05
7.417	4.666486991351425e-05
7.425999999999999	4.772914731143074e-05
7.435	4.880837128548268e-05
7.444	4.990247328999091e-05
7.452999999999999	5.101137687922279e-05
7.462	5.213499765527148e-05
7.470999999999999	5.3273243223003264e-05
7.4799999999999995	5.442601315046841e-05
7.489	5.5593198933816104e-05
7.497999999999999	5.677468396832734e-05
7.507	5.797034352449599e-05
7.515999999999999	5.9180044729875774e-05
7.5249999999999995	6.040364655635657e-05
7.534	6.164099981306329e-05
7.542999999999999	6.289194714487638e-05
7.552	6.415632303661941e-05
7.561	6.543395382291665e-05
7.569999999999999	6.672465770378756e-05
7.579	6.802824476594663e-05
7.587999999999999	6.786719529642e-05
7.5969999999999995	6.916213784238867e-05
7.606	7.046890007550012e-05
7.614999999999999	7.178726427015082e-05
7.624	7.31170050639794e-05
7.632999999999999	7.445788954270502e-05
7.6419999999999995	7.580967730511367e-05
7.651	7.717212052909304e-05
7.659999999999999	7.854496404495617e-05
7.669	7.992794541390177e-05
7.678	8.132079501150825e-05
7.686999999999999	8.272323611692663e-05
7.696	8.41349850069936e-05
7.704999999999999	8.555575105584496e-05
7.7139999999999995	8.698523683954622e-05
7.723	8.842313824586433e-05
7.731999999999999	8.986914458908473e-05
7.741	9.132293872977217e-05
7.749999999999999	9.278419719954363e-05
7.7589999999999995	9.425259033058573e-05
7.768	9.572778238987257e-05
7.776999999999999	9.720943171821802e-05
7.786	9.869719087382322e-05
7.795	0.00010019070678035183
7.803999999999999	0.00010168962087940181
7.813	0.00010319356928730344
7.821999999999999	0.00010470218295612552
7.8309999999999995	0.00010621508783879326
7.84	0.00010773190505820816
7.848999999999999	0.00010925225108026104
7.858	0.00011077573789062146
7.866999999999999	0.00010960913761940672
7.8759999999999994	0.00011109584231178986
7.885	0.00011258432697863947
7.893999999999999	0.00011131189908992823
7.903	0.0001127614069963556
7.911999999999999	0.0001142113741979186
7.920999999999999	0.0001156614100849799
7.93	0.00011711112148584742
7.938999999999999	0.00011856011286011449
7.9479999999999995	0.00012000798649456482
7.957	0.00012145434270134947
7.965999999999999	0.00012289878001731924
7.975	0.0001243408954057753
7.983999999999999	0.00012578028445950197
7.992999999999999	0.00012721654160514722
8.001999999999999	0.00012864926030910055
8.011	0.00013007803328443063
8.02	0.0001315024526988677
8.029	0.00013292211038365824
8.038	0.0001343365980431467
8.047	0.00013574550746493877
8.056	0.00013714843073050988
8.065	0.00013854496042609363
8.074	0.00013993468985372816
8.082999999999998	0.00014131721324228927
8.091999999999999	0.00014269212595837617
8.100999999999999	0.00014405902471690448
8.11	0.0001454175077912516
8.119	0.00014676717522281514
8.128	0.00014810762902983264
8.137	0.00014943847341532035
8.145999999999999	0.00015075931497398533
8.155	0.00015206976289796408
8.164	0.0001533694291812476
8.172999999999998	0.00015465792882264794
8.181999999999999	0.00015593488002716427
8.190999999999999	0.00015719990440561085
8.2	0.00015845262717236684
8.209	0.0001596926773411088
8.218	0.00016091968791838627
8.227	0.00016213329609492114
8.236	0.00016333314343447606
8.245	0.00016451887606017585
8.254	0.00016569014483815308
8.262999999999998	0.00016684660555838217
8.271999999999998	0.00016798791911258566
8.280999999999999	0.0001691137516690822
8.29	0.00017022377484446482
8.299	0.00017131766587198585
8.308	0.00017239510776653617
8.317	0.00017345578948610226
8.326	0.00017449940608959
8.334999999999999	0.00017552565889093454
8.344	0.00017653425560934508
8.353	0.0001775249105156088
8.361999999999998	0.00017849734457437536
8.370999999999999	0.00017945128558226377
8.379999999999999	0.0001803864683018585
8.389	0.00018130263459126833
8.398	0.00018219953352926436
8.407	0.0001830769215360649
8.416	0.00018393456248948732
8.425	0.00018477222783648371
8.434	0.00018558969669995814
8.443	0.00018638675598083157
8.451999999999998	0.00018716320045525942
8.460999999999999	0.00018791883286696528
8.469999999999999	0.0001886534640146197
8.479	0.0001893669128342201
8.488	0.00019005900647642236
8.497	0.00019072958037878293
8.506	0.00019137847833286282
8.515	0.00019200555254616846
8.524	0.00019261066369888975
8.533	0.00019319368099541103
8.542	0.0001937544822105676
8.550999999999998	0.00019429295373063355
8.559999999999999	0.00019480899058902656
8.568999999999999	0.00019039889141673352
8.578	0.00019085572367961184
8.587	0.0001912904520065328
8.596	0.0001917030100934817
8.605	0.0001920933401605964
8.613999999999999	0.00019246139294945864
8.623	0.000192807127721982
8.632	0.00019313051225249405
8.640999999999998	0.00019343152281352117
8.649999999999999	0.00019371014415864516
8.658999999999999	0.00019396636949885068
8.668	0.00019420020047435704
8.677	0.00019441164712138856
8.686	0.00019460072783406
8.695	0.00019476746932140887
8.704	0.00019491190655959256
8.713	0.0001950340827393249
8.722	0.00019513404920860813
8.730999999999998	0.00019521186541079794
8.739999999999998	0.00019526759881809111
8.748999999999999	0.00019530132486049573
8.758	0.0001953131268503404
8.767	0.0001953030959024132
8.776	0.00019527133084979464
8.785	0.00019521793815546046
8.794	0.00019514303181975985
8.802999999999999	0.00019504673328382796
8.812	0.0001949291713290304
8.821	0.0001900682084121799
8.829999999999998	0.0001899126625957875
8.838999999999999	0.00018973682423564415
8.847999999999999	0.00018954084718529157
8.857	0.00018932489189580284
8.866	0.0001890891253011018
8.875	0.00018883372068629424
8.884	0.00018855885756540207
8.893	0.0001882647215522862
8.902	0.00018344909209880937
8.911	0.00018312605044418166
8.919999999999998	0.00018278480871747742
8.928999999999998	0.00018242557069559346
8.937999999999999	0.00018204854542954723
8.947	0.00018165394710248652
8.956	0.00018124199487740424
8.965	0.00018081291275650019
8.974	0.00018036692943427393
8.983	0.00017990427814803422
8.991999999999999	0.00017942519652894615
9.001	0.0001789299264500196
9.01	0.00017841871387336899
9.019	0.00017789180869592536
9.027999999999999	0.00017734946459412284
9.036999999999999	0.000176791938867561
9.046	0.00017621949228175665
9.055	0.00017563238891011332
9.064	0.00017503089597524922
9.072999999999999	0.00017441528368974704
9.081999999999999	0.00017378582509649688
9.091	0.00017314279590873146
9.1	0.0001684092167018462
9.109	0.00016776018448546218
9.117999999999999	0.00016328755411120183
9.126999999999999	0.00016263302559365166
9.136	0.00016196691734053422
9.145	0.00016128950196937468
9.154	0.00016060105359395324
9.163	0.00015990184766704162
9.171999999999999	0.00015919216083485932
9.181	0.00015847227078972078
9.19	0.0001577424561211112
9.199	0.00015700299617231643
9.208	0.0001562541708946434
9.216999999999999	0.00015549626070439186
9.225999999999999	0.0001547295463402762
9.235	0.0001539543087225342
9.244	0.00015317082881340227
9.253	0.00015237938747908862
9.261999999999999	0.00015158026535333667
9.270999999999999	0.00015077374270270605
9.28	0.00014996009929352645
9.289	0.00014913961426072582
9.298	0.00014831256597855054
9.306999999999999	0.00014747923193325635
9.315999999999999	0.0001466398885978386
9.325	0.00014579481130887057
9.334	0.0001449442741455169
9.343	0.00014408854981077767
9.351999999999999	0.00014322790951502634
9.360999999999999	0.00014236262286189966
9.37	0.00014149295773659384
9.379	0.00013781672661394528
9.388	0.00013696352582043866
9.397	0.00013610674946040193
9.405999999999999	0.0001352466504938819
9.415	0.00013438347974127347
9.424	0.00013351748578241908
9.433	0.00013264891486890686
9.442	0.00013177801083548394
9.450999999999999	0.00013090501501360758
9.459999999999999	0.00013003016614953367
9.469	0.00012915370032361332
9.478	0.00012827585087313433
9.487	0.00012739684831745223
9.495999999999999	0.0001265169202861103
9.504999999999999	0.0001256362914497011
9.514	0.00012475518345352605
9.523	0.0001238738148540642
9.532	0.0001229924010582657
9.540999999999999	0.0001221111542656135
9.549999999999999	0.00012123028341303112
9.559	0.00012034999412257107
9.568	0.00011947048865196296
9.577	0.00011859196584790238
9.585999999999999	0.00011771462110210953
9.594999999999999	0.00011683864631021728
9.604	0.00011596422983339186
9.613	0.00011509155646270559
9.622	0.00011422080738621623
9.631	0.00011335216015876526
9.639999999999999	0.00011248578867445072
9.649	0.00011162186314175246
9.658	0.00011076055006128987
9.667	0.00010990201220617806
9.676	0.00010904640860494708
9.684999999999999	0.00010819389452700524
9.693999999999999	0.00010734462147059349
9.703	0.00010649873715321492
9.712	0.00010565638550448381
9.721	0.00010481770666136619
9.729999999999999	0.00010398283696576593
9.738999999999999	0.000103151908964417
9.748	0.00010232505141103715
9.757	0.00010150238927069609
9.766	0.00010068404372635355
9.774999999999999	9.987013218752365e-05
9.783999999999999	9.906076830100938e-05
9.793	9.825606196366413e-05
9.802	9.745611933712622e-05
9.811	9.666104286447838e-05
9.819999999999999	9.587093128877648e-05
9.828999999999999	9.508587967339562e-05
9.838	9.430597942414433e-05
9.847	9.353131831308232e-05
9.856	9.261379199505423e-05
9.865	9.183800785923347e-05
9.873999999999999	9.106761952139381e-05
9.883	9.030270520372027e-05
9.892	8.954333961530076e-05
9.901	8.87895939976119e-05
9.91	8.804153616149047e-05
9.918999999999999	8.729923051632272e-05
9.927999999999999	8.656273810395154e-05
9.937	8.583211663390039e-05
9.946	8.510742051871159e-05
9.955	8.438870091142652e-05
9.963999999999999	8.367600574358343e-05
9.972999999999999	8.296937976463102e-05
9.982	8.226886458216188e-05
9.991	8.157449870311929e-05
10.0	8.088631757588243e-05
10.09	7.435036748468377e-05
10.18	6.845091036323415e-05
10.27	6.318017254424841e-05
10.36	5.885445504308111e-05
10.45	5.517517165374977e-05
10.54	5.1754100795643445e-05
10.63	4.8702914786509654e-05
10.72	4.596373726941259e-05
10.81	4.3477841574327076e-05
10.9	4.1188024722501735e-05
10.99	3.904074005606035e-05
11.08	3.6988035088615037e-05
11.17	3.5623970919552914e-05
11.26	3.367634329871644e-05
11.35	3.2369801770877305e-05
11.44	3.040602932482186e-05
11.53	2.8399928930009232e-05
11.62	2.636404472265735e-05
11.71	2.4320642336526417e-05
11.8	2.229972551202993e-05
11.89	2.033647888349306e-05
11.98	1.9058305832167553e-05
12.07	1.850723560718471e-05
12.16	1.6935256432880396e-05
12.25	1.552441693148324e-05
12.34	1.2996830779939104e-05
12.43	1.2085874296036797e-05
12.52	1.1403804853234499e-05
12.61	1.0969773108810455e-05
12.7	1.0803691827953508e-05
12.79	1.0928968755044848e-05
12.879999999999999	1.1375153756920223e-05
12.969999999999999	1.2180004780729969e-05
13.06	1.3501713470718166e-05
13.15	1.5080307170061627e-05
13.24	1.7139216562542807e-05
13.33	1.9699319466204137e-05
13.42	2.279564644118406e-05
13.51	2.6501376577604565e-05
13.6	3.0846075959282954e-05
13.69	3.584000373696845e-05
13.78	4.1468715458701395e-05
13.87	4.652008836481518e-05
13.96	5.300094039013313e-05
14.05	5.9865254722623464e-05
14.14	6.479817713652417e-05
14.23	7.1700673428224e-05
14.32	7.852102460402065e-05
14.41	8.508194489970796e-05
14.5	9.12044985648378e-05
14.59	9.355553238212797e-05
14.68	9.810377287708097e-05
14.77	0.00010179165272503518
14.86	0.00010452659170833533
14.95	0.00010285991697350449
15.04	0.00010353337471543347
15.129999999999999	0.00010430985397733569
15.219999999999999	0.00010315121753837665
15.309999999999999	0.00010113895249420827
15.399999999999999	9.837999531941107e-05
15.49	9.604086542537834e-05
15.58	9.22515128429988e-05
15.67	8.809249499373838e-05
15.76	8.370059406228198e-05
15.85	7.920471097694895e-05
15.94	7.350018506029227e-05
16.03	6.929204349705465e-05
16.12	6.525857036215157e-05
16.21	6.145949658899365e-05
16.3	5.793622281522284e-05
16.39	5.471291316457838e-05
16.48	5.178747988635484e-05
16.57	4.94302346076489e-05
16.66	4.7237235819398834e-05
16.75	4.526337191539717e-05
16.84	4.3479607739931014e-05
16.93	4.1852482825154917e-05
17.02	4.0345923587330185e-05
17.11	3.892299482012327e-05
17.2	3.754760631733944e-05
17.29	3.618617938126173e-05
17.38	3.480923010168786e-05
17.47	3.339282263619963e-05
17.56	3.191980868071178e-05
17.65	3.1042906764077024e-05
17.74	2.9457484475445675e-05
17.83	2.8463521721998894e-05
17.92	2.6762040471369652e-05
18.009999999999998	2.5009392404015942e-05
18.1	2.3886102652685775e-05
18.189999999999998	2.2135443263204527e-05
18.28	2.041829374017979e-05
18.369999999999997	1.8771602570364167e-05
18.46	1.723063611990535e-05
18.549999999999997	1.5827266223401976e-05
18.64	1.4588857124339106e-05
18.73	1.3537869756784087e-05
18.82	1.2692213281916088e-05
18.91	1.2987989650158905e-05
19.0	1.256625697339364e-05
19.09	1.2370205174810339e-05
19.18	1.2413550861393545e-05
19.27	1.2711696401794439e-05
19.36	1.3282412257548561e-05
19.45	1.4145887005341724e-05
19.54	1.5324003718962727e-05
19.63	1.595048933848347e-05
19.72	1.7868740405468858e-05
19.810000000000002	2.016236828214308e-05
19.9	2.2839222123982337e-05
19.990000000000002	2.589533554859047e-05
20.08	2.9312089007838385e-05
20.17	3.3054109062029e-05
20.259999999999998	3.7068215099302876e-05
20.35	4.128361557419086e-05
20.439999999999998	4.56134458980987e-05
20.53	4.994659586786973e-05
20.619999999999997	5.416416373972292e-05
20.71	5.8155023974080514e-05
20.799999999999997	6.180812680773681e-05
20.89	6.502093416303527e-05
20.98	6.770488881864504e-05
21.07	6.979012570376032e-05
21.16	7.122906219420362e-05
21.25	7.199861903737052e-05
21.34	7.210091498053248e-05
21.43	7.156242341905498e-05
21.52	6.800780292245929e-05
21.61	6.696376784954256e-05
21.7	6.496845359296388e-05
21.79	6.259372998825081e-05
21.88	5.9933226352804315e-05
21.97	5.783966466889343e-05
22.06	5.4918072116762545e-05
22.15	5.1969644133571294e-05
22.240000000000002	4.906801324852601e-05
22.33	4.627496117122607e-05
22.42	4.3639352857755344e-05
22.509999999999998	4.119692033507583e-05
22.6	3.897074747079183e-05
22.689999999999998	3.7841713029405145e-05
22.78	3.6126609975249936e-05
22.869999999999997	3.46024581631719e-05
22.96	3.325514107737165e-05
23.049999999999997	3.2065148297128746e-05
23.14	3.100877446180025e-05
23.229999999999997	3.005927999699482e-05
23.32	2.918803782874437e-05
23.41	2.8365697783680013e-05
23.5	2.7563392809466578e-05
23.59	2.675398605591947e-05
23.68	2.591333550516586e-05
23.77	2.502151893053585e-05
23.86	2.406393540798467e-05
23.95	2.3032193096200365e-05
24.04	2.2524676591444427e-05
24.13	2.1359776265545425e-05
24.22	2.069961623568285e-05
24.31	2.0019998295641677e-05
24.4	1.8414354660933038e-05
24.490000000000002	1.7055671628396407e-05
24.58	1.57009550086187e-05
24.67	1.2770703180175227e-05
24.759999999999998	1.1642909545952851e-05
24.85	1.1063446711744586e-05
24.939999999999998	1.0138261086118843e-05
25.03	9.334724762416432e-06
25.119999999999997	8.668153044057071e-06
25.21	8.150564788138014e-06
25.299999999999997	7.791685674014134e-06
25.39	7.6002794034551055e-06
25.479999999999997	7.585577209658987e-06
25.57	7.758551994743658e-06
25.66	8.132788138879585e-06
25.75	8.72474255286217e-06
25.84	9.55325895347661e-06
25.93	1.0584409819461248e-05
26.02	1.187691925448865e-05
26.11	1.3441532783659171e-05
26.2	1.5285899562556365e-05
26.29	1.7409227562148625e-05
26.38	1.979992654773375e-05
26.47	2.2433799382070744e-05
26.56	2.5273033293385034e-05
26.65	2.826617671118199e-05
26.74	3.1349202853072455e-05
26.83	3.444766473787917e-05
26.919999999999998	3.747983801515777e-05
27.009999999999998	4.036065758329556e-05
27.099999999999998	4.300616157389651e-05
27.189999999999998	4.533811021305089e-05
27.28	4.728841040558688e-05
27.37	4.880299057451964e-05
27.46	4.984481519870987e-05
27.55	5.102997963346442e-05
27.64	5.1110081059739484e-05
27.73	5.0711683609986194e-05
27.82	4.9872481952482215e-05
27.91	4.86449412140536e-05
28.0	4.709269539506308e-05
28.09	4.528649978715377e-05
28.18	4.330008051055536e-05
28.27	4.120620366215254e-05
28.36	3.81325237913748e-05
28.45	3.6137371668300916e-05
28.54	3.420633539841837e-05
28.63	3.2379111883079674e-05
28.72	3.068585707990333e-05
28.81	2.9147387192829716e-05
28.9	2.7775790111866627e-05
28.99	2.6575299269087212e-05
29.08	2.5543286982146806e-05
29.169999999999998	2.4671270352954153e-05
29.259999999999998	2.3945855862043778e-05
29.349999999999998	2.3349594198026438e-05
29.439999999999998	2.2861750016425997e-05
29.529999999999998	2.2390082163032492e-05
29.62	2.2041543014952818e-05
29.71	2.1718194087129016e-05
29.8	2.1394509539784002e-05
29.89	2.1046075664515582e-05
29.98	2.065069557430183e-05
30.07	2.0189513273701125e-05
30.16	1.9648081731046734e-05
30.25	1.901727410246329e-05
30.34	1.8293935198291524e-05
30.43	1.7481188315556787e-05
30.52	1.6652733029366925e-05
30.61	1.624145054441791e-05
30.7	1.527274325928413e-05
30.79	1.4266722791139237e-05
30.88	1.3248782730694043e-05
30.97	1.2245345622730236e-05
31.06	1.1282293747096903e-05
31.15	9.235264935946893e-06
31.24	8.510845318281923e-06
31.33	8.271149140998304e-06
31.419999999999998	7.737547980389152e-06
31.509999999999998	7.3131888382048025e-06
31.599999999999998	7.007218984489564e-06
31.689999999999998	6.827575986172379e-06
31.779999999999998	6.781863516839998e-06
31.869999999999997	6.8781669334946205e-06
31.96	7.125641350655632e-06
32.05	7.53472716403238e-06
32.14	8.11689477065905e-06
32.230000000000004	8.883876609238567e-06
32.32	9.846415057408677e-06
32.41	1.1012620763734914e-05
32.5	1.2386097658684602e-05
32.59	1.3964034191959037e-05
32.68	1.573548512970835e-05
32.769999999999996	1.7680063876924936e-05
32.86	1.976724394794387e-05
32.95	2.1956414505659686e-05
33.04	2.419777135696355e-05
33.129999999999995	2.6434042926208237e-05
33.22	2.8602971824680047e-05
33.31	3.064039005914428e-05
33.4	3.248366572301191e-05
33.489999999999995	3.4075250634249914e-05
33.58	3.536604185438627e-05
33.67	3.631827660173967e-05
33.76	3.690771861008259e-05
33.849999999999994	3.71249559002015e-05
33.94	3.69757077756428e-05
34.03	3.64801318040351e-05
34.12	3.567121277586299e-05
34.21	3.459239399375216e-05
34.3	3.350010856742253e-05
34.39	3.205673646700327e-05
34.480000000000004	3.050510367057315e-05
34.57	2.8899620051912195e-05
34.66	2.729059889652055e-05
34.75	2.5722375140935343e-05
34.84	2.423205517977948e-05
34.93	2.2848889400580757e-05
35.019999999999996	2.1594199891514596e-05
35.11	2.048174760095898e-05
35.2	1.951840212658946e-05
35.29	1.8704969482906056e-05
35.379999999999995	1.8037058398414746e-05
35.47	1.7505885918273992e-05
35.56	1.7098974604710268e-05
35.65	1.680072992566842e-05
35.739999999999995	1.6592926378436695e-05
35.83	1.699175983598366e-05
35.92	1.691477151690299e-05
36.01	1.6851248312111353e-05
36.099999999999994	1.6777818520926587e-05
36.19	1.667188400994834e-05
36.28	1.8076431034875142e-05
36.37	1.7782929814412826e-05
36.459999999999994	1.738226258888469e-05
36.55	1.6867095399136195e-05
36.64	1.6237204353246504e-05
36.730000000000004	1.5499525113909578e-05
36.82	1.4667693575653192e-05
36.91	1.3761094512898678e-05
37.0	1.2803498016962666e-05
37.09	1.1821410964267034e-05
37.18	1.0842301571109136e-05
37.269999999999996	9.892879699555654e-06
37.36	8.997602356406072e-06
37.45	8.177555886534586e-06
37.54	7.44981482933093e-06
37.629999999999995	6.827322478347101e-06
37.72	6.319274702365745e-06
37.81	5.9319207614645876e-06
37.9	5.6696496522896565e-06
37.989999999999995	5.536182850942861e-06
38.08	5.53568886332873e-06
38.17	5.673634650923447e-06
38.26	5.957224643838408e-06
38.349999999999994	6.395324866764797e-06
38.44	6.997834527875164e-06
38.53	7.774536928291186e-06
38.62	8.7335285484677e-06
38.709999999999994	9.879385456631907e-06
38.8	1.1211264773179232e-05
38.89	1.2721164488946817e-05
38.980000000000004	1.4392557723403922e-05
39.07	1.61995952113648e-05
39.16	1.81070194317493e-05
39.25	2.0070871112412065e-05
39.34	2.2039994160976697e-05
39.43	2.395826549680131e-05
39.519999999999996	2.5767402450901888e-05
39.61	2.741014356306504e-05
39.7	2.8833546752503383e-05
39.79	2.999213865303663e-05
39.879999999999995	3.0850649396917064e-05
39.97	3.1386102076526465e-05
40.06	3.1589082610710866e-05
40.15	3.146408860671059e-05
40.239999999999995	3.1028945123360286e-05
40.33	3.0313349081087623e-05
40.42	2.9792946029755668e-05
40.51	2.8667321048864595e-05
40.599999999999994	2.7389338535319032e-05
40.69	2.6010255029093475e-05
40.78	2.4580146825156727e-05
40.87	2.3145536659207453e-05
40.959999999999994	2.1747549295230446e-05
41.05	2.0420669749521645e-05
41.14	1.919210793120359e-05
41.230000000000004	1.80817111764511e-05
41.32	1.7102313172660134e-05
41.41	1.6260385106853433e-05
41.5	1.5556843620835276e-05
41.59	1.4987888758172176e-05
41.68	1.4545772586292242e-05
41.769999999999996	1.4219443766266783e-05
41.86	1.399505452916082e-05
41.95	1.3856358977664828e-05
42.04	1.3785058240154545e-05
42.129999999999995	1.4292202914217543e-05
42.22	1.4303001119477424e-05
42.31	1.4307923242287014e-05
42.4	1.4285424960520825e-05
42.49	1.4215350262573206e-05
42.58	1.4080006450684045e-05
42.67	1.3865227749842138e-05
42.76	1.356132263939789e-05
42.85	1.3611492735101497e-05
42.94	1.3133452151099938e-05
43.03	1.256145378913977e-05
43.12	1.1907533775648149e-05
43.21	1.1188511159478528e-05
43.3	1.0424839439300755e-05
43.39	9.63920676298052e-06
43.48	8.855029894331167e-06
43.57	8.094997129361941e-06
43.66	7.379816465766048e-06
43.75	6.727293888673536e-06
43.839999999999996	6.059181231056801e-06
43.93	5.588976769910542e-06
44.019999999999996	5.213283763703387e-06
44.11	4.937454955324712e-06
44.199999999999996	4.7655681768489095e-06
44.29	4.701380952773326e-06
44.379999999999995	4.749169842190874e-06
44.47	4.914313065528288e-06
44.56	5.203493298466876e-06
44.65	5.624462769890306e-06
44.74	6.185355259005334e-06
44.83	6.8935960383361295e-06
44.92	7.754513767180053e-06
45.01	8.769802769304277e-06
45.1	9.936013523085212e-06
45.19	1.124325409672234e-05
45.28	1.267427660919401e-05
45.37	1.4204095806498814e-05
45.46	1.580022773635876e-05
45.55	1.7423591388709266e-05
45.64	1.8943187860913344e-05
45.73	2.0615007301603913e-05
45.82	2.217434686201514e-05
45.91	2.356960314690008e-05
46.0	2.47540903984816e-05
46.089999999999996	2.568889482829395e-05
46.18	2.634524328849338e-05
46.269999999999996	2.670618908744231e-05
46.36	2.6767476102127208e-05
46.449999999999996	2.6537522060536308e-05
46.54	2.6036544626386486e-05
46.629999999999995	2.412697308365285e-05
46.72	2.3155581722938826e-05
46.809999999999995	2.2044770881506372e-05
46.9	2.084050522119291e-05
46.99	1.958784092558755e-05
47.08	1.832870571971275e-05
47.17	1.7100175706211464e-05
47.26	1.593332187575736e-05
47.35	1.4852632979156113e-05
47.44	1.3875962211269184e-05
47.53	1.3014895009330863e-05
47.62	1.2275410511642225e-05
47.71	1.165869625837911e-05
47.8	1.1161988306124402e-05
47.89	1.0779333003149527e-05
47.98	1.050220555473776e-05
48.07	1.031995984527651e-05
48.16	1.0220127234309054e-05
48.25	1.0188609456300114e-05
48.339999999999996	1.0209836413593535e-05
48.43	1.026696271866266e-05
48.519999999999996	1.0342171216783463e-05
48.61	1.0417129953255585e-05
48.699999999999996	1.0473622721776001e-05
48.79	1.0494334622387795e-05
48.879999999999995	1.0463745614502404e-05
48.97	1.0369051611094955e-05
49.059999999999995	1.0201020877734174e-05
49.15	9.954683108687522e-06
49.24	9.629758189964856e-06
49.33	9.230759917796586e-06
49.42	8.76673799386155e-06
49.51	8.250666550886489e-06
49.6	7.698529829988209e-06
49.69	7.128196165759179e-06
49.78	6.558197599867915e-06
49.87	6.006550774184948e-06
49.96	5.489748771760668e-06
50.05	5.0220344316358545e-06
50.14	4.615029967047378e-06
50.23	4.277748769230167e-06
50.32	4.016961700328154e-06
50.41	3.837844181679115e-06
50.5	3.7447819406429237e-06
50.589999999999996	3.7421933789795587e-06
50.68	3.835217412389452e-06
50.769999999999996	4.030129041799303e-06
50.86	4.334380386669358e-06
50.949999999999996	4.756211301802617e-06
51.04	5.303833860260004e-06
51.129999999999995	5.984252720415565e-06
51.22	6.80183946385511e-06
51.309999999999995	7.756818808907933e-06
51.4	8.843850382877136e-06
51.49	1.0050891408006978e-05
51.58	1.1358508107506037e-05
51.67	1.2739764517450489e-05
51.76	1.4160762793942104e-05
51.85	1.5581845948406298e-05
51.94	1.695940414689783e-05
52.03	1.824816256382175e-05
52.12	1.94037744884711e-05
52.21	2.0385507681124637e-05
52.3	2.1158794788281348e-05
52.39	2.1697426556052608e-05
52.48	2.1985194975684148e-05
52.57	2.201684527798965e-05
52.66	2.179825775132639e-05
52.75	2.1345853615812363e-05
52.839999999999996	2.0685292893287754e-05
52.93	1.9849595715453633e-05
53.019999999999996	1.8876869195080426e-05
53.11	1.7807849957403912e-05
53.199999999999996	1.6683479859414776e-05
53.29	1.554271282146978e-05
53.379999999999995	1.4206852727607773e-05
53.47	1.3152528734057026e-05
53.559999999999995	1.2168111513303136e-05
53.65	1.1271854958474892e-05
53.739999999999995	1.0476221452359693e-05
53.83	9.78840265639473e-06
53.92	9.479430745679463e-06
54.01	9.033760769982946e-06
54.1	8.689617525513232e-06
54.19	8.440564635638145e-06
54.28	8.278394722331278e-06
54.37	8.193393539207892e-06
54.46	8.1744752760048e-06
54.55	8.66177847703727e-06
54.64	8.738392018840712e-06
54.73	8.832781433532958e-06
54.82	8.929319264221592e-06
54.91	9.012236893194252e-06
55.0	9.066281062366676e-06
55.089999999999996	9.07747756916434e-06
55.18	9.033936482255659e-06
55.269999999999996	8.926621501128298e-06
55.36	8.749997722221119e-06
55.449999999999996	8.502476983584279e-06
55.54	8.186598015712537e-06
55.629999999999995	7.808905366617526e-06
55.72	7.3795230407624296e-06
55.809999999999995	6.911455005698117e-06
55.9	6.419679297166697e-06
55.989999999999995	5.92012494053898e-06
56.08	5.428642095688374e-06
56.17	4.9600725459088824e-06
56.26	4.527520634488422e-06
56.35	4.141896963255388e-06
56.44	3.8117740466468682e-06
56.53	3.5435501140793326e-06
56.62	3.3418774227250307e-06
56.71	3.210274349946366e-06
56.8	3.151813119685868e-06
56.89	3.169763883353792e-06
56.98	3.2680780438395153e-06
57.07	3.451613959304203e-06
57.16	3.7260405667611793e-06
57.25	4.097396811151896e-06
57.339999999999996	4.5713320003647915e-06
57.43	5.152097175544403e-06
57.519999999999996	5.841396710133741e-06
57.61	6.637233935970332e-06
57.699999999999996	7.532897586891514e-06
57.79	8.516228546054223e-06
57.879999999999995	9.56928476227942e-06
57.97	1.0668486580207479e-05
58.059999999999995	1.178527571408234e-05
58.15	1.2887271806386677e-05
58.239999999999995	1.3326025823048189e-05
58.33	1.4273386413123503e-05
58.42	1.5106507541612873e-05
58.51	1.5796478554187264e-05
58.6	1.631996536517252e-05
58.69	1.6660688278293852e-05
58.78	1.6810414376328355e-05
58.87	1.6769379825866883e-05
58.96	1.6546112610254116e-05
59.05	1.615668236441852e-05
59.14	1.5623458794222268e-05
59.23	1.4973504524680587e-05
59.32	1.4236755856641354e-05
59.41	1.344415922207803e-05
59.5	1.2625922869329732e-05
59.589999999999996	1.1619339468592883e-05
59.68	1.0872364680073208e-05
59.769999999999996	1.0168720704711068e-05
59.86	9.523762416785375e-06
59.949999999999996	8.948709813867935e-06
60.04	8.450899229010634e-06
60.129999999999995	8.034208259873029e-06
60.22	7.69956179208396e-06
60.309999999999995	7.445433892908397e-06
60.4	7.268280076539174e-06
60.489999999999995	7.162859704688491e-06
60.58	7.122438848784835e-06
60.669999999999995	7.138891001766399e-06
60.76	7.2027370673614e-06
60.85	7.3031778481013415e-06
60.94	7.428179572614631e-06
61.03	7.594348757663783e-06
61.12	7.741027458048943e-06
61.21	7.87060103566173e-06
61.3	7.968903507159514e-06
61.39	8.02294799138143e-06
61.48	8.02172922198106e-06
61.57	7.956981511929932e-06
61.66	7.823805593285654e-06
61.75	7.62108695846836e-06
61.839999999999996	7.351645910693558e-06
61.93	7.022089024291688e-06
62.019999999999996	6.642364927629673e-06
62.11	6.225062155653048e-06
62.199999999999996	5.784518515749716e-06
62.29	5.335834609767334e-06
62.379999999999995	4.893896279376001e-06
62.47	4.472510490634449e-06
62.559999999999995	4.0837430256063994e-06
62.65	3.7375217585448698e-06
62.739999999999995	3.441532280529781e-06
62.83	3.2013950067853082e-06
62.919999999999995	3.0210740023243587e-06
63.01	2.9034367355475983e-06
63.1	2.8508632253899003e-06
63.19	2.865795659287501e-06
63.28	2.9511281861115335e-06
63.37	3.1103570038482725e-06
63.46	3.347445569834837e-06
63.55	3.666397676977873e-06
63.64	4.070575032887106e-06
63.73	4.757465572626209e-06
63.82	5.366371913834003e-06
63.91	6.165991295815016e-06
64.0	6.927380107241364e-06
64.09	7.744182529407098e-06
64.18	8.597265158923904e-06
64.27	9.463651929677017e-06
64.36	1.031748162789245e-05
64.44999999999999	1.1131304236576233e-05
64.53999999999999	1.1877613234972979e-05
64.63	1.2530484138782202e-05
64.72	1.3067176830622573e-05
64.81	1.3469561748320179e-05
64.9	1.3725243897986539e-05
64.99	1.3828290515000815e-05
65.08	1.377950264736825e-05
65.16999999999999	1.3586217574776899e-05
65.25999999999999	1.326167030874635e-05
65.35	1.2823982887413634e-05
65.44	1.2294883772378643e-05
65.53	1.1698276539493999e-05
65.62	1.105878694253234e-05
65.71000000000001	1.0400408049758513e-05
65.8	9.745347048321217e-06
65.89	9.11314287002622e-06
65.97999999999999	8.520093772470154e-06
66.07	7.978994619414235e-06
66.16	7.4991502103438485e-06
66.25	7.086606263382554e-06
66.34	6.744521882167993e-06
66.43	6.47360496253633e-06
66.52	6.272536110205317e-06
66.61	6.138325878466557e-06
66.69999999999999	6.066571179624786e-06
66.78999999999999	6.051604235991489e-06
66.88	6.086550609730509e-06
66.97	6.163334335688054e-06
67.06	6.272679453362736e-06
67.15	6.4041632897232795e-06
67.24	6.546363710357007e-06
67.33	6.687138986942769e-06
67.41999999999999	6.814047346219796e-06
67.50999999999999	6.914897178516138e-06
67.6	6.978391026204438e-06
67.69	6.994810117976805e-06
67.78	6.956669546762834e-06
67.87	6.859274470097667e-06
67.96000000000001	6.701108522367579e-06
68.05	6.484003859836526e-06
68.14	6.213062621735592e-06
68.22999999999999	5.896326710091381e-06
68.32	5.781107410504438e-06
68.41	5.1578327857478825e-06
68.5	4.999994619163937e-06
68.59	4.618496503367895e-06
68.68	4.46373891273988e-06
68.77	4.110138562830625e-06
68.86	3.7847170272850867e-06
68.94999999999999	3.496013293979948e-06
69.03999999999999	3.250721807471843e-06
69.13	3.0538399707821166e-06
69.22	2.9089912497635404e-06
69.31	2.8188525466188396e-06
69.4	2.7856005673893075e-06
69.49	2.8112906567736232e-06
69.58	2.8980929015271067e-06
69.66999999999999	3.048330984583295e-06
69.75999999999999	3.2643004815410196e-06
69.85	3.5478771390947048e-06
69.94	3.8999581014482425e-06
70.03	4.319807088866062e-06
70.12	4.80439407433802e-06
70.21000000000001	5.347826154464988e-06
70.3	5.940961831158489e-06
70.39	6.571283804561046e-06
70.47999999999999	7.2230785534027955e-06
70.57	7.877937422099122e-06
70.66	8.5155591166925e-06
70.75	8.693454409190244e-06
70.84	9.193151065080748e-06
70.93	9.619976643090789e-06
71.02	1.0054907039606456e-05
71.11	1.0319205933391886e-05
71.19999999999999	1.0476941778321003e-05
71.28999999999999	1.05252768246205e-05
71.38	1.0466299645799699e-05
71.47	1.030679357007402e-05
71.56	1.0057692220822955e-05
71.65	9.733272818962923e-06
71.74	9.35017432663119e-06
71.83	8.926331259598506e-06
71.91999999999999	8.479921424616487e-06
72.00999999999999	8.028413911475066e-06
72.1	7.587788365600252e-06
72.19	7.171969613829481e-06
72.28	6.7924939400384276e-06
72.37	6.458395224467155e-06
72.46000000000001	6.176273803032202e-06
72.55	5.950493165392432e-06
72.64	5.78344526586491e-06
72.72999999999999	5.675818190426706e-06
72.82	5.6268200861421206e-06
72.91	5.996713971810813e-06
73.0	6.057029115970816e-06
73.09	6.160421990184717e-06
73.18	6.92304484679e-06
73.27	7.112382943663074e-06
73.36	7.311284740285883e-06
73.44999999999999	7.508480750507152e-06
73.53999999999999	7.692265851120354e-06
73.63	7.850985389873693e-06
73.72	7.973595021193578e-06
73.81	8.050253294158542e-06
73.9	8.072896464667527e-06
73.99	8.035741931098845e-06
74.08	7.935672524517734e-06
74.17	7.77246146294776e-06
74.25999999999999	7.54881201827547e-06
74.35	7.270204253058846e-06
74.44	6.944560405049687e-06
74.53	6.581753241047001e-06
74.62	6.193004091071783e-06
74.71	5.790221528809078e-06
74.8	5.38533907851333e-06
74.89	4.989709919264699e-06
74.98	4.613606989372017e-06
75.07	4.265867406880013e-06
75.16	4.04181990224794e-06
75.25	3.7601445220051e-06
75.34	3.5200026074655945e-06
75.42999999999999	3.3249148945458794e-06
75.52	3.1772886168060533e-06
75.61	3.078713006631793e-06
75.7	3.030249281792383e-06
75.78999999999999	3.0326646177101673e-06
75.88	3.0865689277859643e-06
75.97	3.1924289391695203e-06
76.06	3.3504512994681767e-06
76.14999999999999	3.560347891151216e-06
76.24	3.821012791642649e-06
76.33	4.130158885933034e-06
76.42	4.48396653438853e-06
76.50999999999999	4.876804017323831e-06
76.6	5.301070698019848e-06
76.69	5.747203664839727e-06
76.78	6.203870186296457e-06
76.87	6.658349450256215e-06
76.96	7.097082598050225e-06
77.05	7.50635302688475e-06
77.14	7.8730414128526e-06
77.23	8.18539145172321e-06
77.32	8.433717932052782e-06
77.41	8.610993581542298e-06
77.5	9.017817899547196e-06
77.59	9.037794584564236e-06
77.67999999999999	8.973900237090984e-06
77.77	8.83250123055549e-06
77.86	8.623107686149813e-06
77.95	8.357678554680917e-06
78.03999999999999	8.049808962325752e-06
78.13	7.713880345825281e-06
78.22	7.364245668789807e-06
78.31	7.014516615842911e-06
78.39999999999999	6.677000180390459e-06
78.49	6.36230750901131e-06
78.58	5.816726190000646e-06
78.67	5.727761620992101e-06
78.75999999999999	5.508452913532546e-06
78.85	5.331038171500987e-06
78.94	5.197182517908834e-06
79.03	5.107248825345071e-06
79.12	5.060450210706118e-06
79.21	4.96582331355496e-06
79.3	5.0706584504970875e-06
79.39	5.142137729254005e-06
79.48	5.2421071140429805e-06
79.57	5.36500259329569e-06
79.66	5.504403511153051e-06
79.75	5.653131063046381e-06
79.84	5.803415623903334e-06
79.92999999999999	5.947138642796943e-06
80.02	6.076145185032468e-06
80.11	6.1826105574480575e-06
80.2	6.2594363360200715e-06
80.28999999999999	6.300644983973368e-06
80.38	6.3017368122295776e-06
80.47	6.259976731948739e-06
80.56	6.1745813702812405e-06
80.64999999999999	6.0467857533542476e-06
80.74	5.879780776842819e-06
80.83	5.884285174939154e-06
80.92	5.6667224663487695e-06
81.00999999999999	5.425265322419587e-06
81.1	5.167922306273173e-06
81.19	4.9031014591666554e-06
81.28	4.63917343274289e-06
81.36999999999999	4.384083820095988e-06
81.46	4.145046306490719e-06
81.55	3.928334664047463e-06
81.64	3.7391802571557943e-06
81.73	3.581766839068988e-06
81.82	3.4593036722164544e-06
81.91	3.3741488907057255e-06
82.0	3.32794920649331e-06
82.09	3.3217653389319124e-06
82.17999999999999	3.3561537089517516e-06
82.27	3.4311875638088637e-06
82.36	3.546409580577647e-06
82.45	3.70072259247409e-06
82.53999999999999	3.892235118640031e-06
82.63	4.118089693256169e-06
82.72	4.307668118484683e-06
82.81	4.6097547072531185e-06
82.89999999999999	4.931019564403944e-06
82.99	5.263124851687957e-06
83.08	5.596690433781775e-06
83.17	5.921654327677991e-06
83.25999999999999	6.2277361132928995e-06
83.35	6.504969346250254e-06
83.44	6.744257405493026e-06
83.53	6.937904431408911e-06
83.61999999999999	7.08007357445126e-06
83.71	7.167130680007571e-06
83.8	7.109695728395418e-06
83.89	7.232172945440852e-06
83.98	7.161620848117087e-06
84.07	7.037738761225899e-06
84.16	6.867690916288388e-06
84.25	6.660292322560261e-06
84.34	6.425456548344708e-06
84.42999999999999	6.173618462128737e-06
84.52	5.915180535053801e-06
84.61	5.660029550846116e-06
84.7	5.417151019978426e-06
84.78999999999999	5.1943613105402345e-06
84.88	4.998158350576714e-06
84.97	4.8336777793348626e-06
85.06	4.704729689494816e-06
85.14999999999999	4.61388511484375e-06
85.24	4.562579331027863e-06
85.33	4.5512027529499385e-06
85.42	4.579158489412264e-06
85.50999999999999	4.644876681031139e-06
85.6	4.745788380588932e-06
85.69	4.87827382680232e-06
85.78	5.037607638963645e-06
85.86999999999999	5.217931114467244e-06
85.96	5.357575749133177e-06
86.05	5.541347200384401e-06
86.14	5.721593993543665e-06
86.23	5.889723575320317e-06
86.32	6.037137707663691e-06
86.41	6.155656713347823e-06
86.5	6.237971136466403e-06
86.59	6.278082992558333e-06
86.67999999999999	6.2716962725626514e-06
86.77	6.216517896577072e-06
86.86	6.11243837524845e-06
86.95	5.860318900047354e-06
87.03999999999999	5.673720038767487e-06
87.13	5.452662818819991e-06
87.22	5.2043318244229105e-06
87.31	4.9369096262303016e-06
87.39999999999999	4.6591048161421945e-06
87.49	4.379679612198654e-06
87.58	4.107018895976e-06
87.67	3.848777027264683e-06
87.75999999999999	3.6116271307578453e-06
87.85	3.401126965795098e-06
87.94	3.221697748833271e-06
88.03	3.0767007414524085e-06
88.11999999999999	2.9685832929989612e-06
88.21	2.8990595141288585e-06
88.3	2.8692872090102625e-06
88.39	2.8800066131130066e-06
88.48	2.9316126979878223e-06
88.57	3.024145890605083e-06
88.66	3.1571992200877964e-06
88.75	3.3297541046331603e-06
88.84	3.5399702189578826e-06
88.92999999999999	3.7849631767989117e-06
89.02	4.060610390272245e-06
89.11	4.361423115750847e-06
89.2	4.680517920995491e-06
89.28999999999999	5.00971205638942e-06
89.38	5.339747994750192e-06
89.47	5.660646470465433e-06
89.56	5.962163649936842e-06
89.64999999999999	6.234320349312904e-06
89.74	6.83081008349142e-06
89.83	7.044711478587494e-06
89.92	7.197561561592679e-06
90.00999999999999	7.28447815275355e-06
90.1	7.303564418136757e-06
90.19	7.255985097697924e-06
90.28	7.145828045658985e-06
90.36999999999999	6.979770551190514e-06
90.46	6.7665861096792595e-06
90.55	6.516543974457637e-06
90.64	6.240757378972869e-06
90.73	6.169380889655103e-06
90.82	5.870782775814514e-06
90.91	5.5727640087191955e-06
91.0	5.2847366034177155e-06
91.09	5.014803837563984e-06
91.17999999999999	4.769599225196793e-06
91.27	4.554244132119671e-06
91.36	4.372401287993749e-06
91.45	4.22639280096247e-06
91.53999999999999	4.117348304763136e-06
91.63	4.045353355469958e-06
91.72	4.009573065221078e-06
91.81	4.008337087855105e-06
91.89999999999999	4.039182778012261e-06
91.99	4.098864172860558e-06
92.08	4.183344707867698e-06
92.17	4.287795897573373e-06
92.25999999999999	4.406626191127651e-06
92.35	4.533562168182612e-06
92.44	4.661796749457451e-06
92.53	4.784210985653109e-06
92.61999999999999	4.893663434870196e-06
92.71	4.983332641913271e-06
92.8	5.047085327504117e-06
92.89	5.079840588558229e-06
92.98	5.077893656184035e-06
93.07	5.039168011641906e-06
93.16	4.875432624066467e-06
93.25	4.767121458846455e-06
93.34	4.628620870317731e-06
93.42999999999999	4.4644940154081345e-06
93.52	4.43160752412781e-06
93.61	4.246746098470826e-06
93.7	4.052363843499985e-06
93.78999999999999	3.855305200933738e-06
93.88	3.6623192005425054e-06
93.97	3.479763305207499e-06
94.06	3.313382875860775e-06
94.14999999999999	3.1681765963830976e-06
94.24	3.048349666678604e-06
94.33	2.9573405577620862e-06
94.42	2.8979009522266176e-06
94.50999999999999	2.8722002758912934e-06
94.6	2.881922860567171e-06
94.69	2.928334203919359e-06
94.78	3.012289499945164e-06
94.86999999999999	3.1341785244889633e-06
94.96	3.293805346348101e-06
95.05	3.4902171811863655e-06
95.14	3.721505176609833e-06
95.22999999999999	3.984609805744702e-06
95.32	4.275164473114569e-06
95.41	4.587412301311018e-06
95.5	4.914221445290312e-06
95.59	5.247219680919059e-06
95.67999999999999	5.577051215903973e-06
95.77	5.8937490900068576e-06
95.86	6.187199030613116e-06
95.95	6.447662745907422e-06
96.03999999999999	6.666319534290545e-06
96.13	6.835778011634117e-06
96.22	6.950517865319601e-06
96.31	7.007219097169532e-06
96.39999999999999	7.004952784576849e-06
96.49	6.945216651604088e-06
96.58	6.831813265123867e-06
96.67	6.67058568746622e-06
96.75999999999999	6.469034855459106e-06
96.85	6.235854423765052e-06
96.94	5.980424677786737e-06
97.03	5.712308437685626e-06
97.11999999999999	5.440786952305475e-06
97.21	5.174469235314881e-06
97.3	4.92099462077113e-06
97.39	4.686839462405204e-06
97.47999999999999	4.477224421478518e-06
97.57	4.296109977030464e-06
97.66	4.146257935897304e-06
97.75	4.029334394537707e-06
97.84	3.946027147018982e-06
97.92999999999999	3.896155584419132e-06
98.02	3.878755925392229e-06
98.11	3.8921347793841265e-06
98.2	3.933891300030641e-06
98.28999999999999	4.000917693041911e-06
98.38	4.089394749578306e-06
98.47	4.194799805858955e-06
98.56	4.311948758287819e-06
98.64999999999999	4.474178608088804e-06
98.74	4.355899483439768e-06
98.83	4.468700213914273e-06
98.92	4.570312618197731e-06
99.00999999999999	4.655001110555765e-06
99.1	4.717706381896432e-06
99.19	4.754330427333244e-06
99.28	4.761982771508643e-06
99.36999999999999	4.739161733564489e-06
99.46	4.685853266934724e-06
99.55	4.603534363461628e-06
99.64	4.495081141381788e-06
99.72999999999999	4.364588483980762e-06
99.82	4.21711924895611e-06
99.91	4.058406571290685e-06
100.0	3.8945376087157875e-06
100.90090090090091	3.0900221230686626e-06
101.8018018018018	5.397896991192416e-06
102.70270270270271	7.4662124230370615e-06
103.6036036036036	5.512989692981721e-06
104.50450450450451	3.824550757255984e-06
105.4054054054054	4.1018122217078794e-06
106.30630630630631	3.67345280479681e-06
107.2072072072072	3.83489925446926e-06
108.10810810810811	5.7157787628338694e-06
109.009009009009	6.455664956659686e-06
109.90990990990991	4.355523322285825e-06
110.8108108108108	3.5111500506196565e-06
111.71171171171171	4.234502029897459e-06
112.61261261261261	3.701491800083456e-06
113.51351351351352	3.420810462839102e-06
114.41441441441441	5.0321184651558795e-06
115.31531531531532	5.616590977098863e-06
116.21621621621622	3.7419601816549274e-06
117.11711711711712	3.042332256594875e-06
118.01801801801801	3.928536426671109e-06
118.91891891891892	3.724031696088303e-06
119.81981981981983	3.5429825694271545e-06
120.72072072072072	4.589631592834954e-06
121.62162162162161	4.469678585399836e-06
122.52252252252252	3.284976740243007e-06
123.42342342342343	3.241419477641149e-06
124.32432432432432	3.816716648267394e-06
125.22522522522523	3.7733431819825787e-06
126.12612612612612	3.677331494592603e-06
127.02702702702703	4.17356551226204e-06
127.92792792792793	3.7581232849571128e-06
128.82882882882882	2.571359690995344e-06
129.72972972972974	2.5934690302255466e-06
130.63063063063063	3.3905110399085935e-06
131.53153153153153	3.281104826169928e-06
132.43243243243245	3.1090786765315896e-06
133.33333333333334	3.3750896481324376e-06
134.23423423423424	3.0886327576708968e-06
135.13513513513513	2.337313061712453e-06
136.03603603603602	2.5167015785412934e-06
136.93693693693695	3.1250937235789374e-06
137.83783783783784	2.7470950802874443e-06
138.73873873873873	2.7526343811386138e-06
139.63963963963965	3.1713375950570355e-06
140.54054054054055	2.821923240048532e-06
141.44144144144144	2.42182279297817e-06
142.34234234234233	2.8733504431994113e-06
143.24324324324323	3.1808812545477807e-06
144.14414414414415	2.1616220402165254e-06
145.04504504504504	2.233500019178254e-06
145.94594594594594	3.163733512337816e-06
146.84684684684686	3.248434975120112e-06
147.74774774774775	2.581090022493375e-06
148.64864864864865	2.6077114158166643e-06
149.54954954954957	2.761391783114733e-06
150.45045045045046	2.437879059178018e-06
151.35135135135135	2.6537727705891216e-06
152.25225225225225	3.4034193286054982e-06
153.15315315315314	3.2239196063616627e-06
154.05405405405406	2.777725247859437e-06
154.95495495495496	2.7639534178978715e-06
155.85585585585585	2.3843624319763327e-06
156.75675675675677	2.031047719731687e-06
157.65765765765767	2.6506499824831827e-06
158.55855855855856	2.8477223483816705e-06
159.45945945945945	2.3271061242484296e-06
160.36036036036035	2.3222148687124188e-06
161.26126126126127	2.734729316529226e-06
162.16216216216216	2.498471744110593e-06
163.06306306306305	2.1432207087840978e-06
163.96396396396398	2.4193705493083724e-06
164.86486486486487	2.5341013690768087e-06
165.76576576576576	2.1460114586710484e-06
166.66666666666669	2.1991775345745912e-06
167.56756756756755	2.560775775542318e-06
168.46846846846847	2.321877586130796e-06
169.36936936936937	2.0248901292125985e-06
170.27027027027026	2.2658364143586593e-06
171.17117117117118	2.3005720380593995e-06
172.07207207207207	1.9551558089026624e-06
172.97297297297297	1.9827166742170486e-06
173.8738738738739	2.4976965260671593e-06
174.77477477477476	2.493589375901845e-06
175.67567567567568	2.2069147817906694e-06
176.57657657657657	2.377583479978985e-06
177.47747747747746	2.5106166677250633e-06
178.3783783783784	2.169793346571218e-06
179.27927927927928	2.2394546991190602e-06
180.18018018018017	2.7270065156363635e-06
181.0810810810811	2.6640035723293756e-06
181.981981981982	2.3697035840629835e-06
182.88288288288288	2.5482238521501943e-06
183.7837837837838	2.6612965086737993e-06
184.68468468468467	2.367125230000202e-06
185.5855855855856	2.466324333838106e-06
186.48648648648648	2.8816529950448844e-06
187.38738738738738	2.7514165452897046e-06
188.2882882882883	2.2026931205664767e-06
189.1891891891892	2.3544530799013026e-06
190.0900900900901	2.7036225851533773e-06
190.990990990991	2.5078599962353548e-06
191.89189189189187	2.4348081473207083e-06
192.7927927927928	2.7355496440242078e-06
193.6936936936937	2.534609148948682e-06
194.59459459459458	2.114698895294463e-06
195.4954954954955	2.3061676075277396e-06
196.3963963963964	2.6602508037591996e-06
197.2972972972973	2.4461645888908765e-06
198.1981981981982	2.416071379009596e-06
199.0990990990991	2.8462058196466834e-06
200.0	2.6925727208776854e-06
200.90090090090092	2.112244723683681e-06
201.8018018018018	2.253599440855269e-06
202.7027027027027	2.660676692961132e-06
203.6036036036036	2.1808820480272887e-06
204.5045045045045	1.8330339636147366e-06
205.40540540540542	2.2659686210914253e-06
206.3063063063063	2.2717731598295774e-06
207.2072072072072	1.6097996451258923e-06
208.10810810810813	1.7661917550541527e-06
209.009009009009	2.433461680264819e-06
209.9099099099099	2.046336849649508e-06
210.8108108108108	1.6367667012695676e-06
211.7117117117117	2.166886979915075e-06
212.61261261261262	2.3305353663891898e-06
213.51351351351352	1.7487361146621121e-06
214.4144144144144	1.9042902363159618e-06
215.31531531531533	2.4530850873014235e-06
216.21621621621622	2.0353053565909077e-06
217.11711711711712	1.6777842926477278e-06
218.01801801801804	2.1549086868623395e-06
218.9189189189189	2.243378963810919e-06
219.81981981981983	1.720436012881287e-06
220.72072072072072	1.8912946866618614e-06
221.6216216216216	2.3632202198957067e-06
222.52252252252254	2.0690258706085174e-06
223.42342342342343	1.858896484206241e-06
224.32432432432432	2.3941905781787356e-06
225.22522522522524	2.4961021101813933e-06
226.1261261261261	2.03917391687331e-06
227.02702702702703	2.2675644952981325e-06
227.92792792792793	2.7173395877134016e-06
228.82882882882882	2.3181437112292733e-06
229.72972972972974	2.0745775528711818e-06
230.63063063063063	2.5897641189866822e-06
231.53153153153153	2.6519500190101668e-06
232.43243243243242	2.171373375899368e-06
233.33333333333334	2.2759040264705434e-06
234.23423423423424	2.7196930672078622e-06
235.13513513513513	2.489186439529745e-06
236.03603603603605	2.2270894171896247e-06
236.93693693693695	2.5818609873845244e-06
237.83783783783784	2.806152667333324e-06
238.73873873873873	2.505544965514458e-06
239.63963963963965	2.614526896055109e-06
240.54054054054055	2.8240218695445435e-06
241.44144144144144	2.5155040607359706e-06
242.34234234234233	2.2690597581091105e-06
243.24324324324326	2.514126123641264e-06
244.14414414414415	2.421894066648462e-06
245.04504504504504	2.2746308080481743e-06
245.94594594594594	2.4674009559450694e-06
246.84684684684686	2.679401502168942e-06
247.74774774774775	2.529347247363464e-06
248.64864864864865	2.3409315893579752e-06
249.54954954954954	2.4898319633464342e-06
250.45045045045046	2.510002623584918e-06
251.35135135135135	2.2777925446474755e-06
252.25225225225225	2.357730532281427e-06
253.15315315315314	2.5111114584898767e-06
254.05405405405406	2.3679726357892784e-06
254.95495495495496	2.268622327286067e-06
255.85585585585585	2.4590905517295427e-06
256.7567567567568	2.5032806684426675e-06
257.65765765765764	2.4986757618227082e-06
258.55855855855856	2.6691105451019586e-06
259.4594594594595	2.815552636224276e-06
260.36036036036035	2.7206849547588834e-06
261.26126126126127	2.7123515226285787e-06
262.1621621621622	2.877162768466879e-06
263.06306306306305	2.8644077292299297e-06
263.963963963964	2.7561210572843212e-06
264.8648648648649	2.7012651996073675e-06
265.76576576576576	2.6481173860982447e-06
266.66666666666663	2.545340801707471e-06
267.5675675675676	2.627177516546232e-06
268.4684684684685	2.663504726145685e-06
269.36936936936934	2.540335010415878e-06
270.27027027027026	2.5428120759496505e-06
271.1711711711712	2.6541659243023653e-06
272.07207207207205	2.6006593844773374e-06
272.97297297297297	2.5142629825939344e-06
273.8738738738739	2.589061555887001e-06
274.77477477477476	2.614936234093767e-06
275.6756756756757	2.3638955418321978e-06
276.5765765765766	2.236701052246084e-06
277.47747747747746	2.4277104654043954e-06
278.3783783783784	2.5435869403918046e-06
279.2792792792793	2.4403301293518893e-06
280.1801801801802	2.335466839716604e-06
281.0810810810811	2.360060716611e-06
281.981981981982	2.44194271400426e-06
282.8828828828829	2.41533200219401e-06
283.78378378378375	2.4465228477278937e-06
284.6846846846847	2.564477173624729e-06
285.5855855855856	2.576338442537811e-06
286.48648648648646	2.5216796420797024e-06
287.3873873873874	2.5583367161994567e-06
288.2882882882883	2.580600903066716e-06
289.18918918918916	2.5075549827010217e-06
290.0900900900901	2.5062339201370114e-06
290.990990990991	2.5911085351843997e-06
291.8918918918919	2.5811696035041683e-06
292.7927927927928	2.51807698273529e-06
293.6936936936937	2.539434446617456e-06
294.5945945945946	2.546851857944584e-06
295.4954954954955	2.478794462017684e-06
296.3963963963964	2.4849836860737794e-06
297.2972972972973	2.5631576603448144e-06
298.1981981981982	2.5494131143170703e-06
299.09909909909913	2.4903096131479874e-06
300.0	2.505514913129431e-06
300.90090090090087	2.503265886445131e-06
301.80180180180184	2.501106613073899e-06
302.7027027027027	2.5383268751065865e-06
303.6036036036036	2.705613731804605e-06
304.5045045045045	2.785311680462541e-06
305.4054054054054	2.7827670474457653e-06
306.3063063063063	2.9012435523655564e-06
307.2072072072072	2.9918742059550386e-06
308.1081081081081	2.9868923750074875e-06
309.009009009009	3.1245675504916174e-06
309.9099099099099	3.3189531920862143e-06
310.81081081081084	3.1954839713036644e-06
311.7117117117117	3.0671435071738825e-06
312.6126126126126	3.194187384338854e-06
313.51351351351354	3.2519514669019557e-06
314.4144144144144	3.0896058702448174e-06
315.31531531531533	3.148885524977088e-06
316.21621621621625	3.168386924689638e-06
317.1171171171171	2.977564726902751e-06
318.018018018018	2.922462739147914e-06
318.91891891891896	3.0399883504848065e-06
319.8198198198198	2.977237046669005e-06
320.7207207207207	2.4495607666262792e-06
321.6216216216216	2.4963150664371155e-06
322.52252252252254	2.8568961789246593e-06
323.4234234234234	2.6254551678577884e-06
324.3243243243243	2.3765024791777027e-06
325.22522522522524	2.7051298323258603e-06
326.1261261261261	2.8202248061292883e-06
327.02702702702703	2.5782804264699554e-06
327.92792792792795	2.8231984431734803e-06
328.8288288288288	3.1406606959873483e-06
329.72972972972974	2.812309004358617e-06
330.63063063063066	2.39525709714161e-06
331.5315315315315	2.5928544382696757e-06
332.43243243243245	2.716206790275357e-06
333.33333333333337	2.567699793359607e-06
334.23423423423424	2.6268955036973856e-06
335.1351351351351	2.9101802965222346e-06
336.0360360360361	2.7831430352329176e-06
336.93693693693695	2.547427724510637e-06
337.8378378378378	2.5781334790521628e-06
338.73873873873873	2.590589409710995e-06
339.63963963963965	2.5198568373299767e-06
340.5405405405405	2.6205510100941175e-06
341.44144144144144	2.7163429861117635e-06
342.34234234234236	2.5823946503019972e-06
343.2432432432432	2.488078828109166e-06
344.14414414414415	2.5435347960143253e-06
345.0450450450451	2.5592017238046347e-06
345.94594594594594	2.5708430146717365e-06
346.84684684684686	2.5922076280533233e-06
347.7477477477478	2.680857034573472e-06
348.64864864864865	2.77205672115575e-06
349.5495495495495	2.889696076216232e-06
350.4504504504505	2.9584219859215684e-06
351.35135135135135	2.9896690974457722e-06
352.2522522522522	2.856269202524531e-06
353.1531531531532	2.798250496272477e-06
354.05405405405406	2.8713720376800665e-06
354.9549549549549	2.9453250695743995e-06
355.85585585585585	2.8945012542456163e-06
356.7567567567568	2.744520897017731e-06
357.65765765765764	2.790729629528812e-06
358.55855855855856	2.8881299658994318e-06
359.4594594594595	2.815719816819298e-06
360.36036036036035	2.8694759258762505e-06
361.26126126126127	3.097097264959876e-06
362.1621621621622	3.265491175759852e-06
363.06306306306305	3.3238828997167855e-06
363.963963963964	3.5687976506232136e-06
364.86486486486484	3.512001650611473e-06
365.76576576576576	3.4981503770334105e-06
366.6666666666667	3.4031842820244147e-06
367.56756756756755	3.31098709400364e-06
368.4684684684685	3.419947317467768e-06
369.3693693693694	3.673177544282175e-06
370.27027027027026	3.6909169954579797e-06
371.1711711711712	3.583537703496043e-06
372.0720720720721	3.5822994762105116e-06
372.97297297297297	3.3986683169574153e-06
373.8738738738739	3.1638590719694967e-06
374.77477477477476	3.2180791577425098e-06
375.6756756756757	3.5537025286210723e-06
376.5765765765766	3.2757287801447097e-06
377.47747747747746	2.938884966544018e-06
378.3783783783784	3.1068411154715274e-06
379.2792792792793	3.160104355311823e-06
380.1801801801802	2.8366464802440007e-06
381.0810810810811	2.93893091728112e-06
381.98198198198196	3.2009987832062354e-06
382.8828828828829	2.91410981240215e-06
383.7837837837838	2.65928243435524e-06
384.68468468468467	2.9058951905978732e-06
385.5855855855856	2.680269414790073e-06
386.4864864864865	2.393919154883862e-06
387.3873873873874	2.899102811510104e-06
388.2882882882883	3.3859789464649554e-06
389.1891891891892	2.708521861582295e-06
390.0900900900901	2.4193400664129787e-06
390.990990990991	2.9574587398301677e-06
391.8918918918919	3.128621900576559e-06
392.7927927927928	2.850983868252796e-06
393.6936936936937	3.1627993646080374e-06
394.5945945945946	3.678755821021669e-06
395.4954954954955	3.4105598069458894e-06
396.3963963963964	3.355274247566256e-06
397.2972972972973	3.99402706877627e-06
398.1981981981982	4.110450522830106e-06
399.0990990990991	3.447262406734548e-06
400.0	3.3425593397294453e-06
400.9009009009009	3.7277153360354713e-06
401.8018018018018	3.7065869214981724e-06
402.7027027027027	3.5172999658131812e-06
403.60360360360363	3.722373030097543e-06
404.5045045045045	3.8067628076993904e-06
405.4054054054054	3.6743941085558312e-06
406.3063063063063	3.667295974412937e-06
407.2072072072072	3.7727440914781415e-06
408.1081081081081	3.720274293967348e-06
409.009009009009	3.6755056819353094e-06
409.9099099099099	3.8054995998622526e-06
410.81081081081084	3.828747435934341e-06
411.7117117117117	3.6473933221257676e-06
412.6126126126126	3.6923758048681625e-06
413.51351351351354	3.843087306127831e-06
414.4144144144144	3.840573143889213e-06
415.31531531531533	3.845021819431795e-06
416.2162162162162	3.993951973831359e-06
417.1171171171171	3.8130482281569516e-06
418.01801801801804	3.63427742157771e-06
418.9189189189189	3.806982667622485e-06
419.8198198198198	3.991644739203519e-06
420.72072072072075	3.793777314464659e-06
421.6216216216216	3.858529811927209e-06
422.52252252252254	3.982196621011907e-06
423.4234234234234	3.741143437422124e-06
424.3243243243243	3.601889796315568e-06
425.22522522522524	3.753633883469414e-06
426.1261261261261	3.708929891603093e-06
427.02702702702703	3.5166712961809404e-06
427.92792792792795	3.7898573062798214e-06
428.8288288288288	4.1106527031330735e-06
429.72972972972974	3.96750106768552e-06
430.63063063063066	3.995884593039969e-06
431.5315315315315	4.309325493807612e-06
432.43243243243245	4.029477853420382e-06
433.3333333333333	3.7082798870626518e-06
434.23423423423424	3.972026533328988e-06
435.13513513513516	4.395672889760008e-06
436.036036036036	4.130714343566239e-06
436.93693693693695	4.002511486097239e-06
437.83783783783787	4.2698422723959805e-06
438.73873873873873	4.077800532718612e-06
439.63963963963965	3.77023913598256e-06
440.5405405405405	3.951808155296244e-06
441.44144144144144	4.124396524902421e-06
442.34234234234236	3.791673319785274e-06
443.2432432432432	3.6683743168362806e-06
444.14414414414415	3.895355203694299e-06
445.0450450450451	3.862419637363103e-06
445.94594594594594	3.5319535216515607e-06
446.84684684684686	3.6308234204892923e-06
447.7477477477478	4.1367479543080335e-06
448.64864864864865	3.943652342440248e-06
449.54954954954957	3.822293167480603e-06
450.45045045045043	4.216295658183307e-06
451.35135135135135	4.32841727964426e-06
452.2522522522523	3.827675709329126e-06
453.15315315315314	3.847762299145161e-06
454.05405405405406	4.275090039903098e-06
454.954954954955	4.133692913558778e-06
455.85585585585585	3.8133499326104137e-06
456.7567567567568	3.915606275524307e-06
457.65765765765764	3.929848613246798e-06
458.55855855855856	3.5475282905298808e-06
459.4594594594595	3.713966290319878e-06
460.36036036036035	3.883138084692228e-06
461.26126126126127	3.441910214511934e-06
462.1621621621622	2.9390058398687164e-06
463.06306306306305	3.0927598376258017e-06
463.963963963964	3.0683225056312248e-06
464.86486486486484	2.9715799919378476e-06
465.76576576576576	3.1776143514584345e-06
466.6666666666667	3.1334556840158297e-06
467.56756756756755	2.8203945417855885e-06
468.4684684684685	2.8674980869523586e-06
469.3693693693694	3.147422874738254e-06
470.27027027027026	2.9430108700403635e-06
471.1711711711712	2.8387938241379447e-06
472.0720720720721	3.2087492186432304e-06
472.97297297297297	3.2834117275758385e-06
473.8738738738739	2.9477887075754066e-06
474.77477477477476	3.096605713769272e-06
475.6756756756757	3.383729894952511e-06
476.5765765765766	3.277424058457798e-06
477.47747747747746	3.2542047333147848e-06
478.3783783783784	3.459412354568032e-06
479.2792792792793	3.3932506842023126e-06
480.1801801801802	3.1949787664010957e-06
481.0810810810811	3.5120750058997524e-06
481.98198198198196	3.7610385663027465e-06
482.8828828828829	3.634006773575838e-06
483.7837837837838	3.6786466673069273e-06
484.68468468468467	4.1079922813742545e-06
485.5855855855856	4.041646441861803e-06
486.4864864864865	3.896701644305371e-06
487.3873873873874	4.324174070468784e-06
488.2882882882883	4.628467926326699e-06
489.1891891891892	4.154354129315537e-06
490.0900900900901	3.898744809366494e-06
490.990990990991	4.154415247958218e-06
491.8918918918919	4.181401346307954e-06
492.7927927927928	3.7610241536444243e-06
493.6936936936937	3.6679932298396754e-06
494.5945945945946	3.8835515068115995e-06
495.4954954954955	3.695526742953228e-06
496.3963963963964	3.3507286855373955e-06
497.2972972972973	3.5440420330726904e-06
498.1981981981982	3.87019683725634e-06
499.0990990990991	3.589881219288733e-06
500.0	3.652253675714435e-06
500.9009009009009	4.198349002417919e-06
501.8018018018018	4.138064105722989e-06
502.7027027027027	3.875437631479524e-06
503.60360360360363	4.365661141407995e-06
504.5045045045045	4.79216938193529e-06
505.4054054054054	4.635336172116146e-06
506.30630630630634	4.516138393556182e-06
507.2072072072072	4.89609249633621e-06
508.1081081081081	5.085704755622545e-06
509.009009009009	4.823501701451181e-06
509.9099099099099	4.897456853023096e-06
510.81081081081084	4.943245436506907e-06
511.7117117117117	4.468680705486422e-06
512.6126126126126	4.249327361522749e-06
513.5135135135135	4.502184605381076e-06
514.4144144144144	4.583131412152016e-06
515.3153153153153	4.29785928044685e-06
516.2162162162163	4.190206718814584e-06
517.1171171171171	4.003957161654707e-06
518.018018018018	3.786805492584571e-06
518.918918918919	3.9558187498870345e-06
519.8198198198198	4.169643272706367e-06
520.7207207207207	4.056763556803306e-06
521.6216216216217	4.060894485100125e-06
522.5225225225225	4.119089695016405e-06
523.4234234234234	4.018363786914153e-06
524.3243243243244	3.9391638755877e-06
525.2252252252252	3.910223842401025e-06
526.1261261261261	3.5755556840283607e-06
527.0270270270271	3.397732442172337e-06
527.927927927928	3.6481793613228784e-06
528.8288288288288	3.7650896321535766e-06
529.7297297297298	3.520115058119936e-06
530.6306306306307	3.6168466310323788e-06
531.5315315315315	3.8903563998334355e-06
532.4324324324325	3.7382156070707116e-06
533.3333333333333	3.611149109742442e-06
534.2342342342342	3.8686832408314095e-06
535.1351351351352	3.860159929260324e-06
536.036036036036	3.2696968144132207e-06
536.936936936937	3.140355043102473e-06
537.8378378378379	3.4845715434250927e-06
538.7387387387387	3.4564769288319295e-06
539.6396396396397	3.190810623954016e-06
540.5405405405405	3.565667807530691e-06
541.4414414414414	3.944224321882403e-06
542.3423423423424	3.348285307080641e-06
543.2432432432432	3.1510725441012295e-06
544.1441441441441	3.7156474347657427e-06
545.0450450450451	3.699290504038059e-06
545.9459459459459	3.227077905283414e-06
546.8468468468468	3.432090824265366e-06
547.7477477477478	3.6619794750047307e-06
548.6486486486486	3.0967495805157454e-06
549.5495495495495	3.0002902377930426e-06
550.4504504504505	3.645181305280079e-06
551.3513513513514	3.6919379166374343e-06
552.2522522522522	3.3320638511853267e-06
553.1531531531532	3.6950371023223463e-06
554.0540540540541	4.037301791050525e-06
554.9549549549549	3.349515582343525e-06
555.8558558558559	3.192281791597632e-06
556.7567567567568	3.8063611315438238e-06
557.6576576576576	3.693150918730858e-06
558.5585585585586	3.1511950389202877e-06
559.4594594594595	3.477375736903204e-06
560.3603603603603	3.829841104418517e-06
561.2612612612613	3.3186539902431055e-06
562.1621621621622	3.2104822010766333e-06
563.063063063063	3.747263584045909e-06
563.963963963964	3.5976861717823664e-06
564.8648648648649	3.1273185565874907e-06
565.7657657657658	3.515205120916903e-06
566.6666666666667	3.623748910034998e-06
567.5675675675675	3.113499424800389e-06
568.4684684684685	3.2068013615330333e-06
569.3693693693695	3.7393498631186186e-06
570.2702702702702	3.445852555820693e-06
571.1711711711712	3.0932802644413314e-06
572.0720720720722	3.5258918046519243e-06
572.9729729729729	3.6648338732480337e-06
573.8738738738739	3.168381995298507e-06
574.7747747747748	3.2596206170153425e-06
575.6756756756756	3.701094920907299e-06
576.5765765765766	3.3764090188801044e-06
577.4774774774775	3.1443338102857052e-06
578.3783783783783	3.6235313712395643e-06
579.2792792792793	3.7603937000937878e-06
580.1801801801802	3.2543301305197773e-06
581.081081081081	3.3873585903547847e-06
581.981981981982	3.820523438309643e-06
582.8828828828829	3.676348185919189e-06
583.7837837837837	3.5383439841788827e-06
584.6846846846847	3.7392807772860536e-06
585.5855855855856	3.681486395091387e-06
586.4864864864865	3.4385996738810455e-06
587.3873873873874	3.639829198821293e-06
588.2882882882883	3.935923866022085e-06
589.1891891891892	3.508470456435664e-06
590.0900900900901	3.27204837274542e-06
590.990990990991	3.666145610845595e-06
591.8918918918919	3.7132249677728764e-06
592.7927927927929	3.3019020398301393e-06
593.6936936936937	3.044642134078725e-06
594.5945945945946	3.1390797926055452e-06
595.4954954954956	3.0182095287222023e-06
596.3963963963964	2.9186095199295507e-06
597.2972972972973	3.089976727191959e-06
598.1981981981983	3.1244346808588975e-06
599.099099099099	3.0922026463743135e-06
600.0	3.333002895553872e-06
600.900900900901	3.5654265995764087e-06
601.8018018018017	3.379049053870087e-06
602.7027027027027	3.1622919285774932e-06
603.6036036036037	3.1493010989891304e-06
604.5045045045044	3.2661602968834026e-06
605.4054054054054	3.160116758787149e-06
606.3063063063064	2.917642911074208e-06
607.2072072072071	2.7987274531402877e-06
608.1081081081081	2.865182974079563e-06
609.009009009009	2.781176864249267e-06
609.9099099099099	2.767861344083712e-06
610.8108108108108	2.7407410779772385e-06
611.7117117117117	2.6448455408138298e-06
612.6126126126126	2.5904622586554617e-06
613.5135135135135	2.8031942814140157e-06
614.4144144144144	2.8307332982875653e-06
615.3153153153153	2.656070143651642e-06
616.2162162162163	2.7297818788403814e-06
617.1171171171171	2.870025031736656e-06
618.018018018018	2.7267337533083336e-06
618.918918918919	2.639113421903151e-06
619.8198198198198	2.694327375936516e-06
620.7207207207207	2.656897836845064e-06
621.6216216216217	2.7141899397945705e-06
622.5225225225225	2.8934687643195314e-06
623.4234234234234	2.9658428061339994e-06
624.3243243243244	2.719728882322286e-06
625.2252252252252	2.584562003304648e-06
626.1261261261261	2.659991299173686e-06
627.0270270270271	2.6154845697803846e-06
627.927927927928	2.477237999356925e-06
628.8288288288288	2.61669166933281e-06
629.7297297297297	2.641136506631436e-06
630.6306306306307	2.2642025338501873e-06
631.5315315315315	2.158775101419635e-06
632.4324324324324	2.3887458299716584e-06
633.3333333333334	2.39017867726212e-06
634.2342342342342	2.163467985260572e-06
635.1351351351351	2.306906658773042e-06
636.0360360360361	2.5157557071937504e-06
636.936936936937	2.2375633385326624e-06
637.8378378378378	2.0638397675488977e-06
638.7387387387388	2.3092722297047823e-06
639.6396396396397	2.392735837816397e-06
640.5405405405405	2.123856036277876e-06
641.4414414414415	2.1761319559773365e-06
642.3423423423424	2.441179031413555e-06
643.2432432432432	2.406617268723057e-06
644.1441441441442	2.3271822948185695e-06
645.0450450450451	2.5723930690912046e-06
645.9459459459459	2.728599708614795e-06
646.8468468468468	2.5722792737415545e-06
647.7477477477478	2.673580954709506e-06
648.6486486486486	2.907866197152094e-06
649.5495495495495	2.883010359054817e-06
650.4504504504505	2.8475639681097007e-06
651.3513513513514	2.86153017807497e-06
652.2522522522522	2.9289383384353944e-06
653.1531531531532	2.9489025872224372e-06
654.0540540540541	3.054726198804522e-06
654.9549549549549	3.1194494360417883e-06
655.8558558558559	3.0743007511799664e-06
656.7567567567568	3.089267790144879e-06
657.6576576576576	3.162039834269291e-06
658.5585585585586	3.13153821031907e-06
659.4594594594595	3.080718063593743e-06
660.3603603603603	3.1306831321673934e-06
661.2612612612613	3.149686003151933e-06
662.1621621621622	2.900860886177203e-06
663.063063063063	2.782796856274284e-06
663.9639639639639	2.9207106982714634e-06
664.8648648648649	2.9227431903014257e-06
665.7657657657658	2.8071800933561143e-06
666.6666666666666	2.896497791605984e-06
667.5675675675676	2.9994765837698167e-06
668.4684684684685	2.8079192347472384e-06
669.3693693693693	2.8576748999850814e-06
670.2702702702703	3.0364942761545772e-06
671.1711711711712	2.8686974932536528e-06
672.072072072072	2.692885673815812e-06
672.972972972973	2.7801338240486825e-06
673.8738738738739	2.876824546368243e-06
674.7747747747748	2.748766533843324e-06
675.6756756756757	2.6085784666739044e-06
676.5765765765766	2.802487030284295e-06
677.4774774774775	3.0462536243736426e-06
678.3783783783784	2.973020119455703e-06
679.2792792792793	2.789905463194937e-06
680.1801801801802	2.875817358736171e-06
681.081081081081	2.8598815352701827e-06
681.981981981982	2.696080922665842e-06
682.8828828828829	2.7824331652077735e-06
683.7837837837837	2.997833201488293e-06
684.6846846846847	2.751784852543559e-06
685.5855855855856	2.346744807633842e-06
686.4864864864865	2.4204216546910393e-06
687.3873873873874	2.6534885382816357e-06
688.2882882882883	2.4578264318997504e-06
689.1891891891892	2.1823016120094505e-06
690.0900900900901	2.0811993278702847e-06
690.990990990991	2.087413915233442e-06
691.8918918918919	2.0480588281460103e-06
692.7927927927929	2.0325753002392466e-06
693.6936936936937	2.053207188887801e-06
694.5945945945946	2.0610218057577604e-06
695.4954954954954	2.066947058420669e-06
696.3963963963964	2.0810821073920393e-06
697.2972972972973	2.2201830789313506e-06
698.1981981981982	2.2723525799975825e-06
699.0990990990991	2.276316983342966e-06
700.0	2.3447975443378166e-06
700.9009009009009	2.3181448167898568e-06
701.8018018018018	2.1568729854411367e-06
702.7027027027027	2.1480502478664133e-06
703.6036036036036	2.359508581623767e-06
704.5045045045046	2.3756475095643154e-06
705.4054054054054	2.313031899237583e-06
706.3063063063063	2.4742357459010228e-06
707.2072072072073	2.6292024506288766e-06
708.1081081081081	2.532224844741803e-06
709.009009009009	2.5758464109710542e-06
709.90990990991	2.7993229967222735e-06
710.8108108108108	2.8091014952898877e-06
711.7117117117117	2.565003460260385e-06
712.6126126126126	2.5482954767872484e-06
713.5135135135135	2.666932796144745e-06
714.4144144144144	2.5000618327422084e-06
715.3153153153153	2.114622377358957e-06
716.2162162162163	2.0734735996932424e-06
717.1171171171171	2.2209188614102815e-06
718.018018018018	2.2492508518070457e-06
718.918918918919	2.130649194966923e-06
719.8198198198198	2.1711461818533895e-06
720.7207207207207	2.333152272411927e-06
721.6216216216217	2.1039639963330457e-06
722.5225225225225	1.857410860296359e-06
723.4234234234234	2.094404834509785e-06
724.3243243243244	2.2467537368505178e-06
725.2252252252252	1.9057293681042014e-06
726.1261261261261	1.925734311418094e-06
727.0270270270271	2.2831869426633575e-06
727.927927927928	2.1918299600285223e-06
728.8288288288288	1.97037726298158e-06
729.7297297297297	2.2204010177081587e-06
730.6306306306307	2.365732842099745e-06
731.5315315315315	2.231975294039671e-06
732.4324324324324	2.171978098183965e-06
733.3333333333334	2.43452479950586e-06
734.2342342342342	2.8214153475692617e-06
735.1351351351351	2.709305952097566e-06
736.0360360360361	2.891833765405855e-06
736.936936936937	3.420990408441719e-06
737.8378378378378	3.3907002789911924e-06
738.7387387387388	3.119740965978241e-06
739.6396396396397	3.542918849386501e-06
740.5405405405405	3.959919421956101e-06
741.4414414414415	3.4766060328130044e-06
742.3423423423424	3.355481723422033e-06
743.2432432432432	3.839251023271088e-06
744.1441441441442	3.934001861689878e-06
745.0450450450451	3.5902132199630927e-06
745.9459459459459	3.816042173031453e-06
746.8468468468468	4.2055253680690445e-06
747.7477477477478	4.0169371196163335e-06
748.6486486486486	3.686659116973226e-06
749.5495495495495	3.851692392221575e-06
750.4504504504505	3.687450382465156e-06
751.3513513513514	3.4086984476628304e-06
752.2522522522522	3.2738874225071047e-06
753.1531531531532	3.3570266580922776e-06
754.0540540540541	3.284633473546381e-06
754.9549549549549	3.2107871169615773e-06
755.8558558558559	3.2853089915178334e-06
756.7567567567568	3.2951010129460844e-06
757.6576576576576	3.192385295193771e-06
758.5585585585586	3.1739269142430974e-06
759.4594594594595	3.290168247209158e-06
760.3603603603603	3.3545896557510627e-06
761.2612612612613	3.1695532626781576e-06
762.1621621621622	3.256349528453389e-06
763.063063063063	3.4653580988492396e-06
763.9639639639639	3.4893909484713046e-06
764.8648648648649	3.4635814865533054e-06
765.7657657657658	3.6505913865520793e-06
766.6666666666666	3.736518735830993e-06
767.5675675675676	3.613127727790694e-06
768.4684684684685	3.649055637497413e-06
769.3693693693693	3.7885212951771354e-06
770.2702702702703	3.7071804290570675e-06
771.1711711711712	3.61618642522167e-06
772.072072072072	3.714187198365843e-06
772.972972972973	3.8070127658015818e-06
773.8738738738739	3.533007697351206e-06
774.7747747747748	3.4785041885733564e-06
775.6756756756757	3.7239810061238173e-06
776.5765765765766	3.7411059529259985e-06
777.4774774774775	3.5463366264883047e-06
778.3783783783784	3.4875063509354204e-06
779.2792792792793	3.4865904313380618e-06
780.1801801801802	3.3479965814188605e-06
781.081081081081	3.4668160597560035e-06
781.981981981982	3.4340736588295e-06
782.8828828828829	3.2881726547546134e-06
783.7837837837837	3.454355904292368e-06
784.6846846846847	3.7955618914113527e-06
785.5855855855856	3.776303985066131e-06
786.4864864864865	3.7046241417045458e-06
787.3873873873874	3.712314928631756e-06
788.2882882882883	3.535245109283164e-06
789.1891891891892	3.1828053834284576e-06
790.0900900900901	3.3653226741564373e-06
790.990990990991	3.6124015872555764e-06
791.8918918918919	3.2488312718760855e-06
792.7927927927929	2.8838417777582106e-06
793.6936936936937	2.990018978839728e-06
794.5945945945946	3.208372608623531e-06
795.4954954954956	3.084956585316561e-06
796.3963963963964	3.0283407844146447e-06
797.2972972972973	3.1095366258503874e-06
798.1981981981982	3.023993160136618e-06
799.0990990990991	2.6868066455927174e-06
800.0	2.808568132418278e-06
800.9009009009009	2.9615903253143383e-06
801.8018018018018	2.8174067840825213e-06
802.7027027027027	2.806334624469598e-06
803.6036036036036	3.0721781813675953e-06
804.5045045045046	3.0465504407613763e-06
805.4054054054054	2.739068809667947e-06
806.3063063063063	2.7319835852157396e-06
807.2072072072073	2.914272123439498e-06
808.1081081081081	2.8122567740287558e-06
809.009009009009	2.6569232738618327e-06
809.90990990991	2.7979013575501954e-06
810.8108108108108	2.8585934352448358e-06
811.7117117117117	2.459640070682128e-06
812.6126126126127	2.484355712294382e-06
813.5135135135135	2.843611256912388e-06
814.4144144144144	2.5623639648634526e-06
815.3153153153153	2.2719262044494064e-06
816.2162162162163	2.7352391287246622e-06
817.1171171171171	2.9631171970142425e-06
818.018018018018	2.5344805153921006e-06
818.918918918919	2.663415797038062e-06
819.8198198198198	3.3945028714998543e-06
820.7207207207207	3.318425507579096e-06
821.6216216216217	2.8896663688124656e-06
822.5225225225225	3.2918554050495126e-06
823.4234234234234	3.5372926150575987e-06
824.3243243243244	3.0830468365690863e-06
825.2252252252252	3.096622538617778e-06
826.1261261261261	3.6912545856676627e-06
827.0270270270271	3.565720698075732e-06
827.927927927928	3.1604979474295773e-06
828.8288288288288	3.541127846391503e-06
829.7297297297297	3.8137690203707998e-06
830.6306306306307	3.309732499415692e-06
831.5315315315315	3.1364739684789747e-06
832.4324324324324	3.5520525721510507e-06
833.3333333333334	3.5185572988960206e-06
834.2342342342342	3.2305062630797784e-06
835.1351351351351	3.466582332602533e-06
836.0360360360361	3.688586192635761e-06
836.936936936937	3.3743158687749166e-06
837.8378378378378	3.315464304298416e-06
838.7387387387388	3.643744441861351e-06
839.6396396396397	3.541325219639881e-06
840.5405405405405	2.9824095955069757e-06
841.4414414414415	2.9059997736036644e-06
842.3423423423424	3.051213461403496e-06
843.2432432432432	3.026083186382523e-06
844.1441441441442	2.4630905299003e-06
845.0450450450451	2.3992992822703198e-06
845.9459459459459	2.728640724451446e-06
846.8468468468468	2.730362316854746e-06
847.7477477477478	2.495461696585559e-06
848.6486486486486	2.6649496794729108e-06
849.5495495495495	2.6646135250786844e-06
850.4504504504505	2.3405370776099425e-06
851.3513513513514	2.435463809635648e-06
852.2522522522522	2.729216793400969e-06
853.1531531531532	2.5763152156708184e-06
854.0540540540541	2.502782454077323e-06
854.9549549549549	2.8517585874319484e-06
855.8558558558559	2.947265943943089e-06
856.7567567567568	2.6876191892534335e-06
857.6576576576576	2.846342574644905e-06
858.5585585585586	3.1540699520842203e-06
859.4594594594595	2.779900998684232e-06
860.3603603603603	2.736904684719088e-06
861.2612612612613	3.126354469791131e-06
862.1621621621622	3.2243876657466515e-06
863.063063063063	2.8846127924575313e-06
863.9639639639639	2.9343515768767413e-06
864.8648648648649	3.3210975360432603e-06
865.7657657657658	3.391366241909579e-06
866.6666666666666	3.1309804548996225e-06
867.5675675675676	3.276911233058932e-06
868.4684684684685	3.367812439139887e-06
869.3693693693693	3.1387910106138364e-06
870.2702702702703	3.0228960470454815e-06
871.1711711711712	3.119986014013165e-06
872.072072072072	3.017726745452573e-06
872.972972972973	2.8595199054624656e-06
873.8738738738739	3.012218215841616e-06
874.7747747747748	3.0781271684278347e-06
875.6756756756757	2.8792677438541104e-06
876.5765765765766	2.8864293971383482e-06
877.4774774774775	3.0536413703435293e-06
878.3783783783784	2.9489539888355654e-06
879.2792792792793	2.815316076525399e-06
880.1801801801802	2.956491758155016e-06
881.081081081081	2.8118804195448645e-06
881.981981981982	2.459755213670002e-06
882.8828828828829	2.503902535175186e-06
883.7837837837837	2.712253424143643e-06
884.6846846846847	2.6295091465303815e-06
885.5855855855856	2.505367799789328e-06
886.4864864864865	2.6805593762395136e-06
887.3873873873874	2.7411737953253e-06
888.2882882882883	2.5460189673674473e-06
889.1891891891892	2.5780229182220273e-06
890.0900900900901	2.7704131155010382e-06
890.990990990991	2.700883501231548e-06
891.8918918918919	2.625847852022527e-06
892.7927927927929	2.8353258278860053e-06
893.6936936936937	2.8697652830794326e-06
894.5945945945946	2.744616149632197e-06
895.4954954954956	2.8324393003012486e-06
896.3963963963964	3.1066285340290473e-06
897.2972972972973	3.191437859823276e-06
898.1981981981982	3.068192294924425e-06
899.0990990990991	3.430844928422339e-06
900.0	3.6693727701503836e-06
900.9009009009009	3.5758138300953625e-06
901.8018018018018	3.6535462241377998e-06
902.7027027027027	4.099641531564762e-06
903.6036036036036	4.2161798763415015e-06
904.5045045045046	4.009982680068487e-06
905.4054054054054	4.19185060444483e-06
906.3063063063063	4.4563617270708975e-06
907.2072072072073	4.227131538307046e-06
908.1081081081081	3.956909291563632e-06
909.009009009009	4.27726958744602e-06
909.90990990991	4.364218575286602e-06
910.8108108108108	4.166691805105544e-06
911.7117117117117	4.1728115402325665e-06
912.6126126126127	4.332058596210715e-06
913.5135135135135	4.570184748780791e-06
914.4144144144144	4.675030772625009e-06
915.3153153153153	4.438879458665119e-06
916.2162162162163	4.3869413643778605e-06
917.1171171171171	4.262412965009745e-06
918.018018018018	3.962780766243491e-06
918.918918918919	3.830432234771891e-06
919.8198198198198	4.183427306817154e-06
920.7207207207207	4.150291018410446e-06
921.6216216216217	3.819716191209217e-06
922.5225225225225	3.989584632222813e-06
923.4234234234234	4.220048788548349e-06
924.3243243243244	3.930705698653369e-06
925.2252252252252	3.684189356260794e-06
926.1261261261261	3.828380852003787e-06
927.0270270270271	3.388460365907466e-06
927.927927927928	2.9466974121098433e-06
928.8288288288288	3.1538820757351194e-06
929.7297297297298	3.37832253492081e-06
930.6306306306307	3.123141753882446e-06
931.5315315315315	3.0597312743494585e-06
932.4324324324324	3.349918851840352e-06
933.3333333333334	3.0559661279169522e-06
934.2342342342342	2.728637886575259e-06
935.1351351351351	3.0094964707912167e-06
936.0360360360361	3.184003190086833e-06
936.936936936937	2.8080069910452156e-06
937.8378378378378	2.7959711780990633e-06
938.7387387387388	2.9459745545808127e-06
939.6396396396397	2.726301996196034e-06
940.5405405405405	2.6048893535479376e-06
941.4414414414415	2.97602996222005e-06
942.3423423423424	3.0139824531638294e-06
943.2432432432432	2.6933408393974792e-06
944.1441441441442	2.8392051630776933e-06
945.0450450450451	3.106293749959069e-06
945.9459459459459	2.8452500930601984e-06
946.8468468468469	2.71037098953673e-06
947.7477477477478	2.7740084775633224e-06
948.6486486486486	2.7399838919901774e-06
949.5495495495495	2.683049968986324e-06
950.4504504504505	2.930320600224537e-06
951.3513513513514	3.103615306262316e-06
952.2522522522522	2.923069115272934e-06
953.1531531531532	3.0625005788158186e-06
954.0540540540541	3.345947960466386e-06
954.9549549549549	3.230054501352542e-06
955.8558558558559	3.275829949833932e-06
956.7567567567568	3.5336610388724703e-06
957.6576576576576	3.448734916908272e-06
958.5585585585586	3.292273278521898e-06
959.4594594594595	3.3429351467055132e-06
960.3603603603603	3.27457412263965e-06
961.2612612612613	3.0188905690322834e-06
962.1621621621622	3.1961534993165675e-06
963.063063063063	3.4223319486244624e-06
963.9639639639639	3.2606503407639393e-06
964.8648648648649	3.237620171895824e-06
965.7657657657658	3.3287613211007757e-06
966.6666666666666	3.169784790041593e-06
967.5675675675676	2.891517328379228e-06
968.4684684684685	3.075053529235923e-06
969.3693693693693	3.0775583354919785e-06
970.2702702702703	2.7801459413853055e-06
971.1711711711712	2.823842401535727e-06
972.072072072072	3.018083574107831e-06
972.972972972973	2.7201635281040864e-06
973.8738738738739	2.4898425142093757e-06
974.7747747747748	2.851819130606267e-06
975.6756756756757	2.890464966231772e-06
976.5765765765766	2.321890864383207e-06
977.4774774774775	2.337399955316444e-06
978.3783783783784	2.7252025989401164e-06
979.2792792792793	2.5004092575352527e-06
980.1801801801802	2.2145931632654824e-06
981.081081081081	2.532426862959599e-06
981.981981981982	2.6482817091889592e-06
982.8828828828829	2.2625215050188104e-06
983.7837837837837	2.2943965328534345e-06
984.6846846846847	2.684415849781285e-06
985.5855855855856	2.711950139343895e-06
986.4864864864865	2.3846075828612836e-06
987.3873873873874	2.3695572775392335e-06
988.2882882882883	2.493794971835301e-06
989.1891891891892	2.302990356541802e-06
990.0900900900901	2.3109478891016543e-06
990.990990990991	2.4714807436252633e-06
991.8918918918919	2.4372452019319257e-06
992.7927927927929	2.379482721456191e-06
993.6936936936937	2.5614234168779102e-06
994.5945945945946	2.6295195189844444e-06
995.4954954954956	2.4827394328167586e-06
996.3963963963964	2.516791207643805e-06
997.2972972972973	2.7286243517364023e-06
998.1981981981982	2.4903404034185307e-06
999.0990990990991	2.350229021692524e-06
1000.0	2.62088301160577e-06
