0.0	1.0000000000000004
0.0001	0.9999999309644371
0.0002	0.9999997238583191
0.00030000000000000003	0.999999378685747
0.0004	0.9999988954508877
0.0005	0.9999982741579715
0.0006000000000000001	0.9999975148112294
0.0007	0.9999966174150042
0.0008	0.9999955819736485
0.0009000000000000001	0.9999944084915816
0.001	0.9999930969732748
0.0011	0.9999916474232414
0.0012000000000000001	0.9999900598460505
0.0013000000000000002	0.9999883342463177
0.0014	0.999986470628703
0.0015	0.9999844689979459
0.0016	0.9999823293588115
0.0017000000000000001	0.9999800517161094
0.0018000000000000002	0.9999776360747147
0.0019	0.9999750824395479
0.002	0.9999723908155934
0.0021000000000000003	0.9999695612078522
0.0022	0.9999665936214149
0.0023	0.9999634880613959
0.0024000000000000002	0.9999602445329705
0.0025	0.9999568630413577
0.0026000000000000003	0.9999533435918404
0.0027	0.9999496861897426
0.0028	0.9999458908404388
0.0029000000000000002	0.9999419575493461
0.003	0.9999378863219476
0.0031000000000000003	0.9999336771637815
0.0032	0.9999293300804005
0.0033	0.9999248450774465
0.0034000000000000002	0.9999202221605987
0.0035	0.9999154613355864
0.0036000000000000003	0.9999105626081781
0.0037	0.9999055259842109
0.0038	0.9999003514695576
0.0039000000000000003	0.9998950390701565
0.004	0.9998895887919766
0.0041	0.9998840006410564
0.004200000000000001	0.9998782746234831
0.0043	0.9998724107453725
0.0044	0.9998664090129091
0.0045000000000000005	0.9998602694323386
0.0046	0.9998539920099192
0.0047	0.9998475767520117
0.0048000000000000004	0.9998410236649765
0.0049	0.9799376307549411
0.005	0.9799309379207106
0.0051	0.9799241100192142
0.005200000000000001	0.9799171470569137
0.0053	0.9799100490403122
0.0054	0.979902815975955
0.0055000000000000005	0.9798954478704409
0.0056	0.9798879447304387
0.0057	0.9798803065626287
0.0058000000000000005	0.9798725333737602
0.0059	0.979864625170635
0.006	0.9798565819601052
0.0061	0.9798484037490607
0.006200000000000001	0.9798400905444421
0.0063	0.9798316423532469
0.0064	0.9798230591825227
0.006500000000000001	0.9798143410393615
0.0066	0.9798054879309007
0.0067	0.9797964998643416
0.0068000000000000005	0.9797873768469104
0.006900000000000001	0.9797781188859024
0.007	0.9797687259886501
0.0071	0.9797591981625555
0.007200000000000001	0.9797495354150466
0.0073	0.9797397377536107
0.0074	0.9797298051857792
0.007500000000000001	0.9797197377191429
0.0076	0.979709535361333
0.0077	0.9796991981200242
0.0078000000000000005	0.9796887260029633
0.0079	0.9796781190179169
0.008	0.9796673771727135
0.0081	0.9796565004752474
0.0082	0.9796454889334272
0.0083	0.9796343425552455
0.008400000000000001	0.9796230613487188
0.0085	0.9796116453219362
0.0086	0.9796000944830016
0.008700000000000001	0.9795884088400933
0.0088	0.9795765884014421
0.0089	0.9795646331753208
0.009000000000000001	0.9795525431700363
0.0091	0.9795403183939652
0.0092	0.9795279588555176
0.009300000000000001	0.979515464563173
0.0094	0.9795028355254483
0.0095	0.9794900717508992
0.009600000000000001	0.9794771732481384
0.0097	0.9794641400258322
0.0098	0.9794509720926972
0.0099	0.9794376694574922
0.01	0.9794242321290259
0.010100000000000001	0.9794106601161493
0.0102	0.979396953427787
0.0103	0.9793831120728798
0.010400000000000001	0.9793691360604357
0.0105	0.9793550253995169
0.0106	0.9793407800992214
0.010700000000000001	0.979326400168699
0.0108	0.9793118856171535
0.0109	0.9792972364538359
0.011000000000000001	0.9792824526880332
0.0111	0.9792675343291144
0.0112	0.9792524813864636
0.011300000000000001	0.9792372938695265
0.0114	0.9792219717877975
0.0115	0.9792065151508175
0.011600000000000001	0.9791909239681725
0.0117	0.9791751982495193
0.0118	0.9791593380045321
0.0119	0.9791433432429578
0.012	0.9791272139745831
0.012100000000000001	0.979110950209234
0.0122	0.9790945519568093
0.0123	0.9790780192272265
0.012400000000000001	0.9790613520304737
0.0125	0.9790445503765878
0.0126	0.9790276142756353
0.012700000000000001	0.9790105437377606
0.0128	0.9789933387731221
0.0129	0.9789759993919593
0.013000000000000001	0.9789585256045378
0.0131	0.9789409174211829
0.0132	0.9789231748522661
0.013300000000000001	0.9789052979082034
0.0134	0.978887286599481
0.0135	0.9788691409365862
0.013600000000000001	0.9788508609301174
0.0137	0.9788324465906605
0.013800000000000002	0.9788138979288997
0.013900000000000001	0.9787952149555353
0.014	0.9787763976813317
0.014100000000000001	0.9787574461170868
0.0142	0.9787383602736828
0.0143	0.9787191401620056
0.014400000000000001	0.9786997857930113
0.0145	0.9786802971777113
0.0146	0.978660674327157
0.014700000000000001	0.9786409172524485
0.0148	0.9786210259647249
0.0149	0.9786010004751857
0.015000000000000001	0.9785808407950861
0.0151	0.9785605469357244
0.0152	0.9785401189084264
0.015300000000000001	0.9785195567245876
0.0154	0.9784988603956648
0.0155	0.978478029933122
0.015600000000000001	0.9784570653485196
0.015700000000000002	0.9784359666534187
0.0158	0.9784147338594751
0.0159	0.9783933669783521
0.016	0.9783718660217927
0.0161	0.978350231001578
0.0162	0.9783284619295329
0.016300000000000002	0.9783065588175194
0.0164	0.9782845216774787
0.0165	0.978262350521374
0.0166	0.978240045361228
0.0167	0.9782176062091198
0.016800000000000002	0.9781950330771463
0.016900000000000002	0.9781723259774912
0.017	0.9781494849223653
0.0171	0.9781265099240279
0.0172	0.9781034009947895
0.0173	0.978080158147005
0.017400000000000002	0.9780567813930964
0.0175	0.978033270745511
0.0176	0.9780096262167478
0.0177	0.9779858478193644
0.0178	0.9779619355659593
0.0179	0.9779378894691769
0.018000000000000002	0.9779137095417246
0.0181	0.9778893957963464
0.0182	0.9778649482458309
0.0183	0.9778403669030235
0.0184	0.9778156517807998
0.018500000000000003	0.9777908028921237
0.018600000000000002	0.9777658202499594
0.0187	0.9777407038673522
0.0188	0.9777154537573752
0.0189	0.9776900699331629
0.019	0.9776645524079014
0.019100000000000002	0.9776389011948127
0.019200000000000002	0.977613116307179
0.0193	0.9775871977583085
0.0194	0.9775611455615711
0.0195	0.9775349597304127
0.0196	0.9775086402782658
0.019700000000000002	0.9774821872186714
0.0198	0.9774556005651792
0.0199	0.9774288803314124
0.02	0.9774020265310182
0.0201	0.9773750391777128
0.020200000000000003	0.9773479182852509
0.020300000000000002	0.9773206638674312
0.0204	0.9772932759381064
0.0205	0.9772657545111764
0.0206	0.9772380996005874
0.0207	0.977210311220347
0.020800000000000003	0.9771823893844773
0.020900000000000002	0.9771543341070869
0.021	0.9771261454023112
0.0211	0.9770978232843375
0.0212	0.9770693677673935
0.0213	0.9770407788657675
0.021400000000000002	0.9770120565937938
0.021500000000000002	0.9769832009658395
0.0216	0.9769542119963487
0.0217	0.9769250896997822
0.0218	0.9768958340906696
0.0219	0.9768664451835706
0.022000000000000002	0.9768369229931138
0.0221	0.9768072675339619
0.0222	0.9767774788208323
0.0223	0.9767475568684829
0.0224	0.9767175016917118
0.022500000000000003	0.9766873133053954
0.022600000000000002	0.9766569917244242
0.0227	0.9766265369637644
0.0228	0.9569663816556078
0.0229	0.9569362780739894
0.023	0.9569060440338237
0.023100000000000002	0.9568756795499479
0.023200000000000002	0.9568451846372487
0.0233	0.9568145593106522
0.0234	0.9567838035851411
0.0235	0.9567529174757461
0.0236	0.9567219009975292
0.023700000000000002	0.9566907541656217
0.0238	0.9566594769951767
0.0239	0.956628069501419
0.024	0.9565965316995965
0.0241	0.9565648636050222
0.024200000000000003	0.937111580860377
0.024300000000000002	0.9370803005067642
0.0244	0.9370488925511274
0.0245	0.9370173570086421
0.0246	0.9369856938945293
0.0247	0.9369539032240659
0.024800000000000003	0.9369219850125584
0.024900000000000002	0.936889939275376
0.025	0.9368577660279136
0.0251	0.9368254652856193
0.0252	0.9367930370640039
0.0253	0.9367604813786069
0.025400000000000002	0.9367277982450024
0.025500000000000002	0.9366949876788483
0.0256	0.9366620496957921
0.0257	0.9366289843115831
0.0258	0.9365957915419857
0.025900000000000003	0.9365624714028027
0.026000000000000002	0.9365290239099097
0.0261	0.9364954490792134
0.0262	0.93646174692666
0.0263	0.9364279174682426
0.0264	0.9363939607200067
0.026500000000000003	0.9363598766980405
0.026600000000000002	0.9363256654184846
0.0267	0.9362913268975063
0.0268	0.9362568611513388
0.0269	0.9362222681962492
0.027	0.9361875480485504
0.027100000000000003	0.9361527007246067
0.027200000000000002	0.9361177262408192
0.0273	0.9360826246136441
0.0274	0.9360473958595698
0.0275	0.9360120399951467
0.027600000000000003	0.9359765570369571
0.027700000000000002	0.9359409470016323
0.027800000000000002	0.9359052099058482
0.0279	0.9358693457663337
0.028	0.9358333545998538
0.0281	0.9357972364232229
0.028200000000000003	0.9357609912532964
0.028300000000000002	0.9357246191069838
0.0284	0.9356881200012318
0.0285	0.9356514939530267
0.0286	0.93561474097941
0.0287	0.9355778610974781
0.028800000000000003	0.9355408543243474
0.028900000000000002	0.9355037206771911
0.029	0.9354664601732413
0.0291	0.9354290728297561
0.0292	0.9353915586640535
0.029300000000000003	0.9353539176934725
0.029400000000000003	0.9353161499354257
0.029500000000000002	0.9352782554073539
0.0296	0.9352402341267462
0.0297	0.9352020861111354
0.0298	0.9351638113781116
0.029900000000000003	0.9351254099452943
0.030000000000000002	0.9350868818303588
0.030100000000000002	0.9350482270510122
0.0302	0.9350094456250188
0.0303	0.9349705375701786
0.0304	0.9349315029043515
0.030500000000000003	0.9348923416454339
0.030600000000000002	0.9348530538113576
0.0307	0.9348136394201046
0.0308	0.9347740984897158
0.0309	0.9347344310382649
0.031	0.9346946370838651
0.031100000000000003	0.9346547166446845
0.031200000000000002	0.934614669738933
0.0313	0.9345744963848541
0.031400000000000004	0.9345341966007715
0.0315	0.9344937704050054
0.0316	0.934453217815959
0.0317	0.9344125388520584
0.0318	0.9343717335317907
0.031900000000000005	0.9343308018736678
0.032	0.9342897438962633
0.032100000000000004	0.9342485596181825
0.0322	0.9342072490580983
0.0323	0.9341658122347082
0.0324	0.9341242491667519
0.0325	0.9340825598730195
0.032600000000000004	0.9340407443723568
0.0327	0.9339988026836324
0.0328	0.9339567348257825
0.0329	0.9339145408177768
0.033	0.9338722206786327
0.033100000000000004	0.9338297744274011
0.0332	0.9337872020831816
0.0333	0.933744503665136
0.0334	0.9337016791924599
0.0335	0.9336587286843773
0.033600000000000005	0.933615652160173
0.0337	0.9335724496391765
0.033800000000000004	0.933529121140767
0.0339	0.933485666684356
0.034	0.9334420862893938
0.0341	0.9333983799753948
0.0342	0.9333545477619075
0.034300000000000004	0.9333105896685268
0.0344	0.9332665057148914
0.0345	0.9332222959206753
0.0346	0.9331779603056165
0.0347	0.9331334988894874
0.034800000000000005	0.9330889116920922
0.0349	0.9330441987332977
0.035	0.9329993600330161
0.0351	0.9329543956111854
0.0352	0.9329093054878015
0.035300000000000005	0.9328640896829058
0.0354	0.9328187482165788
0.035500000000000004	0.9327732811089423
0.0356	0.9327276883801747
0.0357	0.9326819700504824
0.0358	0.9326361261401331
0.0359	0.9325901566694315
0.036000000000000004	0.9325440616587167
0.0361	0.9324978411283867
0.0362	0.9324514950988745
0.0363	0.9324050235906611
0.0364	0.9323584266242663
0.036500000000000005	0.9323117042202683
0.0366	0.9322648563992743
0.0367	0.9322178831819444
0.0368	0.9321707845889823
0.0369	0.9321235606411162
0.037000000000000005	0.9320762113591602
0.0371	0.9320287367639313
0.037200000000000004	0.9319811368763069
0.0373	0.9319334117172121
0.0374	0.931885561307616
0.0375	0.9318375856685313
0.0376	0.9317894848209973
0.037700000000000004	0.9317412587861178
0.0378	0.9316929075850403
0.0379	0.9316444312389499
0.038	0.9315958297690695
0.0381	0.931547103196677
0.038200000000000005	0.9314982515430924
0.0383	0.9314492748296648
0.038400000000000004	0.9314001730778121
0.0385	0.9313509463089796
0.0386	0.9313015945446618
0.038700000000000005	0.9312521178063913
0.0388	0.9312025161157512
0.038900000000000004	0.9311527894943682
0.039	0.9311029379639127
0.0391	0.9310529615460861
0.0392	0.9310028602626496
0.0393	0.9309526341354123
0.039400000000000004	0.9309022831862009
0.0395	0.9308518074369169
0.0396	0.9308012069094942
0.0397	0.9307504816258882
0.0398	0.9306996316081311
0.039900000000000005	0.9306486568782887
0.04	0.9305975574584548
0.040100000000000004	0.9305463333707826
0.0402	0.9304949846374706
0.0403	0.9304435112807563
0.040400000000000005	0.9303919133229078
0.0405	0.9303401907862645
0.040600000000000004	0.9302883436931837
0.0407	0.9302363720660822
0.0408	0.9301842759274155
0.0409	0.9301320552996696
0.041	0.9300797102054041
0.041100000000000005	0.9300272406671896
0.0412	0.92997464670766
0.0413	0.9299219283494914
0.0414	0.9298690856153939
0.0415	0.9107434753975996
0.041600000000000005	0.9106914730059157
0.0417	0.9106393488565501
0.041800000000000004	0.9105871029719119
0.0419	0.9105347353744725
0.042	0.9104822460867312
0.042100000000000005	0.9104296351312374
0.0422	0.9103769025305801
0.042300000000000004	0.9103240483073929
0.0424	0.9102710724843555
0.0425	0.9102179750841718
0.0426	0.8913017508134072
0.0427	0.8912495157997583
0.042800000000000005	0.8911971617956157
0.0429	0.8911446888234092
0.043000000000000003	0.891092096905583
0.0431	0.8910393860646361
0.0432	0.890986556323099
0.043300000000000005	0.8909336077035609
0.0434	0.8908805402286346
0.043500000000000004	0.8908273539209766
0.0436	0.8907740488033049
0.0437	0.8907206248983509
0.0438	0.8906670822288956
0.0439	0.8906134208177761
0.044000000000000004	0.8905596406878663
0.0441	0.8905057418620516
0.0442	0.8904517243633034
0.0443	0.890397588214612
0.0444	0.890343333438998
0.044500000000000005	0.890288960059544
0.0446	0.8902344680993662
0.044700000000000004	0.8901798575816136
0.0448	0.8901251285294958
0.0449	0.8900702809662515
0.045000000000000005	0.8900153149151452
0.0451	0.8899602303995124
0.045200000000000004	0.8899050274427185
0.0453	0.8712146275926564
0.0454	0.8711603488340648
0.0455	0.8711059541835406
0.0456	0.8710514436641238
0.045700000000000005	0.8709968172988892
0.0458	0.8709420751109416
0.0459	0.870887217123447
0.046	0.8708322433595959
0.0461	0.8707771538426172
0.046200000000000005	0.8707219485958038
0.0463	0.8706666276424493
0.046400000000000004	0.8706111910059257
0.0465	0.8705556387096262
0.0466	0.8704999707769805
0.046700000000000005	0.8704441872314688
0.0468	0.870388288096604
0.046900000000000004	0.8703322733959501
0.047	0.8702761431530932
0.0471	0.8702198973916806
0.0472	0.8701635361353719
0.0473	0.8701070594079008
0.047400000000000005	0.8700504672330108
0.0475	0.8699937596345005
0.0476	0.8699369366362115
0.0477	0.8698799982620132
0.0478	0.869822944535826
0.047900000000000005	0.8697657754816025
0.048	0.8513024842365067
0.048100000000000004	0.8512462993712043
0.0482	0.851190001689188
0.0483	0.8511335912140544
0.048400000000000006	0.8510770679694438
0.0485	0.851020431979053
0.048600000000000004	0.850963683266592
0.0487	0.8509068218558197
0.0488	0.8326503783430848
0.0489	0.8325945126786783
0.049	0.8325385367965346
0.049100000000000005	0.832482450720073
0.0492	0.8324262544727234
0.049300000000000004	0.8323699480779703
0.0494	0.8323135315593287
0.0495	0.8322570049403598
0.049600000000000005	0.8142073794857015
0.0497	0.8141518596575693
0.049800000000000004	0.8140962321789519
0.0499	0.8140404970730402
0.05	0.8139846543630697
0.050100000000000006	0.8139287040723039
0.0502	0.813872646224063
0.050300000000000004	0.8138164808416805
0.0504	0.8137602079485331
0.0505	0.8137038275680561
0.0506	0.8136473397236892
0.0507	0.813590744438926
0.050800000000000005	0.8135340417372979
0.0509	0.813477231642375
0.051000000000000004	0.813420314177747
0.0511	0.8133632893670677
0.0512	0.8133061572340059
0.051300000000000005	0.8132489178022732
0.0514	0.8131915710956306
0.051500000000000004	0.8131341171378553
0.0516	0.8130765559527735
0.0517	0.8130188875642417
0.051800000000000006	0.8129611119961659
0.0519	0.8129032292724756
0.052000000000000005	0.812845239417142
0.0521	0.8127871424541734
0.0522	0.8127289384076167
0.0523	0.8188605157732672
0.0524	0.8188013779015267
0.052500000000000005	0.8187421324078348
0.0526	0.8186827793166344
0.052700000000000004	0.8186233186523867
0.0528	0.8185637504395918
0.0529	0.818504074702803
0.053000000000000005	0.8184442914665961
0.0531	0.818384400755584
0.053200000000000004	0.8183244025944288
0.0533	0.8182642970078057
0.0534	0.8182040840204529
0.053500000000000006	0.8181437636571264
0.0536	0.8180833359426323
0.053700000000000005	0.8180228009017977
0.0538	0.8179621585594997
0.0539	0.8179014089406502
0.054	0.8178405520701879
0.0541	0.8177795879731097
0.054200000000000005	0.8177185166744199
0.0543	0.8176573381991871
0.054400000000000004	0.817596052572491
0.0545	0.8175346598194682
0.0546	0.8174731599652841
0.054700000000000006	0.8174115530351401
0.0548	0.8173498390542782
0.054900000000000004	0.8172880180479684
0.055	0.8172260900415227
0.0551	0.8171640550602908
0.055200000000000006	0.8171019131296585
0.0553	0.8170396642750425
0.055400000000000005	0.8169773085219014
0.0555	0.8169148458957317
0.055600000000000004	0.8168522764220647
0.0557	0.8167896001264638
0.0558	0.8167268170345334
0.055900000000000005	0.8166639271719104
0.056	0.8166009305642719
0.056100000000000004	0.8165378272373263
0.0562	0.8164746172168331
0.0563	0.8164113005285694
0.056400000000000006	0.8163478771983466
0.0565	0.8162843472520348
0.056600000000000004	0.8162207107155259
0.0567	0.8161569676147498
0.0568	0.8160931179756581
0.056900000000000006	0.8160291618242727
0.057	0.8159650991866206
0.057100000000000005	0.815900930088771
0.0572	0.815836654556849
0.057300000000000004	0.8157722726169847
0.0574	0.815707784295377
0.0575	0.8156431896182305
0.057600000000000005	0.8155784886118078
0.0577	0.815513681302392
0.057800000000000004	0.8154487677163197
0.0579	0.8153837478799486
0.058	0.8153186218196774
0.058100000000000006	0.815253389561939
0.0582	0.8151880511332092
0.058300000000000005	0.8151226065599909
0.0584	0.8150570558688227
0.0585	0.8149913990862923
0.058600000000000006	0.8149256362390112
0.0587	0.8148597673536292
0.058800000000000005	0.8147937924568328
0.0589	0.8147277115753401
0.059000000000000004	0.8146615247359096
0.0591	0.8145952319653423
0.0592	0.8145288332904606
0.059300000000000005	0.8144623287381284
0.0594	0.8143957183352601
0.059500000000000004	0.8143290021087759
0.0596	0.8142621800856593
0.0597	0.8141952522929151
0.059800000000000006	0.8141282187575918
0.0599	0.8140610795067614
0.060000000000000005	0.8139938345675416
0.0601	0.8139264839670841
0.060200000000000004	0.813859027732584
0.0603	0.8137914658912484
0.0604	0.8137237984703496
0.060500000000000005	0.8136560254971731
0.0606	0.8135881469990526
0.060700000000000004	0.81352016300335
0.0608	0.8134520735374656
0.0609	0.8133838786288342
0.061000000000000006	0.8133155783049314
0.0611	0.8132471725932627
0.061200000000000004	0.813178661521369
0.0613	0.8131100451168283
0.0614	0.8130413234072591
0.061500000000000006	0.8129724964202999
0.0616	0.8129035641836448
0.061700000000000005	0.8128345267250069
0.0618	0.8127653840721469
0.061900000000000004	0.8126961362528511
0.062	0.8126267832949391
0.0621	0.8125573252262894
0.062200000000000005	0.812487762074784
0.0623	0.8124180938683626
0.062400000000000004	0.8123483206349835
0.0625	0.8122784424026557
0.0626	0.812208459199413
0.0627	0.8121383710533339
0.06280000000000001	0.8120681779925166
0.0629	0.8119978800451165
0.063	0.8119274772393021
0.0631	0.811856969603287
0.0632	0.8117863571653302
0.06330000000000001	0.811715639953701
0.0634	0.8116448179967319
0.0635	0.8115738913227657
0.0636	0.8115028599602041
0.0637	0.8114317239374549
0.06380000000000001	0.8113604832829955
0.0639	0.811289138025302
0.064	0.8112176881929222
0.0641	0.8111461338144026
0.06420000000000001	0.8110744749183543
0.06430000000000001	0.8110027115334015
0.0644	0.8109308436882259
0.0645	0.8108588714115278
0.0646	0.8107867947320343
0.06470000000000001	0.8107146136785387
0.0648	0.8106423282798331
0.0649	0.8105699385647673
0.065	0.8104974445622298
0.0651	0.8104248463011156
0.06520000000000001	0.8103521438103842
0.0653	0.8102793371190115
0.0654	0.8102064262560266
0.0655	0.8101334112504668
0.0656	0.810060292131436
0.06570000000000001	0.809987068928041
0.0658	0.8099137416694515
0.0659	0.8098403103848452
0.066	0.8097667751034578
0.0661	0.8096931358545505
0.06620000000000001	0.8096193926674139
0.0663	0.8095455455713737
0.0664	0.8094715945958033
0.0665	0.8093975397700985
0.0666	0.8093233811236955
0.06670000000000001	0.8092491186860579
0.0668	0.8091747524866907
0.0669	0.8091002825551338
0.067	0.8090257089209508
0.0671	0.8089510316137539
0.06720000000000001	0.8088762506631872
0.0673	0.808801366098915
0.0674	0.8087263779506577
0.0675	0.8086512862481543
0.06760000000000001	0.8085760910211877
0.06770000000000001	0.8085007922995573
0.0678	0.8084253901131302
0.0679	0.8083498844917703
0.068	0.8082742754654028
0.06810000000000001	0.8081985630639758
0.0682	0.8081227473174688
0.0683	0.8080468282559082
0.0684	0.8079708059093433
0.0685	0.8078946803078609
0.06860000000000001	0.8078184514815834
0.0687	0.8077421194606642
0.0688	0.8076656842752994
0.0689	0.8075891459557007
0.069	0.8075125045321322
0.06910000000000001	0.8074357600348931
0.0692	0.8073589124943008
0.0693	0.807281961940717
0.0694	0.8072049084045387
0.0695	0.807127751916189
0.06960000000000001	0.8070504925061368
0.0697	0.8069731302048757
0.0698	0.8068956650429429
0.0699	0.8068180970508849
0.07	0.8067404262593173
0.07010000000000001	0.8066626526988682
0.0702	0.8065847764002021
0.0703	0.8065067973940243
0.0704	0.8064287157110587
0.07050000000000001	0.8063505313820726
0.07060000000000001	0.8062722444378883
0.0707	0.8061938549093177
0.0708	0.806115362827243
0.0709	0.806036768222559
0.07100000000000001	0.7884078573649992
0.0711	0.7883307711124944
0.0712	0.7882535846629927
0.0713	0.7881762980468752
0.0714	0.7880989112945239
0.07150000000000001	0.7880214244363803
0.0716	0.7879438375028943
0.0717	0.7878661505245643
0.0718	0.7877883635319217
0.0719	0.7877104765555173
0.07200000000000001	0.7876324896259596
0.0721	0.7875544027738601
0.0722	0.7874762160298798
0.0723	0.7873979294247209
0.0724	0.7873195429890991
0.07250000000000001	0.7872410567537784
0.0726	0.7871624707495405
0.0727	0.7870837850072124
0.0728	0.7870049995576499
0.0729	0.7869261144317417
0.07300000000000001	0.7868471296604038
0.0731	0.7867680452745992
0.0732	0.7866888613053042
0.0733	0.7866095777835476
0.0734	0.7865301947403704
0.07350000000000001	0.7864507122068694
0.0736	0.7863711302141494
0.0737	0.786291448793363
0.0738	0.7862116679756959
0.07390000000000001	0.7861317877923638
0.07400000000000001	0.7860518082746034
0.0741	0.7859717294537005
0.0742	0.7858915513609724
0.0743	0.7858112740277563
0.07440000000000001	0.785730897485424
0.0745	0.7856504217653987
0.0746	0.7855698468991104
0.0747	0.7854891729180388
0.0748	0.785408399853687
0.07490000000000001	0.785327527737595
0.075	0.7852465566013298
0.0751	0.7851654864765072
0.0752	0.7850843173947483
0.0753	0.7850030493877297
0.07540000000000001	0.7849216824871436
0.0755	0.7848402167247291
0.0756	0.7847586521322487
0.0757	0.7846769887415004
0.0758	0.7845952265843139
0.07590000000000001	0.7845133656925413
0.076	0.7844314060980868
0.0761	0.7843493478328718
0.0762	0.7842671909288574
0.0763	0.7841849354180243
0.07640000000000001	0.7841025813323937
0.0765	0.7840201287040343
0.0766	0.7839375775650159
0.0767	0.7838549279474601
0.07680000000000001	0.7837721798835262
0.07690000000000001	0.7836893334053797
0.077	0.7836063885452512
0.0771	0.7835233453353678
0.0772	0.7834402038080222
0.07730000000000001	0.7833569639955222
0.07740000000000001	0.7832736259301998
0.0775	0.7831901896444311
0.0776	0.7831066551706273
0.0777	0.7830230225412194
0.07780000000000001	0.7829392917886745
0.0779	0.7828554629454985
0.078	0.7827715360442251
0.0781	0.7826875111174086
0.0782	0.7826033881976528
0.07830000000000001	0.7825191673175861
0.0784	0.782434848509859
0.0785	0.7823504318071627
0.0786	0.782265917242228
0.0787	0.7821813048478051
0.07880000000000001	0.7820965946566798
0.0789	0.7820117867016678
0.079	0.781926881015616
0.0791	0.7818418776314077
0.0792	0.7817567765819519
0.07930000000000001	0.7816715779001953
0.0794	0.7815862816191166
0.0795	0.781500887771715
0.0796	0.7814153963910246
0.07970000000000001	0.7813298075101268
0.07980000000000001	0.7812441211621135
0.0799	0.7811583373801259
0.08	0.7810724561973119
0.0801	0.7809864776468829
0.08020000000000001	0.7809004017620541
0.08030000000000001	0.7808142285760896
0.0804	0.7807279581222694
0.0805	0.7806415904339262
0.0806	0.7805551255443984
0.08070000000000001	0.7804685634870784
0.08080000000000001	0.7803819042953835
0.0809	0.7802951480027417
0.081	0.7802082946426458
0.0811	0.7801213442486005
0.08120000000000001	0.7800342968541334
0.0813	0.7799471524928281
0.0814	0.7798599111982788
0.0815	0.7797725730041172
0.0816	0.7796851379440111
0.08170000000000001	0.7795976060516535
0.0818	0.7795099773607614
0.0819	0.7794222519051007
0.082	0.7793344297184511
0.0821	0.7792465108346431
0.08220000000000001	0.7791584952875128
0.0823	0.7790703831109442
0.0824	0.7789821743388554
0.0825	0.7788938690051799
0.0826	0.7788054671438962
0.08270000000000001	0.7787169687890027
0.0828	0.778628373974531
0.0829	0.7785396827345636
0.083	0.7784508951031784
0.08310000000000001	0.778362011114514
0.08320000000000001	0.778273030802722
0.0833	0.7781839542019922
0.0834	0.7780947813465481
0.0835	0.7780055122706323
0.08360000000000001	0.777916147008528
0.08370000000000001	0.7778266855945513
0.0838	0.7777371280630464
0.0839	0.7776474744483735
0.084	0.7775577247849446
0.08410000000000001	0.7774678791071974
0.08420000000000001	0.7773779374495872
0.0843	0.7772878998466145
0.0844	0.7771977663328037
0.0845	0.7771075369427107
0.08460000000000001	0.7770172117109211
0.0847	0.7769267906720538
0.0848	0.7768362738607538
0.0849	0.7767456613117056
0.085	0.7766549530596129
0.08510000000000001	0.7765641491392108
0.0852	0.7764732495852766
0.0853	0.7763822544326053
0.0854	0.776291163716026
0.0855	0.7761999774704029
0.08560000000000001	0.7761086957306232
0.0857	0.7760173185316033
0.0858	0.7759258459083042
0.0859	0.7758342778957034
0.08600000000000001	0.7757426145288085
0.08610000000000001	0.775650855842668
0.0862	0.7755590018723514
0.0863	0.7754670526529576
0.0864	0.7753750082196196
0.08650000000000001	0.7752828686074983
0.08660000000000001	0.7751906338517954
0.0867	0.7750983039877247
0.0868	0.7750058790505387
0.0869	0.774913359075524
0.08700000000000001	0.7748207440979905
0.08710000000000001	0.7747280341532833
0.0872	0.7746352292767767
0.0873	0.7745423295038695
0.0874	0.7744493348699962
0.08750000000000001	0.7743562454106185
0.0876	0.7742630611612231
0.0877	0.774169782157341
0.0878	0.774076408434525
0.0879	0.7739829400283513
0.08800000000000001	0.7738893769744348
0.0881	0.7737957193084174
0.0882	0.7737019670659661
0.0883	0.7736081202827892
0.0884	0.7735141789946116
0.08850000000000001	0.7734201432371963
0.0886	0.7733260130463299
0.0887	0.7732317884578422
0.0888	0.7731374695075769
0.0889	0.7730430562314052
0.08900000000000001	0.7729485486652513
0.0891	0.7728539468450479
0.0892	0.7727592508067537
0.0893	0.7726644605863823
0.08940000000000001	0.7725695762199473
0.08950000000000001	0.7724745977435138
0.0896	0.7723795251931649
0.0897	0.7722843586050205
0.0898	0.7721890980152201
0.08990000000000001	0.7720937434599354
0.09000000000000001	0.7719982949753792
0.0901	0.771902752597783
0.0902	0.7718071163634077
0.0903	0.7717113863085459
0.09040000000000001	0.7716155624695158
0.09050000000000001	0.7545339574818966
0.0906	0.754440057738722
0.0907	0.7543460663850884
0.0908	0.7542519834566312
0.09090000000000001	0.7541578089890114
0.091	0.7540635430179289
0.0911	0.7539691855791039
0.0912	0.7538747367082904
0.0913	0.7537801964412634
0.09140000000000001	0.7536855648138291
0.0915	0.7535908418618256
0.0916	0.7534960276211188
0.0917	0.7534011221276073
0.0918	0.7533061254172042
0.09190000000000001	0.75321103752586
0.092	0.7531158584895551
0.0921	0.7530205883442984
0.0922	0.7529252271261186
0.09230000000000001	0.7528297748710853
0.09240000000000001	0.7527342316152911
0.0925	0.7526385973948513
0.0926	0.7525428722459138
0.0927	0.7524470562046566
0.09280000000000001	0.7523511493072849
0.09290000000000001	0.7522551515900326
0.093	0.7521590630891585
0.0931	0.7520628838409451
0.0932	0.7519666138817261
0.09330000000000001	0.7518702532478291
0.09340000000000001	0.7517738019756368
0.0935	0.7516772601015537
0.0936	0.7515806276619985
0.0937	0.7514839046934397
0.09380000000000001	0.7513870912323535
0.09390000000000001	0.7512901873152614
0.094	0.7511931929786999
0.0941	0.7510961082592387
0.0942	0.7509989331934805
0.09430000000000001	0.7509016678180421
0.0944	0.7508043121695785
0.0945	0.7507068662847766
0.0946	0.7506093302003353
0.0947	0.7505117039530071
0.09480000000000001	0.7504139875795419
0.0949	0.7503161811167354
0.095	0.750218284601405
0.0951	0.750120298070409
0.0952	0.7500222215606105
0.09530000000000001	0.7499240551089175
0.0954	0.7498257987522655
0.0955	0.7497274525276078
0.0956	0.7496290164719304
0.09570000000000001	0.7495304906222467
0.09580000000000001	0.7494318750155985
0.0959	0.749333169689059
0.096	0.7492343746797204
0.0961	0.7491354900247055
0.09620000000000001	0.749036515761165
0.09630000000000001	0.7489374519262836
0.0964	0.7488382985572628
0.0965	0.7487390556913341
0.0966	0.7486397233657699
0.09670000000000001	0.7485403016178432
0.09680000000000001	0.7484407904848881
0.0969	0.748341190004231
0.097	0.748241500213254
0.0971	0.7481417211493502
0.09720000000000001	0.748041852849943
0.09730000000000001	0.7479418953524903
0.0974	0.7478418486944727
0.0975	0.7477417129133952
0.0976	0.747641488046785
0.09770000000000001	0.7475411741322164
0.0978	0.7474407712072695
0.0979	0.7473402793095613
0.098	0.7472396984767408
0.0981	0.7471390287464694
0.09820000000000001	0.7470382701564527
0.0983	0.7469374227444139
0.0984	0.7302110480362423
0.0985	0.730112269959808
0.09860000000000001	0.730013405151653
0.09870000000000001	0.7299144536487715
0.0988	0.7298154154881743
0.0989	0.7297162907069042
0.099	0.7296170793420406
0.09910000000000001	0.7295177814306631
0.09920000000000001	0.7294183970099098
0.0993	0.7293189261169235
0.0994	0.729219368788868
0.0995	0.7291197250629621
0.09960000000000001	0.7290199949764153
0.09970000000000001	0.7289201785664946
0.0998	0.728820275870474
0.0999	0.7287202869256529
0.1	0.728620211769378
0.1009	0.7277156620196036
0.1018	0.7268041595098335
0.1027	0.7258857317384423
0.10360000000000001	0.7249604063724875
0.10450000000000001	0.7240282112464591
0.10540000000000001	0.7230891743610629
0.1063	0.7221433238819686
0.1072	0.7211906881385604
0.1081	0.7202312956226945
0.109	0.7192651749874208
0.1099	0.7182923550457417
0.11080000000000001	0.7173128647693425
0.11170000000000001	0.7163267332872949
0.1126	0.7153339898848202
0.1135	0.7143346640019645
0.1144	0.7133287852323349
0.1153	0.7123163833218147
0.1162	0.7112974881672397
0.11710000000000001	0.7102721298151314
0.11800000000000001	0.7092403384603657
0.1189	0.7082021444448665
0.1198	0.7071575782563095
0.1207	0.7061066705267873
0.12160000000000001	0.7050494520314856
0.1225	0.6881375926010648
0.12340000000000001	0.6870919135763752
0.12430000000000001	0.6860401571021095
0.1252	0.6849823538069627
0.1261	0.6839185344529621
0.127	0.6828487299341932
0.1279	0.6817729712754428
0.1288	0.6806912896308895
0.1297	0.679603716282778
0.1306	0.6785102826400875
0.1315	0.6619871805772308
0.13240000000000002	0.6609072690703315
0.1333	0.6598217236817537
0.1342	0.6587305755874214
0.1351	0.6576338560805723
0.136	0.6565315965704066
0.13690000000000002	0.6554238285807953
0.1378	0.654310583748944
0.1387	0.6531918938240694
0.1396	0.652067790666074
0.1405	0.6509383062442108
0.1414	0.6498034726357459
0.1423	0.6486633220246355
0.1432	0.6475178867001681
0.1441	0.6463671990556398
0.14500000000000002	0.6452112915870066
0.1459	0.6440501968915318
0.1468	0.6428839476664487
0.1477	0.6417125767076067
0.1486	0.6405361169081195
0.1495	0.639354601257006
0.1504	0.6381680628378462
0.1513	0.6369765348274188
0.1522	0.6357800504943409
0.1531	0.6345786431977077
0.154	0.6333723463857313
0.1549	0.6321611935943825
0.1558	0.6309452184460146
0.1567	0.6297244546480045
0.15760000000000002	0.6284989359913896
0.1585	0.6272686963494813
0.15940000000000001	0.6260337696765219
0.1603	0.6247941900062841
0.1612	0.6235499914507153
0.1621	0.6223012081985738
0.163	0.6210478745140241
0.1639	0.6055152870274138
0.1648	0.590202316347076
0.16570000000000001	0.5751082854975603
0.1666	0.5739238817581365
0.1675	0.5727353994114608
0.1684	0.5715428707751145
0.1693	0.5703463282279686
0.17020000000000002	0.5691458042088637
0.1711	0.5679413312153632
0.172	0.5667329418024412
0.1729	0.5655206685812171
0.1738	0.5643045442176463
0.17470000000000002	0.563084601431262
0.1756	0.5618608729938596
0.1765	0.5606333917282446
0.1774	0.559402190506911
0.17830000000000001	0.5581673022507881
0.1792	0.556928759927928
0.1801	0.5424301918128774
0.181	0.5412141536625535
0.1819	0.5399946455680845
0.18280000000000002	0.5387716998819949
0.1837	0.5375453489965382
0.1846	0.5363156253424672
0.1855	0.5350825613877664
0.1864	0.5338461896364085
0.18730000000000002	0.5326065426270981
0.1882	0.5185344311413917
0.1891	0.5173184130127518
0.19	0.5034863490475955
0.19090000000000001	0.5022940267598859
0.1918	0.5010987420128638
0.19269999999999998	0.4999005259558737
0.1936	0.4986994097630161
0.1945	0.49749542463196483
0.19540000000000002	0.49628860178279094
0.1963	0.4950789724567725
0.1972	0.49386656791522693
0.1981	0.4926514194383283
0.199	0.49143355832393754
0.19990000000000002	0.4902130158864188
0.2008	0.48898982345547803
0.2017	0.48776401237497824
0.2026	0.48653561400178624
0.20350000000000001	0.48530465970459374
0.2044	0.4840711808627532
0.20529999999999998	0.4828352088651181
0.2062	0.46968139341422815
0.2071	0.46847122838228966
0.20800000000000002	0.4672587238842562
0.2089	0.46604391055742406
0.2098	0.46482681904269985
0.2107	0.4636074799834754
0.2116	0.46238592402450834
0.21250000000000002	0.4611621818107967
0.2134	0.45993628398646375
0.2143	0.4587082611936491
0.2152	0.4574781440713893
0.21610000000000001	0.45624596325449945
0.217	0.45501174937248506
0.21789999999999998	0.45377553304841145
0.2188	0.4525373448978231
0.2197	0.4512972155276227
0.22060000000000002	0.45005517553498964
0.2215	0.4488112555062724
0.2224	0.44756548601589435
0.2233	0.4463178976252714
0.2242	0.4450685208817227
0.2251	0.44381738631737633
0.226	0.44256452444809685
0.2269	0.4413099657723999
0.2278	0.4400537407703837
0.22870000000000001	0.4419731131037659
0.2296	0.44070291961662916
0.2305	0.43943115689144574
0.2314	0.4381578554998493
0.2323	0.43688304598660965
0.2332	0.43560675887097167
0.2341	0.43432902464560114
0.23500000000000001	0.4330498737755188
0.2359	0.431769336697049
0.2368	0.430487443816783
0.2377	0.42920422551052256
0.2386	0.42791971212224456
0.2395	0.4159842336947996
0.2404	0.41472933208304325
0.24130000000000001	0.4134732565831264
0.2422	0.41221603664592177
0.2431	0.41095770168623813
0.244	0.4096982810818221
0.2449	0.3981133759211908
0.2458	0.3968837460696257
0.2467	0.39565314398871076
0.24760000000000001	0.39442159815799727
0.2485	0.393189137016111
0.2494	0.39195578895980454
0.25029999999999997	0.39072158234302296
0.2512	0.38948654547594636
0.2521	0.3882507066240663
0.253	0.3870140940072606
0.2539	0.38577673579884236
0.2548	0.3845386601246571
0.25570000000000004	0.38329989506215284
0.2566	0.38206046863946647
0.2575	0.38082040883451546
0.25839999999999996	0.3795797435740751
0.2593	0.37833850073289704
0.2602	0.3770967081327865
0.2611	0.37585439354172623
0.262	0.37461158467297545
0.2629	0.3733683091841769
0.26380000000000003	0.37212459467649445
0.2647	0.3708804686937087
0.2656	0.3696359587213661
0.2665	0.3683910921858892
0.26739999999999997	0.36714589645372936
0.2683	0.3659003988304936
0.2692	0.36465462656009207
0.2701	0.3634086068238901
0.271	0.36216236673985314
0.27190000000000003	0.36091593336171063
0.27280000000000004	0.359669333678115
0.2737	0.3584225946118049
0.2746	0.34803122457938007
0.27549999999999997	0.34681620543597275
0.2764	0.3456011290270796
0.2773	0.3443860213196089
0.2782	0.33427099813485434
0.2791	0.33308741268643177
0.28	0.33190387246494807
0.28090000000000004	0.33072040249186524
0.2818	0.3295370277191687
0.2827	0.3283537730286056
0.28359999999999996	0.318574213659949
0.2845	0.31742235128143276
0.2854	0.3162706783215548
0.2863	0.31511921872594256
0.2872	0.3139679963682709
0.2881	0.31281703504957886
0.28900000000000003	0.31166635849755464
0.2899	0.3105159903658727
0.2908	0.30936595423348817
0.29169999999999996	0.308216273603968
0.29259999999999997	0.30706697190481713
0.2935	0.30591807248680464
0.2944	0.3047695986232989
0.2953	0.303621573509609
0.2962	0.30247402026233505
0.29710000000000003	0.30132696191870506
0.298	0.30018042143594387
0.2989	0.2990344216906172
0.2998	0.29788898547801596
0.30069999999999997	0.2967441355115023
0.3016	0.2955998944219062
0.3025	0.2944562847568883
0.3034	0.2933133289803347
0.3043	0.29217104947174066
0.3052	0.28328079983227944
0.30610000000000004	0.2821703157688847
0.307	0.2810605550048505
0.3079	0.2799515389877069
0.30879999999999996	0.2788432890799422
0.3097	0.27773582655844214
0.3106	0.2766291726139244
0.3115	0.2755233483503912
0.3124	0.2744183747845737
0.3133	0.27331427284539833
0.31420000000000003	0.27221106337342843
0.3151	0.2711087671203498
0.316	0.2700074047484303
0.31689999999999996	0.26890699683
0.31779999999999997	0.2678075638469263
0.3187	0.26670912619011156
0.3196	0.26561170415897173
0.3205	0.26451531796094363
0.3214	0.26341998771097797
0.32230000000000003	0.26232573343105486
0.3232	0.2612325750496859
0.3241	0.2601405324014385
0.325	0.25904962522646036
0.32589999999999997	0.2579598731699977
0.3268	0.2568712957819361
0.3277	0.2557839125163395
0.3286	0.25469774273098744
0.3295	0.2536128056869274
0.3304	0.25252912054802695
0.33130000000000004	0.25144670638053895
0.3322	0.25036558215265925
0.3331	0.24928576673409708
0.33399999999999996	0.24820727889565358
0.3349	0.24046162814100727
0.3358	0.23941488627574858
0.3367	0.23836949050723893
0.3376	0.23732545870910443
0.3385	0.23628280865674456
0.33940000000000003	0.2352415580269473
0.3403	0.23420172439751305
0.3412	0.23316332524688943
0.34209999999999996	0.2321263779537934
0.34299999999999997	0.2310908997968596
0.3439	0.23005690795427658
0.3448	0.229024419503445
0.3457	0.22799345142062377
0.3466	0.22696402058059373
0.34750000000000003	0.22593614375632032
0.3484	0.22490983761862723
0.3493	0.22388511873587083
0.35019999999999996	0.22286200357361508
0.35109999999999997	0.22184050849432696
0.352	0.22082064975705973
0.3529	0.21980244351715358
0.3538	0.21878590582593582
0.3547	0.2177710526304281
0.3556	0.21675789977306184
0.35650000000000004	0.21574646299138514
0.35740000000000005	0.21473675791780175
0.35829999999999995	0.2137288000792857
0.35919999999999996	0.21272260489712094
0.3601	0.21171818768663497
0.361	0.21071556365695232
0.3619	0.20971474791073022
0.3628	0.20871575544392795
0.3637	0.20771860114555432
0.36460000000000004	0.20106910308732853
0.36550000000000005	0.2001028523026142
0.36639999999999995	0.19913843230095182
0.36729999999999996	0.19817585714422187
0.36819999999999997	0.19174626313843335
0.3691	0.190814020176747
0.37	0.18988361136907023
0.3709	0.18895504997585505
0.3718	0.18802834915460406
0.37270000000000003	0.18710352195969757
0.37360000000000004	0.18618058134221524
0.37449999999999994	0.18525954014977838
0.37539999999999996	0.18434041112637387
0.37629999999999997	0.1834232069122099
0.3772	0.17737586284168352
0.3781	0.17648824068109176
0.379	0.17560252550137465
0.3799	0.1747187291808959
0.3808	0.17383686349646155
0.38170000000000004	0.169015742600106
0.38260000000000005	0.16815765934525861
0.38349999999999995	0.16247512118546628
0.38439999999999996	0.16164555832452923
0.3853	0.15611067762934505
0.3862	0.15530909453710515
0.3871	0.15450936979740446
0.388	0.15371151344513528
0.3889	0.15291553542081923
0.38980000000000004	0.15212144557053126
0.39070000000000005	0.1513292536458361
0.39159999999999995	0.150538969303723
0.39249999999999996	0.149750602106545
0.39339999999999997	0.14453927056571947
0.3943	0.14377808300623784
0.3952	0.1430187830337017
0.3961	0.14226137955638393
0.397	0.1415058813905147
0.39790000000000003	0.14075229726025174
0.39880000000000004	0.1400006357976487
0.39969999999999994	0.13925090554263558
0.40059999999999996	0.13495827715308423
0.40149999999999997	0.13423206986121206
0.4024	0.13350777021092108
0.4033	0.13278538611909382
0.4042	0.13206492541264625
0.4051	0.13134639582876867
0.406	0.13062980501495006
0.40690000000000004	0.1299151605289818
0.40780000000000005	0.12920246983897093
0.40869999999999995	0.12849174032335917
0.40959999999999996	0.1277829792709437
0.4105	0.12707619388090305
0.4114	0.126371391262828
0.4123	0.12566857843675194
0.4132	0.12496776233319044
0.4141	0.12426894979318197
0.41500000000000004	0.12357214756833122
0.41590000000000005	0.1191248814074056
0.41679999999999995	0.11845330258357871
0.41769999999999996	0.11852899301213597
0.41859999999999997	0.11785694354436069
0.4195	0.11718689350398037
0.4204	0.11651884888966198
0.4213	0.11585281561616405
0.4222	0.11518879951020142
0.42310000000000003	0.11452680631193586
0.42400000000000004	0.11386684167504757
0.42489999999999994	0.11320891116682746
0.42579999999999996	0.11255302026826818
0.42669999999999997	0.11189917437415549
0.4276	0.11124737879316805
0.4285	0.11059763874797603
0.4294	0.10994995937534664
0.4303	0.10930434572625147
0.4312	0.10866080276597746
0.43210000000000004	0.10801933537424126
0.43300000000000005	0.107379948345308
0.43389999999999995	0.1067426463881114
0.43479999999999996	0.1028276573341251
0.4357	0.10221413870758357
0.4366	0.10160265397033125
0.4375	0.10099320735289581
0.4384	0.10038580300376701
0.4393	0.0997804449895335
0.44020000000000004	0.09917713729502525
0.44110000000000005	0.09857588382345574
0.44199999999999995	0.09797668839656819
0.44289999999999996	0.09737955475478992
0.4438	0.09678448655737873
0.4447	0.09619148738258586
0.4456	0.09560056072781233
0.4465	0.09501171000977142
0.4474	0.09442493856465677
0.44830000000000003	0.0938402496483086
0.44920000000000004	0.09325764643638557
0.45009999999999994	0.09267713202454277
0.45099999999999996	0.09209870942860628
0.45189999999999997	0.09152238158475517
0.4528	0.09094815134970649
0.4537	0.09037602150090078
0.4546	0.08980599473669253
0.4555	0.08923807367654259
0.45640000000000003	0.0886722608612133
0.45730000000000004	0.0881085587529701
0.45819999999999994	0.08754696973577843
0.45909999999999995	0.08698749611551151
0.45999999999999996	0.08643014012015499
0.4609	0.08587490390002056
0.4618	0.08532178952795388
0.4627	0.08477079899955439
0.4636	0.08422193423339165
0.4645	0.08367519707122698
0.46540000000000004	0.08313058927823634
0.46630000000000005	0.08299323344147069
0.46719999999999995	0.08245105090781776
0.46809999999999996	0.08191101052694971
0.469	0.07927122735587191
0.4699	0.07874974545918478
0.4708	0.07823035506271482
0.4717	0.07851387000221982
0.4726	0.0779948003287691
0.47350000000000003	0.07747784289949888
0.47440000000000004	0.07696299856998547
0.47529999999999994	0.07645026812479856
0.47619999999999996	0.07637353707043092
0.47709999999999997	0.07586245302922896
0.478	0.07535349804661205
0.4789	0.07484667257990398
0.4798	0.0743419770152149
0.4807	0.07383941166802381
0.48160000000000003	0.07333897678344975
0.48250000000000004	0.07284067253652711
0.48339999999999994	0.07234449903248319
0.48429999999999995	0.07185045630701707
0.48519999999999996	0.07135854432658262
0.4861	0.06864046543954155
0.487	0.06816823924815091
0.4879	0.06769807602875237
0.4888	0.06722997547854721
0.4897	0.06676393722910887
0.49060000000000004	0.066299960846669
0.49150000000000005	0.06583804583240373
0.49239999999999995	0.06537819162272385
0.49329999999999996	0.06492039758956415
0.4942	0.06446466304068009
0.4951	0.06401098721993971
0.496	0.06355936930762109
0.4969	0.06310980842071269
0.4978	0.06266230361321297
0.49870000000000003	0.062216853876432616
0.49960000000000004	0.06177345813929942
0.5005	0.061332115268663834
0.5014	0.06089282406960752
0.5023	0.060455583285752644
0.5032	0.06002039159957273
0.5041	0.05958724763270653
0.505	0.05726827991536608
0.5059	0.056853017833501156
0.5068	0.056439733332924354
0.5077	0.05602842484296068
0.5085999999999999	0.055619090735627846
0.5095	0.05521172932594904
0.5104	0.05480633887226855
0.5113	0.05440291757656465
0.5122	0.0540014635847695
0.5131	0.053601974987085015
0.514	0.05320444981830355
0.5149	0.05280888605813023
0.5158	0.05241528163150405
0.5167	0.05202363440892263
0.5176	0.05163394220676734
0.5185	0.05124620278762999
0.5194	0.05086041386064111
0.5203	0.050476573081798363
0.5212	0.050094678054298
0.5221	0.04971472632886587
0.523	0.04933671540409079
0.5239	0.04896064272675874
0.5248	0.04858650569218741
0.5257	0.04850377045190861
0.5266	0.04813250156130273
0.5275	0.04776316335484206
0.5284	0.04739575300422342
0.5293	0.04703026763143989
0.5302	0.04666670430913161
0.5311	0.043340627698680294
0.532	0.04300417530009378
0.5329	0.04266951188663606
0.5337999999999999	0.04233663453237191
0.5347	0.042005540266897845
0.5356	0.04167622607566976
0.5365	0.041348688900329875
0.5374	0.041022925639034105
0.5383	0.04069893314678147
0.5392	0.04037670823574331
0.5401	0.04005624767559371
0.541	0.039737548193840525
0.5419	0.039420606476157506
0.5428	0.03910541916671583
0.5437	0.03879198286851805
0.5446	0.038480294143732205
0.5455	0.038170349514025176
0.5464	0.03786214546089855
0.5473	0.03755567842602449
0.5482	0.03725094481158117
0.5491	0.03694794098059016
0.55	0.036646663257253645
0.5509	0.03634710792729283
0.5518	0.036049271238285246
0.5527	0.0357531494000049
0.5536	0.035458738584760605
0.5545	0.03516603492773627
0.5554	0.034875034527331504
0.5563	0.034585733445501456
0.5572	0.03429812770809827
0.5581	0.03401221330521272
0.5589999999999999	0.03372798619151574
0.5599	0.033445442286600346
0.5608	0.033164577475324516
0.5617	0.032885387608153564
0.5626	0.03260786850150325
0.5635	0.032332015938083075
0.5644	0.032057825667239734
0.5653	0.031785293405300764
0.5662	0.03151441483591852
0.5670999999999999	0.03124518561041461
0.568	0.030977601348123524
0.5689	0.030711657636737524
0.5698	0.030447350032651248
0.5707	0.03018467406130594
0.5716	0.02992362521753452
0.5725	0.02966419896590648
0.5734	0.029406390741072427
0.5743	0.029150195948109355
0.5752	0.028895609962865207
0.5761	0.028642628132304383
0.577	0.02839124577485188
0.5779	0.02814145818073868
0.5788	0.027893260612346506
0.5797	0.02764664830455255
0.5806	0.02740161646507386
0.5815	0.02715816027481237
0.5824	0.026916274888198817
0.5833	0.026675955433537377
0.5841999999999999	0.026437197013349772
0.5851	0.026199994704718423
0.586	0.02596434355963171
0.5869	0.025730238605325837
0.5878	0.025497674844629056
0.5887	0.02526664725630459
0.5896	0.025037150795393284
0.5905	0.024809180393555688
0.5914	0.024582730959414986
0.5922999999999999	0.024357797378898313
0.5932	0.024134374515577997
0.5941	0.02391245721101362
0.595	0.023692040285091906
0.5959	0.023473118536367535
0.5968	0.0232556867424027
0.5977	0.02303973966010747
0.5986	0.02282527202607793
0.5995	0.022612278556935435
0.6003999999999999	0.022400753949664905
0.6013	0.02219069288195149
0.6022	0.021982090012519277
0.6031	0.02177493998146662
0.604	0.021569237410603005
0.6049	0.021364976903784194
0.6058	0.021162153047247344
0.6067	0.020960760409945565
0.6075999999999999	0.020760793543881443
0.6084999999999999	0.020562246984440303
0.6093999999999999	0.020365115250722567
0.6103	0.020169392845875923
0.6112	0.01997507425742649
0.6121	0.019782153957608833
0.613	0.019590626403696434
0.6139	0.01940048603833032
0.6148	0.019211727289847703
0.6156999999999999	0.019024344572609334
0.6165999999999999	0.018838332287326447
0.6174999999999999	0.018653684821387122
0.6184	0.018470396549180975
0.6193	0.018288461832424326
0.6202	0.017512438008052713
0.6211	0.017339217058569282
0.622	0.01716728734593589
0.6229	0.0169966433763111
0.6237999999999999	0.016827279645191078
0.6246999999999999	0.016659190637718972
0.6255999999999999	0.016492370828991503
0.6265	0.016326814684366114
0.6274	0.016162516659766448
0.6283	0.015999471201986946
0.6292	0.015837672748996914
0.6301	0.01567711573024327
0.631	0.015517794566952474
0.6319	0.015359703672431165
0.6327999999999999	0.015202837452366703
0.6336999999999999	0.015047190305125415
0.6345999999999999	0.014892756622050952
0.6355	0.01473953078776098
0.6364	0.014587507180443118
0.6373	0.014436680172149604
0.6382	0.014287044129091172
0.6391	0.014138593411929395
0.64	0.01399132237606855
0.6408999999999999	0.013845225371946032
0.6417999999999999	0.013700296745321324
0.6426999999999999	0.013556530837564662
0.6436	0.01341392198594356
0.6445	0.013272464523909316
0.6454	0.013132152781381256
0.6463	0.012992981085030502
0.6472	0.012854943758562273
0.6481	0.012718035122997138
0.6489999999999999	0.012582249496950814
0.6498999999999999	0.012447581196913133
0.6507999999999999	0.012314024537525317
0.6517	0.01218157383185635
0.6526	0.012050223391677913
0.6535	0.01191996752773822
0.6544	0.012165949183904717
0.6553	0.01203640460289064
0.6562	0.011907939051218815
0.6571	0.011780546842204738
0.6579999999999999	0.011654222290216553
0.6588999999999999	0.011528959710194561
0.6597999999999999	0.011404753418161844
0.6607	0.011281597731493672
0.6616	0.011159486969173722
0.6625	0.01103841545205327
0.6634	0.01091837750311029
0.6643	0.01079936744770451
0.6652	0.010681379613832634
0.6660999999999999	0.010564408332382234
0.6669999999999999	0.010448447937383335
0.6678999999999999	0.010333492766259604
0.6688	0.01021953716007727
0.6697	0.01010657546379301
0.6706	0.009994602026500174
0.6715	0.00925048790821249
0.6724	0.00914784237726075
0.6733	0.00904610178266729
0.6741999999999999	0.008945260878747604
0.6750999999999999	0.008845314424840899
0.6759999999999999	0.00874625718553126
0.6769	0.008648083930866584
0.6778	0.008550789436576764
0.6787	0.00845436848428994
0.6796	0.008358815861747658
0.6805	0.008264126363018395
0.6814	0.008170294788709703
0.6822999999999999	0.007809583891032578
0.6831999999999999	0.007720665755159372
0.6840999999999999	0.007632559913871658
0.6849999999999999	0.007545261381590896
0.6859	0.00745876518006525
0.6868	0.007373066338565452
0.6877	0.007288159894079208
0.6886	0.007204040891504086
0.6895	0.006881918245758943
0.6904	0.006802284450872331
0.6912999999999999	0.006723395206097235
0.6921999999999999	0.006645245769869574
0.6930999999999999	0.0065678314091739244
0.694	0.006491147399720897
0.6949	0.0064151890261226726
0.6958	0.006339951582067678
0.6967	0.006265430370493291
0.6976	0.00619162070375724
0.6985	0.006118517903807892
0.6993999999999999	0.0059583078136852055
0.7002999999999999	0.005887395953976717
0.7011999999999999	0.0058171707415865725
0.7021	0.005747627576000209
0.703	0.005678761867002603
0.7039	0.005610569034838958
0.7048	0.005543044510373658
0.7057	0.005476183735247993
0.7066	0.0054099821620363815
0.7074999999999999	0.0053444352544010625
0.7083999999999999	0.005279538487245219
0.7092999999999999	0.005039022930198193
0.7101999999999999	0.005065770503665483
0.7111	0.005004600039377221
0.712	0.004944040136507285
0.7129	0.004884086487386403
0.7138	0.004824734796490349
0.7147	0.0047659807800835155
0.7156	0.004802631931908611
0.7164999999999999	0.0047445772404446414
0.7173999999999999	0.004687109157775084
0.7182999999999999	0.004630223444451056
0.7192	0.004573915874047052
0.7201	0.004518182232835628
0.721	0.004463018320064227
0.7219	0.0044084199480797495
0.7228	0.004354382942451032
0.7237	0.004300903142089836
0.7245999999999999	0.0042479763993707575
0.7254999999999999	0.004056603246452224
0.7263999999999999	0.004006647214863045
0.7273	0.003957211522741624
0.7282	0.003908292233941274
0.7291	0.003730482762042877
0.73	0.0036843482126605966
0.7309	0.0036386989842648876
0.7318	0.0035935313467748455
0.7326999999999999	0.00354884158352182
0.7335999999999999	0.003504625991346096
0.7344999999999999	0.003460880880692174
0.7353999999999999	0.0034176025757027472
0.7363	0.003374787414311264
0.7372	0.003332431748333145
0.7381	0.0032905319435556305
0.739	0.003249084379826349
0.7399	0.003208085451140402
0.7408	0.003167531565726127
0.7416999999999999	0.0031274191461296
0.7425999999999999	0.0030877446292976378
0.7434999999999999	0.0030485044666595314
0.7444	0.0030096951242074167
0.7453	0.0029713130825752593
0.7462	0.0029333548371164864
0.7471	0.0028958168979803696
0.748	0.0028586957901868453
0.7489	0.0028219880537002323
0.7497999999999999	0.0027856902435014043
0.7506999999999999	0.0027497989296587488
0.7515999999999999	0.0027143106973977218
0.7525	0.0026792221471690224
0.7534	0.002557831129106209
0.7543	0.002524800818908281
0.7552	0.0024921449211141276
0.7561	0.002459860230892906
0.757	0.002427943558354622
0.7578999999999999	0.002396391728607774
0.7587999999999999	0.0023652015818156594
0.7596999999999999	0.0023343699732515186
0.7605999999999999	0.0022281944549809103
0.7615	0.0021992006956137703
0.7624	0.002170542296930202
0.7633	0.002298612831535509
0.7642	0.002269878711070664
0.7651	0.002241472830118502
0.766	0.0022133922975393298
0.7668999999999999	0.0021856342369870104
0.7677999999999999	0.0021581957869743636
0.7686999999999999	0.002063673807829982
0.7696	0.002037874753840665
0.7705	0.0020123743132556943
0.7714	0.0019871698014985017
0.7723	0.0020657756885706204
0.7732	0.00204065633634946
0.7741	0.00201582674673501
0.7749999999999999	0.0019912843020600626
0.7758999999999999	0.001967026399353973
0.7767999999999999	0.0018836330875404352
0.7777	0.0018608323604432761
0.7786	0.0016947701629453516
0.7795	0.0016731575047361858
0.7804	0.0016518035143220147
0.7813	0.0016307057637697077
0.7822	0.0016098618393104952
0.7830999999999999	0.0015892693413591381
0.7839999999999999	0.0015689258845319927
0.7848999999999999	0.0015488290976641025
0.7857999999999999	0.001528976623825169
0.7867	0.0015093661203346412
0.7876	0.0014899952587756169
0.7885	0.0014708617250078812
0.7894	0.0014519632191798387
0.7903	0.0014332974557394827
0.7912	0.0014148621634443427
0.7920999999999999	0.0013537043974196133
0.7929999999999999	0.0013364125923706813
0.7938999999999999	0.001319335268473858
0.7948	0.0013024703084197648
0.7957	0.0012858156086279222
0.7966	0.0012693690792504155
0.7975	0.001253128644174637
0.7984	0.0012370922410251518
0.7993	0.0012212578211645967
0.8001999999999999	0.0012056233496936725
0.8010999999999999	0.0011901868054502603
0.8019999999999999	0.001174946181007617
0.8029	0.0011598994826716351
0.8038	0.001145044730477285
0.8047	0.001167491089125042
0.8056	0.0011532206498336096
0.8065	0.0011391303002988662
0.8074	0.0010927132378924552
0.8082999999999999	0.0010795118261390229
0.8091999999999999	0.0010664776233997395
0.8100999999999999	0.001053608917135179
0.8109999999999999	0.001040904007261797
0.8119	0.0010283612061403507
0.8128	0.0010159788385638124
0.8137	0.001003755241744514
0.8146	0.0009916887653004729
0.8155	0.0009797777712410223
0.8163999999999999	0.0009680206339516773
0.8172999999999999	0.0009564157401782679
0.8181999999999999	0.0009449614890103576
0.8190999999999999	0.0009336562918638784
0.82	0.0009224985724631025
0.8209	0.0010443870781948394
0.8218	0.001032970998065018
0.8227	0.0010217006805425817
0.8236	0.001010574617317929
0.8245	0.000999591312142551
0.8253999999999999	0.000988749280807896
0.8262999999999999	0.0009780470511256932
0.8271999999999999	0.0009674831629018301
0.8281	0.0009570561679112617
0.829	0.0009467646298728172
0.8299	0.0009366071244222436
0.8308	0.0009265822390853497
0.8317	0.0009166885732503057
0.8326	0.0009069247381393215
0.8334999999999999	0.0008972893567796756
0.8343999999999999	0.000887781063974117
0.8352999999999999	0.0008783985062706574
0.8361999999999999	0.000869140341931736
0.8371	0.0008600052409027732
0.838	0.000850991884780125
0.8389	0.0008231614146858274
0.8398	0.0008147175811677853
0.8407	0.0008063867489464934
0.8415999999999999	0.0007981677060107226
0.8424999999999999	0.0007900592512914129
0.8433999999999999	0.0007820601946275841
0.8442999999999999	0.000774169356731717
0.8452	0.0007663855691545979
0.8461	0.0007587076742496414
0.847	0.0007511345251366902
0.8479	0.0007279824652938527
0.8488	0.0007208951038333965
0.8497	0.0007139049190868276
0.8505999999999999	0.000707010860331623
0.8514999999999999	0.0007002118869120447
0.8523999999999999	0.0006935069682016371
0.8533	0.0006868950835652713
0.8542	0.0006667031330072708
0.8551	0.0006605220253627874
0.856	0.0006544271995100474
0.8569	0.0007226415793593259
0.8578	0.0007031831464009109
0.8586999999999999	0.0006973362766205007
0.8595999999999999	0.0006915708632459478
0.8604999999999999	0.0006858860596216713
0.8613999999999999	0.0006802810276430546
0.8623	0.0006747549377807687
0.8632	0.0006693069690419713
0.8641	0.0006639363089308435
0.865	0.0006586421534089053
0.8659	0.0006534237068550262
0.8667999999999999	0.000648280182025047
0.8676999999999999	0.0006432108000111136
0.8685999999999999	0.0006382147902006889
0.8694999999999999	0.0006332913902352398
0.8704	0.0006284398459686271
0.8713	0.0006236594114251899
0.8722	0.0006189493487575252
0.8731	0.0006143089282039762
0.874	0.0006097374280458425
0.8749	0.0006052341345642911
0.8757999999999999	0.0006007983419970032
0.8766999999999999	0.0005964293524945358
0.8775999999999999	0.0005921264760764306
0.8785	0.0005878890305870422
0.8794	0.0005837163416511312
0.8803	0.0005796077426291764
0.8812	0.0005755625745724731
0.8821	0.0005715801861779559
0.883	0.0005676599337428104
0.8838999999999999	0.0005638011811188414
0.8847999999999999	0.0005600032996666105
0.8856999999999999	0.0005562656682093627
0.8865999999999999	0.0005525876729867294
0.8875	0.0005489687076082204
0.8884	0.0005454081730065107
0.8893	0.0005419054773905239
0.8902	0.0005384600361983238
0.8911	0.0005350712720498051
0.8919999999999999	0.0005317386146992162
0.8928999999999999	0.0005222715072537698
0.8937999999999999	0.0005191782178473238
0.8946999999999999	0.0005161373093626521
0.8956	0.0005131482677240391
0.8965	0.0005102105853805601
0.8974	0.000507323761259954
0.8983	0.0005044873007223868
0.8992	0.0005017007155140446
0.9001	0.0004989635237206181
0.9009999999999999	0.0004962752497206511
0.9018999999999999	0.0004936354241387564
0.9027999999999999	0.0004910435837987407
0.9037	0.0004884992716765776
0.9046	0.00048600203685330396
0.9055	0.00048355143446779646
0.9064	0.0004811470256694506
0.9073	0.00047878837757076595
0.9082	0.00047647506319983634
0.9090999999999999	0.00047420666145276443
0.9099999999999999	0.0004719827570459838
0.9108999999999999	0.0004698029404685057
0.9117999999999999	0.00046766680793410204
0.9127	0.0005517919243087389
0.9136	0.0005496374263294162
0.9145	0.0005475283794087941
0.9154	0.0005454643993724488
0.9163	0.0005434451075594329
0.9171999999999999	0.0005414701305865549
0.9180999999999999	0.0005395391003630254
0.9189999999999999	0.0005376516540425861
0.9198999999999999	0.0005358074339753888
0.9208	0.000534006087659956
0.9217	0.0005322472676951146
0.9226	0.000530530631731888
0.9235	0.0005288558424254113
0.9244	0.0005272225673868142
0.9252999999999999	0.0005256304791351162
0.9261999999999999	0.0005240792550491214
0.9270999999999999	0.0005225685773193206
0.9279999999999999	0.000521098132899805
0.9289	0.0006084918692486615
0.9298	0.0006070611477009094
0.9307	0.0006056725155709723
0.9316	0.0006043256738028695
0.9325	0.0006030203279165422
0.9334	0.000730855617127247
0.9342999999999999	0.0007296239709291225
0.9351999999999999	0.0007284365286592765
0.9360999999999999	0.0007272930070722661
0.9369999999999999	0.0007261931271293686
0.9379	0.0007251366137483972
0.9388	0.0007241231958243046
0.9397	0.000723152606183428
0.9406	0.0007222245815362057
0.9415	0.0007213388624305668
0.9423999999999999	0.0008628412361398424
0.9432999999999999	0.0008620853225576002
0.9441999999999999	0.0008613744377116931
0.9450999999999999	0.0008607083294162591
0.946	0.0008600867491239979
0.9469	0.0008595094516491813
0.9478	0.0008589761951990116
0.9487	0.0008584867413293399
0.9496	0.0008580408548989116
0.9504999999999999	0.0008576383040243173
0.9513999999999999	0.0008572788600352385
0.9522999999999999	0.0008569622974294465
0.9531999999999999	0.0008566883938282283
0.9541	0.0008564569299318089
0.955	0.0008562676894749661
0.9559	0.0008561204591827856
0.9568	0.0008560150287265296
0.9577	0.0008559511906796858
0.9586	0.0008559287404741513
0.9594999999999999	0.0008559474763565763
0.9603999999999999	0.0008560071993448578
0.9612999999999999	0.0008561077131848146
0.9621999999999999	0.00085624882430699
0.9631	0.0008564303417836708
0.964	0.0008566520772860303
0.9649	0.0008569138450414635
0.9658	0.0008572154617911123
0.9667	0.0008575567467475435
0.9675999999999999	0.0008579375215526242
0.9684999999999999	0.0008583576102355837
0.9693999999999999	0.0008588168391712441
0.9702999999999999	0.0008593150370384798
0.9712	0.0008598520347788164
0.9721	0.0008604276655552723
0.973	0.0008610417647113887
0.9739	0.0008616941697304289
0.9748	0.000862384720194824
0.9756999999999999	0.0008631132577458131
0.9765999999999999	0.000863879626043265
0.9774999999999999	0.000864683670725751
0.9783999999999999	0.000865525239370813
0.9793	0.0008664041814554413
0.9802	0.0008673203483167902
0.9811	0.0008682735931130938
0.982	0.0008692637707848232
0.9829	0.0008702907380160715
0.9838	0.0008710709435655101
0.9846999999999999	0.0008721879270660899
0.9855999999999999	0.0008733403135674863
0.9864999999999999	0.000874527970707258
0.9873999999999999	0.0008757507675691046
0.9883	0.0008770085746477285
0.9892	0.0008783012638139223
0.9901	0.0008796287082798761
0.991	0.0008809907825647346
0.9919	0.0008823873624603878
0.9927999999999999	0.0008838183249974874
0.9936999999999999	0.0008852835484117246
0.9945999999999999	0.0008867829121103302
0.9954999999999999	0.0008883162966388205
0.9964	0.0008898835836479987
0.9973	0.0008914846558612107
0.9982	0.0008931193970418119
0.9991	0.0008947876919609227
1.0	0.0008964894263654255
1.009	0.0009153214412871247
1.018	0.0009373777820710066
1.027	0.0009625555664254416
1.036	0.0009891450281524646
1.045	0.001118855656252826
1.054	0.0011530622589271012
1.063	0.001330650671468464
1.072	0.0015190648638769841
1.081	0.0018464860873624543
1.09	0.0018993313697911248
1.099	0.0019542111533776343
1.108	0.002010957384924594
1.117	0.0020693964239148948
1.126	0.0024842014861249885
1.135	0.0029033615559872013
1.144	0.0033175764149257474
1.153	0.003797303591541605
1.162	0.003919092667329693
1.171	0.004000393912605025
1.18	0.004081522817637327
1.189	0.004162237585488018
1.198	0.004035196259792613
1.207	0.004657514772509557
1.216	0.005375865990571013
1.225	0.005422558079190563
1.234	0.005502128817833534
1.2429999999999999	0.00672729093407513
1.252	0.006298088339260591
1.261	0.006375065977311244
1.27	0.0064489282054587494
1.279	0.006519520147176992
1.288	0.006586702948517319
1.297	0.006595576900292536
1.306	0.006653949115699085
1.315	0.007154886328018202
1.3239999999999998	0.00792412969408045
1.333	0.0088764273597213
1.342	0.009969578610647296
1.351	0.010433048584031615
1.3599999999999999	0.010470588620803134
1.369	0.010502872786301274
1.378	0.01044935439315673
1.387	0.011022146705390295
1.396	0.011567134808445722
1.405	0.012700707537861474
1.414	0.012694214369536081
1.423	0.01238335687881856
1.432	0.012876791452704432
1.4409999999999998	0.012471781191129504
1.45	0.01243767371057447
1.459	0.012398931567017539
1.468	0.01126565112745664
1.4769999999999999	0.01122518341444049
1.486	0.011095761255453793
1.4949999999999999	0.01104889279962175
1.504	0.011697694654630159
1.513	0.011636780650611647
1.5219999999999998	0.011573153049253028
1.531	0.011507031735721889
1.54	0.011438634817808999
1.549	0.011368177841946141
1.5579999999999998	0.011295872996678537
1.567	0.011745269725024864
1.576	0.011664799459557895
1.585	0.011583116374593446
1.5939999999999999	0.011032872281209642
1.603	0.010952704485003503
1.612	0.010871871508992501
1.621	0.010328853469146821
1.63	0.010249313068804344
1.6389999999999998	0.01016967254693082
1.648	0.009716100641489932
1.657	0.009637672018796792
1.666	0.00948941065445864
1.6749999999999998	0.009412248483888897
1.684	0.010578822631808087
1.693	0.01042405532101322
1.702	0.010343294205610289
1.7109999999999999	0.010263070732910497
1.72	0.01018346017862336
1.729	0.010104529010571552
1.738	0.010026334963302002
1.7469999999999999	0.009948927139496426
1.7559999999999998	0.009872346138954704
1.765	0.010268773270469017
1.774	0.010188863665242593
1.783	0.01010997789192073
1.7919999999999998	0.010032124728105938
1.801	0.009955304930168645
1.81	0.010584237074281456
1.819	0.009895498563570944
1.8279999999999998	0.009815639728896382
1.837	0.009736858355208348
1.846	0.010200859553343943
1.855	0.010752891405791153
1.8639999999999999	0.010663691708930332
1.8729999999999998	0.009956549252460093
1.882	0.009884005443937362
1.891	0.009812303472996099
1.9	0.009266393843372226
1.9089999999999998	0.009202143672691532
1.918	0.00954909903975821
1.927	0.00947852651614298
1.936	0.009408622669550334
1.9449999999999998	0.009339295384797695
1.954	0.009657581438045777
1.963	0.00996788832509539
1.972	0.009470111290893816
1.9809999999999999	0.00939161235332179
1.9899999999999998	0.009313566137450853
1.9989999999999999	0.009703779227901848
2.008	0.009611456532371079
2.017	0.009519393864929412
2.026	0.00984412257675089
2.035	0.009747019163286704
2.0439999999999996	0.009649997352086631
2.053	0.009552948744854708
2.062	0.009455766063278338
2.0709999999999997	0.009358343601625562
2.08	0.008856140388070812
2.089	0.009279835911420347
2.098	0.00907986806936689
2.107	0.008991147661659326
2.1159999999999997	0.008901545610096364
2.125	0.009058651763304558
2.134	0.009071032536039018
2.143	0.009047918725542359
2.152	0.00893805194638605
2.1609999999999996	0.008827709786249091
2.17	0.008716817752377246
2.179	0.008605305854281686
2.1879999999999997	0.008324949099906147
2.197	0.008687440390768115
2.206	0.008099915682692594
2.215	0.007973356462562727
2.224	0.007846357775242485
2.2329999999999997	0.007901930535209954
2.242	0.007512811448897462
2.251	0.007381611746909502
2.26	0.00700367977363587
2.269	0.007222421356126269
2.2779999999999996	0.0070907623480789125
2.287	0.00672760349614449
2.296	0.006602525233917661
2.3049999999999997	0.007172252238277615
2.314	0.006915904635743016
2.323	0.00678973284970818
2.332	0.0066628877938860595
2.341	0.006871463595357411
2.3499999999999996	0.0067351653453866815
2.359	0.00659862714741797
2.368	0.006461874805516655
2.377	0.006568492904161926
2.386	0.006241786813352674
2.3949999999999996	0.0062506438281424445
2.404	0.005965709976942656
2.413	0.00583848097047476
2.4219999999999997	0.005711048705621254
2.431	0.005583466941856438
2.44	0.005322889036854633
2.449	0.005200604493931105
2.458	0.005078266388246221
2.4669999999999996	0.004955946152845371
2.476	0.004833719648187379
2.485	0.0048939978121442145
2.4939999999999998	0.0047690932356967974
2.503	0.0046445528529364755
2.5119999999999996	0.004520463738207276
2.521	0.004396915803222062
2.53	0.00427400138505771
2.5389999999999997	0.004151814824483168
2.548	0.004030452033897841
2.557	0.003910010059156376
2.566	0.004259158078189057
2.575	0.004130105433607654
2.5839999999999996	0.004113083732920862
2.593	0.003985876605050991
2.602	0.003860119522267685
2.6109999999999998	0.00412674557860001
2.62	0.003994163376881646
2.6289999999999996	0.0038633857478854667
2.638	0.003734512498921676
2.647	0.0036076405776999873
2.6559999999999997	0.0034828636748353323
2.665	0.0033602718359857994
2.674	0.0032399511059087254
2.683	0.0031219831813916092
2.692	0.0030064450973525765
2.7009999999999996	0.0028934089389544603
2.71	0.0027829415803831536
2.719	0.0026751044542073867
2.7279999999999998	0.0025699533510353846
2.737	0.0024675382510027846
2.7459999999999996	0.0023679031879195486
2.755	0.0022710861466529817
2.764	0.002177118994074859
2.7729999999999997	0.0020860274439275044
2.782	0.002023782749077569
2.791	0.0019389857320550256
2.8	0.0018570468955416623
2.809	0.0017779678260335637
2.8179999999999996	0.0018912905752229777
2.827	0.0018138577354951117
2.836	0.0017393242827875828
2.8449999999999998	0.0016676742717195154
2.854	0.0015988870487149097
2.8629999999999995	0.0015329374845850145
2.872	0.0014439719730521814
2.881	0.0013839932452288967
2.8899999999999997	0.0013267747261546878
2.899	0.001272273258734075
2.908	0.001220442666557115
2.917	0.0011712341218249249
2.926	0.0011081194739566863
2.9349999999999996	0.0009326621610891795
2.944	0.0008958320642953204
2.953	0.000861197612161008
2.9619999999999997	0.0008287042127766985
2.971	0.0007982972257598429
2.9799999999999995	0.0008708706894337824
2.989	0.0008420003966474798
2.9979999999999998	0.0008152180159397997
3.0069999999999997	0.00079046886350041
3.016	0.0009177001561468955
3.025	0.0008940910932393605
3.034	0.0008725325739143765
3.0429999999999997	0.0010067198410111898
3.052	0.0009880549711385634
3.061	0.0009713966522722579
3.07	0.0009567127011825672
3.0789999999999997	0.0009439739554281774
3.0879999999999996	0.0009331544650694061
3.097	0.0010319504979032325
3.106	0.0010238163670048207
3.1149999999999998	0.0010176926305737195
3.1239999999999997	0.0011115083292088197
3.133	0.001110283131516766
3.142	0.0012245903835177909
3.151	0.0014762516552838754
3.1599999999999997	0.0014759221112031586
3.169	0.0014772214611419678
3.178	0.0014880761409956729
3.187	0.0015011837645169065
3.1959999999999997	0.001516559439197856
3.2049999999999996	0.0015342210365630368
3.214	0.0015541890743642666
3.223	0.0015764865876616168
3.2319999999999998	0.0017529866239884512
3.2409999999999997	0.001780560820688564
3.25	0.0018106599314448905
3.259	0.001988553366993184
3.268	0.0020107133186145296
3.2769999999999997	0.0020486167575039125
3.286	0.002089240385279609
3.295	0.002132613827292806
3.304	0.002350954381031234
3.3129999999999997	0.00240325939168353
3.3219999999999996	0.002458500767811446
3.331	0.0025167093738645042
3.34	0.002577915739604673
3.3489999999999998	0.002642149837135199
3.3579999999999997	0.0027094408617957407
3.367	0.0027798170156263825
3.376	0.0028533052948953494
3.385	0.002929931284089249
3.3939999999999997	0.0030097189560098513
3.403	0.0030926904794188604
3.412	0.0031454324306496033
3.421	0.003232968736049848
3.4299999999999997	0.0033236557981792957
3.4389999999999996	0.0033295306779632175
3.448	0.0034225670550041298
3.457	0.003518661568208749
3.4659999999999997	0.003514539403721062
3.4749999999999996	0.0036118337827824214
3.484	0.003712052692527054
3.493	0.003815191296740728
3.502	0.0039212419720513455
3.5109999999999997	0.00403019424901737
3.52	0.004142034763541489
3.529	0.0042567472186397625
3.538	0.004374312356395331
3.5469999999999997	0.004494707939888736
3.5559999999999996	0.004617908744891084
3.565	0.0050825434795097576
3.574	0.005217231736084227
3.5829999999999997	0.0053546738109911335
3.5919999999999996	0.005494830240452951
3.601	0.005637658647639152
3.61	0.005783113786609947
3.6189999999999998	0.005931147593232927
3.6279999999999997	0.006081709243601922
3.637	0.006234745217788409
3.646	0.0063901993702485645
3.655	0.0065480130051728995
3.6639999999999997	0.007022558949493637
3.6729999999999996	0.007189405543104824
3.682	0.007788453671011192
3.691	0.00796579895291859
3.6999999999999997	0.008145117120999103
3.7089999999999996	0.008824650826012852
3.718	0.008740552009513958
3.727	0.008930534917993563
3.7359999999999998	0.009122224243449786
3.7449999999999997	0.009315533224462689
3.754	0.009510373533848187
3.763	0.009706655379098917
3.772	0.009904287607351908
3.7809999999999997	0.010103177808872384
3.7899999999999996	0.010303232419657648
3.799	0.01012478264775519
3.808	0.010318797192367625
3.8169999999999997	0.01051373963508912
3.8259999999999996	0.010709519889940459
3.835	0.01070051338119741
3.844	0.010466347358775597
3.8529999999999998	0.010658371627282037
3.8619999999999997	0.010850932857061823
3.871	0.011221912022016858
3.88	0.01141575955020133
3.889	0.011610000020960543
3.8979999999999997	0.01180453991144714
3.9069999999999996	0.011999285128316073
3.916	0.01219414108473242
3.925	0.012389012772130392
3.9339999999999997	0.012583804838538154
3.9429999999999996	0.012778421658599918
3.952	0.01314232977872908
3.961	0.013334803084678461
3.9699999999999998	0.013526718210401849
3.9789999999999996	0.013717980920613016
3.988	0.01432181293111536
3.997	0.014513914657689874
4.006	0.015932904682617616
4.015	0.01569394898772342
4.023999999999999	0.015889032205763987
4.0329999999999995	0.016082716795166145
4.042	0.016852762701198773
4.051	0.01704827013582328
4.06	0.017242022146503968
4.069	0.01743392726411401
4.077999999999999	0.017623894702891475
4.087	0.0178118343932228
4.096	0.017997657008756204
4.105	0.018971422731980568
4.114	0.01915507387228155
4.122999999999999	0.01933623434565754
4.132	0.01951481908324031
4.141	0.019690743806085348
4.15	0.019863925072858925
4.159	0.01870599724037499
4.167999999999999	0.018864080457327945
4.177	0.019769420185921656
4.186	0.019924665415961162
4.195	0.020076880850724167
4.204	0.020225992540705236
4.212999999999999	0.020371927585575413
4.2219999999999995	0.0205146141581796
4.231	0.020052288455931034
4.24	0.020725050847682766
4.249	0.020840482472623146
4.257999999999999	0.020332963137978118
4.2669999999999995	0.019819442908444052
4.276	0.01991310962837667
4.285	0.020003543002646874
4.294	0.020090701125122585
4.303	0.02017454281914988
4.311999999999999	0.020255027670322244
4.321	0.020332116062547114
4.33	0.02117535964562649
4.339	0.021243747411305774
4.348	0.021308365381686303
4.356999999999999	0.02187655299065738
4.366	0.0219307236775993
4.375	0.021981038840498696
4.384	0.022027474606024926
4.393	0.022070008232070084
4.401999999999999	0.022108618152028334
4.411	0.02214328402211539
4.42	0.023332212918886812
4.429	0.02336514835293881
4.438	0.02339362081753208
4.446999999999999	0.023417613692462647
4.4559999999999995	0.02343711240438068
4.465	0.023452104485550355
4.474	0.02346257961193645
4.483	0.023468529656070228
4.491999999999999	0.02422513385500515
4.5009999999999994	0.0242228214147758
4.51	0.02421584167771253
4.519	0.024204196009624618
4.528	0.024187888171755757
4.537	0.024166924372700353
4.545999999999999	0.024141313306167547
4.555	0.02411106619199413
4.564	0.02407619681329071
4.5729999999999995	0.024036721551912773
4.582	0.023992659421925334
4.590999999999999	0.02394403210020559
4.6	0.02389086395433724
4.609	0.023833182067849637
4.618	0.023771016261832405
4.627	0.023704399113581822
4.635999999999999	0.023633365971812044
4.645	0.023557954967810008
4.654	0.02347820702323524
4.663	0.023394165853614216
4.672	0.022607382020989965
4.680999999999999	0.022520943110925177
4.6899999999999995	0.022430516970269713
4.699	0.022336153982386073
4.708	0.02223790715446478
4.717	0.02286480211760894
4.725999999999999	0.022755182852506294
4.734999999999999	0.022641821190598734
4.744	0.022524779784596428
4.753	0.02240412366267523
4.762	0.023033055585565138
4.771	0.022901917422462014
4.779999999999999	0.022767314326769806
4.789	0.022629320563526626
4.798	0.022488012507470085
4.8069999999999995	0.02234346860968586
4.816	0.02219576934903697
4.824999999999999	0.02283718789965712
4.834	0.022680830399389524
4.843	0.02252144702822178
4.852	0.022359128398981732
4.861	0.022193966819343505
4.869999999999999	0.022026056235524057
4.879	0.0218554921565746
4.888	0.02227232954261647
4.897	0.022096314432791427
4.906	0.02132155895357643
4.914999999999999	0.021149096314943584
4.9239999999999995	0.02097443266287412
4.933	0.020797667582366394
4.942	0.020618901683912744
4.951	0.02043823651082387
4.959999999999999	0.019880153751549192
4.968999999999999	0.01970204734441789
4.978	0.01918992283590406
4.987	0.019487569282432914
4.9959999999999996	0.01930076527137497
5.005	0.01911270823040479
5.013999999999999	0.018355557223418962
5.023	0.01817250032697484
5.032	0.017988566772163574
5.0409999999999995	0.017803849870665307
5.05	0.017618443011230007
5.058999999999999	0.017432439568492705
5.068	0.01724593281486617
5.077	0.01705901583061324
5.085999999999999	0.016871781413875495
5.095	0.016684321990445228
5.104	0.017191953861355084
5.1129999999999995	0.01700000861185554
5.122	0.016808044318524323
5.130999999999999	0.016616154445379137
5.14	0.01590816937706181
5.149	0.01572469736797395
5.1579999999999995	0.015541585342652322
5.167	0.015137670273521926
5.175999999999999	0.014956678869269907
5.185	0.014776238696806162
5.194	0.014596432176691713
5.202999999999999	0.014417340340486575
5.212	0.014239042761846314
5.221	0.014061617490528587
5.2299999999999995	0.013885140989099943
5.239	0.013709688072945534
5.247999999999999	0.014030249467240434
5.257	0.013242080053815301
5.266	0.013071941936271982
5.2749999999999995	0.013494301905438289
5.284	0.01332272121923594
5.292999999999999	0.013152574339696233
5.302	0.01298392317980562
5.311	0.012816827567658777
5.319999999999999	0.01265134523487321
5.329	0.012487531794031323
5.338	0.011863797459869568
5.3469999999999995	0.011709157536434419
5.356	0.011556371571016614
5.364999999999999	0.011405483258674052
5.374	0.01125653418418575
5.383	0.011109563829671336
5.3919999999999995	0.010964609585868137
5.401	0.010821706766309946
5.409999999999999	0.01068088862491944
5.419	0.010730843287455032
5.428	0.010597999052021268
5.436999999999999	0.010467214787385994
5.446	0.010338516798976934
5.455	0.010211929494812467
5.4639999999999995	0.010087475422280726
5.473	0.009965175301351895
5.481999999999999	0.009845048062360081
5.491	0.009727110884723812
5.5	0.009611379237871996
5.5089999999999995	0.009497866924100035
5.518	0.009386586122774222
5.526999999999999	0.01013255528343546
5.536	0.010022338663109968
5.545	0.009914384255757127
5.553999999999999	0.009808699819862661
5.563	0.009705291630520075
5.572	0.009604164535083635
5.5809999999999995	0.009505322006888094
5.59	0.009408766199235143
5.598999999999999	0.009314497999887096
5.608	0.009045651333414836
5.617	0.00896027703697787
5.6259999999999994	0.008877084186380996
5.635	0.008796069445926228
5.643999999999999	0.008717228541206861
5.653	0.008640556309062205
5.662	0.008566046747095699
5.670999999999999	0.008493693062487618
5.68	0.008365655971149159
5.689	0.008300675741547315
5.6979999999999995	0.00864932055691404
5.707	0.00858708881167297
5.715999999999999	0.008526872853666928
5.725	0.008468664582391145
5.734	0.008412455345074815
5.742999999999999	0.008358235970778779
5.752	0.008305996812810258
5.760999999999999	0.008707027493029793
5.77	0.00865466007637978
5.779	0.008604367726829858
5.787999999999999	0.008556138801356387
5.797	0.008509961122552197
5.806	0.008856576694219158
5.8149999999999995	0.008814289143912564
5.824	0.00877402184767142
5.832999999999999	0.008735760276507212
5.842	0.008699489532681752
5.851	0.008665194382899885
5.859999999999999	0.008632859290798375
5.869	0.00860246844848084
5.877999999999999	0.009147484957078787
5.887	0.009115807155874223
5.896	0.009086014454272361
5.904999999999999	0.009058095011913394
5.914	0.009032036695867085
5.923	0.009007827115766524
5.9319999999999995	0.008985453644487666
5.941	0.008964903436548287
5.949999999999999	0.00894616345061132
5.959	0.008599371856043361
5.968	0.008584545570389797
5.976999999999999	0.00857147623040376
5.986	0.008560150359691343
5.994999999999999	0.008550554383838305
6.004	0.008542674644572671
6.013	0.008512840014053934
6.021999999999999	0.00850716124608869
6.031	0.00890531386822333
6.04	0.008900209660568564
6.0489999999999995	0.008896791543234093
6.058	0.008895045795309501
6.066999999999999	0.009275770862677212
6.076	0.009277970724445413
6.085	0.009281861306636104
6.093999999999999	0.009287425311803432
6.103	0.00929464521841017
6.111999999999999	0.009303503296687849
6.1209999999999996	0.009313981620893655
6.13	0.009326062085042733
6.138999999999999	0.008969287325173669
6.148	0.00898782949772636
6.157	0.009007930671899853
6.1659999999999995	0.009029572026141177
6.175	0.009052734599579516
6.183999999999999	0.009077399300957172
6.193	0.009554883265880573
6.202	0.009582114659809822
6.210999999999999	0.009610863495008773
6.22	0.009641110061576776
6.228999999999999	0.009672834409692358
6.2379999999999995	0.009161469795230293
6.247	0.009192377782320271
6.255999999999999	0.009224667176086915
6.265	0.009258318271566238
6.274	0.009293311185845256
6.2829999999999995	0.009329625866656572
6.292	0.009367242100761921
6.300999999999999	0.009824878179022252
6.31	0.009866937340424962
6.319	0.01041831633008504
6.327999999999999	0.010463757314333272
6.337	0.010510378212809963
6.345999999999999	0.010558156440890467
6.3549999999999995	0.010607069223520919
6.364	0.010657093610951787
6.372999999999999	0.010708206488298684
6.382	0.010760384588210884
6.391	0.011246075099684899
6.3999999999999995	0.011302304901586192
6.409	0.011920519970380681
6.417999999999999	0.011979868169233547
6.427	0.012040154546465225
6.436	0.012101351126362457
6.444999999999999	0.012163429758866228
6.454	0.012226362145158867
6.462999999999999	0.012290119853536022
6.4719999999999995	0.012354674339990258
6.481	0.012419996966974638
6.489999999999999	0.012486059022561643
6.499	0.012552831739759608
6.508	0.01262028631566313
6.5169999999999995	0.013197414039036078
6.526	0.013268012404723577
6.534999999999999	0.013339142509590394
6.544	0.013410774638322121
6.553	0.01348287917554665
6.561999999999999	0.013555426627662601
6.571	0.013628387641064573
6.579999999999999	0.013701733020351419
6.5889999999999995	0.013775433745711538
6.598	0.013849460989965548
6.606999999999999	0.013923786134969569
6.616	0.013694373324491506
6.625	0.013763673149782
6.6339999999999995	0.013833167360909147
6.643	0.013902830064227592
6.651999999999999	0.013651318531069195
6.661	0.015114461777896049
6.67	0.015182564134356697
6.678999999999999	0.015250473531782483
6.688	0.015969333288591715
6.696999999999999	0.01603700677541794
6.7059999999999995	0.016104295489742626
6.715	0.016473600793899756
6.723999999999999	0.016089148775638225
6.733	0.016150278538116444
6.742	0.016210929116952693
6.7509999999999994	0.016271086693974635
6.76	0.01633073782359923
6.768999999999999	0.015775464703520547
6.778	0.015834892386731775
6.787	0.015893838663300394
6.795999999999999	0.016308815728721584
6.805	0.016365081913230668
6.813999999999999	0.016420901063878366
6.8229999999999995	0.016476266608439614
6.832	0.016531172061759313
6.840999999999999	0.0160528526463961
6.85	0.016108433401655593
6.859	0.016163628181415722
6.867999999999999	0.01621842990376985
6.877	0.016272831323597338
6.885999999999999	0.016326825017314642
6.895	0.016380403369455877
6.904	0.01643355855965439
6.912999999999999	0.016486282550851893
6.922	0.016538567078547374
6.930999999999999	0.016590403640942376
6.9399999999999995	0.016641783490172285
6.949	0.016692697624732467
6.957999999999999	0.016743136782810523
6.967	0.01679309143682273
6.976	0.01684255178895752
6.984999999999999	0.01689150776786237
6.994	0.01693994902642175
7.002999999999999	0.016987864940618273
7.012	0.017035244609486747
7.021	0.017082076856179955
7.029999999999999	0.017128350230072153
7.039	0.01717405300996937
7.047999999999999	0.017219173208396443
7.0569999999999995	0.017112792746407285
7.066	0.01715753451756273
7.074999999999999	0.016713033664821318
7.084	0.01675209522295503
7.093	0.01679043353117624
7.101999999999999	0.016828036979478878
7.111	0.01686489387951567
7.119999999999999	0.016900992473428626
7.129	0.016936320943390842
7.138	0.016488014714416774
7.146999999999999	0.0165180384471629
7.156	0.016547308931443214
7.164999999999999	0.016575815675275184
7.1739999999999995	0.016603548168284892
7.183	0.01745148146858522
7.191999999999999	0.01817911079836502
7.201	0.018195291427943634
7.21	0.018210394737764393
7.218999999999999	0.018224422354421708
7.228	0.018237375977562927
7.236999999999999	0.01824925738671941
7.2459999999999996	0.01826006843436418
7.255	0.01826981104637228
7.263999999999999	0.01827848721894652
7.273	0.018286099018449194
7.281999999999999	0.018292648581152912
7.2909999999999995	0.018298138113844262
7.3	0.018302569894764642
7.308999999999999	0.01830594627549265
7.318	0.018308269683033996
7.327	0.018309542622634924
7.335999999999999	0.018309767681162402
7.345	0.0183089475308838
7.353999999999999	0.01830708493381139
7.3629999999999995	0.018304182746490885
7.372	0.01830024392526443
7.380999999999999	0.018295271531824156
7.39	0.01828926873927968
7.398999999999999	0.017612881154240846
7.4079999999999995	0.017186159995333954
7.417	0.017184279613030855
7.425999999999999	0.017181485006070273
7.435	0.017177779397128338
7.444	0.017173166052367746
7.452999999999999	0.017167648283763704
7.462	0.01716122945183182
7.470999999999999	0.017153912968860142
7.4799999999999995	0.017145702302682853
7.489	0.017136600980915656
7.497999999999999	0.017126612595646216
7.507	0.017115740808542907
7.515999999999999	0.017103989356346893
7.5249999999999995	0.017091362056776385
7.534	0.017077862814752303
7.542999999999999	0.017063495628945262
7.552	0.016611950176211837
7.561	0.016596209655490322
7.569999999999999	0.01657963664928247
7.579	0.01656223567856797
7.587999999999999	0.01654401139197031
7.5969999999999995	0.016524968572781053
7.606	0.016505112146068764
7.614999999999999	0.017141307144988453
7.624	0.01711993104392858
7.632999999999999	0.016624436334083195
7.6419999999999995	0.016600522330935782
7.651	0.016575783775923413
7.659999999999999	0.016550227311750255
7.669	0.01652385971242836
7.678	0.016496687892812854
7.686999999999999	0.016468718916304144
7.696	0.016439960003150417
7.704999999999999	0.016410418538966756
7.7139999999999995	0.01638010208289945
7.723	0.01634901837588046
7.731999999999999	0.016317175348849647
7.741	0.01693283107022344
7.749999999999999	0.01689886323227888
7.7589999999999995	0.01686411033599763
7.768	0.01741039513601059
7.776999999999999	0.018281272469181847
7.786	0.018233173089063748
7.795	0.018184256492898575
7.803999999999999	0.01813454376230136
7.813	0.018084055740888214
7.821999999999999	0.01803281306174514
7.8309999999999995	0.017980836130926353
7.84	0.01792814513437827
7.848999999999999	0.01856405868670458
7.858	0.018508852232083244
7.866999999999999	0.018452919457310323
7.8759999999999994	0.018396280354666266
7.885	0.018338954647596693
7.893999999999999	0.018280961803754367
7.903	0.018222321042378052
7.911999999999999	0.018163051345515414
7.920999999999999	0.018103171467568322
7.93	0.018042699946370172
7.938999999999999	0.017981655114771563
7.9479999999999995	0.01792005511234247
7.957	0.017482413562724425
7.965999999999999	0.017986506091927614
7.975	0.017531437226230746
7.983999999999999	0.01747080104721734
7.992999999999999	0.017409708335939477
8.001999999999999	0.017348173604364973
8.011	0.01728621111868692
8.02	0.017223834923704575
8.029	0.01716105886395996
8.038	0.01709789660590124
8.047	0.017034361660223107
8.056	0.016970467404170873
8.065	0.016906227103430125
8.074	0.016841653934018794
8.082999999999998	0.01677676100399869
8.091999999999999	0.016711561374730868
8.100999999999999	0.016646068081800802
8.11	0.01658029415545138
8.119	0.016514252640583378
8.128	0.01608696713170653
8.137	0.016024320011442755
8.145999999999999	0.015961419881325153
8.155	0.015898278808222685
8.164	0.015834908987689647
8.172999999999998	0.015771322759986304
8.181999999999999	0.0163275207340344
8.190999999999999	0.01625963514369875
8.2	0.016191643397672206
8.209	0.01612356081562226
8.218	0.01605540263620565
8.227	0.015987184038399882
8.236	0.015537101914535896
8.245	0.015470455211336718
8.254	0.015403790379518197
8.262999999999998	0.015337122014746216
8.271999999999998	0.015270464712884412
8.280999999999999	0.015203833080196407
8.29	0.015790608734842653
8.299	0.015721724528071693
8.308	0.01565286609629771
8.317	0.015584049485246372
8.326	0.015515290725984742
8.334999999999999	0.015446605834236576
8.344	0.01537801082425213
8.353	0.01530952171319756
8.361999999999998	0.015241154529381991
8.370999999999999	0.01517292531707502
8.379999999999999	0.015773008147612125
8.389	0.01570344747807019
8.398	0.015634012328424728
8.407	0.016188182731992337
8.416	0.01611791679899178
8.425	0.015674030055631016
8.434	0.01613542871787481
8.443	0.015550609502553369
8.451999999999998	0.015483665686091063
8.460999999999999	0.015416974371965184
8.469999999999999	0.015350553497457833
8.479	0.015284420759189449
8.488	0.01521859361483484
8.497	0.015153089287194525
8.506	0.015087924767618352
8.515	0.015023116819193069
8.524	0.01495868198015628
8.533	0.014894636567210776
8.542	0.014830996678495011
8.550999999999998	0.014767778196722127
8.559999999999999	0.014704996792139971
8.568999999999999	0.014642667925252035
8.578	0.014580806849478777
8.587	0.01451942861368116
8.596	0.014458548064570455
8.605	0.014398179848921394
8.613999999999999	0.0143383384156399
8.623	0.013842405454087738
8.632	0.013786323071792561
8.640999999999998	0.013730820879753332
8.649999999999999	0.01367591142350639
8.658999999999999	0.013621607064190544
8.668	0.013567919980226058
8.677	0.013514862168806135
8.686	0.013462445447222353
8.695	0.013410681454013536
8.704	0.013359581649945048
8.713	0.01387223729467148
8.722	0.013821312781384574
8.730999999999998	0.013771094619132665
8.739999999999998	0.013721595146039753
8.748999999999999	0.014205290740582277
8.758	0.014157038405147803
8.767	0.014109507939307412
8.776	0.014062711274179483
8.785	0.014016659983087525
8.794	0.013971365277254247
8.802999999999999	0.013926838012352182
8.812	0.01388308868866247
8.821	0.013840127453596826
8.829999999999998	0.013797964103655311
8.838999999999999	0.013756608086832958
8.847999999999999	0.01371606850516385
8.857	0.013676354117321701
8.866	0.013637473341531809
8.875	0.013599434258526687
8.884	0.013562244614582657
8.893	0.01352591182466737
8.902	0.013490442975800503
8.911	0.013455844830374514
8.919999999999998	0.013422123829618163
8.928999999999998	0.012985126398111441
8.937999999999999	0.01295496326377086
8.947	0.012925696345633108
8.956	0.013490151037032161
8.965	0.013461997765401988
8.974	0.013434736953358058
8.983	0.013408373042096824
8.991999999999999	0.01338291010492697
9.001	0.013358351859502448
9.01	0.013334701670108485
9.019	0.013311962554064699
9.027999999999999	0.013290137186490832
9.036999999999999	0.013839281670189042
9.046	0.013819082965584562
9.055	0.01379979334072935
9.064	0.013781414543351748
9.072999999999999	0.013763947924526029
9.081999999999999	0.013747394450334408
9.091	0.014262472183226373
9.1	0.014248411883266478
9.109	0.01423523274682779
9.117999999999999	0.014222933964806657
9.126999999999999	0.014211514359592316
9.136	0.014200972388223272
9.145	0.014191306152703196
9.154	0.014182513408166559
9.163	0.01417459157232166
9.171999999999999	0.014167537734211201
9.181	0.014033764091983132
9.19	0.014028716692860745
9.199	0.01402442314567387
9.208	0.014020879379018369
9.216999999999999	0.013646962459931638
9.225999999999999	0.014614254427295513
9.235	0.014608985371903069
9.244	0.01460409303441134
9.253	0.014599579704083739
9.261999999999999	0.014365313754754964
9.270999999999999	0.014898432265513963
9.28	0.014894266926417796
9.289	0.014890423229877194
9.298	0.014886905212276638
9.306999999999999	0.014883716974492275
9.315999999999999	0.014531304270431025
9.325	0.014151659461437252
9.334	0.014148297810690252
9.343	0.014145280457227375
9.351999999999999	0.014677601895556896
9.360999999999999	0.014675824887972911
9.37	0.014674379108488156
9.379	0.014673269977113958
9.388	0.014672502856385673
9.397	0.015092781704555547
9.405999999999999	0.015083577713914805
9.415	0.015074473284524215
9.424	0.015065486811431343
9.433	0.015056636683495328
9.442	0.015047941254634333
9.450999999999999	0.015039418816455239
9.459999999999999	0.015031087556647503
9.469	0.015022965534025469
9.478	0.015015070645990985
9.487	0.015007420599176776
9.495999999999999	0.015000032880053452
9.504999999999999	0.014992924726363625
9.514	0.014986113098827122
9.523	0.014979614654420458
9.532	0.014648180414838365
9.540999999999999	0.014639873535524869
9.549999999999999	0.014631923953606548
9.559	0.014624347892163143
9.568	0.014617161125293161
9.577	0.014610378956670432
9.585999999999999	0.014604016199203096
9.594999999999999	0.014598087155667381
9.604	0.014592605600440197
9.613	0.014587584762274924
9.622	0.01504262146099796
9.631	0.015041352183948135
9.639999999999999	0.01504055811603501
9.649	0.015040246773101422
9.658	0.01545623543097094
9.667	0.01545170519207289
9.676	0.015447864158651415
9.684999999999999	0.015444719774930907
9.693999999999999	0.01544227856891668
9.703	0.01544054617182311
9.712	0.015115942455623543
9.721	0.01511352587928055
9.729999999999999	0.015111816275843227
9.738999999999999	0.015110816247567379
9.748	0.015110527528409058
9.757	0.015110950992840102
9.766	0.01511208666595902
9.774999999999999	0.015113933734908042
9.783999999999999	0.015116490560822213
9.793	0.015119754692020603
9.802	0.015123722878138242
9.811	0.015128391084998761
9.819999999999999	0.015133754510472771
9.828999999999999	0.015139807601028494
9.838	0.01514654406911353
9.847	0.015153956911215419
9.856	0.01516203842660617
9.865	0.015170780236726364
9.873999999999999	0.015180173305168536
9.883	0.015190207958187658
9.892	0.015200873905733998
9.901	0.015212160262952053
9.91	0.01522405557208562
9.918999999999999	0.015236547824797057
9.927999999999999	0.01584445049012785
9.937	0.01585920120741945
9.946	0.015576915551680797
9.955	0.01559158452451283
9.963999999999999	0.015606719649144833
9.972999999999999	0.015622306304281155
9.982	0.015638329426753406
9.991	0.01565477353756603
10.0	0.01567162276694199
10.09	0.01642986773997656
10.18	0.016644434539708184
10.27	0.018167008080301323
10.36	0.0184509098336572
10.45	0.017614322995872927
10.54	0.017664008870325053
10.63	0.018482798272086126
10.72	0.01842292397604969
10.81	0.018972623066097996
10.9	0.019369059080605246
10.99	0.01872644853049671
11.08	0.0180235875881873
11.17	0.01769032520471444
11.26	0.017516805237343103
11.35	0.016729766473682017
11.44	0.017503923055534255
11.53	0.017093250168384953
11.62	0.01613829759540638
11.71	0.015757623775535627
11.8	0.015402089429398729
11.89	0.015185817264819648
11.98	0.014963923696482907
12.07	0.01478610322191809
12.16	0.015168129664629737
12.25	0.015181888122615516
12.34	0.015168351716856005
12.43	0.016410344734641855
12.52	0.016507172612620254
12.61	0.01629121988592511
12.7	0.016454979213109903
12.79	0.016253500770883854
12.879999999999999	0.015661653729318475
12.969999999999999	0.016735096250883458
13.06	0.017729513627453994
13.15	0.01655519686342192
13.24	0.016743638682043087
13.33	0.016906579883139164
13.42	0.01719617461376616
13.51	0.017290510901109106
13.6	0.016891737509468777
13.69	0.017075087409580372
13.78	0.017045086692609804
13.87	0.016972696692374837
13.96	0.016859044209783777
14.05	0.016706415026053377
14.14	0.01651867066623688
14.23	0.017162440660149113
14.32	0.017533867717389642
14.41	0.01726260434564235
14.5	0.0175195082446137
14.59	0.01724515135237329
14.68	0.01697198061352528
14.77	0.016938573256314187
14.86	0.017330108888415345
14.95	0.017709101300402846
15.04	0.017549351528945035
15.129999999999999	0.017983082054121587
15.219999999999999	0.017839567741432576
15.309999999999999	0.017716145850175724
15.399999999999999	0.017449318354070646
15.49	0.017756153307034662
15.58	0.01769114725560952
15.67	0.01801460174585863
15.76	0.01795542553936277
15.85	0.017515194215913125
15.94	0.017463507836898644
16.03	0.017047269050008158
16.12	0.016543796967984994
16.21	0.017154451647933364
16.3	0.017794268734522774
16.39	0.017811921113798448
16.48	0.01812361221195796
16.57	0.01813262201675345
16.66	0.018131678912662888
16.75	0.018117336803174153
16.84	0.017688454129024995
16.93	0.017258278912174907
17.02	0.016803807708915732
17.11	0.015944671986716306
17.2	0.016759754683003267
17.29	0.017271386897797173
17.38	0.017743882717480116
17.47	0.0176289337181368
17.56	0.018160045639977404
17.65	0.01803264640533701
17.74	0.018382343991046497
17.83	0.019500098381201605
17.92	0.01954074295921111
18.009999999999998	0.018994504578492687
18.1	0.018871444291644723
18.189999999999998	0.018340259504574127
18.28	0.017688722076380285
18.369999999999997	0.016750011260551322
18.46	0.0166179259931217
18.549999999999997	0.01647662118619209
18.64	0.01633186147894725
18.73	0.01619046684451089
18.82	0.016059287239463486
18.91	0.01556683042790364
19.0	0.016000171703639265
19.09	0.016711244103781393
19.18	0.016694360272541967
19.27	0.01668709992486241
19.36	0.016685254170756246
19.45	0.016684545419613436
19.54	0.01668149401358839
19.63	0.016674017485771894
19.72	0.016661686963341173
19.810000000000002	0.016645632906765424
19.9	0.016628171555648254
19.990000000000002	0.017225386215213658
20.08	0.017846646686013122
20.17	0.017846702704008236
20.259999999999998	0.017444358428834603
20.35	0.017444974735300284
20.439999999999998	0.017443355100064943
20.53	0.017033679193332155
20.619999999999997	0.017026922440529557
20.71	0.017601678555099982
20.799999999999997	0.017585532837884766
20.89	0.017110442548678585
20.98	0.016696319214056943
21.07	0.017299746754833298
21.16	0.017558016730725347
21.25	0.017736682843329687
21.34	0.017776080059345428
21.43	0.017679405240941932
21.52	0.0175802327136173
21.61	0.017478779329104986
21.7	0.0176493659360369
21.79	0.01754236474032658
21.88	0.018076217992948476
21.97	0.018636174787583257
22.06	0.018752651751619224
22.15	0.018572549657905033
22.240000000000002	0.018373319297706647
22.33	0.017750294983542015
22.42	0.017529309263722256
22.509999999999998	0.017306032042361513
22.6	0.017224790344787643
22.689999999999998	0.01920096496286422
22.78	0.018555174291673342
22.869999999999997	0.019046959863443645
22.96	0.017814433482825336
23.049999999999997	0.017268660570768708
23.14	0.0171432809449047
23.229999999999997	0.017032337687174243
23.32	0.016164671661465103
23.41	0.01608564929011153
23.5	0.0162816467109194
23.59	0.015485074579549875
23.68	0.01546322266687911
23.77	0.015093984804329368
23.86	0.015627899204188014
23.95	0.01569904756216855
24.04	0.015389771487844834
24.13	0.01612999583448977
24.22	0.017204071617235306
24.31	0.017908992200592947
24.4	0.018491269166958067
24.490000000000002	0.01853328548953804
24.58	0.019187567583855786
24.67	0.01932206808807162
24.759999999999998	0.018393445745117813
24.85	0.01889538171194515
24.939999999999998	0.01826207611718698
25.03	0.018631731059081825
25.119999999999997	0.019511913599492742
25.21	0.019779715709981528
25.299999999999997	0.020028152420335447
25.39	0.020337302674561145
25.479999999999997	0.02062482661533028
25.57	0.019199359403283253
25.66	0.01886097310048125
25.75	0.018544610358493134
25.84	0.018254417464542573
25.93	0.018233881705485407
26.02	0.0180070083099488
26.11	0.01741225742072515
26.2	0.017261008606757056
26.29	0.01683616825635842
26.38	0.01679061842598007
26.47	0.01640351624443357
26.56	0.017073492493504216
26.65	0.017166466438356183
26.74	0.017779342632888332
26.83	0.018645211130214775
26.919999999999998	0.018414233826782606
27.009999999999998	0.018148241688039343
27.099999999999998	0.018295021941605982
27.189999999999998	0.018433229512800887
27.28	0.018128087510576204
27.37	0.018838767980372092
27.46	0.018886026046701875
27.55	0.019068167983185072
27.64	0.01905857929416481
27.73	0.018594597115719376
27.82	0.019139365905657367
27.91	0.019029535976722387
28.0	0.018890723246061777
28.09	0.018728216915235924
28.18	0.018547679221747517
28.27	0.0175389546625433
28.36	0.017494206067867505
28.45	0.01871906128030852
28.54	0.018109872652579205
28.63	0.01785727292066186
28.72	0.017757968594500104
28.81	0.017203528065743975
28.9	0.016148711548800813
28.99	0.016066904317892573
29.08	0.01563046265424307
29.169999999999998	0.0162076034696739
29.259999999999998	0.01580608871960671
29.349999999999998	0.01580126734942305
29.439999999999998	0.015802526191480485
29.529999999999998	0.015806228695563754
29.62	0.0150065684680494
29.71	0.015557398126984463
29.8	0.016919297335079627
29.89	0.016928165581666654
29.98	0.018742054005264196
30.07	0.0187481480292195
30.16	0.018330629415511387
30.25	0.019008400417958905
30.34	0.018986293147478968
30.43	0.019531712761977786
30.52	0.019453133862624403
30.61	0.019329355436922702
30.7	0.01872006891919053
30.79	0.017683907755702548
30.88	0.017450164549482134
30.97	0.016799489568467278
31.06	0.01653888479170478
31.15	0.016282335109575257
31.24	0.01504080264511412
31.33	0.01575320498059372
31.419999999999998	0.016165375063380453
31.509999999999998	0.015980566789876718
31.599999999999998	0.015441509799183245
31.689999999999998	0.015312586406828914
31.779999999999998	0.015212787265836334
31.869999999999997	0.015140116471217165
31.96	0.015091434023149747
32.05	0.015063433919918606
32.14	0.015053353038112097
32.230000000000004	0.015059324059995815
32.32	0.01471292365166326
32.41	0.014764024814971778
32.5	0.01504104895902675
32.59	0.01628909491077122
32.68	0.016390314618984245
32.769999999999996	0.017142315937026094
32.86	0.017820295275101466
32.95	0.017102361805274767
33.04	0.017138225635953627
33.129999999999995	0.016887299361968835
33.22	0.01631987684244571
33.31	0.01625081530015993
33.4	0.015769434473808432
33.489999999999995	0.015642623413726752
33.58	0.01607395584211833
33.67	0.016565160169949023
33.76	0.01822227787307797
33.849999999999994	0.017656644619340654
33.94	0.01707670039609143
34.03	0.01689770714399259
34.12	0.017332777422179323
34.21	0.017136131611137743
34.3	0.017564402752074534
34.39	0.017350917976238313
34.480000000000004	0.017133971491350136
34.57	0.018161717024183958
34.66	0.01786021368948936
34.75	0.01739303725622987
34.84	0.01725228842530274
34.93	0.017261071791049274
35.019999999999996	0.01714114066710378
35.11	0.017038014514030544
35.2	0.01755306822286535
35.29	0.01749239916886995
35.379999999999995	0.01766222188478534
35.47	0.017624303150097543
35.56	0.017866418909722532
35.65	0.01783484158273408
35.739999999999995	0.017805299629639865
35.83	0.01844481347865906
35.92	0.01852901226712716
36.01	0.0187140401763368
36.099999999999994	0.01864378719037717
36.19	0.01813965257258757
36.28	0.018026253728926012
36.37	0.017898934063737337
36.459999999999994	0.019087799484585204
36.55	0.018946584643929783
36.64	0.01832460812644749
36.730000000000004	0.01794181308066156
36.82	0.018514166188402806
36.91	0.018421458089110554
37.0	0.01895539877508484
37.09	0.01803593664302837
37.18	0.017439827211613947
37.269999999999996	0.01737989481134167
37.36	0.017620994872651386
37.45	0.017581307335732144
37.54	0.01867103960583409
37.629999999999995	0.01863439981854027
37.72	0.01859045497480452
37.81	0.018536102757518855
37.9	0.018072729207550983
37.989999999999995	0.01799345621049841
38.08	0.01750179625907629
38.17	0.016947866851702565
38.26	0.01756234773772182
38.349999999999994	0.017518267421900692
38.44	0.016841450578247444
38.53	0.017403325104097273
38.62	0.017373373380596205
38.709999999999994	0.017341725963617778
38.8	0.017308925694071955
38.89	0.01727592513613089
38.980000000000004	0.01783205981557711
39.07	0.017810318661828757
39.16	0.01778880679710039
39.25	0.017324191132456625
39.34	0.01691917357234405
39.43	0.01614771115297203
39.519999999999996	0.016148780967287692
39.61	0.017213670133985223
39.7	0.017860460607075284
39.79	0.018064658767953646
39.879999999999995	0.017277651611150965
39.97	0.01744641878551665
40.06	0.017526416141374804
40.15	0.017944805380873417
40.239999999999995	0.017858205557076828
40.33	0.017750535933657902
40.42	0.018970190482837802
40.51	0.018798293434278256
40.599999999999994	0.01838500718678625
40.69	0.0188439832086208
40.78	0.018223485094102588
40.87	0.01865652330288392
40.959999999999994	0.018002835086982857
41.05	0.017744222407470155
41.14	0.017478665763150956
41.230000000000004	0.017214963990224038
41.32	0.01759442213973039
41.41	0.018005747974125425
41.5	0.018990964164175766
41.59	0.01881100362419147
41.68	0.019876744216128703
41.769999999999996	0.02110793617701607
41.86	0.02101406022146779
41.95	0.020923711510685016
42.04	0.02145127295601562
42.129999999999995	0.022038112649989065
42.22	0.021945477744962878
42.31	0.021833646514424897
42.4	0.021704976247857895
42.49	0.021564564162258337
42.58	0.02141941160702883
42.67	0.020364479383385665
42.76	0.019281265731521273
42.85	0.019137645380280267
42.94	0.0198385176883305
43.03	0.019760741911748404
43.12	0.019265219275083623
43.21	0.019910227852629667
43.3	0.020319055218369162
43.39	0.020279280621229176
43.48	0.02026724479373624
43.57	0.020276519691994455
43.66	0.020298426865462987
43.75	0.020400870968247033
43.839999999999996	0.019941061043385416
43.93	0.019966327155546155
44.019999999999996	0.019983866231782277
44.11	0.019990712575509467
44.199999999999996	0.020675328715657332
44.29	0.020660930696673713
44.379999999999995	0.020635310759125735
44.47	0.020707194864846408
44.56	0.020686835447588404
44.65	0.0206642334875115
44.74	0.02063838162989635
44.83	0.020874452083237714
44.92	0.020989235372420905
45.01	0.020480873982657678
45.1	0.0204033435848544
45.19	0.020317614729226923
45.28	0.02022819955082694
45.37	0.019290359045483218
45.46	0.019207869116739173
45.55	0.019613133834837856
45.64	0.019127764206007123
45.73	0.019060959639076253
45.82	0.01899586629765123
45.91	0.018518622992795334
46.0	0.01845642081880531
46.089999999999996	0.018011195915008854
46.18	0.017947510867160756
46.269999999999996	0.01847348616977512
46.36	0.019114247003937972
46.449999999999996	0.01927534414723714
46.54	0.01922725046348932
46.629999999999995	0.01917526246006604
46.72	0.018635366441214832
46.809999999999995	0.01858440910077971
46.9	0.01852938496343575
46.99	0.01847033562359365
47.08	0.018408492126369955
47.17	0.01834625722162244
47.26	0.018286908800106184
47.35	0.018234126172277043
47.44	0.017399002527319345
47.53	0.0173687351324536
47.62	0.0179890128337486
47.71	0.017988793344646335
47.8	0.01756054527694362
47.89	0.01757852382643405
47.98	0.01760254879196847
48.07	0.017629241492820604
48.16	0.017655563112173683
48.25	0.017297043262673385
48.339999999999996	0.017930355307564944
48.43	0.017549216734065388
48.519999999999996	0.01756124680321578
48.61	0.017563991015563312
48.699999999999996	0.017755048858323984
48.79	0.01902569893454951
48.879999999999995	0.018014376110603022
48.97	0.018014312354187875
49.059999999999995	0.018069189570259877
49.15	0.017641774244597865
49.24	0.018401404383002536
49.33	0.01902954728576065
49.42	0.018442096298347574
49.51	0.01796157392167313
49.6	0.01839819402769642
49.69	0.018142320847607384
49.78	0.017576065170390343
49.87	0.01807224098427695
49.96	0.018156165951863586
50.05	0.017993201056348336
50.14	0.017427982770378162
50.23	0.01743493447162207
50.32	0.017443467570927
50.41	0.01745814822915263
50.5	0.016872143631612456
50.589999999999996	0.017320730089792204
50.68	0.016766372610890794
50.769999999999996	0.01725470270377706
50.86	0.016701298073787486
50.949999999999996	0.01654702409179011
51.04	0.016399575695204484
51.129999999999995	0.016261157997076444
51.22	0.016133991215133422
51.309999999999995	0.015260546408375264
51.4	0.016288046554072552
51.49	0.016228200084532914
51.58	0.016184077972383512
51.67	0.01672288704225409
51.76	0.016713999672901384
51.85	0.016713000438479234
51.94	0.016716627011310596
52.03	0.01630389346339646
52.12	0.016298671182792126
52.21	0.01629378305469428
52.3	0.016289461471369886
52.39	0.016909251411400757
52.48	0.0181203586958345
52.57	0.01813022137755371
52.66	0.01878265014536998
52.75	0.01900562707841332
52.839999999999996	0.018583809706815786
52.93	0.017946516231983182
53.019999999999996	0.017905548828373162
53.11	0.01893475406800313
53.199999999999996	0.018856804008864966
53.29	0.019673010306338168
53.379999999999995	0.019817520006375388
53.47	0.019270045867628493
53.559999999999995	0.0186254333746315
53.65	0.019164313202469547
53.739999999999995	0.019014019659893962
53.83	0.018840786872473137
53.92	0.018718105896647335
54.01	0.0181479194631429
54.1	0.018590313670706744
54.19	0.01844024318220779
54.28	0.018950943985643932
54.37	0.018791969979443126
54.46	0.018644628785104256
54.55	0.018703478269917244
54.64	0.018590553157810386
54.73	0.018488660754730095
54.82	0.019084489246148577
54.91	0.018993098725963085
55.0	0.0190968676453843
55.089999999999996	0.018604990542543404
55.18	0.018084474819754264
55.269999999999996	0.018000198563369697
55.36	0.017920130635833177
55.449999999999996	0.018516600927216947
55.54	0.018443502095082682
55.629999999999995	0.01811695855960922
55.72	0.017873610422039728
55.809999999999995	0.017825271123191513
55.9	0.01777558664222167
55.989999999999995	0.017724306314472926
56.08	0.017671579056388182
56.17	0.017202358414159548
56.26	0.0177221040537744
56.35	0.017935099489813505
56.44	0.0179035907929479
56.53	0.017867798220424846
56.62	0.01779892489515634
56.71	0.018361845695488294
56.8	0.01897588428408182
56.89	0.020081578290796608
56.98	0.02066477937579203
57.07	0.02059765611205397
57.16	0.020075098950370695
57.25	0.019537290108417732
57.339999999999996	0.019411274998644663
57.43	0.019266813690007493
57.519999999999996	0.018695002578472963
57.61	0.0191843318822312
57.699999999999996	0.019608457649309283
57.79	0.01947502960906081
57.879999999999995	0.019355529792747014
57.97	0.01993540164183952
58.059999999999995	0.019493147728253554
58.15	0.019710153540109108
58.239999999999995	0.018940933194313718
58.33	0.018789622912197317
58.42	0.01865432968289561
58.51	0.01810625024092492
58.6	0.018018487471416083
58.69	0.017122206467369273
58.78	0.016670354377681895
58.87	0.016361545608494434
58.96	0.01701027335370695
59.05	0.018191680371041404
59.14	0.01823976570848433
59.23	0.018995508389638507
59.32	0.020221628637382513
59.41	0.019406406751479335
59.5	0.019647565506538987
59.589999999999996	0.018806567602039425
59.68	0.018373719596824142
59.769999999999996	0.01782605854138348
59.86	0.01892873163659323
59.949999999999996	0.01832815199131098
60.04	0.017715081342989502
60.129999999999995	0.017484216932391255
60.22	0.016780751351914418
60.309999999999995	0.01655814104590825
60.4	0.016873901448450267
60.489999999999995	0.01664115171180426
60.58	0.01712177543808627
60.669999999999995	0.01704008523037554
60.76	0.01696519542341166
60.85	0.017620432655212345
60.94	0.017581673228869568
61.03	0.01814578414378701
61.12	0.018104035456246684
61.21	0.017646080957370573
61.3	0.01758067389997264
61.39	0.01693172937180224
61.48	0.017505445437732043
61.57	0.018099180058227665
61.66	0.017622424945321916
61.75	0.017150978390167576
61.839999999999996	0.017675419574748875
61.93	0.017609313054569264
62.019999999999996	0.017545706212972093
62.11	0.017486998892622917
62.199999999999996	0.017435488464805412
62.29	0.017393347033039703
62.379999999999995	0.016966712498757978
62.47	0.016948891749472745
62.559999999999995	0.016551158140419846
62.65	0.01671959847103341
62.739999999999995	0.016747886033903366
62.83	0.01586872978952932
62.919999999999995	0.015558462542255316
63.01	0.014881632610827263
63.1	0.014586518453976259
63.19	0.014297312910732336
63.28	0.01436110911396652
63.37	0.015016086639213947
63.46	0.01506249942923387
63.55	0.014349176703915577
63.64	0.014414719647228773
63.73	0.01496211050067717
63.82	0.016200782054651055
63.91	0.015038039055301608
64.0	0.016132662798256817
64.09	0.015859707242054166
64.18	0.015171990370663389
64.27	0.015034600378766612
64.36	0.015467852417805215
64.44999999999999	0.014984278368996495
64.53999999999999	0.01486051155520352
64.63	0.015155298119423155
64.72	0.014907198645209237
64.81	0.016460029117907983
64.9	0.016190280870923283
64.99	0.016475731924445913
65.08	0.018038782878645323
65.16999999999999	0.01736355799944077
65.25999999999999	0.016361224085300594
65.35	0.016101470896647582
65.44	0.01646463336344116
65.53	0.015834357931173666
65.62	0.015600311180784086
65.71000000000001	0.015381394063107677
65.8	0.015723710810875986
65.89	0.016263541744507497
65.97999999999999	0.016927192254722754
66.07	0.016437513525481538
66.16	0.01598985372040427
66.25	0.015927398363349568
66.34	0.0158767512916534
66.43	0.015834481196832447
66.52	0.01579798570960356
66.61	0.015391694629281017
66.69999999999999	0.015984923902564365
66.78999999999999	0.017209355569960064
66.88	0.01718263960389448
66.97	0.017153025082667132
67.06	0.017120148602081442
67.15	0.01834335309828717
67.24	0.01789958370969697
67.33	0.017447483184005515
67.41999999999999	0.01798911232862755
67.50999999999999	0.017916158430063674
67.6	0.017825661535507867
67.69	0.017719531768461246
67.78	0.017158175276489013
67.87	0.016169331508213414
67.96000000000001	0.016055447582615644
68.05	0.01656075702853791
68.14	0.01610357825955812
68.22999999999999	0.016028649254325976
68.32	0.015965245730086224
68.41	0.017787877715297728
68.5	0.017747715938018487
68.59	0.01770792154054505
68.68	0.017665366703146924
68.77	0.0176167316555012
68.86	0.01755953812118045
68.94999999999999	0.017492897459220395
69.03999999999999	0.01741784038342348
69.13	0.019256588678540746
69.22	0.0191761607364071
69.31	0.01866760061332226
69.4	0.018153930642768303
69.49	0.01756216158489462
69.58	0.01706596656916436
69.66999999999999	0.016971802411169617
69.75999999999999	0.01706498371332469
69.85	0.017254893983538373
69.94	0.017186709142563525
70.03	0.017409933463768422
70.12	0.01731737904193205
70.21000000000001	0.0168277258504524
70.3	0.016735108268931476
70.39	0.016879079626942194
70.47999999999999	0.017308167543778497
70.57	0.016826742709030996
70.66	0.01674825707839514
70.75	0.01723034054312954
70.84	0.017137205570981844
70.93	0.017695716510683093
71.02	0.01715569123174461
71.11	0.01684326855022173
71.19999999999999	0.01638144154318038
71.28999999999999	0.01631450601953958
71.38	0.016825830562061418
71.47	0.016754104367132608
71.56	0.016677305370156423
71.65	0.01680878166692274
71.74	0.01698011909425877
71.83	0.017116662236867516
71.91999999999999	0.01700217022633209
72.00999999999999	0.017963474655246982
72.1	0.018523032885802666
72.19	0.018627841537962823
72.28	0.018561814124520567
72.37	0.018539629865397103
72.46000000000001	0.018425431284932382
72.55	0.018314017338084545
72.64	0.018321554720576557
72.72999999999999	0.01814158077167453
72.82	0.017552038897384315
72.91	0.01698349260777701
73.0	0.016833947970282
73.09	0.016699874347998363
73.18	0.016583059950100565
73.27	0.016484971536502045
73.36	0.016973544701036774
73.44999999999999	0.017576637290592657
73.53999999999999	0.017533691448011087
73.63	0.01714075162479737
73.72	0.0171304977121545
73.81	0.017779667027807637
73.9	0.01854663269344792
73.99	0.018570837041953656
74.08	0.018173445437641263
74.17	0.018169616490673602
74.25999999999999	0.01881012418977656
74.35	0.019427524984196178
74.44	0.01935888461126926
74.53	0.019264214356612772
74.62	0.019743850852196047
74.71	0.01962207036407587
74.8	0.018898072726064478
74.89	0.018743464573225926
74.98	0.018848786123508047
75.07	0.0186972113516048
75.16	0.01855101095358581
75.25	0.0190461756669271
75.34	0.019574677680033497
75.42999999999999	0.020087038908741958
75.52	0.019978328445563
75.61	0.020598880398436974
75.7	0.020075354607288064
75.78999999999999	0.019554410363187648
75.88	0.02002362068315041
75.97	0.019093172811457264
76.06	0.018618733297111875
76.14999999999999	0.01809082494277557
76.24	0.01866096809825832
76.33	0.019285319760815687
76.42	0.019236156412087386
76.50999999999999	0.01876482558630609
76.6	0.018707217114345132
76.69	0.018237043145911472
76.78	0.018852025483405394
76.87	0.01837492664210269
76.96	0.01830767419132869
77.05	0.017717565460446835
77.14	0.0176458968356408
77.23	0.01660283879119973
77.32	0.016570978935654648
77.41	0.016549075254271583
77.5	0.016537680574729728
77.59	0.016142349656687333
77.67999999999999	0.016637441441378825
77.77	0.01790919737841469
77.86	0.01855428749669748
77.95	0.01861001667396596
78.03999999999999	0.018655365555053267
78.13	0.018683968885366564
78.22	0.01828110166829412
78.31	0.018411331196740578
78.39999999999999	0.01797845683422489
78.49	0.017517353775461743
78.58	0.017433364490771996
78.67	0.017325012224680726
78.75999999999999	0.017452584161516405
78.85	0.017312017843359555
78.94	0.017749759394064247
79.03	0.017200750718021636
79.12	0.016276348060933133
79.21	0.016155436818248922
79.3	0.01663771058129355
79.39	0.01654077937121189
79.48	0.017582447461831227
79.57	0.01748718680777907
79.66	0.017398916128445695
79.75	0.01820413359039606
79.84	0.017708606106062168
79.92999999999999	0.01781661285409807
80.02	0.01697182366860741
80.11	0.01749219145311419
80.2	0.01742924806732161
80.28999999999999	0.017352029062325202
80.38	0.01791438921281219
80.47	0.01765173673043069
80.56	0.016720793745174652
80.64999999999999	0.016044077581429266
80.74	0.01593498589211777
80.83	0.01663196949014467
80.92	0.01598496207165273
81.00999999999999	0.016386493339261565
81.1	0.01687726481508597
81.19	0.016772080983256814
81.28	0.016893155639813733
81.36999999999999	0.015439785287307434
81.46	0.015375137750599089
81.55	0.015470658216575837
81.64	0.015056865201589985
81.73	0.015021296092265136
81.82	0.014613299875164775
81.91	0.015173071523572949
82.0	0.015354571698766804
82.09	0.016281282673864427
82.17999999999999	0.016252926855659683
82.27	0.01681041542202869
82.36	0.01679459658236195
82.45	0.017618967005152163
82.53999999999999	0.01757951320467274
82.63	0.018029369719796042
82.72	0.018544214763217118
82.81	0.01904853096548685
82.89999999999999	0.018469106411893928
82.99	0.01853619802717262
83.08	0.018293770195318963
83.17	0.018470874409828173
83.25999999999999	0.018179045628516695
83.35	0.01747200649435812
83.44	0.017165303459066902
83.53	0.0164755678554337
83.61999999999999	0.016195902911065558
83.71	0.016588446606739873
83.8	0.01635168267017947
83.89	0.01614998717729257
83.98	0.016525107931086264
84.07	0.016419975837207904
84.16	0.016996787573508004
84.25	0.017539205087624413
84.34	0.017548233290820798
84.42999999999999	0.01823796847925795
84.52	0.018290113858285856
84.61	0.0183545888772263
84.7	0.018426526873794206
84.78999999999999	0.017963150000660365
84.88	0.01870904924888508
84.97	0.01882009124475683
85.06	0.018918696823985105
85.14999999999999	0.018177855263287215
85.24	0.018909028282742026
85.33	0.019228476009652468
85.42	0.019244851029095407
85.50999999999999	0.01922376749703184
85.6	0.01916460798547181
85.69	0.020396070777830077
85.78	0.01983890352353061
85.86999999999999	0.019252735660695505
85.96	0.018631136718131894
86.05	0.019061147510443976
86.14	0.019364270421327677
86.23	0.019423223256504477
86.32	0.019207233276224894
86.41	0.018980283071326518
86.5	0.017936544066540258
86.59	0.017726873425203578
86.67999999999999	0.01753813275547691
86.77	0.017615531087244687
86.86	0.018156041632247533
86.95	0.01803507041876226
87.03999999999999	0.01810072874992344
87.13	0.0180171866573119
87.22	0.01860479988664757
87.31	0.018539605270900126
87.39999999999999	0.019082557359591776
87.49	0.019028919825389998
87.58	0.01949444395562104
87.67	0.019449428922104738
87.75999999999999	0.019575731622416125
87.85	0.019535804084091148
87.94	0.019489261461963312
88.03	0.020307633348163694
88.11999999999999	0.02026186722874327
88.21	0.020205455596919716
88.3	0.02135093902886147
88.39	0.022020864546816277
88.48	0.021928206534831785
88.57	0.021374036361870175
88.66	0.02076920379054035
88.75	0.020190519739461666
88.84	0.020034072207668015
88.92999999999999	0.019863431720494557
89.02	0.019684901421232925
89.11	0.01907523067821033
89.2	0.01848659682864612
89.28999999999999	0.018984566271433863
89.38	0.018449600742354393
89.47	0.018444636873811215
89.56	0.018398153201233253
89.64999999999999	0.017576802906475283
89.74	0.018077942964067825
89.83	0.018095116109371364
89.92	0.018646629266739465
90.00999999999999	0.019331564243165324
90.1	0.019375244093785444
90.19	0.019001755828778572
90.28	0.019659385699155603
90.36999999999999	0.019777892774195924
90.46	0.01982606007704852
90.55	0.019344623510654375
90.64	0.018937511392972995
90.73	0.018924534822346347
90.82	0.01888724966617727
90.91	0.018826279142997174
91.0	0.019402895192440223
91.09	0.0188832990917682
91.17999999999999	0.01876861110713374
91.27	0.018643455887926156
91.36	0.018080577814565443
91.45	0.01852240355489555
91.53999999999999	0.01840796793915344
91.63	0.019161902812349422
91.72	0.01960422715350595
91.81	0.01952213290846845
91.89999999999999	0.019437693420203194
91.99	0.019348995448487373
92.08	0.019255859374582754
92.17	0.01862255695678495
92.25999999999999	0.01882642718973546
92.35	0.019182178180281832
92.44	0.019755455685850937
92.53	0.019665077763848186
92.61999999999999	0.019578889423499158
92.71	0.019081102048228243
92.8	0.019014318396515736
92.89	0.018542946071062036
92.98	0.018082143472031836
93.07	0.018519943406562506
93.16	0.01847502255625064
93.25	0.01794617735192108
93.34	0.017905645194124402
93.42999999999999	0.01846219192887117
93.52	0.018053407418082416
93.61	0.017608063296316232
93.7	0.017605057577509513
93.78999999999999	0.01818532949114544
93.88	0.018429022838544685
93.97	0.018395504858507196
94.06	0.01899449254240296
94.14999999999999	0.01961651444798819
94.24	0.021524514852172008
94.33	0.02087737386046969
94.42	0.020749393427347138
94.50999999999999	0.020157884105478998
94.6	0.019548865877721634
94.69	0.019349989765383133
94.78	0.019852219055893974
94.86999999999999	0.01963369960642318
94.96	0.020553003819216195
95.05	0.020356718911983245
95.14	0.02018098801212769
95.22999999999999	0.02002821518104143
95.32	0.019480043740862953
95.41	0.01937277937113902
95.5	0.019285330930094647
95.59	0.019215994466852408
95.67999999999999	0.01874678536676961
95.77	0.018710750871250317
95.86	0.018219788523643806
95.95	0.018216868632375236
96.03999999999999	0.017824547070826858
96.13	0.017853901090568017
96.22	0.017376340101904288
96.31	0.017445253720707182
96.39999999999999	0.018790647995769245
96.49	0.018892086033617455
96.58	0.01964079088966851
96.67	0.018891838614280423
96.75999999999999	0.018553588632972465
96.85	0.01860524722161226
96.94	0.018219497398998377
97.03	0.01769766788405413
97.11999999999999	0.01692461375859878
97.21	0.01686436308592229
97.3	0.01804371651549548
97.39	0.01828048193057917
97.47999999999999	0.018182352758965854
97.57	0.017599900483694593
97.66	0.01746910637778252
97.75	0.017330137137926364
97.84	0.017771972782065045
97.92999999999999	0.017231270655773907
98.02	0.01709806572512913
98.11	0.016968898726611385
98.2	0.01684502690093262
98.28999999999999	0.015922337022795295
98.38	0.0154449603136885
98.47	0.015357303937803029
98.56	0.01585572262779671
98.64999999999999	0.015369184486532076
98.74	0.014930762866155559
98.83	0.014184068149812504
98.92	0.014161280191386932
99.00999999999999	0.014160447321884108
99.1	0.01417918693023458
99.19	0.014799942671898951
99.28	0.015279779821194904
99.36999999999999	0.014954417842245542
99.46	0.015199968051886397
99.55	0.014819626201189694
99.64	0.01611046527564831
99.72999999999999	0.017009674930317194
99.82	0.01701885517323148
99.91	0.01622727213153754
100.0	0.016185489880141082
100.90090090090091	0.01822172223372011
101.8018018018018	0.018403791089816064
102.70270270270271	0.018460186797968996
103.6036036036036	0.01775703170294094
104.50450450450451	0.020806331009123737
105.4054054054054	0.019629160365293073
106.30630630630631	0.018615365219653464
107.2072072072072	0.017733899554993725
108.10810810810811	0.01908808057845257
109.009009009009	0.017635579265183218
109.90990990990991	0.019697315473455778
110.8108108108108	0.01847518378922692
111.71171171171171	0.019546833085402067
112.61261261261261	0.01950161136592432
113.51351351351352	0.018187406490749413
114.41441441441441	0.016084008912290986
115.31531531531532	0.01852455701671088
116.21621621621622	0.017457347390668506
117.11711711711712	0.01728729660096694
118.01801801801801	0.019251231826078206
118.91891891891892	0.017266598623880358
119.81981981981983	0.0179676340508324
120.72072072072072	0.018065993492773002
121.62162162162161	0.019707745125666302
122.52252252252252	0.02012646508673781
123.42342342342343	0.017848314498030152
124.32432432432432	0.020655225358261142
125.22522522522523	0.021020147460090788
126.12612612612612	0.01764664681269368
127.02702702702703	0.01814189768835535
127.92792792792793	0.020431728986642132
128.82882882882882	0.018423492072494725
129.72972972972974	0.019557141507670725
130.63063063063063	0.017969191870181395
131.53153153153153	0.019010430672619785
132.43243243243245	0.017497885866000054
133.33333333333334	0.01806109688776737
134.23423423423424	0.018532759530970597
135.13513513513513	0.016176334151654138
136.03603603603602	0.019903482560233637
136.93693693693695	0.01912816867263296
137.83783783783784	0.019016284691121935
138.73873873873873	0.017532920615546753
139.63963963963965	0.017391502056607683
140.54054054054055	0.015927218726025573
141.44144144144144	0.015438992152992796
142.34234234234233	0.01765116230071609
143.24324324324323	0.015947641601779926
144.14414414414415	0.015387029897415009
145.04504504504504	0.01619298940264182
145.94594594594594	0.01624740493297203
146.84684684684686	0.017796092213887636
147.74774774774775	0.017308219684305695
148.64864864864865	0.017795073859428114
149.54954954954957	0.01716362878661626
150.45045045045046	0.017711627974842232
151.35135135135135	0.020287329592652337
152.25225225225225	0.0190981624016381
153.15315315315314	0.018848395847839365
154.05405405405406	0.01975363417805059
154.95495495495496	0.018462694276049255
155.85585585585585	0.016645351658119027
156.75675675675677	0.019444224680227717
157.65765765765767	0.016757276768543976
158.55855855855856	0.015919250918545763
159.45945945945945	0.02018281850166572
160.36036036036035	0.018396840078405686
161.26126126126127	0.017959798156073615
162.16216216216216	0.016736187299169532
163.06306306306305	0.01855812193639448
163.96396396396398	0.016699849286561368
164.86486486486487	0.0187742918351113
165.76576576576576	0.01703668135563194
166.66666666666669	0.017646888327829145
167.56756756756755	0.016453683251903196
168.46846846846847	0.017388537214792728
169.36936936936937	0.017387681032691706
170.27027027027026	0.016956596206973918
171.17117117117118	0.017284179417065268
172.07207207207207	0.017203011350283057
172.97297297297297	0.019181496079074618
173.8738738738739	0.01733880132798011
174.77477477477476	0.016930890451507877
175.67567567567568	0.018138119815659673
176.57657657657657	0.018766536394610758
177.47747747747746	0.01808689618466219
178.3783783783784	0.01617613513940189
179.27927927927928	0.018677897926145787
180.18018018018017	0.02049284313474192
181.0810810810811	0.01569992746456371
181.981981981982	0.01674621976410422
182.88288288288288	0.01594851376694062
183.7837837837838	0.0176260468574321
184.68468468468467	0.016496442364052438
185.5855855855856	0.016415264788647264
186.48648648648648	0.01625631987485214
187.38738738738738	0.0178970141383733
188.2882882882883	0.0193466682827164
189.1891891891892	0.01609645779440777
190.0900900900901	0.01705524446620095
190.990990990991	0.019407891753640178
191.89189189189187	0.018315007846730166
192.7927927927928	0.020400128990222765
193.6936936936937	0.01785425335806345
194.59459459459458	0.01781893283396559
195.4954954954955	0.017679635104177763
196.3963963963964	0.01822379594009559
197.2972972972973	0.01799309102369839
198.1981981981982	0.0160897600996376
199.0990990990991	0.016799766972713133
200.0	0.018762912040152943
200.90090090090092	0.01866415558113024
201.8018018018018	0.02064788683511801
202.7027027027027	0.01979418377675016
203.6036036036036	0.018043884919923387
204.5045045045045	0.018508684231271517
205.40540540540542	0.0178649909607117
206.3063063063063	0.019244442755950587
207.2072072072072	0.01747254707662379
208.10810810810813	0.01748478593760996
209.009009009009	0.020269056782451503
209.9099099099099	0.020285738027944464
210.8108108108108	0.019443813235242163
211.7117117117117	0.0163157904374481
212.61261261261262	0.013896834338909455
213.51351351351352	0.016189278093381134
214.4144144144144	0.017214660563413975
215.31531531531533	0.016716619845671975
216.21621621621622	0.01726423879474743
217.11711711711712	0.018906047427234854
218.01801801801804	0.016714681005609213
218.9189189189189	0.019215073664548936
219.81981981981983	0.02198688234741153
220.72072072072072	0.01732335763042445
221.6216216216216	0.01637033055855119
222.52252252252254	0.017686771726548464
223.42342342342343	0.019699009077083898
224.32432432432432	0.0187104941373381
225.22522522522524	0.019636079516258193
226.1261261261261	0.0196578726921911
227.02702702702703	0.016670055460089647
227.92792792792793	0.018650468199208518
228.82882882882882	0.01670701804114074
229.72972972972974	0.016498199149612012
230.63063063063063	0.01694425110394017
231.53153153153153	0.01624055622046191
232.43243243243242	0.017479141199867175
233.33333333333334	0.016952509145140012
234.23423423423424	0.016745195068228462
235.13513513513513	0.018297998331674385
236.03603603603605	0.01707404005125092
236.93693693693695	0.016877186329790676
237.83783783783784	0.01799657219928098
238.73873873873873	0.016632145447677445
239.63963963963965	0.01662314838884864
240.54054054054055	0.016414607899223197
241.44144144144144	0.015443584943244723
242.34234234234233	0.018198442154703086
243.24324324324326	0.014842954278551708
244.14414414414415	0.015552959005682564
245.04504504504504	0.01664302639968493
245.94594594594594	0.015852545487897652
246.84684684684686	0.01695907548966603
247.74774774774775	0.01731916639681937
248.64864864864865	0.017654362962036426
249.54954954954954	0.02018230468589897
250.45045045045046	0.017037333366881475
251.35135135135135	0.01707459950853891
252.25225225225225	0.01908986700589377
253.15315315315314	0.019161072451480642
254.05405405405406	0.018160350922390375
254.95495495495496	0.018457584048309987
255.85585585585585	0.016526207642597032
256.7567567567568	0.014808360098780133
257.65765765765764	0.016911934933362693
258.55855855855856	0.01912602672127572
259.4594594594595	0.0173370107779103
260.36036036036035	0.017976618975220196
261.26126126126127	0.019101952059939125
262.1621621621622	0.019201271129449412
263.06306306306305	0.019094604039683275
263.963963963964	0.01798415126869724
264.8648648648649	0.018238550874128644
265.76576576576576	0.017478038820619213
266.66666666666663	0.017263296320239846
267.5675675675676	0.01916700407692078
268.4684684684685	0.020346320323478412
269.36936936936934	0.01813290999898879
270.27027027027026	0.016254109290377978
271.1711711711712	0.01774997094105433
272.07207207207205	0.021604961236400898
272.97297297297297	0.018481384453135782
273.8738738738739	0.01846015472103778
274.77477477477476	0.019542927670687785
275.6756756756757	0.021413648334584767
276.5765765765766	0.01740886283841042
277.47747747747746	0.020068302855129012
278.3783783783784	0.020556878986243143
279.2792792792793	0.018505522084757784
280.1801801801802	0.01758895502741246
281.0810810810811	0.01697090294558032
281.981981981982	0.017867732468163432
282.8828828828829	0.017961271731657437
283.78378378378375	0.020899673520371902
284.6846846846847	0.019480448914137513
285.5855855855856	0.019608725153874344
286.48648648648646	0.017312656188071054
287.3873873873874	0.01814101090206786
288.2882882882883	0.017424364448754656
289.18918918918916	0.016725951058255945
290.0900900900901	0.015658399167117216
290.990990990991	0.01677574930700852
291.8918918918919	0.016997950205987208
292.7927927927928	0.016265935852559834
293.6936936936937	0.01648455692680473
294.5945945945946	0.018278907639994613
295.4954954954955	0.018540247166649444
296.3963963963964	0.016794709263765594
297.2972972972973	0.018525354577725528
298.1981981981982	0.01622307341367642
299.09909909909913	0.015995215176743467
300.0	0.018259226864814092
300.90090090090087	0.018224123142190508
301.80180180180184	0.016306676049301364
302.7027027027027	0.01598065791538233
303.6036036036036	0.018986147969865155
304.5045045045045	0.020143435530966123
305.4054054054054	0.01848086533010093
306.3063063063063	0.016694544501638826
307.2072072072072	0.01858170716248104
308.1081081081081	0.016977010616371076
309.009009009009	0.01689837390573552
309.9099099099099	0.016048026873342756
310.81081081081084	0.016577989401820963
311.7117117117117	0.01766349341081506
312.6126126126126	0.017184470769136644
313.51351351351354	0.01943477749137698
314.4144144144144	0.018229125986708252
315.31531531531533	0.017442827917447043
316.21621621621625	0.014871686853056048
317.1171171171171	0.013648879848433446
318.018018018018	0.018806733851451516
318.91891891891896	0.019200866721444252
319.8198198198198	0.017549055774699757
320.7207207207207	0.017394953883034178
321.6216216216216	0.018062188636124864
322.52252252252254	0.01895785822099538
323.4234234234234	0.019507188456403757
324.3243243243243	0.020735214311076635
325.22522522522524	0.019737667541932843
326.1261261261261	0.019938201407660554
327.02702702702703	0.018061858230741416
327.92792792792795	0.01913176281345003
328.8288288288288	0.017484233364597902
329.72972972972974	0.017908050402626427
330.63063063063066	0.01971072921392569
331.5315315315315	0.019170098526291965
332.43243243243245	0.018668038296393713
333.33333333333337	0.01898378304639433
334.23423423423424	0.01748385308166713
335.1351351351351	0.019381189846858354
336.0360360360361	0.02133429371409483
336.93693693693695	0.019609936783155976
337.8378378378378	0.017369554738205718
338.73873873873873	0.01811320154514669
339.63963963963965	0.020238098438875078
340.5405405405405	0.014961879130120778
341.44144144144144	0.018638725971188565
342.34234234234236	0.018223722517339554
343.2432432432432	0.016688392233768428
344.14414414414415	0.017772996016689736
345.0450450450451	0.018031565264763644
345.94594594594594	0.01638595456640714
346.84684684684686	0.015338554708714636
347.7477477477478	0.01905451811723704
348.64864864864865	0.019087269981703486
349.5495495495495	0.019075340104534745
350.4504504504505	0.020148866083641744
351.35135135135135	0.01906662024848881
352.2522522522522	0.017780920001372144
353.1531531531532	0.016817473992505876
354.05405405405406	0.01751075202057746
354.9549549549549	0.018272625041368486
355.85585585585585	0.018194127653991282
356.7567567567568	0.018685428168581944
357.65765765765764	0.017700464218346663
358.55855855855856	0.01619291307795635
359.4594594594595	0.017814648903757443
360.36036036036035	0.019158520112310836
361.26126126126127	0.01660980965033057
362.1621621621622	0.018627539768362032
363.06306306306305	0.019698930716802347
363.963963963964	0.016470110949079814
364.86486486486484	0.020822116560175533
365.76576576576576	0.017861702806651697
366.6666666666667	0.017224427957142636
367.56756756756755	0.01831633047708047
368.4684684684685	0.01759692055875574
369.3693693693694	0.019269828355699292
370.27027027027026	0.018589538290673783
371.1711711711712	0.017512533396290633
372.0720720720721	0.02011043235041488
372.97297297297297	0.017921575902267256
373.8738738738739	0.017254463729859257
374.77477477477476	0.018484136430191568
375.6756756756757	0.018490601471172877
376.5765765765766	0.017292712697676023
377.47747747747746	0.016402199637419356
378.3783783783784	0.016327164321015393
379.2792792792793	0.017011471611869156
380.1801801801802	0.01573837452320203
381.0810810810811	0.020282039402973587
381.98198198198196	0.017825633301361745
382.8828828828829	0.01695576859720758
383.7837837837838	0.01814041647075843
384.68468468468467	0.0185084322351086
385.5855855855856	0.018566775691571277
386.4864864864865	0.015867295690694814
387.3873873873874	0.01621003929035464
388.2882882882883	0.016705033362163918
389.1891891891892	0.01670476518328742
390.0900900900901	0.01748505752684565
390.990990990991	0.017476510140893946
391.8918918918919	0.01773617082476327
392.7927927927928	0.017483880412354307
393.6936936936937	0.02043131973557842
394.5945945945946	0.021493615424984493
395.4954954954955	0.01889811391241922
396.3963963963964	0.0185261862543125
397.2972972972973	0.018810633228421636
398.1981981981982	0.0167390749174231
399.0990990990991	0.01638381899453395
400.0	0.013923034504903044
400.9009009009009	0.01767241846062546
401.8018018018018	0.018064946582574903
402.7027027027027	0.017361102085423314
403.60360360360363	0.017900102767414355
404.5045045045045	0.01771969858313397
405.4054054054054	0.017223022086524195
406.3063063063063	0.016839694677496023
407.2072072072072	0.016855368860780755
408.1081081081081	0.01697341487323907
409.009009009009	0.016880899425683063
409.9099099099099	0.016473391695800362
410.81081081081084	0.016832379456009447
411.7117117117117	0.018104148476784803
412.6126126126126	0.01807922536586819
413.51351351351354	0.018436723975430412
414.4144144144144	0.02078131826019782
415.31531531531533	0.01786169177775038
416.2162162162162	0.019673400859890795
417.1171171171171	0.019183847917487284
418.01801801801804	0.018427838708636936
418.9189189189189	0.017779663988467094
419.8198198198198	0.019245077425444936
420.72072072072075	0.018182271165969127
421.6216216216216	0.016900521102763376
422.52252252252254	0.01712692658155934
423.4234234234234	0.016873494079911688
424.3243243243243	0.014969825015364736
425.22522522522524	0.016271050652605878
426.1261261261261	0.016985384254677584
427.02702702702703	0.017589726160483796
427.92792792792795	0.01714618878801826
428.8288288288288	0.01911341217354743
429.72972972972974	0.01906189810561679
430.63063063063066	0.01884942047271791
431.5315315315315	0.018706946574226186
432.43243243243245	0.018660389965970338
433.3333333333333	0.018550891148236704
434.23423423423424	0.0198790399030301
435.13513513513516	0.0207834560508555
436.036036036036	0.019609795549124964
436.93693693693695	0.018830935571239583
437.83783783783787	0.01694571537564403
438.73873873873873	0.019447440470755323
439.63963963963965	0.01762631759797892
440.5405405405405	0.01881411296843275
441.44144144144144	0.018470117307498254
442.34234234234236	0.01686324937865157
443.2432432432432	0.017803957691009304
444.14414414414415	0.019081455302231327
445.0450450450451	0.014941032821029637
445.94594594594594	0.01711747498322587
446.84684684684686	0.016924153745397262
447.7477477477478	0.014433058943473949
448.64864864864865	0.017772763077943145
449.54954954954957	0.020095078675977464
450.45045045045043	0.015293118561690862
451.35135135135135	0.017454561769851717
452.2522522522523	0.018007150737034797
453.15315315315314	0.017345898186060194
454.05405405405406	0.01755825013417027
454.954954954955	0.019082974419148305
455.85585585585585	0.017763441624962645
456.7567567567568	0.02024147704005055
457.65765765765764	0.018257016366116995
458.55855855855856	0.016449425844045733
459.4594594594595	0.016149091011455056
460.36036036036035	0.016656340077163982
461.26126126126127	0.014411426812236226
462.1621621621622	0.016701204098497954
463.06306306306305	0.01706075926473873
463.963963963964	0.015608254652895727
464.86486486486484	0.016440785691160767
465.76576576576576	0.01838184947419249
466.6666666666667	0.0164023485082091
467.56756756756755	0.018104884449924658
468.4684684684685	0.01850539796158242
469.3693693693694	0.017304497156624434
470.27027027027026	0.015631100933762628
471.1711711711712	0.015679588946294017
472.0720720720721	0.013786687125440929
472.97297297297297	0.015360278029401975
473.8738738738739	0.01805275243864176
474.77477477477476	0.019142133434094332
475.6756756756757	0.01796810511275243
476.5765765765766	0.018153740768586286
477.47747747747746	0.01543276820548908
478.3783783783784	0.019282359864278367
479.2792792792793	0.018506407024822046
480.1801801801802	0.015583682700138698
481.0810810810811	0.014920843855013112
481.98198198198196	0.01455421550955661
482.8828828828829	0.016655925690192627
483.7837837837838	0.016172954857307215
484.68468468468467	0.016706298915923738
485.5855855855856	0.017527258886844928
486.4864864864865	0.01878014224354142
487.3873873873874	0.0200336695126649
488.2882882882883	0.016849064399026878
489.1891891891892	0.02025849809152827
490.0900900900901	0.018647796803901568
490.990990990991	0.017119818379719515
491.8918918918919	0.020270559730158382
492.7927927927928	0.019086245246996508
493.6936936936937	0.01733373251933321
494.5945945945946	0.017227931904164454
495.4954954954955	0.019407357358540947
496.3963963963964	0.01734965831467973
497.2972972972973	0.018306215905225333
498.1981981981982	0.019668932581320242
499.0990990990991	0.018441076311404788
500.0	0.019850781486474935
500.9009009009009	0.020367049325643944
501.8018018018018	0.022099332813915455
502.7027027027027	0.0204821202399144
503.60360360360363	0.018688098178701887
504.5045045045045	0.017482826878357196
505.4054054054054	0.016000754548958353
506.30630630630634	0.018490140743155453
507.2072072072072	0.018425097489543463
508.1081081081081	0.019099859806425458
509.009009009009	0.019279068895622368
509.9099099099099	0.017433447876641597
510.81081081081084	0.016884626675311657
511.7117117117117	0.020281648010904242
512.6126126126126	0.0171560188248393
513.5135135135135	0.019031209223137804
514.4144144144144	0.019936483378762183
515.3153153153153	0.015481635298072088
516.2162162162163	0.015056645524990094
517.1171171171171	0.015890064504670978
518.018018018018	0.019731510424241108
518.918918918919	0.0163647018381267
519.8198198198198	0.01795558684945643
520.7207207207207	0.018948090267861366
521.6216216216217	0.019521133424001826
522.5225225225225	0.017915282123842798
523.4234234234234	0.018584628415005605
524.3243243243244	0.01952561150591451
525.2252252252252	0.01732393243897272
526.1261261261261	0.018401697721232332
527.0270270270271	0.01966557448896569
527.927927927928	0.019110738564611204
528.8288288288288	0.02013746053961283
529.7297297297298	0.02016347065709687
530.6306306306307	0.018436172327252347
531.5315315315315	0.01652372088530809
532.4324324324325	0.017418652814483158
533.3333333333333	0.015622740078881548
534.2342342342342	0.01564053502042434
535.1351351351352	0.015996047312470053
536.036036036036	0.01563130363689893
536.936936936937	0.020078516769108427
537.8378378378379	0.017950520136194942
538.7387387387387	0.01925101365797986
539.6396396396397	0.017710654906527675
540.5405405405405	0.016553310977189886
541.4414414414414	0.01646600774717512
542.3423423423424	0.019135880886529677
543.2432432432432	0.01641462768443295
544.1441441441441	0.01577056888023458
545.0450450450451	0.014112605352160341
545.9459459459459	0.017333545029793312
546.8468468468468	0.01841419669489921
547.7477477477478	0.018432318302928526
548.6486486486486	0.01883621969348019
549.5495495495495	0.018668812289881494
550.4504504504505	0.017635061934464537
551.3513513513514	0.01890239480848878
552.2522522522522	0.016516590175391255
553.1531531531532	0.018802528165136497
554.0540540540541	0.019077256501445334
554.9549549549549	0.01671497471420557
555.8558558558559	0.015079728294036913
556.7567567567568	0.01736801234158347
557.6576576576576	0.01769770564569216
558.5585585585586	0.01608781063143654
559.4594594594595	0.016815970427468203
560.3603603603603	0.015787099504448003
561.2612612612613	0.016207407879469695
562.1621621621622	0.014923989416745042
563.063063063063	0.01602859334457439
563.963963963964	0.014998948110632947
564.8648648648649	0.017002944741090376
565.7657657657658	0.016531805785881412
566.6666666666667	0.016154817858291384
567.5675675675675	0.01722684268406153
568.4684684684685	0.018182882641360493
569.3693693693695	0.01786365469581685
570.2702702702702	0.01911951160473489
571.1711711711712	0.016913704705506034
572.0720720720722	0.01868185379863124
572.9729729729729	0.0175505899692049
573.8738738738739	0.016478276080133535
574.7747747747748	0.01615175198765278
575.6756756756756	0.01690670322416041
576.5765765765766	0.018041290863989205
577.4774774774775	0.01809522391809739
578.3783783783783	0.01602904602960424
579.2792792792793	0.018328698615061135
580.1801801801802	0.015851338054639598
581.081081081081	0.01468363328739444
581.981981981982	0.020044293155463952
582.8828828828829	0.01675875618241535
583.7837837837837	0.014394757195134002
584.6846846846847	0.01810206612403564
585.5855855855856	0.01356612909523291
586.4864864864865	0.015423503713734245
587.3873873873874	0.016840341388903227
588.2882882882883	0.01774928663542955
589.1891891891892	0.020167730835756306
590.0900900900901	0.018205166719335593
590.990990990991	0.017557795345434814
591.8918918918919	0.01882824325451683
592.7927927927929	0.01933159752426197
593.6936936936937	0.01786145529552157
594.5945945945946	0.019147688285522928
595.4954954954956	0.019762939573440937
596.3963963963964	0.017294648668264273
597.2972972972973	0.016982579233602357
598.1981981981983	0.01811498707435473
599.099099099099	0.01621699214466022
600.0	0.017042829607490675
600.900900900901	0.017017974798444645
601.8018018018017	0.015860570198528306
602.7027027027027	0.016515267077235763
603.6036036036037	0.017729856820850022
604.5045045045044	0.016675163002873788
605.4054054054054	0.01641768827033545
606.3063063063064	0.015439707919217486
607.2072072072071	0.01505249833174044
608.1081081081081	0.014482626226437981
609.009009009009	0.016748803257498678
609.9099099099099	0.014762376104022567
610.8108108108108	0.020014794584579807
611.7117117117117	0.017573658373169924
612.6126126126126	0.015216884037098456
613.5135135135135	0.016859645368553403
614.4144144144144	0.016989565271619794
615.3153153153153	0.014936352986532274
616.2162162162163	0.01722052152128825
617.1171171171171	0.01880908102145458
618.018018018018	0.018171446412422836
618.918918918919	0.018282630262072674
619.8198198198198	0.018283571258488878
620.7207207207207	0.01723554807784108
621.6216216216217	0.01665637524712871
622.5225225225225	0.01899729080743806
623.4234234234234	0.018074520110560093
624.3243243243244	0.016275635982712342
625.2252252252252	0.018658121495419473
626.1261261261261	0.01665739705803546
627.0270270270271	0.017208687278228562
627.927927927928	0.017352079452925065
628.8288288288288	0.017833122304144116
629.7297297297297	0.01807577289498778
630.6306306306307	0.016248564947057554
631.5315315315315	0.014629438930200238
632.4324324324324	0.015028725972033677
633.3333333333334	0.015587249378754222
634.2342342342342	0.017027021936219962
635.1351351351351	0.016990826324180912
636.0360360360361	0.017254029600818687
636.936936936937	0.018040810883310613
637.8378378378378	0.017421408412835678
638.7387387387388	0.016425314640177057
639.6396396396397	0.017130857875971395
640.5405405405405	0.01741981285501213
641.4414414414415	0.018724878885818416
642.3423423423424	0.019563282181878278
643.2432432432432	0.01727346159774293
644.1441441441442	0.01789086087903395
645.0450450450451	0.019051537452920368
645.9459459459459	0.016646480610394743
646.8468468468468	0.016394154851395334
647.7477477477478	0.020384904775895444
648.6486486486486	0.017251733820291316
649.5495495495495	0.018915698912989137
650.4504504504505	0.02067835811225827
651.3513513513514	0.01752477755799996
652.2522522522522	0.018363119014108576
653.1531531531532	0.017685540667726832
654.0540540540541	0.01920564341564308
654.9549549549549	0.01793093796087388
655.8558558558559	0.019345982338937848
656.7567567567568	0.019951663746884417
657.6576576576576	0.018395374969340284
658.5585585585586	0.017931302337562474
659.4594594594595	0.01882335145566128
660.3603603603603	0.01849048615822278
661.2612612612613	0.01862253720392917
662.1621621621622	0.019848950750147695
663.063063063063	0.017900144985782483
663.9639639639639	0.022327382222131036
664.8648648648649	0.02052070160089533
665.7657657657658	0.019011088576100187
666.6666666666666	0.01636458748050734
667.5675675675676	0.01767179689145564
668.4684684684685	0.016608259282403594
669.3693693693693	0.015408273126311508
670.2702702702703	0.01803419351549146
671.1711711711712	0.018741333556312988
672.072072072072	0.015720518742783216
672.972972972973	0.016342495328832363
673.8738738738739	0.016177191814692172
674.7747747747748	0.014979455803875325
675.6756756756757	0.01903314770909067
676.5765765765766	0.017368121774054016
677.4774774774775	0.017012980938562322
678.3783783783784	0.017172297596368548
679.2792792792793	0.016831819530226562
680.1801801801802	0.01867696567006185
681.081081081081	0.01598895692113861
681.981981981982	0.015596466819578002
682.8828828828829	0.014732597954905481
683.7837837837837	0.014566801556092279
684.6846846846847	0.01733540777263119
685.5855855855856	0.014945994142804645
686.4864864864865	0.01705606006304166
687.3873873873874	0.01760634150850639
688.2882882882883	0.016778181317385957
689.1891891891892	0.01737219832159866
690.0900900900901	0.018427131746945772
690.990990990991	0.016772078767435427
691.8918918918919	0.015824653747910443
692.7927927927929	0.018143605653358076
693.6936936936937	0.017566659707707787
694.5945945945946	0.018796464181643793
695.4954954954954	0.017750935173019865
696.3963963963964	0.017728619565074714
697.2972972972973	0.01704779392243184
698.1981981981982	0.0174353899799986
699.0990990990991	0.015309512054767648
700.0	0.017442047007707736
700.9009009009009	0.01725618404829718
701.8018018018018	0.01780331046526232
702.7027027027027	0.017185330694220194
703.6036036036036	0.017928936865520887
704.5045045045046	0.018060025568040403
705.4054054054054	0.01829563537244211
706.3063063063063	0.01961863687877791
707.2072072072073	0.01761274586797181
708.1081081081081	0.018717824556557884
709.009009009009	0.01860270312437173
709.90990990991	0.016284636850130676
710.8108108108108	0.01735235608047571
711.7117117117117	0.020233086022604096
712.6126126126126	0.016072765736535134
713.5135135135135	0.017135870635294766
714.4144144144144	0.01945168085851047
715.3153153153153	0.01780977098277035
716.2162162162163	0.017526073928427355
717.1171171171171	0.015773458202891607
718.018018018018	0.015140520217249293
718.918918918919	0.018506896306561472
719.8198198198198	0.01732291851801553
720.7207207207207	0.01862573366034179
721.6216216216217	0.017789098290465065
722.5225225225225	0.017917557002716977
723.4234234234234	0.020208075981841093
724.3243243243244	0.018274469514709683
725.2252252252252	0.018124973560926284
726.1261261261261	0.016842764221617353
727.0270270270271	0.016580633420864906
727.927927927928	0.016203317528578034
728.8288288288288	0.017834302955924846
729.7297297297297	0.017871069360931826
730.6306306306307	0.02042497329002213
731.5315315315315	0.01779207650644346
732.4324324324324	0.016949371547530703
733.3333333333334	0.01585188624132576
734.2342342342342	0.017040285465506008
735.1351351351351	0.018806478038562686
736.0360360360361	0.017827904311082603
736.936936936937	0.01745108775244359
737.8378378378378	0.017328969849571007
738.7387387387388	0.017591694603386814
739.6396396396397	0.016159864331016547
740.5405405405405	0.015963569991650786
741.4414414414415	0.017336987208243167
742.3423423423424	0.017001394547092753
743.2432432432432	0.017486858691550814
744.1441441441442	0.018041279528608296
745.0450450450451	0.01726289865057156
745.9459459459459	0.015596711191158736
746.8468468468468	0.01876623379331226
747.7477477477478	0.017395068557663793
748.6486486486486	0.015858862898917546
749.5495495495495	0.018217299556175334
750.4504504504505	0.013874121804440656
751.3513513513514	0.014982428377681956
752.2522522522522	0.016457664985353202
753.1531531531532	0.01476557602891726
754.0540540540541	0.014315177128194854
754.9549549549549	0.016093293894846535
755.8558558558559	0.015287733909639889
756.7567567567568	0.01612491037547963
757.6576576576576	0.016406929854837517
758.5585585585586	0.017067747482425722
759.4594594594595	0.017357554056370895
760.3603603603603	0.01685277382169829
761.2612612612613	0.01690790112821471
762.1621621621622	0.01658432087632027
763.063063063063	0.018473012036339206
763.9639639639639	0.01713611897870018
764.8648648648649	0.019634534812756392
765.7657657657658	0.01806714848278745
766.6666666666666	0.019162928503854194
767.5675675675676	0.017645775372078096
768.4684684684685	0.017730645823406
769.3693693693693	0.01734615988142431
770.2702702702703	0.01854019662924878
771.1711711711712	0.017937554538564535
772.072072072072	0.016859765460477294
772.972972972973	0.019089938817621097
773.8738738738739	0.019897021310127213
774.7747747747748	0.020440285732229113
775.6756756756757	0.019588686563684354
776.5765765765766	0.017355830004466343
777.4774774774775	0.0182341412494476
778.3783783783784	0.018014032501117924
779.2792792792793	0.01979583326564294
780.1801801801802	0.0191676336073716
781.081081081081	0.01948106509634761
781.981981981982	0.01953410686106149
782.8828828828829	0.018798827805935395
783.7837837837837	0.02031412469417662
784.6846846846847	0.017880642846008047
785.5855855855856	0.019151155277559853
786.4864864864865	0.022629720026834527
787.3873873873874	0.020740430417571575
788.2882882882883	0.0189825885791801
789.1891891891892	0.020902786625690232
790.0900900900901	0.01928434510576358
790.990990990991	0.018517663298751763
791.8918918918919	0.01961695706318475
792.7927927927929	0.0188571830908839
793.6936936936937	0.01918654222450923
794.5945945945946	0.020065578780583144
795.4954954954956	0.01793523518935921
796.3963963963964	0.018463561472358073
797.2972972972973	0.01733616521319591
798.1981981981982	0.017826499294378278
799.0990990990991	0.0177776236081069
800.0	0.01587810583348417
800.9009009009009	0.01682589676818653
801.8018018018018	0.01749396859681005
802.7027027027027	0.0178385753902368
803.6036036036036	0.019012445357397545
804.5045045045046	0.019386270979709623
805.4054054054054	0.017541513665357705
806.3063063063063	0.017415472666073382
807.2072072072073	0.01816615443445221
808.1081081081081	0.02103790854646168
809.009009009009	0.017923671118916296
809.90990990991	0.018030690152145822
810.8108108108108	0.01749007820411581
811.7117117117117	0.018605470532177027
812.6126126126127	0.01897649205569509
813.5135135135135	0.01967241227009896
814.4144144144144	0.01945159001608886
815.3153153153153	0.01786800232065033
816.2162162162163	0.017795314842588606
817.1171171171171	0.016217887607976187
818.018018018018	0.01529516966724008
818.918918918919	0.015615605931350017
819.8198198198198	0.016586088208942692
820.7207207207207	0.017592174538603463
821.6216216216217	0.020361732959075413
822.5225225225225	0.02037182285537109
823.4234234234234	0.01772589744704382
824.3243243243244	0.018082097417160162
825.2252252252252	0.018523550421117637
826.1261261261261	0.01664992921791272
827.0270270270271	0.018680917412466184
827.927927927928	0.017144974570705695
828.8288288288288	0.017485853068303983
829.7297297297297	0.016580665944799768
830.6306306306307	0.01716265832068549
831.5315315315315	0.01849953091281541
832.4324324324324	0.018039094686620297
833.3333333333334	0.018632160708122812
834.2342342342342	0.020241713864765244
835.1351351351351	0.016788009196331288
836.0360360360361	0.019372971888712034
836.936936936937	0.016542735159212014
837.8378378378378	0.015818287336097168
838.7387387387388	0.017811361024497326
839.6396396396397	0.018815157268174464
840.5405405405405	0.017113688616980406
841.4414414414415	0.019541541567687174
842.3423423423424	0.019537644884338273
843.2432432432432	0.017665994918391142
844.1441441441442	0.017473384131218562
845.0450450450451	0.01688311145313985
845.9459459459459	0.017689948130236992
846.8468468468468	0.015535899270745022
847.7477477477478	0.01367035766399105
848.6486486486486	0.01709843548704205
849.5495495495495	0.016224375061957886
850.4504504504505	0.01871560340109098
851.3513513513514	0.016369594970865892
852.2522522522522	0.017811095573866363
853.1531531531532	0.016847199450509352
854.0540540540541	0.016479367877893815
854.9549549549549	0.0153696420250515
855.8558558558559	0.014066861357288652
856.7567567567568	0.015762337450097044
857.6576576576576	0.01616630618530219
858.5585585585586	0.015727450601460486
859.4594594594595	0.01635196178190482
860.3603603603603	0.017940685496323647
861.2612612612613	0.017018124663358333
862.1621621621622	0.019951877321469805
863.063063063063	0.018765986223430623
863.9639639639639	0.018856812125035823
864.8648648648649	0.017886570479488377
865.7657657657658	0.018053668619530845
866.6666666666666	0.016271271309904137
867.5675675675676	0.01877932179795908
868.4684684684685	0.0183461811556187
869.3693693693693	0.01709340400852018
870.2702702702703	0.019875415689588942
871.1711711711712	0.018916017301330874
872.072072072072	0.020138823946061226
872.972972972973	0.020371962642018734
873.8738738738739	0.018246753876162997
874.7747747747748	0.017165260021911922
875.6756756756757	0.017019475493480343
876.5765765765766	0.015596354406433229
877.4774774774775	0.016500976751966327
878.3783783783784	0.018623247787912113
879.2792792792793	0.016976326189866362
880.1801801801802	0.01765769510369818
881.081081081081	0.01692872489473011
881.981981981982	0.015539117085281945
882.8828828828829	0.01624699735459857
883.7837837837837	0.017520258804340032
884.6846846846847	0.017361829432674045
885.5855855855856	0.018451875621423676
886.4864864864865	0.018565420571032935
887.3873873873874	0.017942111375427526
888.2882882882883	0.02059893755144702
889.1891891891892	0.020008368043377717
890.0900900900901	0.01995710988087998
890.990990990991	0.018139614991707603
891.8918918918919	0.017989167567225312
892.7927927927929	0.01971791797156637
893.6936936936937	0.017297371150862367
894.5945945945946	0.016723445646076366
895.4954954954956	0.015343535399602232
896.3963963963964	0.018038757631857093
897.2972972972973	0.017136423680708016
898.1981981981982	0.017689856083911205
899.0990990990991	0.015331056477328717
900.0	0.016702263773125246
900.9009009009009	0.016640031196452507
901.8018018018018	0.01742102211490892
902.7027027027027	0.019741853904945435
903.6036036036036	0.017825601708595828
904.5045045045046	0.018072248811907055
905.4054054054054	0.02013317274722632
906.3063063063063	0.018040799281819852
907.2072072072073	0.018631288578854877
908.1081081081081	0.02031476377773345
909.009009009009	0.017589473561707102
909.90990990991	0.017573065285196064
910.8108108108108	0.01769559744253807
911.7117117117117	0.017100808746317267
912.6126126126127	0.019664466106712845
913.5135135135135	0.01892607110395518
914.4144144144144	0.015242204194918157
915.3153153153153	0.0188705714128297
916.2162162162163	0.017489008738721612
917.1171171171171	0.019331617089458998
918.018018018018	0.019069390852864382
918.918918918919	0.019497627837345665
919.8198198198198	0.019342250440202515
920.7207207207207	0.01791993981494279
921.6216216216217	0.017035478150938192
922.5225225225225	0.0176768218009524
923.4234234234234	0.018259056102057702
924.3243243243244	0.01723770253160492
925.2252252252252	0.01884649574909695
926.1261261261261	0.018676985240626272
927.0270270270271	0.01939442364944623
927.927927927928	0.0188602988506367
928.8288288288288	0.01638886919226818
929.7297297297298	0.016273583728225856
930.6306306306307	0.01756242706447203
931.5315315315315	0.017424383917298756
932.4324324324324	0.01900290046966656
933.3333333333334	0.018625044237730707
934.2342342342342	0.01833514454727414
935.1351351351351	0.02069127469325065
936.0360360360361	0.017530679246925814
936.936936936937	0.017691242938283
937.8378378378378	0.01682721349657383
938.7387387387388	0.014830189615904814
939.6396396396397	0.015902106656515744
940.5405405405405	0.01595491293207969
941.4414414414415	0.016994268700598763
942.3423423423424	0.014746306094365454
943.2432432432432	0.01724129937609008
944.1441441441442	0.016898778354497237
945.0450450450451	0.017955397627301486
945.9459459459459	0.017392917341672802
946.8468468468469	0.01683288956982059
947.7477477477478	0.01550165527220658
948.6486486486486	0.016002491387458132
949.5495495495495	0.01691840079495729
950.4504504504505	0.016999030400026975
951.3513513513514	0.015474779105410667
952.2522522522522	0.015587740864361389
953.1531531531532	0.016650808071533182
954.0540540540541	0.017176547049601684
954.9549549549549	0.0188622951220118
955.8558558558559	0.016698413539450785
956.7567567567568	0.020110522211616206
957.6576576576576	0.02075653751735704
958.5585585585586	0.020078933995549282
959.4594594594595	0.01988872549296233
960.3603603603603	0.019530189213598188
961.2612612612613	0.018925978761266952
962.1621621621622	0.019023265688800934
963.063063063063	0.018167091026815806
963.9639639639639	0.01615847596221886
964.8648648648649	0.016171984267412794
965.7657657657658	0.017590017898805564
966.6666666666666	0.01803748566375751
967.5675675675676	0.01843509204147531
968.4684684684685	0.018066470350280864
969.3693693693693	0.016456921995525897
970.2702702702703	0.018101044877525972
971.1711711711712	0.019459796662316675
972.072072072072	0.016697027906495167
972.972972972973	0.018978893542108397
973.8738738738739	0.019044976731620356
974.7747747747748	0.01693955634323687
975.6756756756757	0.016797049993837826
976.5765765765766	0.01707292287923039
977.4774774774775	0.01680784065052259
978.3783783783784	0.017317439836426658
979.2792792792793	0.01624397569513661
980.1801801801802	0.01645826854434943
981.081081081081	0.018870630964239642
981.981981981982	0.016818445361565522
982.8828828828829	0.015803361649815925
983.7837837837837	0.016733671478706472
984.6846846846847	0.018405308268139686
985.5855855855856	0.01955208455369339
986.4864864864865	0.01980065465875021
987.3873873873874	0.01931128792193147
988.2882882882883	0.01979111319653185
989.1891891891892	0.018027263498109805
990.0900900900901	0.017837575535970863
990.990990990991	0.0177725256348859
991.8918918918919	0.018571393688240238
992.7927927927929	0.018223468750906698
993.6936936936937	0.015627341974310958
994.5945945945946	0.017046108146828602
995.4954954954956	0.01812466253529228
996.3963963963964	0.017696570066150004
997.2972972972973	0.018835342649304507
998.1981981981982	0.016412797758076317
999.0990990990991	0.017714732437481263
1000.0	0.01965438951933347
