0.0	0.9999999999999998
0.0001	0.9999999687324324
0.0002	0.9999998749313993
0.00030000000000000003	0.9999997186010143
0.0004	0.9999994997454249
0.0005	0.9999992183687794
0.0006000000000000001	0.9999988744752336
0.0007	0.9999984680689614
0.0008	0.9999979991541333
0.0009000000000000001	0.9999974677349627
0.001	0.9999968738156401
0.0011	0.9999962174003826
0.0012000000000000001	0.9999954984934045
0.0013000000000000002	0.9999947170989434
0.0014	0.9999938732212538
0.0015	0.9999929668645728
0.0016	0.999991998033187
0.0017000000000000001	0.9999909667313538
0.0018000000000000002	0.9999898729633722
0.0019	0.9999887167335412
0.002	0.9999874980461501
0.0021000000000000003	0.9999862169055418
0.0022	0.99998487331603
0.0023	0.9999834672819629
0.0024000000000000002	0.9999819988076784
0.0025	0.9999804678975496
0.0026000000000000003	0.9999788745559384
0.0027	0.9999772187872317
0.0028	0.999975500595826
0.0029000000000000002	0.9999737199861137
0.003	0.9999718769625109
0.0031000000000000003	0.9999699715294424
0.0032	0.999968003691349
0.0033	0.9999659734526627
0.0034000000000000002	0.9999638808178478
0.0035	0.9999617257913677
0.0036000000000000003	0.9999595083777079
0.0037	0.9999572285813332
0.0038	0.9999548864067627
0.0039000000000000003	0.9999524818584831
0.004	0.9999500149410385
0.0041	0.999947485658937
0.004200000000000001	0.9999448940167177
0.0043	0.9999422400189462
0.0044	0.9999395236701699
0.0045000000000000005	0.9999367449749663
0.0046	0.9999339039379064
0.0047	0.9999310005635966
0.0048000000000000004	0.9800470710159097
0.0049	0.9603628206214514
0.005	0.9603598437561478
0.0051	0.9603568070391825
0.005200000000000001	0.9603537104750405
0.0053	0.9603505540681897
0.0054	0.9603473378231397
0.0055000000000000005	0.9603440617443805
0.0056	0.9603407258364388
0.0057	0.9603373301038205
0.0058000000000000005	0.9603338745510798
0.0059	0.9603303591827497
0.006	0.9603267840033821
0.0061	0.9603231490175435
0.006200000000000001	0.9603194542298112
0.0063	0.9603156996447663
0.0064	0.960311885266999
0.006500000000000001	0.960308011101115
0.0066	0.9603040771517308
0.0067	0.9603000834234655
0.0068000000000000005	0.9602960299209611
0.006900000000000001	0.9602919166488594
0.007	0.9602877436118052
0.0071	0.9602835108144661
0.007200000000000001	0.9602792182615227
0.0073	0.9602748659576554
0.0074	0.9602704539075608
0.007500000000000001	0.9602659821159371
0.0076	0.9602614505874951
0.0077	0.9602568593269699
0.0078000000000000005	0.9602522083390853
0.0079	0.960247497628596
0.008	0.9602427272002446
0.0081	0.960237897058799
0.0082	0.9602330072090346
0.0083	0.9602280576557339
0.008400000000000001	0.9602230484036851
0.0085	0.9602179794577076
0.0086	0.9602128508225956
0.008700000000000001	0.9602076625031858
0.0088	0.9602024145043141
0.0089	0.9601971068308098
0.009000000000000001	0.960191739487535
0.0091	0.9601863124793549
0.0092	0.9601808258111473
0.009300000000000001	0.960175279487777
0.0094	0.9601696735141536
0.0095	0.9601640078951845
0.009600000000000001	0.9601582826357666
0.0097	0.9601524977408282
0.0098	0.9601466532153153
0.0099	0.9601407490641516
0.01	0.9601347852923031
0.010100000000000001	0.9601287619047265
0.0102	0.9601226789063947
0.0103	0.9601165363022977
0.010400000000000001	0.9601103340974143
0.0105	0.9601040722967586
0.0106	0.9600977509053457
0.010700000000000001	0.960091369928188
0.0108	0.9600849293703181
0.0109	0.9600784292367845
0.011000000000000001	0.9600718695326391
0.0111	0.9600652502629439
0.0112	0.9600585714327623
0.011300000000000001	0.9600518330471836
0.0114	0.9600450351113016
0.0115	0.9600381776302087
0.011600000000000001	0.960031260609021
0.0117	0.9600242840528692
0.0118	0.9600172479668667
0.0119	0.9600101523561655
0.012	0.9600029972259163
0.012100000000000001	0.9599957825812807
0.0122	0.959988508427428
0.0123	0.9599811747695368
0.012400000000000001	0.9599737816127927
0.0125	0.959966328962408
0.0126	0.9599588168235867
0.012700000000000001	0.9599512452015471
0.0128	0.9599436141015241
0.0129	0.9599359235287527
0.013000000000000001	0.9599281734884886
0.0131	0.9599203639859839
0.0132	0.9599124950265048
0.013300000000000001	0.9599045666153448
0.0134	0.9598965787577822
0.0135	0.9598885314591193
0.013600000000000001	0.9598804247246601
0.0137	0.9598722585597285
0.013800000000000002	0.9598640329696505
0.013900000000000001	0.9598557479597694
0.014	0.9598474035354242
0.014100000000000001	0.9598389997019695
0.0142	0.9598305364647917
0.0143	0.9598220138292524
0.014400000000000001	0.9598134318007503
0.0145	0.9598047903846693
0.0146	0.9597960895864166
0.014700000000000001	0.9597873294114273
0.0148	0.9597785098651085
0.0149	0.9597696309529056
0.015000000000000001	0.9597606926802633
0.0151	0.959751695052626
0.0152	0.959742638075484
0.015300000000000001	0.9597335217542954
0.0154	0.959724346094546
0.0155	0.959715111101736
0.015600000000000001	0.9597058167813599
0.015700000000000002	0.9596964631389443
0.0158	0.95968705018002
0.0159	0.9596775779100972
0.016	0.9596680463347436
0.0161	0.9596584554594911
0.0162	0.959648805289924
0.016300000000000002	0.959639095831603
0.0164	0.9596293270901095
0.0165	0.959619499071048
0.0166	0.9596096117800142
0.0167	0.9595996652226116
0.016800000000000002	0.959589659404474
0.016900000000000002	0.9595795943312324
0.017	0.9595694700085274
0.0171	0.9595592864420048
0.0172	0.9595490436373344
0.0173	0.9595387416001698
0.017400000000000002	0.9595283803362157
0.0175	0.9595179598511419
0.0176	0.9595074801506641
0.0177	0.9594969412404777
0.0178	0.9594863431263106
0.0179	0.959475685813885
0.018000000000000002	0.9594649693089436
0.0181	0.9594541936172404
0.0182	0.959443358744532
0.0183	0.9594324646965796
0.0184	0.9594215114791554
0.018500000000000003	0.9594104990980644
0.018600000000000002	0.9593994275590941
0.0187	0.9593882968680507
0.0188	0.9593771070307535
0.0189	0.9593658580530297
0.019	0.9593545499407041
0.019100000000000002	0.9593431826996395
0.019200000000000002	0.9593317563356736
0.0193	0.9593202708546823
0.0194	0.959308726262537
0.0195	0.9592971225651219
0.0196	0.9592854597683311
0.019700000000000002	0.9592737378780696
0.0198	0.9592619569002424
0.0199	0.9592501168407871
0.02	0.9592382177056219
0.0201	0.9592262595006963
0.020200000000000003	0.9592142422319658
0.020300000000000002	0.9592021659053854
0.0204	0.959190030526921
0.0205	0.9591778361025681
0.0206	0.959165582638309
0.0207	0.9591532701401372
0.020800000000000003	0.959140898614079
0.020900000000000002	0.9591284680661348
0.021	0.9591159785023499
0.0211	0.9591034299287511
0.0212	0.959090822351397
0.0213	0.959078155776329
0.021400000000000002	0.9590654302096334
0.021500000000000002	0.959052645657383
0.0216	0.9590398021256492
0.0217	0.9590268996205493
0.0218	0.9590139381481781
0.0219	0.959000917714647
0.022000000000000002	0.9589878383260922
0.0221	0.9589746999886488
0.0222	0.9589615027084446
0.0223	0.9589482464916443
0.0224	0.9589349313444226
0.022500000000000003	0.9589215572729355
0.022600000000000002	0.958908124283367
0.0227	0.9588946323819242
0.0228	0.9588810815747932
0.0229	0.9588674718681909
0.023	0.9588538032683374
0.023100000000000002	0.9588400757814705
0.023200000000000002	0.9588262894138212
0.0233	0.95881244417164
0.0234	0.9587985400611937
0.0235	0.958784577088743
0.0236	0.9587705552605716
0.023700000000000002	0.9587564745829625
0.0238	0.9587423350622192
0.0239	0.9587281367046454
0.024	0.9587138795165523
0.0241	0.9586995635042819
0.024200000000000003	0.9586851886741514
0.024300000000000002	0.9586707550325159
0.0244	0.9586562625857377
0.0245	0.958641711340167
0.0246	0.9586271013021737
0.0247	0.9586124324781641
0.024800000000000003	0.9585977048745115
0.024900000000000002	0.9585829184976274
0.025	0.9585680733539148
0.0251	0.9585531694498055
0.0252	0.9585382067917241
0.0253	0.9585231853861228
0.025400000000000002	0.958508105239429
0.025500000000000002	0.9584929663581256
0.0256	0.9584777687486655
0.0257	0.9584625124175324
0.0258	0.9584471973712156
0.025900000000000003	0.958431823616212
0.026000000000000002	0.958416391159024
0.0261	0.9584009000061793
0.0262	0.9583853501641947
0.0263	0.9583697416396026
0.0264	0.9583540744389585
0.026500000000000003	0.9583383485688141
0.026600000000000002	0.9583225640357237
0.0267	0.9583067208462765
0.0268	0.9582908190070392
0.0269	0.9582748585246121
0.027	0.9582588394055982
0.027100000000000003	0.9582427616566085
0.027200000000000002	0.958226625284262
0.0273	0.9582104302951808
0.0274	0.9581941766960205
0.0275	0.9581778644934182
0.027600000000000003	0.9581614936940306
0.027700000000000002	0.9581450643045373
0.027800000000000002	0.9581285763316092
0.0279	0.9581120297819328
0.028	0.9580954246622013
0.0281	0.958078760979126
0.028200000000000003	0.9580620387394236
0.028300000000000002	0.9580452579498056
0.0284	0.958028418617024
0.0285	0.9580115207478036
0.0286	0.9579945643489098
0.0287	0.9579775494271014
0.028800000000000003	0.9579604759891477
0.028900000000000002	0.9579433440418409
0.029	0.9579261535919482
0.0291	0.9579089046462917
0.0292	0.9578915972116641
0.029300000000000003	0.9578742312948956
0.029400000000000003	0.9578568069028109
0.029500000000000002	0.9384084658445476
0.0296	0.9383912777792225
0.0297	0.9383740324475623
0.0298	0.9383567298562823
0.029900000000000003	0.9383393700121456
0.030000000000000002	0.9383219529218887
0.030100000000000002	0.9383044785922773
0.0302	0.9382869470300881
0.0303	0.9382693582420787
0.0304	0.9382517122350615
0.030500000000000003	0.9382340090158267
0.030600000000000002	0.9382162485911701
0.0307	0.9381984309679201
0.0308	0.9381805561528993
0.0309	0.9381626241529355
0.031	0.9381446349748795
0.031100000000000003	0.9381265886255716
0.031200000000000002	0.9381084851118927
0.0313	0.9380903244406973
0.031400000000000004	0.9380721066188685
0.0315	0.9380538316532975
0.0316	0.9380354995508896
0.0317	0.9380171103185385
0.0318	0.937998663963166
0.031900000000000005	0.9379801604916976
0.032	0.9379615999110658
0.032100000000000004	0.937942982228217
0.0322	0.9379243074501121
0.0323	0.9379055755836955
0.0324	0.9378867866359551
0.0325	0.9378679406138546
0.032600000000000004	0.9378490375243991
0.0327	0.9378300773745718
0.0328	0.9378110601714
0.0329	0.9377919859218822
0.033	0.9377728546330437
0.033100000000000004	0.9377536663119304
0.0332	0.937734420965585
0.0333	0.937715118601058
0.0334	0.9376957592254066
0.0335	0.937676342845704
0.033600000000000005	0.9376568694690294
0.0337	0.9376373391024815
0.033800000000000004	0.9376177517531487
0.0339	0.9375981074281411
0.034	0.9375784061345775
0.0341	0.9375586478795707
0.0342	0.9375388326702798
0.034300000000000004	0.93751896051382
0.0344	0.9374990314173682
0.0345	0.9374790453880775
0.0346	0.9374590024331073
0.0347	0.9374389025596535
0.034800000000000005	0.9374187457749054
0.0349	0.937398532086042
0.035	0.9373782615002838
0.0351	0.9373579340248469
0.0352	0.9373375496669613
0.035300000000000005	0.9373171084338476
0.0354	0.9372966103327554
0.035500000000000004	0.9372760553709412
0.0356	0.9180474085839812
0.0357	0.9180271614505753
0.0358	0.9180068586461911
0.0359	0.9179865001779813
0.036000000000000004	0.9179660860530855
0.0361	0.9179456162786783
0.0362	0.9179250908619282
0.0363	0.9179045098100151
0.0364	0.9178838731301252
0.036500000000000005	0.9178631808294717
0.0366	0.9178424329152467
0.0367	0.917821629394673
0.0368	0.9178007702749706
0.0369	0.917779855563385
0.037000000000000005	0.9177588852671432
0.0371	0.9177378593935147
0.037200000000000004	0.917716777949744
0.0373	0.9176956409431027
0.0374	0.9176744483808744
0.0375	0.9176532002703408
0.0376	0.9176318966187973
0.037700000000000004	0.9176105374335528
0.0378	0.9175891227219204
0.0379	0.9175676524912099
0.038	0.9175461267487691
0.0381	0.9175245455019224
0.038200000000000005	0.9175029087580224
0.0383	0.9174812165244275
0.038400000000000004	0.9174594688085049
0.0385	0.917437665617622
0.0386	0.9174158069591675
0.038700000000000005	0.9173938928405221
0.0388	0.9173719232691027
0.038900000000000004	0.9173498982523155
0.039	0.9173278177975669
0.0391	0.9173056819122832
0.0392	0.9172834906039208
0.0393	0.9172612438798939
0.039400000000000004	0.9172389417476775
0.0395	0.9172165842147267
0.0396	0.9171941712885082
0.0397	0.9171717029765061
0.0398	0.9171491792862017
0.039900000000000005	0.9171266002250925
0.04	0.9171039658006896
0.040100000000000004	0.9170812760204982
0.0402	0.917058530892051
0.0403	0.9170357304228695
0.040400000000000005	0.9170128746204894
0.0405	0.9169899634924777
0.040600000000000004	0.9169669970463666
0.0407	0.9169439752897464
0.0408	0.9169208982301749
0.0409	0.9168977658752381
0.041	0.9168745782325363
0.041100000000000005	0.9168513353096507
0.0412	0.9168280371142141
0.0413	0.9168046836538332
0.0414	0.9167812749361334
0.0415	0.9167578109687394
0.041600000000000005	0.9167342917593154
0.0417	0.9167107173155042
0.041800000000000004	0.9166870876449705
0.0419	0.9166634027553725
0.042	0.9166396626543997
0.042100000000000005	0.9166158673497319
0.0422	0.9165920168490702
0.042300000000000004	0.9165681111601149
0.0424	0.9165441502905854
0.0425	0.9165201342481962
0.0426	0.9164960630406735
0.0427	0.91647193667577
0.042800000000000005	0.9164477551612168
0.0429	0.9164235185047818
0.043000000000000003	0.916399226714224
0.0431	0.9163748797973168
0.0432	0.9163504777618402
0.043300000000000005	0.9163260206155874
0.0434	0.9163015083663508
0.043500000000000004	0.9162769410219488
0.0436	0.9162523185901975
0.0437	0.9162276410789029
0.0438	0.9162029084959198
0.0439	0.916178120849085
0.044000000000000004	0.916153278146234
0.0441	0.9161283803952399
0.0442	0.9161034276039753
0.0443	0.9160784197803019
0.0444	0.9160533569321041
0.044500000000000005	0.9160282390672877
0.0446	0.9160030661937495
0.044700000000000004	0.915977838319397
0.0448	0.9159525554521499
0.0449	0.9159272175999285
0.045000000000000005	0.9159018247706819
0.0451	0.9158763769723537
0.045200000000000004	0.9158508742128807
0.0453	0.9158253165002408
0.0454	0.9157997038423991
0.0455	0.9157740362473318
0.0456	0.9157483137230295
0.045700000000000005	0.915722536277481
0.0458	0.9156967039187055
0.0459	0.9156708166546997
0.046	0.9156448744934867
0.0461	0.9156188774431048
0.046200000000000005	0.915592825511583
0.0463	0.9155667187069788
0.046400000000000004	0.9155405570373414
0.0465	0.915514340510729
0.0466	0.9154880691352142
0.046700000000000005	0.9154617429188926
0.0468	0.9154353618698388
0.046900000000000004	0.9154089259961534
0.047	0.9153824353059465
0.0471	0.9153558898073267
0.0472	0.9153292895084199
0.0473	0.9153026344173549
0.047400000000000005	0.9152759245422838
0.0475	0.9152491598913362
0.0476	0.915222340472686
0.0477	0.9151954662944854
0.0478	0.9151685373649119
0.047900000000000005	0.9151415536921624
0.048	0.9151145152844009
0.048100000000000004	0.9150874221498465
0.0482	0.9150602742967033
0.0483	0.9150330717331852
0.048400000000000006	0.9150058144675091
0.0485	0.9149785025079257
0.048600000000000004	0.9149511358626599
0.0487	0.9149237145399666
0.0488	0.8959527449293806
0.0489	0.8959257835219715
0.049	0.8958987685976737
0.049100000000000005	0.8958717001645901
0.0492	0.8958445782308531
0.049300000000000004	0.8958174028046055
0.0494	0.8957901738939843
0.0495	0.8957628915071485
0.049600000000000005	0.895735555652249
0.0497	0.8957081663374556
0.049800000000000004	0.8956807235709524
0.0499	0.8956532273609155
0.05	0.8956256777155399
0.050100000000000006	0.8955980746430289
0.0502	0.8955704181515954
0.050300000000000004	0.8955427082494574
0.0504	0.8955149449448254
0.0505	0.8954871282459492
0.0506	0.8954592581610731
0.0507	0.8954313346984305
0.050800000000000005	0.8954033578662942
0.0509	0.8953753276729239
0.051000000000000004	0.8953472441266004
0.0511	0.8953191072356058
0.0512	0.8952909170082297
0.051300000000000005	0.8952626734527698
0.0514	0.8952343765775297
0.051500000000000004	0.8952060263908377
0.0516	0.895177622901008
0.0517	0.8951491661163807
0.051800000000000006	0.8951206560452807
0.0519	0.895092092696075
0.052000000000000005	0.8950634760771081
0.0521	0.8950348061967556
0.0522	0.876280743533582
0.0523	0.8762525687748347
0.0524	0.8762243418980274
0.052500000000000005	0.8761960629113891
0.0526	0.8761677318231516
0.052700000000000004	0.8761393486415597
0.0528	0.8761109133748681
0.0529	0.8760824260313403
0.053000000000000005	0.8760538866192396
0.0531	0.8760252951468477
0.053200000000000004	0.8759966516224447
0.0533	0.8759679560543239
0.0534	0.8759392084507807
0.053500000000000006	0.8759104088201275
0.0536	0.8758815571706887
0.053700000000000005	0.8758526535107745
0.0538	0.8758236978487218
0.0539	0.8757946901928647
0.054	0.8757656305515623
0.0541	0.8757365189331694
0.054200000000000005	0.8757073553460334
0.0543	0.8756781397985457
0.054400000000000004	0.8756488722990707
0.0545	0.8756195528560128
0.0546	0.8755901814777433
0.054700000000000006	0.875560758172686
0.0548	0.8755312829492417
0.054900000000000004	0.8755017558158265
0.055	0.8754721767808765
0.0551	0.8754425458528241
0.055200000000000006	0.8754128630401028
0.0553	0.875383128351173
0.055400000000000005	0.8753533417944875
0.0555	0.8753235033785132
0.055600000000000004	0.8752936131117243
0.0557	0.8752636710026007
0.0558	0.8752336770596357
0.055900000000000005	0.8752036312913206
0.056	0.8751735337061729
0.056100000000000004	0.8751433843126902
0.0562	0.8751131831194088
0.0563	0.8750829301348471
0.056400000000000006	0.8750526253675431
0.0565	0.8750222688260425
0.056600000000000004	0.874991860518899
0.0567	0.8749614004546733
0.0568	0.8749308886419246
0.056900000000000006	0.8749003250892383
0.057	0.8748697098052024
0.057100000000000005	0.8748390427983979
0.0572	0.874808324077427
0.057300000000000004	0.8747775536508956
0.0574	0.8747467315274162
0.0575	0.874715857715621
0.057600000000000005	0.8746849322241361
0.0577	0.8746539550615959
0.057800000000000004	0.8746229262366507
0.0579	0.8745918457579573
0.058	0.8745607136341694
0.058100000000000006	0.8745295298739553
0.0582	0.8744982944860021
0.058300000000000005	0.8744670074789882
0.0584	0.8744356688616085
0.0585	0.8744042786425602
0.058600000000000006	0.8743728368305577
0.0587	0.8743413434343102
0.058800000000000005	0.8558244874372468
0.0589	0.8557935591977636
0.059000000000000004	0.855762580495204
0.0591	0.8557315513381354
0.0592	0.8557004717351276
0.059300000000000005	0.8556693416947758
0.0594	0.8556381612256662
0.059500000000000004	0.855606930336401
0.0596	0.855575649035581
0.0597	0.855544317331833
0.059800000000000006	0.8555129352337646
0.0599	0.85548150275002
0.060000000000000005	0.855450019889224
0.0601	0.8554184866600213
0.060200000000000004	0.8553869030710826
0.0603	0.8553552691310403
0.0604	0.8553235848485853
0.060500000000000005	0.8552918502323839
0.0606	0.8552600652911142
0.060700000000000004	0.8552282300334757
0.0608	0.8551963444681583
0.0609	0.855164408603872
0.061000000000000006	0.8551324224493284
0.0611	0.8551003860132411
0.061200000000000004	0.8550682993043479
0.0613	0.8550361623313738
0.0614	0.8550039751030767
0.061500000000000006	0.8549717376281938
0.0616	0.854939449915485
0.061700000000000005	0.8549071119737186
0.0618	0.8548747238116706
0.061900000000000004	0.854842285438111
0.062	0.8548097968618323
0.0621	0.8547772580916341
0.062200000000000005	0.854744669136316
0.0623	0.8547120300046913
0.062400000000000004	0.8546793407055755
0.0625	0.8546466012477903
0.0626	0.8546138116401698
0.0627	0.85458097189156
0.06280000000000001	0.8545480820107999
0.0629	0.8545151420067528
0.063	0.8544821518882756
0.0631	0.854449111664243
0.0632	0.8544160213435315
0.06330000000000001	0.8543828809350167
0.0634	0.8543496904476063
0.0635	0.8543164498901933
0.0636	0.8542831592716763
0.0637	0.8542498186009839
0.06380000000000001	0.8542164278870354
0.0639	0.8541829871387555
0.064	0.8541494963650776
0.0641	0.854115955574956
0.06420000000000001	0.8540823647773416
0.06430000000000001	0.8540487239811848
0.0644	0.8540150331954601
0.0645	0.8539812924291431
0.0646	0.8539475016912093
0.06470000000000001	0.8539136609906459
0.0648	0.8538797703364623
0.0649	0.8538458297376458
0.065	0.8538118392032192
0.0651	0.8537777987421974
0.06520000000000001	0.8537437083636091
0.0653	0.8537095680764768
0.0654	0.8536753778898596
0.0655	0.8536411378127876
0.0656	0.8536068478543277
0.06570000000000001	0.8535725080235388
0.0658	0.8535381183294851
0.0659	0.8535036787812558
0.066	0.8534691893879292
0.0661	0.8534346501586002
0.06620000000000001	0.8534000611023699
0.0663	0.8533654222283412
0.0664	0.8533307335456316
0.0665	0.853295995063361
0.0666	0.8532612067906518
0.06670000000000001	0.8532263687366543
0.0668	0.8531914809105088
0.0669	0.8531565433213582
0.067	0.853121555978369
0.0671	0.8530865188907014
0.06720000000000001	0.8530514320675268
0.0673	0.8530162955180387
0.0674	0.8529811092514096
0.0675	0.8529458732768425
0.06760000000000001	0.852910587603544
0.06770000000000001	0.852875252240712
0.0678	0.8528398671975729
0.0679	0.8528044324833417
0.068	0.8527689481072641
0.06810000000000001	0.8527334140785677
0.0682	0.8526978304065002
0.0683	0.8526621971003149
0.0684	0.8526265141692831
0.0685	0.8525907816226557
0.06860000000000001	0.8525549994697231
0.0687	0.8525191677197578
0.0688	0.8524832863820576
0.0689	0.8524473554659169
0.069	0.8524113749806341
0.06910000000000001	0.8523753449355238
0.0692	0.8523392653399081
0.0693	0.8523031362031125
0.0694	0.852266957534474
0.0695	0.8522307293433277
0.06960000000000001	0.8521944516390211
0.0697	0.8521581244309104
0.0698	0.8521217477283637
0.0699	0.8520853215407376
0.07	0.8520488458774216
0.07010000000000001	0.8520123207477985
0.0702	0.8519757461612586
0.0703	0.8519391221271967
0.0704	0.8519024486550173
0.07050000000000001	0.8518657257541371
0.07060000000000001	0.8518289534339826
0.0707	0.851792131703967
0.0708	0.851755260573541
0.0709	0.8517183400521345
0.07100000000000001	0.8516813701492006
0.0711	0.8516443508741914
0.0712	0.8516072822365783
0.0713	0.8515701642458333
0.0714	0.8515329969114233
0.07150000000000001	0.851495780242837
0.0716	0.8514585142495693
0.0717	0.8514211989411238
0.0718	0.8513838343269998
0.0719	0.8513464204167132
0.07200000000000001	0.8513089572197903
0.0721	0.8512714447457516
0.0722	0.8512338830041328
0.0723	0.8511962720044767
0.0724	0.8511586117563421
0.07250000000000001	0.8511209022692721
0.0726	0.8510831435528367
0.0727	0.851045335616612
0.0728	0.851007478470164
0.0729	0.8509695721230931
0.07300000000000001	0.8509316165849784
0.0731	0.8508936118654294
0.0732	0.8508555579740403
0.0733	0.8508174549204433
0.0734	0.8507793027142425
0.07350000000000001	0.850741101365071
0.0736	0.8507028508825673
0.0737	0.8506645512763719
0.0738	0.8506262025561399
0.07390000000000001	0.8505878047315154
0.07400000000000001	0.8505493578121681
0.0741	0.8505108618077722
0.0742	0.8504723167279952
0.0743	0.8504337225825331
0.07440000000000001	0.8503950793810767
0.0745	0.8503563871333184
0.0746	0.8503176458489754
0.0747	0.8502788555377468
0.0748	0.8502400162093569
0.07490000000000001	0.8502011278735397
0.075	0.8501621905400242
0.0751	0.8501232042185539
0.0752	0.8500841689188829
0.0753	0.8500450846507532
0.07540000000000001	0.8500059514239342
0.0755	0.8499667692482056
0.0756	0.8499275381333234
0.0757	0.849888258089093
0.0758	0.8498489291252868
0.07590000000000001	0.8498095512517165
0.076	0.8497701244781766
0.0761	0.8497306488144901
0.0762	0.8496911242704681
0.0763	0.8496515508559332
0.07640000000000001	0.8496119285807302
0.0765	0.8495722574546852
0.0766	0.8495325374876528
0.0767	0.8494927686894935
0.07680000000000001	0.8494529510700621
0.07690000000000001	0.8494130846392184
0.077	0.8493731694068467
0.0771	0.8493332053828352
0.0772	0.8492931925770556
0.07730000000000001	0.8492531309994212
0.07740000000000001	0.8492130206598212
0.0775	0.849172861568172
0.0776	0.8491326537343988
0.0777	0.849092397168412
0.07780000000000001	0.8490520918801449
0.0779	0.8490117378795381
0.078	0.8489713351765393
0.0781	0.8307921002586167
0.0782	0.8307524680752549
0.07830000000000001	0.8307127882657154
0.0784	0.8306730608397527
0.0785	0.8306332858071507
0.0786	0.8305934631776758
0.0787	0.8305535929611292
0.07880000000000001	0.8305136751672912
0.0789	0.8304737098059716
0.079	0.8304336968869719
0.0791	0.8303936364201095
0.0792	0.8303535284152043
0.07930000000000001	0.8303133728820877
0.0794	0.8302731698305833
0.0795	0.8302329192705411
0.0796	0.8301926212118108
0.07970000000000001	0.8301522756642377
0.07980000000000001	0.8301118826376895
0.0799	0.8300714421420302
0.08	0.8300309541871389
0.0801	0.829990418782894
0.08020000000000001	0.8299498359391849
0.08030000000000001	0.8299092056659082
0.0804	0.8298685279729583
0.0805	0.8298278028702548
0.0806	0.8297870303677098
0.08070000000000001	0.8297462104752404
0.08080000000000001	0.8297053432027776
0.0809	0.829664428560254
0.081	0.8296234665576181
0.0811	0.8295824572048099
0.08120000000000001	0.8295414005117987
0.0813	0.8295002964885315
0.0814	0.8294591451449871
0.0815	0.8294179464911374
0.0816	0.829376700536963
0.08170000000000001	0.8293354072924565
0.0818	0.8113839437422408
0.0819	0.8113434528117975
0.082	0.8113029156483496
0.0821	0.8112623322616951
0.08220000000000001	0.8112217026616497
0.0823	0.8111810268580315
0.0824	0.8111403048606668
0.0825	0.8110995366793914
0.0826	0.811058722324037
0.08270000000000001	0.8110178618044518
0.0828	0.8109769551304907
0.0829	0.810936002312007
0.083	0.8108950033588697
0.08310000000000001	0.8108539582809533
0.08320000000000001	0.8108128670881236
0.0833	0.8107717297902755
0.0834	0.8107305463972918
0.0835	0.8106893169190819
0.08360000000000001	0.7929497268612723
0.08370000000000001	0.7929093106463131
0.0838	0.792868849388132
0.0839	0.7928283430964324
0.084	0.7927877917809326
0.08410000000000001	0.7927471954513671
0.08420000000000001	0.7927065541174615
0.0843	0.7926658677889611
0.0844	0.7926251364756006
0.0845	0.7925843601871335
0.08460000000000001	0.7925435389333286
0.0847	0.7925026727239338
0.0848	0.7924617615687353
0.0849	0.792420805477493
0.085	0.7923798044600004
0.08510000000000001	0.7923387585260389
0.0852	0.79229766768541
0.0853	0.792256531947915
0.0854	0.792215351323363
0.0855	0.7921741258215559
0.08560000000000001	0.7921328554523289
0.0857	0.7920915402255018
0.0858	0.7920501801509073
0.0859	0.7920087752383861
0.08600000000000001	0.7919673254977827
0.08610000000000001	0.7919258309389547
0.0862	0.7918842915717458
0.0863	0.7918427074060332
0.0864	0.7918010784516798
0.08650000000000001	0.7917594047185705
0.08660000000000001	0.7917176862165801
0.0867	0.7916759229555986
0.0868	0.7916341149455245
0.0869	0.79159226219626
0.08700000000000001	0.791550364717714
0.08710000000000001	0.7915084225197965
0.0872	0.7914664356124271
0.0873	0.7914244040055305
0.0874	0.7913823277090477
0.08750000000000001	0.7913402067329168
0.0876	0.7912980410870719
0.0877	0.7912558307814789
0.0878	0.7912135758260856
0.0879	0.7911712762308577
0.08800000000000001	0.7911289320057673
0.0881	0.7910865431607874
0.0882	0.7910441097059019
0.0883	0.7910016316511053
0.0884	0.7909591090063766
0.08850000000000001	0.7909165417817384
0.0886	0.790873929987177
0.0887	0.7733757070123692
0.0888	0.7733339525532409
0.0889	0.7732921545445172
0.08900000000000001	0.7732503129960114
0.0891	0.7732084279175373
0.0892	0.773166499318936
0.0893	0.7731245272100398
0.08940000000000001	0.7730825116006822
0.08950000000000001	0.7730404525007128
0.0896	0.7729983499199895
0.0897	0.7729562038683704
0.0898	0.7729140143557186
0.08990000000000001	0.7728717813919054
0.09000000000000001	0.77282950498681
0.0901	0.7727871851503126
0.0902	0.7727448218922967
0.0903	0.7727024152226677
0.09040000000000001	0.7726599651513245
0.09050000000000001	0.7726174716881695
0.0906	0.7725749348431119
0.0907	0.7725323546260826
0.0908	0.7724897310469998
0.09090000000000001	0.772447064115792
0.091	0.7724043538424004
0.0911	0.7723616002367648
0.0912	0.7723188033088327
0.0913	0.772275963068568
0.09140000000000001	0.7722330795259162
0.0915	0.7721901526908568
0.0916	0.7721471825733577
0.0917	0.7721041691833889
0.0918	0.7720611125309526
0.09190000000000001	0.7720180126260261
0.092	0.771974869478606
0.0921	0.7719316830986968
0.0922	0.7718884534963073
0.09230000000000001	0.7718451806814516
0.09240000000000001	0.7718018646641526
0.0925	0.7717585054544283
0.0926	0.7717151030623177
0.0927	0.7716716574978492
0.09280000000000001	0.771628168771076
0.09290000000000001	0.7715846368920446
0.093	0.7715410618708076
0.0931	0.7714974437174285
0.0932	0.7714537824419749
0.09330000000000001	0.7714100780545182
0.09340000000000001	0.7713663305651386
0.0935	0.7713225399839179
0.0936	0.7712787063209504
0.0937	0.7712348295863285
0.09380000000000001	0.7711909097901597
0.09390000000000001	0.7711469469425475
0.094	0.7711029410536102
0.0941	0.7710588921334711
0.0942	0.7710148001922448
0.09430000000000001	0.7709706652400666
0.0944	0.7709264872870785
0.0945	0.7708822663434263
0.0946	0.7708380024192484
0.0947	0.7707936955247062
0.09480000000000001	0.770749345669966
0.0949	0.7707049528651811
0.095	0.7706605171205357
0.0951	0.7706160384462082
0.0952	0.770571516852375
0.09530000000000001	0.7705269523492287
0.0954	0.7704823449469692
0.0955	0.7704376946557906
0.0956	0.7703930014859104
0.09570000000000001	0.7703482654475345
0.09580000000000001	0.770303486550884
0.0959	0.7702586648061844
0.096	0.7702138002236664
0.0961	0.7701688928135663
0.09620000000000001	0.7701239425861266
0.09630000000000001	0.7700789495515931
0.0964	0.7700339137202188
0.0965	0.7699888351022725
0.0966	0.7699437137080073
0.09670000000000001	0.7698985495477
0.09680000000000001	0.769853342631634
0.0969	0.7698080929700793
0.097	0.7697628005733356
0.0971	0.7697174654516857
0.09720000000000001	0.7696720876154418
0.09730000000000001	0.7696266670749039
0.0974	0.7695812038403821
0.0975	0.7695356979221921
0.0976	0.7694901493306651
0.09770000000000001	0.7522728362964546
0.0978	0.7522282259873361
0.0979	0.7521835739953322
0.098	0.7521388803305614
0.0981	0.7520941450031595
0.09820000000000001	0.7520493680232418
0.0983	0.7520045494009631
0.0984	0.751959689146463
0.0985	0.7519147872698856
0.09860000000000001	0.7518698437813874
0.09870000000000001	0.7518248586911368
0.0988	0.7517798320092871
0.0989	0.7517347637460191
0.099	0.7516896539115125
0.09910000000000001	0.7516445025159398
0.09920000000000001	0.7515993095694933
0.0993	0.751554075082371
0.0994	0.7515087990647764
0.0995	0.7514634815268977
0.09960000000000001	0.7514181224789637
0.09970000000000001	0.7513727219311757
0.0998	0.7513272798937702
0.0999	0.7512817963769612
0.1	0.7512362713909867
0.1009	0.7508246820959452
0.1018	0.7504097421146493
0.1027	0.7499914589670532
0.10360000000000001	0.7495698402089975
0.10450000000000001	0.7491448934320403
0.10540000000000001	0.7487166262632655
0.1063	0.748285046365068
0.1072	0.747850161434992
0.1081	0.7474119792055011
0.109	0.7469705074438016
0.1099	0.7465257539516585
0.11080000000000001	0.7460777265651595
0.11170000000000001	0.7456264331545783
0.1126	0.7451718816241196
0.1135	0.727909412489139
0.1144	0.7274588400299781
0.1153	0.7270051070698994
0.1162	0.7265482214697435
0.11710000000000001	0.7260881911227928
0.11800000000000001	0.7256250239542363
0.1189	0.7251587279210865
0.1198	0.7246893110119887
0.1207	0.7242167812470098
0.12160000000000001	0.7237411466774764
0.1225	0.7232624153857453
0.12340000000000001	0.7227805954850249
0.12430000000000001	0.7222956951191828
0.1252	0.7218077224625415
0.1261	0.7213166857196879
0.127	0.7208225931252623
0.1279	0.7203254529437936
0.1288	0.7198252734694712
0.1297	0.719322063025955
0.1306	0.7024142081849711
0.1315	0.7019166739877744
0.13240000000000002	0.7014162033646824
0.1333	0.7009128045664147
0.1342	0.7004064858717096
0.1351	0.6998972555868175
0.136	0.6993851220454356
0.13690000000000002	0.6988700936084902
0.1378	0.6822354104966918
0.1387	0.6817267411407616
0.1396	0.6812152692062216
0.1405	0.6807010029692327
0.1414	0.6801839507315056
0.1423	0.6796641208201893
0.1432	0.6791415215877009
0.1441	0.6786161614115004
0.14500000000000002	0.6780880486939408
0.1459	0.6775571918620399
0.1468	0.6770235993673148
0.1477	0.6764872796855765
0.1486	0.6759482413167479
0.1495	0.6754064927846599
0.1504	0.674862042636873
0.1513	0.6743148994444824
0.1522	0.6737650718019115
0.1531	0.6732125683267414
0.154	0.67265739765951
0.1549	0.6720995684635124
0.1558	0.6715390894246287
0.1567	0.655315511766268
0.15760000000000002	0.654763099612719
0.1585	0.6542081259705139
0.15940000000000001	0.6536505994119572
0.1603	0.6530905285305856
0.1612	0.6525279219407583
0.1621	0.6519627882775326
0.163	0.651395136196502
0.1639	0.6508249743735701
0.1648	0.6502523115047915
0.16570000000000001	0.6343377701924661
0.1666	0.6337739219474879
0.1675	0.6180791541130425
0.1684	0.6175242254460787
0.1693	0.6169669567609116
0.17020000000000002	0.6164073564618627
0.1711	0.6158454329711072
0.172	0.6004047712602151
0.1729	0.5998520880637902
0.1738	0.599297163587944
0.17470000000000002	0.5840873546756311
0.1756	0.5835418302668279
0.1765	0.5829941447265374
0.1774	0.5824443061910376
0.17830000000000001	0.581892322812189
0.1792	0.5813382027573728
0.1801	0.5807819542091986
0.181	0.580223585365379
0.1819	0.579663104438548
0.18280000000000002	0.5791005196560993
0.1837	0.5785358392600157
0.1846	0.5779690715066883
0.1855	0.57740022466677
0.1864	0.5768293070249789
0.18730000000000002	0.5762563268799424
0.1882	0.5756812925440283
0.1891	0.5751042123431688
0.19	0.5745250946166955
0.19090000000000001	0.5739439477171641
0.1918	0.5733607800101912
0.19269999999999998	0.5727755998742875
0.1936	0.5721884157006775
0.1945	0.5715992358931353
0.19540000000000002	0.5710080688678225
0.1963	0.5704149230531083
0.1972	0.5698198068894118
0.1981	0.5692227288290267
0.199	0.5545451071870234
0.19990000000000002	0.5539592251172089
0.2008	0.5533714555778158
0.2017	0.5527818068577671
0.2026	0.5521902872567046
0.20350000000000001	0.5515969050848364
0.2044	0.5510016686627819
0.20529999999999998	0.5504045863214003
0.2062	0.5498056664016254
0.2071	0.5492049172543021
0.20800000000000002	0.5486023472400375
0.2089	0.5479979647290276
0.2098	0.5473917781008856
0.2107	0.5467837957445015
0.2116	0.5461740260578628
0.21250000000000002	0.545562477447898
0.2134	0.5449491583303228
0.2143	0.5306947018676891
0.2152	0.5300935686429276
0.21610000000000001	0.5294907350192881
0.217	0.5288862092347892
0.21789999999999998	0.5282799995351898
0.2188	0.5142847645466201
0.2197	0.5136909317733237
0.22060000000000002	0.5130954830460838
0.2215	0.5124984264304069
0.2224	0.5118997699985628
0.2233	0.5112995218294345
0.2242	0.5106976900083485
0.2251	0.5100942826269333
0.226	0.509489307782962
0.2269	0.5088827735802157
0.2278	0.5082746881283174
0.22870000000000001	0.49462471739815383
0.2296	0.4940295288389714
0.2305	0.4934328537073723
0.2314	0.4928346999258612
0.2323	0.4922350754218273
0.2332	0.4916339881274756
0.2341	0.4910314459796659
0.23500000000000001	0.4904274569197535
0.2359	0.48982202889345
0.2368	0.48921516985068875
0.2377	0.4758975190226736
0.2386	0.4753039764582234
0.2395	0.4747090644481898
0.2404	0.47411279075016555
0.24130000000000001	0.47351516312504555
0.2422	0.47291618933699847
0.2431	0.47244647948022384
0.244	0.47184487065238545
0.2449	0.47124193779233786
0.2458	0.47063768867306394
0.2467	0.47003213107014596
0.24760000000000001	0.46942527276158535
0.2485	0.4689332665083536
0.2494	0.4683238545030454
0.25029999999999997	0.4677131639545779
0.2512	0.4671012026468244
0.2521	0.4664879783654512
0.253	0.4658734988977759
0.2539	0.4652577720326394
0.2548	0.4646408055602721
0.25570000000000004	0.4640226072721503
0.2566	0.4634031849608832
0.2575	0.46278254642004923
0.25839999999999996	0.4621606994440876
0.2593	0.46153765182815853
0.2602	0.4609134113679973
0.2611	0.46028798585980335
0.262	0.4596613831000911
0.2629	0.4590336108855662
0.26380000000000003	0.4584046770129916
0.2647	0.457774589279054
0.2656	0.45714335548024077
0.2665	0.45651098341269997
0.26739999999999997	0.4438836335384404
0.2683	0.4432660720626367
0.2692	0.44264742608088414
0.2701	0.4420277031795459
0.271	0.44140691094388423
0.27190000000000003	0.44078505695809256
0.27280000000000004	0.44016214880512833
0.2737	0.4278240879542658
0.2746	0.42721613230488487
0.27549999999999997	0.42660717375035484
0.2764	0.42599721966313275
0.2773	0.42538627741365737
0.2782	0.42477435437049416
0.2791	0.4241614579001388
0.28	0.4235475953668839
0.28090000000000004	0.42293277413270275
0.2818	0.4223170015571311
0.2827	0.4217002849971621
0.28359999999999996	0.42108263180711103
0.2845	0.4204640493385098
0.2854	0.41984454493997864
0.2863	0.4192241259571301
0.2872	0.4186027997324275
0.2881	0.41798057360509316
0.28900000000000003	0.4173574549109723
0.2899	0.4167334509824374
0.2908	0.4161085691482497
0.29169999999999996	0.40427245728853745
0.29259999999999997	0.4036631720777194
0.2935	0.40305305500387173
0.2944	0.4024421131795586
0.2953	0.4018303537132853
0.2962	0.4012177837093765
0.29710000000000003	0.40060441026784716
0.298	0.39999024048430654
0.2989	0.39937528144984435
0.2998	0.3987595402509217
0.30069999999999997	0.39814302396926615
0.3016	0.38666033693288054
0.3025	0.38605963119733344
0.3034	0.3854581931495112
0.3043	0.3848560296544618
0.3052	0.3842531475718323
0.30610000000000004	0.38364955375614196
0.307	0.3830452550565612
0.3079	0.38244025831679035
0.30879999999999996	0.381834570374988
0.3097	0.3812281980636341
0.3106	0.3806211482094629
0.3115	0.3800134276333405
0.3124	0.3794050431501768
0.3133	0.3787960015688207
0.31420000000000003	0.3677158116726596
0.3151	0.36712285089259145
0.316	0.36652927192830753
0.31689999999999996	0.3659350813714763
0.31779999999999997	0.36534028580700767
0.3187	0.3647448918134655
0.3196	0.36414890596282556
0.3205	0.3635523348203836
0.3214	0.36295518494466894
0.32230000000000003	0.3521907511775227
0.3232	0.35160974587792804
0.3241	0.3410405085614947
0.325	0.34047548636775926
0.32589999999999997	0.33990995022451487
0.3268	0.339343906275431
0.3277	0.33877736065681513
0.3286	0.33821031949798913
0.3295	0.3376427889210561
0.3304	0.33707477504081035
0.33130000000000004	0.3365062839646535
0.3322	0.33593732179251556
0.3331	0.3353678946167633
0.33399999999999996	0.33479800852212954
0.3349	0.33422766958562333
0.3358	0.33365688387644343
0.3367	0.3330856574559114
0.3376	0.33251399637737256
0.3385	0.33194190668612744
0.33940000000000003	0.3313693944193463
0.3403	0.3307964656059911
0.3412	0.3207057912352256
0.34209999999999996	0.3201491243088647
0.34299999999999997	0.3195920711128969
0.3439	0.319034637464291
0.3448	0.31847682917164255
0.3457	0.3179186520351398
0.3466	0.31736011184643903
0.34750000000000003	0.3168012143885884
0.3484	0.3162419654359611
0.3493	0.31568237075416894
0.35019999999999996	0.31512243610000035
0.35109999999999997	0.3145621672213437
0.352	0.3140015698571076
0.3529	0.31344064973715574
0.3538	0.31287941258223806
0.3547	0.31231786410390244
0.3556	0.31175601000444375
0.35650000000000004	0.31119385597682053
0.35740000000000005	0.31063140770458314
0.35829999999999995	0.3100686708618118
0.35919999999999996	0.30950565111303974
0.3601	0.3089423541131826
0.361	0.30837878550747877
0.3619	0.30781495093140593
0.3628	0.30725085601063035
0.3637	0.30668650636091876
0.36460000000000004	0.3061219075880871
0.36550000000000005	0.3055570652879244
0.36639999999999995	0.30499198504613173
0.36729999999999996	0.30442667243824667
0.36819999999999997	0.3038611330295868
0.3691	0.3032953723751749
0.37	0.3027293960196848
0.3709	0.3021632094973651
0.3718	0.30159681833197594
0.37270000000000003	0.3010302280367347
0.37360000000000004	0.2917053146802203
0.37449999999999994	0.2911554878026231
0.37539999999999996	0.29060548412360526
0.37629999999999997	0.29005530894753845
0.3772	0.28094485184968737
0.3781	0.2719966444740663
0.379	0.2714795422685861
0.3799	0.27096229947665185
0.3808	0.2704449210269238
0.38170000000000004	0.2699274118381495
0.38260000000000005	0.26940977681877315
0.38349999999999995	0.26889202086687086
0.38439999999999996	0.26837414887009736
0.3853	0.2678561657056378
0.3862	0.2673380762401484
0.3871	0.2668198853297146
0.388	0.2663015978197847
0.3889	0.26578321854512743
0.38980000000000004	0.26526475232978
0.39070000000000005	0.26474620398699167
0.39159999999999995	0.26422757831917515
0.39249999999999996	0.2637088801178585
0.39339999999999997	0.25518655852166505
0.3943	0.254684172436517
0.3952	0.2541817302635988
0.3961	0.253679236598643
0.397	0.2531766960268053
0.39790000000000003	0.2526741131219336
0.39880000000000004	0.24438994416820348
0.39969999999999994	0.2439034790573507
0.40059999999999996	0.23578958746120324
0.40149999999999997	0.2353189982573028
0.4024	0.23484839122837362
0.4033	0.23437777059175793
0.4042	0.23390714055383113
0.4051	0.23343650531064572
0.406	0.23296586904766822
0.40690000000000004	0.23249523593972987
0.40780000000000005	0.232024610150989
0.40869999999999995	0.23155399583489233
0.40959999999999996	0.23108339713413745
0.4105	0.2306128181806283
0.4114	0.23014226309544145
0.4123	0.2296717359887879
0.4132	0.22920124095996877
0.4141	0.2287307820973445
0.41500000000000004	0.2282603634782921
0.41590000000000005	0.22778998916917384
0.41679999999999995	0.2273196632252937
0.41769999999999996	0.2268493896908618
0.41859999999999997	0.22637917259896587
0.4195	0.22590901597152385
0.4204	0.22543892381925618
0.4213	0.225214838910123
0.4222	0.22474471763471054
0.42310000000000003	0.2171617277370795
0.42400000000000004	0.2167074044250171
0.42489999999999994	0.21625316148366033
0.42579999999999996	0.21579900272553706
0.42669999999999997	0.21534493195162777
0.4276	0.20797072883192877
0.4285	0.20753221092628726
0.4294	0.20709378916599397
0.4303	0.20665546717844638
0.4312	0.2062172485802802
0.43210000000000004	0.2057791369772513
0.43300000000000005	0.20534113596420686
0.43389999999999995	0.2049032491250469
0.43479999999999996	0.19778102984136658
0.4357	0.19079996661679763
0.4366	0.19039231712236354
0.4375	0.18998478758847595
0.4384	0.18957738129896762
0.4393	0.18917010152678887
0.44020000000000004	0.18876295153472394
0.44110000000000005	0.18835593457512936
0.44199999999999995	0.1879490538898942
0.44289999999999996	0.1875423127104268
0.4438	0.18713571425762923
0.4447	0.1867292617418721
0.4456	0.1863229583629748
0.4465	0.18591680731017945
0.4474	0.18551081176213324
0.44830000000000003	0.18510497488686195
0.44920000000000004	0.18469929984174982
0.45009999999999994	0.18429378977351782
0.45099999999999996	0.18388844781820493
0.45189999999999997	0.1834832771011414
0.4528	0.18307828073693497
0.4537	0.17651997683880208
0.4546	0.1761297740060427
0.4555	0.17573974836787384
0.45640000000000003	0.17534990288400076
0.45730000000000004	0.1749602405031511
0.45819999999999994	0.1745707641638393
0.45909999999999995	0.1741814767940885
0.45999999999999996	0.1737923813114121
0.4609	0.1734034806227933
0.4618	0.17301477762467227
0.4627	0.1726262752029258
0.4636	0.17245660974054358
0.4645	0.17206823776679872
0.46540000000000004	0.17168007392216375
0.46630000000000005	0.1712921210541658
0.46719999999999995	0.17090438199967734
0.46809999999999996	0.17051685958508558
0.469	0.17012955662604143
0.4699	0.16974247592752142
0.4708	0.1693556202838185
0.4717	0.1689689924785235
0.4726	0.16858259528451008
0.47350000000000003	0.16819643146392446
0.47440000000000004	0.1678105037681675
0.47529999999999994	0.16742481493788272
0.47619999999999996	0.16703936770294406
0.47709999999999997	0.1666541647824417
0.478	0.16060313246888544
0.4789	0.16023239496686634
0.4798	0.15986190071633882
0.4807	0.15949165229344517
0.48160000000000003	0.1591216522633147
0.48250000000000004	0.15325355579963235
0.48339999999999994	0.15289772508077926
0.48429999999999995	0.15254214091678048
0.48519999999999996	0.15218680573518636
0.4861	0.1518317219528581
0.487	0.1514768919767831
0.4879	0.15112231820379357
0.4888	0.15076800302055088
0.4897	0.1504139488035422
0.49060000000000004	0.1500601579190707
0.49150000000000005	0.14970663272324541
0.49239999999999995	0.14935337556197698
0.49329999999999996	0.14900038877096605
0.4942	0.14864767467569992
0.4951	0.1482952355914408
0.496	0.14794307382322106
0.4969	0.14759119166583706
0.4978	0.14723959140384119
0.49870000000000003	0.14688827531153473
0.49960000000000004	0.14653724565296378
0.5005	0.14618650468191144
0.5014	0.14583605464189417
0.5023	0.14548589776615103
0.5032	0.14513603627764582
0.5041	0.14478647238905648
0.505	0.14443720830277149
0.5059	0.13903745746619128
0.5068	0.13870193316968574
0.5077	0.13836670359082595
0.5085999999999999	0.13803177080677914
0.5095	0.13769713688403667
0.5104	0.1373628038794394
0.5113	0.13702877383989828
0.5122	0.1366950488023789
0.5131	0.13636163079390753
0.514	0.1360285218315646
0.5149	0.13569572392248166
0.5158	0.13536323906384293
0.5167	0.13503106924288064
0.5176	0.1346992164368732
0.5185	0.12958901795555416
0.5194	0.1292705187085138
0.5203	0.12895232981830065
0.5212	0.12863445314485122
0.5221	0.12831689053880804
0.523	0.12799964384065474
0.5239	0.12768271488157926
0.5248	0.1273661054831909
0.5257	0.1270498174575109
0.5266	0.12673385260697984
0.5275	0.12641821272445652
0.5284	0.12610289959321647
0.5293	0.12578791498695654
0.5302	0.1254732606697927
0.5311	0.12515893839626338
0.532	0.12034132452302268
0.5329	0.12003994343787072
0.5337999999999999	0.11973888622049172
0.5347	0.11943815451678025
0.5356	0.1191377499637212
0.5365	0.11883767418852491
0.5374	0.11853792880949762
0.5383	0.11823851543575631
0.5392	0.1179394356672291
0.5401	0.11764069109466024
0.541	0.11734228329961088
0.5419	0.11704421385446523
0.5428	0.11674648432243218
0.5437	0.11644909625754929
0.5446	0.11615205120468836
0.5455	0.11585535069955775
0.5464	0.11555899626870593
0.5473	0.11526298942952927
0.5482	0.11496733169027197
0.5491	0.11467202455003395
0.55	0.11437706949877514
0.5509	0.1140824680173205
0.5518	0.11378822157736379
0.5527	0.11349433164147446
0.5536	0.11320079966310347
0.5545	0.11290762708658687
0.5554	0.11261481534715426
0.5563	0.11232236587093208
0.5572	0.11203028007495223
0.5581	0.11173855936715625
0.5589999999999999	0.11144720514640409
0.5599	0.11115621880247745
0.5608	0.11086560171608946
0.5617	0.11057535525889096
0.5626	0.11028548079347637
0.5635	0.1099959796733914
0.5644	0.10970685324314201
0.5653	0.10941810283819874
0.5662	0.10912972978500708
0.5670999999999999	0.10884173540099491
0.568	0.10855412099457881
0.5689	0.10826688786517398
0.5698	0.10798003730320146
0.5707	0.10769357059009674
0.5716	0.10740748899831841
0.5725	0.10712179379135711
0.5734	0.10683648622374371
0.5743	0.10655156754105863
0.5752	0.10626703897994123
0.5761	0.10214351102261728
0.577	0.10187106962745851
0.5779	0.10159900594782814
0.5788	0.10132732113396226
0.5797	0.10105601632695745
0.5806	0.10078509265968617
0.5815	0.10051455125650861
0.5824	0.1002443932332755
0.5833	0.0999746196973442
0.5841999999999999	0.09970523174758514
0.5851	0.09943623047439434
0.586	0.09916761695970192
0.5869	0.09889939227698548
0.5878	0.09863155749127858
0.5887	0.09475173909421171
0.5896	0.09449553537973733
0.5905	0.09423970831627732
0.5914	0.09398425889001187
0.5922999999999999	0.09372918807925741
0.5932	0.09347449685430141
0.5941	0.09322018617741196
0.595	0.09296625700285
0.5959	0.09271271027688154
0.5968	0.09245954693778734
0.5977	0.09220676791587508
0.5986	0.0919543741334932
0.5995	0.09170236650504125
0.6003999999999999	0.09145074593698121
0.6013	0.09119951332785195
0.6022	0.09094866956827856
0.6031	0.09069821554098828
0.604	0.09044815212081941
0.6049	0.09019848017473689
0.6058	0.08994920056184333
0.6067	0.08970031413339206
0.6075999999999999	0.08945182173280065
0.6084999999999999	0.08920372419566301
0.6093999999999999	0.08895602234976477
0.6103	0.0887087170150933
0.6112	0.08846180900385386
0.6121	0.08821529912048075
0.613	0.08796918816165346
0.6139	0.08772347691630807
0.6148	0.0874781661656526
0.6156999999999999	0.08723325668318008
0.6165999999999999	0.08698874923468229
0.6174999999999999	0.08674464457826493
0.6184	0.08650094346436052
0.6193	0.08625764663574459
0.6202	0.08601475482754709
0.6211	0.0857722687672707
0.622	0.0855301891748008
0.6229	0.08528851676242548
0.6237999999999999	0.08504725223484563
0.6246999999999999	0.08480639628919186
0.6255999999999999	0.08456594961504056
0.6265	0.08432591289442656
0.6274	0.08408628680186009
0.6283	0.08384707200434079
0.6292	0.08067379421498762
0.6301	0.0804448916206064
0.631	0.0802163844857612
0.6319	0.07998827342331256
0.6327999999999999	0.0797605590383574
0.6336999999999999	0.07953324192945173
0.6345999999999999	0.07930632268793102
0.6355	0.07907980189805729
0.6364	0.07885368013703274
0.6373	0.07862795797501658
0.6382	0.07840263597513913
0.6391	0.07817771469351915
0.64	0.07795319467927811
0.6408999999999999	0.07772907647455772
0.6417999999999999	0.07462040711179978
0.6426999999999999	0.0715855202892126
0.6436	0.07138119778442592
0.6445	0.07117724421871696
0.6454	0.07097366005268005
0.6463	0.07077044574003867
0.6472	0.07056760172854012
0.6481	0.0703651284596777
0.6489999999999999	0.07016302636870643
0.6498999999999999	0.06996129588465681
0.6507999999999999	0.0697599374303513
0.6517	0.06955895142242001
0.6526	0.06935833827131575
0.6535	0.06915809838133008
0.6544	0.066309364523868
0.6553	0.06611864307569888
0.6562	0.06592827891277656
0.6571	0.06573827239619492
0.6579999999999999	0.06554862388066893
0.6588999999999999	0.06535933371541715
0.6597999999999999	0.06517040224388836
0.6607	0.0649818298037769
0.6616	0.06479361672703692
0.6625	0.06460576333990029
0.6634	0.06441826996288957
0.6643	0.06423113691083597
0.6652	0.06404436449289373
0.6660999999999999	0.06385795301255706
0.6669999999999999	0.06367190276767404
0.6678999999999999	0.06348621405046531
0.6688	0.06330088714753723
0.6697	0.06311592233989977
0.6706	0.06293131990298188
0.6715	0.06274708010664763
0.6724	0.0625632032152124
0.6733	0.06237968948745903
0.6741999999999999	0.062196539176654346
0.6750999999999999	0.06201375253056468
0.6759999999999999	0.061831329791473905
0.6769	0.06164927119619722
0.6778	0.06146757697609997
0.6787	0.061286247357113466
0.6796	0.061105282559750514
0.6805	0.06092468279912338
0.6814	0.060744448284959424
0.6822999999999999	0.06056457922161846
0.6831999999999999	0.060385075808108826
0.6840999999999999	0.06020593823810469
0.6849999999999999	0.06002716669996214
0.6859	0.0598487613767375
0.6868	0.05967072244620178
0.6877	0.05949305008085985
0.6886	0.05703793052308824
0.6895	0.05686891426851247
0.6904	0.05692272007774634
0.6912999999999999	0.05675394162554858
0.6921999999999999	0.05658551322627143
0.6930999999999999	0.05641743501808914
0.694	0.05624970713418602
0.6949	0.056082329702850785
0.6958	0.05591530284749538
0.6967	0.05574862668667113
0.6976	0.05558230133408447
0.6985	0.055416326898615045
0.6993999999999999	0.055250703484329734
0.7002999999999999	0.05508543119050163
0.7011999999999999	0.05492051011162598
0.7021	0.05475594033743574
0.703	0.05459172195292059
0.7039	0.05442785503834074
0.7048	0.05426433966924662
0.7057	0.05410117591649319
0.7066	0.05393836384625861
0.7074999999999999	0.05170040422025058
0.7083999999999999	0.04951837526605647
0.7092999999999999	0.04937121080471135
0.7101999999999999	0.04922436476051492
0.7111	0.04907783717022105
0.712	0.04893162806618485
0.7129	0.04878573747692032
0.7138	0.048640165426844476
0.7147	0.048494911936293544
0.7156	0.04834997702153736
0.7164999999999999	0.04820536069479593
0.7173999999999999	0.048061062964255094
0.7182999999999999	0.04791708383408142
0.7192	0.047773423304438366
0.7201	0.04763008137150175
0.721	0.047487058027475874
0.7219	0.047344353260608756
0.7228	0.0472019670552078
0.7237	0.04705989939165632
0.7245999999999999	0.047181688304805985
0.7254999999999999	0.04703985748714413
0.7263999999999999	0.04689834470320792
0.7273	0.04675714992293525
0.7282	0.046616273112409304
0.7291	0.046475714234068724
0.73	0.04633547324643517
0.7309	0.04619555010422288
0.7318	0.04605594475836022
0.7326999999999999	0.045916657156002176
0.7335999999999999	0.045777687240546254
0.7344999999999999	0.0456390349516495
0.7353999999999999	0.0455007002252431
0.7363	0.045362682993548537
0.7372	0.04522498318509335
0.7381	0.045087600724727624
0.739	0.04495053553363904
0.7399	0.044813787529368924
0.7408	0.044677356625828744
0.7416999999999999	0.04454124273331554
0.7425999999999999	0.04440544575852742
0.7434999999999999	0.04426996560458046
0.7444	0.04241695179737954
0.7453	0.04228850879648472
0.7462	0.04216036625864727
0.7471	0.04203252407798539
0.748	0.04190498214477568
0.7489	0.041777740346254706
0.7497999999999999	0.0416507985663718
0.7506999999999999	0.04152415668580421
0.7515999999999999	0.04139781458197295
0.7525	0.03964475273191363
0.7534	0.03952512109865312
0.7543	0.03940577328724808
0.7552	0.039286709168882446
0.7561	0.03916792861122178
0.757	0.039049431479194756
0.7578999999999999	0.03893121763475157
0.7587999999999999	0.038813286936878175
0.7596999999999999	0.03869563924161203
0.7605999999999999	0.03857827440205496
0.7615	0.03846119226838878
0.7624	0.03834439268788918
0.7633	0.038227875504940396
0.7642	0.03811164056104952
0.7651	0.03799568769486097
0.766	0.03788001674217138
0.7668999999999999	0.03776462753594314
0.7677999999999999	0.0376495199063197
0.7686999999999999	0.037534693680639955
0.7696	0.03742014868345165
0.7705	0.03730588473652744
0.7714	0.03719190165887807
0.7723	0.03707819926676725
0.7732	0.03696477737372613
0.7741	0.035398880104819994
0.7749999999999999	0.03529161778612707
0.7758999999999999	0.035184620448936096
0.7767999999999999	0.035077887905858564
0.7777	0.03497141996718047
0.7786	0.034865216440690905
0.7795	0.03475927713169631
0.7804	0.034653601843033774
0.7813	0.034548190375085
0.7822	0.034443042525789995
0.7830999999999999	0.03433815809065978
0.7839999999999999	0.03423353686279109
0.7848999999999999	0.03412917863287914
0.7857999999999999	0.034025083189231926
0.7867	0.03392125031778297
0.7876	0.03381767980210554
0.7885	0.033714371423426016
0.7894	0.03361132496063732
0.7903	0.03350854019031245
0.7912	0.03340601688671819
0.7920999999999999	0.03330375482182826
0.7929999999999999	0.03320175376533744
0.7938999999999999	0.03310001348467423
0.7948	0.031699205778458174
0.7957	0.03160311427715405
0.7966	0.03150726858436617
0.7975	0.03141166847176741
0.7984	0.03146670087786302
0.7993	0.03137118891196319
0.8001999999999999	0.031275922313056495
0.8010999999999999	0.031180900846868496
0.8019999999999999	0.03108612427738135
0.8029	0.030991592366410334
0.8038	0.030897304873762174
0.8047	0.030803261557247594
0.8056	0.030709462172693235
0.8065	0.030615906473955082
0.8074	0.030522594212930673
0.8082999999999999	0.030429525139571378
0.8091999999999999	0.030336699001895343
0.8100999999999999	0.03024411554599968
0.8109999999999999	0.030151774516073294
0.8119	0.030059675654409066
0.8128	0.029967818701416335
0.8137	0.029990826582372215
0.8146	0.029899107833674634
0.8155	0.029807630690700523
0.8163999999999999	0.029716394888624605
0.8172999999999999	0.02962540016066147
0.8181999999999999	0.029534646238452037
0.8190999999999999	0.029444132851701114
0.82	0.029353859728315255
0.8209	0.02926382659441429
0.8218	0.02917403317434369
0.8227	0.029084479190687258
0.8236	0.028995164364279225
0.8245	0.028906088414216286
0.8253999999999999	0.02881725105786996
0.8262999999999999	0.028728652010899008
0.8271999999999999	0.028640290987261213
0.8281	0.028552167699225882
0.829	0.02846428185738576
0.8299	0.02837663317066907
0.8308	0.02828922134635217
0.8317	0.02820204609007107
0.8326	0.027039141026064594
0.8334999999999999	0.026956882773401056
0.8343999999999999	0.02687484695208011
0.8352999999999999	0.027016948443044163
0.8361999999999999	0.026934919158010346
0.8371	0.0268531116722134
0.838	0.026771525701115198
0.8389	0.02669016095856737
0.8398	0.02660901715726047
0.8407	0.026528094008297025
0.8415999999999999	0.02644739122134802
0.8424999999999999	0.026366908504665373
0.8433999999999999	0.026286645565093105
0.8442999999999999	0.02620660210807733
0.8452	0.02612677783767835
0.8461	0.026047172456580895
0.847	0.02596778566610552
0.8479	0.025888617166219704
0.8488	0.025809666655548503
0.8497	0.02573093383138568
0.8505999999999999	0.02565241838970452
0.8514999999999999	0.025574120025169025
0.8523999999999999	0.02549603843114435
0.8533	0.025418173299708163
0.8542	0.025340524321661024
0.8551	0.025263091186537617
0.856	0.02518587358261709
0.8569	0.025108871196934203
0.8578	0.025032083715289883
0.8586999999999999	0.024955510822262047
0.8595999999999999	0.024879152201216143
0.8604999999999999	0.024803007534316003
0.8613999999999999	0.02472707650253439
0.8623	0.02465135878566365
0.8632	0.02457585406232637
0.8641	0.024500562009985686
0.865	0.02442548230495619
0.8659	0.02435061462241444
0.8667999999999999	0.024275958636408905
0.8676999999999999	0.024201514019871206
0.8685999999999999	0.024127280444626125
0.8694999999999999	0.02405325758140202
0.8704	0.023979445099841467
0.8713	0.023905842668511448
0.8722	0.023832449954913678
0.8731	0.023759266625495032
0.874	0.02368629234565791
0.8749	0.02361352677977008
0.8757999999999999	0.02354096959117549
0.8766999999999999	0.023468620442204255
0.8775999999999999	0.023396478994182776
0.8785	0.023324544907443696
0.8794	0.02325281784133666
0.8803	0.023181297454237783
0.8812	0.023109983403560318
0.8821	0.023038875345763904
0.883	0.022967972936365627
0.8838999999999999	0.022897275829948997
0.8847999999999999	0.02282678368017485
0.8856999999999999	0.022756496139790413
0.8865999999999999	0.022686412860639993
0.8875	0.022616533493674387
0.8884	0.02254685768896093
0.8893	0.022477385095693227
0.8902	0.021606561192350045
0.8911	0.02154104804195824
0.8919999999999999	0.021475725415300503
0.8928999999999999	0.021410592979483768
0.8937999999999999	0.02134565040043692
0.8946999999999999	0.021280897343529073
0.8956	0.021216333473375024
0.8965	0.02115195845384582
0.8974	0.021087771948076987
0.8983	0.021023773618476963
0.8992	0.020959963126737008
0.9001	0.020896340133839304
0.9009999999999999	0.02083290430006622
0.9018999999999999	0.02076965528500901
0.9027999999999999	0.020706592747576663
0.9037	0.020643716346004617
0.9046	0.02058102573786401
0.9055	0.02051852058006946
0.9064	0.020456200528888868
0.9073	0.02039406523995122
0.9082	0.02033211436825568
0.9090999999999999	0.020270347568180202
0.9099999999999999	0.020208764493489996
0.9108999999999999	0.020147364797346096
0.9117999999999999	0.02008614813231393
0.9127	0.02002511415037194
0.9136	0.019964262502919876
0.9145	0.01990359284078729
0.9154	0.019843104814242063
0.9163	0.019782798072998844
0.9171999999999999	0.019722672266226933
0.9180999999999999	0.019662727042559322
0.9189999999999999	0.01960296205010057
0.9198999999999999	0.019543376936435004
0.9208	0.01948397134863521
0.9217	0.01942474493327024
0.9226	0.019365697336413672
0.9235	0.019306828203651545
0.9244	0.019248137180091215
0.9252999999999999	0.019189623910368516
0.9261999999999999	0.019131288038656623
0.9270999999999999	0.019073129208673534
0.9279999999999999	0.019015147063690393
0.9289	0.01895734124653938
0.9298	0.018899711399621582
0.9307	0.018842257164914947
0.9316	0.01878497818398239
0.9325	0.018727874097979224
0.9334	0.018670944547661265
0.9342999999999999	0.018614189173392595
0.9351999999999999	0.01855760761515343
0.9360999999999999	0.018501199512547535
0.9369999999999999	0.018444964504810212
0.9379	0.01838890223081584
0.9388	0.018333012329085584
0.9397	0.018277294437795147
0.9406	0.01822174819478186
0.9415	0.01816637323755284
0.9423999999999999	0.018111169203292
0.9432999999999999	0.01805613572886809
0.9441999999999999	0.018001272450841477
0.9450999999999999	0.017946579005472214
0.946	0.017892055028727014
0.9469	0.017251967164941737
0.9478	0.017200574328521366
0.9487	0.017149339970340856
0.9496	0.01709826374797506
0.9504999999999999	0.017047345318397314
0.9513999999999999	0.01699658433853028
0.9522999999999999	0.016945980465070357
0.9531999999999999	0.01689553335449637
0.9541	0.01684524266307508
0.955	0.016795108046867926
0.9559	0.016745129161737687
0.9568	0.016695305663355177
0.9577	0.016645637207205403
0.9586	0.01659612344859428
0.9594999999999999	0.01654676404265515
0.9603999999999999	0.016497558644355197
0.9612999999999999	0.016448506908501838
0.9621999999999999	0.016399608489749
0.9631	0.01635086304260368
0.964	0.01630227022143222
0.9649	0.01625382968046646
0.9658	0.01620554107381022
0.9667	0.01615740405544534
0.9675999999999999	0.016109418279238102
0.9684999999999999	0.016061583398945114
0.9693999999999999	0.016013899068219817
0.9702999999999999	0.0159663649406183
0.9712	0.01591898066960554
0.9721	0.01587174590856152
0.973	0.015824660310787164
0.9739	0.015777723529510235
0.9748	0.01573093521789161
0.9756999999999999	0.015684295029030897
0.9765999999999999	0.015366002648493441
0.9774999999999999	0.015320054918745826
0.9783999999999999	0.015274253918841196
0.9793	0.015228599299770126
0.9802	0.015183090712502305
0.9811	0.015137727807993754
0.982	0.015092510237191024
0.9829	0.015047437651037164
0.9838	0.015002509700477602
0.9846999999999999	0.014957726036465847
0.9855999999999999	0.014913086309968767
0.9864999999999999	0.014868590171972644
0.9873999999999999	0.014824237273488406
0.9883	0.014780027265557202
0.9892	0.01473595979925593
0.9901	0.01469203452570274
0.991	0.014648251096062428
0.9919	0.014706825303693978
0.9927999999999999	0.014663021385257142
0.9936999999999999	0.014619358994341606
0.9945999999999999	0.014575837782380549
0.9954999999999999	0.014532457401107382
0.9964	0.014489217502204827
0.9973	0.014446117737429655
0.9982	0.014403157758616
0.9991	0.014360337217681755
1.0	0.014317655766633781
1.009	0.013494983375882473
1.018	0.012362102497613893
1.027	0.01210985977500181
1.036	0.011866914125952768
1.045	0.011549099531434332
1.054	0.01073809651676861
1.063	0.010469927747561314
1.072	0.010108859403128114
1.081	0.00972571735382975
1.09	0.009268211660209384
1.099	0.008961390688837013
1.108	0.008757970465349122
1.117	0.008560912671714552
1.126	0.008370029789065824
1.135	0.00818513720926623
1.144	0.007854661815988638
1.153	0.007691200364015485
1.162	0.007599310432423073
1.171	0.007322683172343381
1.18	0.00718103381918533
1.189	0.007232614056394754
1.198	0.0071699067317147255
1.207	0.007133093565811854
1.216	0.00691950580018041
1.225	0.00679874232055135
1.234	0.007047047164283163
1.2429999999999999	0.006935655237599457
1.252	0.00703723663524446
1.261	0.00701719716417753
1.27	0.006910089154376023
1.279	0.006805685142402885
1.288	0.006392298310271052
1.297	0.006296213226627597
1.306	0.006202545139905073
1.315	0.006216404809190678
1.3239999999999998	0.006112992784826327
1.333	0.006168270525672973
1.342	0.006087257659870205
1.351	0.006007948248904172
1.3599999999999999	0.0059302770322658535
1.369	0.005854180558732249
1.378	0.006090976842753035
1.387	0.006013721141665789
1.396	0.006064809998105365
1.405	0.0059881667511997895
1.414	0.006191170049337023
1.423	0.006239385136484095
1.432	0.006165366735184353
1.4409999999999998	0.006092439753026729
1.45	0.006020561940962692
1.459	0.005872720803208028
1.468	0.005930316228270699
1.4769999999999999	0.005859438429070943
1.486	0.0056781779505956234
1.4949999999999999	0.0056099452144413985
1.504	0.005646702902217827
1.513	0.005578374839274063
1.5219999999999998	0.00528536376021199
1.531	0.005272829993954449
1.54	0.005210820663700041
1.549	0.004812093028501253
1.5579999999999998	0.004754676098554544
1.567	0.004697886704885173
1.576	0.004641703465480467
1.585	0.004734251416600542
1.5939999999999999	0.0047448888660715895
1.603	0.005008266900542598
1.612	0.00502508774960151
1.621	0.004962624489062462
1.63	0.004900850298334353
1.6389999999999998	0.004839749533255797
1.648	0.004779307306589432
1.657	0.004782283498885342
1.666	0.004879023835845905
1.6749999999999998	0.004818511066000091
1.684	0.004758608466973545
1.693	0.0046993060080822565
1.702	0.004640594150607848
1.7109999999999999	0.004646906222483854
1.72	0.004589142182905921
1.729	0.004531900133111897
1.738	0.004475174504348753
1.7469999999999999	0.004418960052063417
1.7559999999999998	0.004363251835010707
1.765	0.004308045195501755
1.774	0.004253335740342251
1.783	0.0042619739299605474
1.7919999999999998	0.0044741436295133675
1.801	0.004482317977994572
1.81	0.004331507792336849
1.819	0.0042762141038317734
1.8279999999999998	0.0042213022521294255
1.837	0.004166774752935268
1.846	0.004112634154240641
1.855	0.0040588830220966545
1.8639999999999999	0.004005523926603327
1.8729999999999998	0.0039525594313068275
1.882	0.003867897624082991
1.891	0.0037656321299569034
1.9	0.0037141423103893905
1.9089999999999998	0.0036630682662665663
1.918	0.00368082381391796
1.927	0.0036889551311918467
1.936	0.003638530519766408
1.9449999999999998	0.003658273917547291
1.954	0.00360774479322328
1.963	0.003613315173234545
1.972	0.0035594737202612583
1.9809999999999999	0.003508786266061596
1.9899999999999998	0.0034585586609198393
1.9989999999999999	0.0034087924471084127
2.008	0.0033594890029996086
2.017	0.0033106495514245242
2.026	0.0032622751623898254
2.035	0.0032143667581294275
2.0439999999999996	0.003166925118082895
2.053	0.0031199508841626192
2.062	0.0030734445666004656
2.0709999999999997	0.0030274065499680584
2.08	0.0029818370993376342
2.089	0.0029848549306851725
2.098	0.002938710674716625
2.107	0.00289303685354492
2.1159999999999997	0.0028478349431164196
2.125	0.0028031062702320486
2.134	0.0028348485442280394
2.143	0.002791208543736003
2.152	0.002794057900678742
2.1609999999999996	0.0027506322158125165
2.17	0.00270766272223104
2.179	0.0026651507201385675
2.1879999999999997	0.0026230974076232034
2.197	0.002521932099404174
2.206	0.0024812306392829188
2.215	0.0023691877903764913
2.224	0.0023303288061095498
2.2329999999999997	0.0022919225404097444
2.242	0.0022944354117257273
2.251	0.002256102830750426
2.26	0.0022182410240912617
2.269	0.002285859506079113
2.2779999999999996	0.0022458628492494845
2.287	0.0022063924315549413
2.296	0.0021674484170298453
2.3049999999999997	0.0021290308618353783
2.314	0.002136847544126907
2.323	0.002097740574929057
2.332	0.0020592151619561595
2.341	0.0020212699853660804
2.3499999999999996	0.0019271046519024357
2.359	0.0018911116966859062
2.368	0.001962389034027816
2.377	0.0019257600585987384
2.386	0.0018897309732656268
2.3949999999999996	0.001893754300427328
2.404	0.0018584219457390737
2.413	0.0018413412197107095
2.4219999999999997	0.0018256709465636898
2.431	0.001779870932886998
2.44	0.001746548090118883
2.449	0.0017138231479965841
2.458	0.0016816924604182953
2.4669999999999996	0.0016891718085346899
2.476	0.0016577673283616995
2.485	0.0016269571332500439
2.4939999999999998	0.0015967371542625235
2.503	0.0015671032837548688
2.5119999999999996	0.0015380513782883166
2.521	0.0015095772612581499
2.53	0.0014816767252614001
2.5389999999999997	0.0014543455342190194
2.548	0.001427579425345062
2.557	0.0014013741109694163
2.566	0.001375725280224637
2.575	0.001350628600649117
2.5839999999999996	0.001326079719700134
2.593	0.001302074266181662
2.602	0.0012786078517004217
2.6109999999999998	0.0012580537052641618
2.62	0.0012354233789971963
2.6289999999999996	0.0012133301809595198
2.638	0.0011917692482922384
2.647	0.001170735721965401
2.6559999999999997	0.0011695503561002939
2.665	0.0011293814364685636
2.674	0.0011080871669213684
2.683	0.0010873618247017553
2.692	0.0010635441621745594
2.7009999999999996	0.0010447174352147318
2.71	0.0010263987427638844
2.719	0.0010085833649972403
2.7279999999999998	0.0009912665548936184
2.737	0.0009744435431169507
2.7459999999999996	0.0009581095429861639
2.755	0.0009422597555929293
2.764	0.0009288919558744844
2.7729999999999997	0.000921206115383374
2.782	0.0009072803794721517
2.791	0.0008937985149908714
2.8	0.0008807562116465337
2.809	0.0008681491776798651
2.8179999999999996	0.0008559731451399918
2.827	0.00084422387450525
2.836	0.0008328971596054108
2.8449999999999998	0.0008219888323999261
2.854	0.0008114947677997164
2.8629999999999995	0.0008014108884189777
2.872	0.0007997587472241172
2.881	0.0007903322848453638
2.8899999999999997	0.0007813028252279761
2.899	0.0007726665538224666
2.908	0.0007644197223876079
2.917	0.0007565586530794831
2.926	0.0007275439225138199
2.9349999999999996	0.0007205825113846991
2.944	0.0007139825719899817
2.953	0.0007077408766994331
2.9619999999999997	0.0006792163778382806
2.971	0.0006737571192321259
2.9799999999999995	0.0006686336523182236
2.989	0.0006638432082537623
2.9979999999999998	0.0006593831073000388
3.0069999999999997	0.000655250760281592
3.016	0.0006514436700472544
3.025	0.0006544628189330752
3.034	0.0006513355525195557
3.0429999999999997	0.0006384306308769042
3.052	0.0006358323300293191
3.061	0.0006335479677392479
3.07	0.0006315753628105837
3.0789999999999997	0.0006299124342453912
3.0879999999999996	0.0006285572001299828
3.097	0.0006736078587468961
3.106	0.0006727947497842709
3.1149999999999998	0.0006722797108967919
3.1239999999999997	0.0006720611572302891
3.133	0.0006731268546086709
3.142	0.0006736391137284927
3.151	0.0006744453790250655
3.1599999999999997	0.0006775115048471382
3.169	0.0006790635507678462
3.178	0.0006809092241379188
3.187	0.0006830474957677746
3.1959999999999997	0.0006854773920464835
3.2049999999999996	0.0006881979891341834
3.214	0.0006912084075853431
3.223	0.0006945078063284221
3.2319999999999998	0.0006980953765421047
3.2409999999999997	0.0007019703353364956
3.25	0.000706131919239543
3.259	0.0007105793775453161
3.268	0.0007153119654985988
3.2769999999999997	0.0007203289373465973
3.286	0.0007256295392687948
3.295	0.0007312130021985019
3.304	0.0007370785345470945
3.3129999999999997	0.0007432253148605618
3.3219999999999996	0.0007601956436020011
3.331	0.0007668005126211705
3.34	0.0007736844160477157
3.3489999999999998	0.000780846094923658
3.3579999999999997	0.0007882842223544123
3.367	0.0008006460857563377
3.376	0.0008206389678566252
3.385	0.0008293734757833393
3.3939999999999997	0.0008622983564724956
3.403	0.0008721144384239147
3.412	0.0008822122251750236
3.421	0.0009036883614072762
3.4299999999999997	0.0009146044273007975
3.4389999999999996	0.0008909461756353227
3.448	0.0009159648526803913
3.457	0.0009401124812738647
3.4659999999999997	0.000909849598494765
3.4749999999999996	0.0009215804115652797
3.484	0.000933558115304428
3.493	0.0009457795069241856
3.502	0.000958241202026062
3.5109999999999997	0.0009657937057417841
3.52	0.0009787661442756408
3.529	0.0009825171229045312
3.538	0.0009953570245248699
3.5469999999999997	0.001008403383648631
3.5559999999999996	0.0010216516588052544
3.565	0.0010350971211472786
3.574	0.0010278185893811645
3.5829999999999997	0.0010411217595412971
3.5919999999999996	0.0010545975026645259
3.601	0.0010682405293107357
3.61	0.001082045363745104
3.6189999999999998	0.0010960063433423052
3.6279999999999997	0.0011101176182023533
3.637	0.0011243731510813843
3.646	0.001165833398833034
3.655	0.0011806945637900196
3.6639999999999997	0.0011956802951089273
3.6729999999999996	0.0012107836480146977
3.682	0.0012044021071063345
3.691	0.001219432530006412
3.6999999999999997	0.0012345558538960984
3.7089999999999996	0.0012497645294463706
3.718	0.0012650508394999838
3.727	0.0012804069029838997
3.7359999999999998	0.0012958246784787368
3.7449999999999997	0.0013112959685817696
3.754	0.001326812424379541
3.763	0.0013423655503604559
3.772	0.0013579467096115003
3.7809999999999997	0.001424508269605308
3.7899999999999996	0.0014400791281240666
3.799	0.001455635861796163
3.808	0.001471169360445259
3.8169999999999997	0.0014866704159110255
3.8259999999999996	0.0015021297295955312
3.835	0.001517537919500628
3.844	0.0015328855273504661
3.8529999999999998	0.0015481630263177411
3.8619999999999997	0.0014947419127051419
3.871	0.0015091500591206874
3.88	0.0015234626963178432
3.889	0.0015376705621222362
3.8979999999999997	0.0015517643698745103
3.9069999999999996	0.0015689359888250828
3.916	0.0016191263444433079
3.925	0.0016330586347734592
3.9339999999999997	0.001646830477334236
3.9429999999999996	0.0016604324275190593
3.952	0.0016738550734731307
3.961	0.0016870890448752202
3.9699999999999998	0.0017001250229624605
3.9789999999999996	0.0017129537496490353
3.988	0.0017255660370256545
3.997	0.0017379527768243987
4.006	0.001750104949886646
4.015	0.0017620136357260334
4.023999999999999	0.001773670022069692
4.0329999999999995	0.001785065414334301
4.042	0.001796191245153194
4.051	0.0018070390838269828
4.06	0.0018585467929710438
4.069	0.0018689163251049262
4.077999999999999	0.001878975334647172
4.087	0.0018887159503465257
4.096	0.0019131361231822398
4.105	0.0019222898372268473
4.114	0.0019310979546580018
4.122999999999999	0.0019395533170699245
4.132	0.0018563794985385735
4.141	0.0018637510393033384
4.15	0.0018842771547710835
4.159	0.0018909719434316765
4.167999999999999	0.0018972930382553704
4.177	0.0019454852286782402
4.186	0.001951161253789935
4.195	0.001956439431289166
4.204	0.001797551800148453
4.212999999999999	0.0018015252646002467
4.2219999999999995	0.0018051258921887266
4.231	0.0018083502415234946
4.24	0.0018111951396333104
4.249	0.0018136576870583032
4.257999999999999	0.0018157352623149603
4.2669999999999995	0.0018174255261145613
4.276	0.0017498142570794076
4.285	0.0017907252914134359
4.294	0.0017912149476255169
4.303	0.001791317970678947
4.311999999999999	0.0017910335374998977
4.321	0.001790361112819793
4.33	0.0017893004517079143
4.339	0.0018285825653928409
4.348	0.0017425706403137746
4.356999999999999	0.0017402156497588579
4.366	0.0018007790247832587
4.375	0.0017975595130176134
4.384	0.0017939390738964897
4.393	0.001789919915227779
4.401999999999999	0.0018309566791710557
4.411	0.0018258657199061099
4.42	0.0018203756527913728
4.429	0.0018144900148596328
4.438	0.0017734433013429764
4.446999999999999	0.0017669953358263255
4.4559999999999995	0.001760174173103761
4.465	0.0016760197226076306
4.474	0.0016686677124625891
4.483	0.0016609740880607817
4.491999999999999	0.0016529442157755029
4.5009999999999994	0.0016807847437128284
4.51	0.0016717928652778308
4.519	0.0016624765523185591
4.528	0.0016863518156587337
4.537	0.001676149082491295
4.545999999999999	0.0016656359996339437
4.555	0.0017123563400128629
4.564	0.0017006968161951972
4.5729999999999995	0.0016158438354400958
4.582	0.0016041747806347262
4.590999999999999	0.001592234643579067
4.6	0.001580031676962348
4.609	0.0015675742762938734
4.618	0.0015548709712160601
4.627	0.0015419304169553261
4.635999999999999	0.0015287613855217968
4.645	0.0015153727568864568
4.654	0.0015017735100302345
4.663	0.0014879727139403887
4.672	0.001473979518550064
4.680999999999999	0.0014061394297787957
4.6899999999999995	0.0013924174444626505
4.699	0.0014048880979547393
4.708	0.001390550985509766
4.717	0.0013760719809692884
4.725999999999999	0.0013614601889515559
4.734999999999999	0.0013467247283575603
4.744	0.0013557188085091833
4.753	0.0013406047162460386
4.762	0.0013253878591736206
4.771	0.0013100774761878708
4.779999999999999	0.001294682778627518
4.789	0.0012792129423849132
4.798	0.0012636770996757684
4.8069999999999995	0.0012480843311409749
4.816	0.0012772414834244265
4.824999999999999	0.0012608674247328536
4.834	0.0012444630284859674
4.843	0.0012562998819147016
4.852	0.0012605520749108205
4.861	0.0012656205874929597
4.869999999999999	0.0012487766100031307
4.879	0.001222112569577086
4.888	0.0011922458905720555
4.897	0.0011761203369395677
4.906	0.001160010750737383
4.914999999999999	0.0011439254391319154
4.9239999999999995	0.0011278725750997034
4.933	0.0011118601918489112
4.942	0.0010958961774091948
4.951	0.0010799882694645525
4.959999999999999	0.001064144050439541
4.968999999999999	0.001048370942821965
4.978	0.0010326762047299554
4.987	0.001017066925736726
4.9959999999999996	0.001001550022953914
5.005	0.0009861322373809558
5.013999999999999	0.0009708201305121508
5.023	0.0009556200812186708
5.032	0.0009405382829005023
5.0409999999999995	0.0009255807409136819
5.05	0.0009107532702746021
5.058999999999999	0.0008960614936430718
5.068	0.0008815108395881539
5.077	0.0008671065411336018
5.085999999999999	0.0008528536345867421
5.095	0.0008708221733075441
5.104	0.0008566276973490249
5.1129999999999995	0.0008425939256324708
5.122	0.0008287253531114001
5.130999999999999	0.0008150262749450428
5.14	0.0008015007868426141
5.149	0.0007958129914956854
5.1579999999999995	0.0007823576687037205
5.167	0.0007690883874612039
5.175999999999999	0.0007560084412765355
5.185	0.0007431209284307741
5.194	0.0007304287541319143
5.202999999999999	0.0007179346327301446
5.212	0.0007056410903754435
5.221	0.0006935504677339548
5.2299999999999995	0.0006816649230042212
5.239	0.0006699864351407649
5.247999999999999	0.0006585168072917077
5.257	0.0006472576704433519
5.266	0.0006362104872710528
5.2749999999999995	0.0006253765561703738
5.284	0.0006147570154845694
5.292999999999999	0.0006043528479006132
5.302	0.0005941648850189129
5.311	0.000584193812080781
5.319999999999999	0.0005744401728452103
5.329	0.0005649043746092772
5.338	0.0005555866933604303
5.3469999999999995	0.0005464872790512734
5.356	0.0005376061609856529
5.364999999999999	0.000528943253309517
5.374	0.0004789522224596022
5.383	0.00047139372856927584
5.3919999999999995	0.0004772941485081106
5.401	0.00047004254269618595
5.409999999999999	0.0004629876919017716
5.419	0.00045612913844189087
5.428	0.0004637469243064541
5.436999999999999	0.0004537435077236915
5.446	0.00044751913505521046
5.455	0.00044148564387140414
5.4639999999999995	0.0004356422359927239
5.473	0.00042998807100829697
5.481999999999999	0.000424522271556309
5.491	0.000419243928238181
5.5	0.0004141521047042999
5.5089999999999995	0.0004092458424857427
5.518	0.0004045241658252325
5.526999999999999	0.00040467330478343854
5.536	0.00040030387135456627
5.545	0.00039611324051874584
5.553999999999999	0.0003921004895370239
5.563	0.0003882646967602336
5.572	0.00038460494578990964
5.5809999999999995	0.00038112032944212114
5.59	0.00037834901773899375
5.598999999999999	0.00042935242020973965
5.608	0.0004259472499909749
5.617	0.0004227143285853309
5.6259999999999994	0.0004196531820924344
5.635	0.0004167633433070978
5.643999999999999	0.00041404435470935967
5.653	0.0004114957717510644
5.662	0.00040184278372961795
5.670999999999999	0.00039973673474186754
5.68	0.0003977923880899585
5.689	0.0003960094422783762
5.6979999999999995	0.0003943876182666985
5.707	0.00039292666145893573
5.715999999999999	0.00039162634362933533
5.725	0.00040387350563203766
5.734	0.00040288783104071004
5.742999999999999	0.00040206131207799154
5.752	0.0004013938702055169
5.760999999999999	0.000400885457011173
5.77	0.00040053605515022255
5.779	0.0004003456791839435
5.787999999999999	0.00040031437619641444
5.797	0.00040044222631434816
5.806	0.0004007293430421399
5.8149999999999995	0.00040117587346554873
5.824	0.0004017819982930866
5.832999999999999	0.00041304905936896284
5.842	0.00041398765708365386
5.851	0.00043246512870994937
5.859999999999999	0.00043371164520914873
5.869	0.0004351170293827317
5.877999999999999	0.0004366815325819932
5.887	0.00043840542994164555
5.896	0.0004402890193647426
5.904999999999999	0.00044233262040386774
5.914	0.00044453657297644194
5.923	0.00044690123607082596
5.9319999999999995	0.00044942698624823456
5.941	0.0004521142160959817
5.949999999999999	0.0004549633325338955
5.959	0.00045797475503942426
5.968	0.00046114891377350075
5.976999999999999	0.00046505503760591597
5.986	0.0004684512941473508
5.994999999999999	0.00047200717144621414
6.004	0.0005075086217064924
6.013	0.0005111521713413832
6.021999999999999	0.000514954698471257
6.031	0.0005189165852058871
6.04	0.0005230382043756919
6.0489999999999995	0.00052731991798588
6.058	0.0005317620748955172
6.066999999999999	0.0005363650084326243
6.076	0.000541129034160937
6.085	0.0005459056123352398
6.093999999999999	0.0005508733129841284
6.103	0.0005559979016306216
6.111999999999999	0.0005612795108736043
6.1209999999999996	0.0005761359841128867
6.13	0.0005817472263721006
6.138999999999999	0.0005875136238898639
6.148	0.0005934351030914874
6.157	0.0005995115493302488
6.1659999999999995	0.0006057428046568271
6.175	0.0006121286655304668
6.183999999999999	0.0006186688806088134
6.193	0.000610376199317897
6.202	0.0006169830669023836
6.210999999999999	0.0006237344513551343
6.22	0.0006306297808226117
6.228999999999999	0.0006376684259652955
6.2379999999999995	0.0006448496980244363
6.247	0.0006521728471352084
6.255999999999999	0.0006596370603819794
6.265	0.0006672414600973646
6.274	0.000674985102196648
6.2829999999999995	0.0006828669745212752
6.292	0.0006908859952688168
6.300999999999999	0.0006990410114663003
6.31	0.0007073307975144844
6.319	0.0007157540537922344
6.327999999999999	0.0007243094053289669
6.337	0.0007329954005464524
6.345999999999999	0.0007418105100727591
6.3549999999999995	0.0007507531256272617
6.364	0.0007598215589827187
6.372999999999999	0.0007690140410046661
6.382	0.0007783287207685775
6.391	0.0007877636647563764
6.3999999999999995	0.0007973168561379401
6.409	0.0008069861941336424
6.417999999999999	0.0008167694934606339
6.427	0.0008266644838650348
6.436	0.0008366688097413179
6.444999999999999	0.0008467800298374514
6.454	0.0008569956170489252
6.462999999999999	0.0008673129583013894
6.4719999999999995	0.0008777293545214446
6.481	0.0008882420206975094
6.489999999999999	0.0008988480860304968
6.499	0.000909544594174502
6.508	0.0009203285035662831
6.5169999999999995	0.0009311966878464387
6.526	0.000942145936370628
6.534999999999999	0.0009531729548088397
6.544	0.000964274365835286
6.553	0.0009766149670289979
6.561999999999999	0.0009880154488500906
6.571	0.0009994836116764309
6.579999999999999	0.0010013769408836887
6.5889999999999995	0.0010130956208273863
6.598	0.0010248687650446166
6.606999999999999	0.001036692122706658
6.616	0.0010485613640692348
6.625	0.001060472082346696
6.6339999999999995	0.001068771075426666
6.643	0.0010806078280629486
6.651999999999999	0.0010924678827499742
6.661	0.0011043465666880396
6.67	0.0011162391457717044
6.678999999999999	0.001128140827228276
6.688	0.001140046762303369
6.696999999999999	0.0011519520490100566
6.7059999999999995	0.00116385173495412
6.715	0.0011757408202157657
6.723999999999999	0.0011876142602888172
6.733	0.0011994669690789804
6.742	0.0012112938219531225
6.7509999999999994	0.00122308965883875
6.76	0.0012348492873677434
6.768999999999999	0.001246567486061244
6.778	0.0012582390075614358
6.787	0.0012698585818936286
6.795999999999999	0.0012814209197642738
6.805	0.001292920715890522
6.813999999999999	0.0012942220190001407
6.8229999999999995	0.0013055288022778611
6.832	0.0013167562004344517
6.840999999999999	0.0013278989276403852
6.85	0.0013389517004404018
6.859	0.0013499092412345443
6.867999999999999	0.0013607662816712356
6.877	0.0013715175660530296
6.885999999999999	0.0013821578547626012
6.895	0.001392681927678759
6.904	0.0014030845875970454
6.912999999999999	0.0014133606636428265
6.922	0.0013545040421982099
6.930999999999999	0.0012908235014335928
6.9399999999999995	0.0012997811045611215
6.949	0.0013086018070868834
6.957999999999999	0.0013172810567751816
6.967	0.0013258143496878204
6.976	0.0012764335120621017
6.984999999999999	0.0012841020753620062
6.994	0.0012916146892060377
7.002999999999999	0.0012989673462175495
7.012	0.0013061561049234698
7.021	0.0013131770925174963
7.029999999999999	0.0013200265078235562
7.039	0.001326700623753337
7.047999999999999	0.001333195790002319
7.0569999999999995	0.0013395084356112692
7.066	0.001345635071488003
7.074999999999999	0.0013515722928808087
7.084	0.001357316781782114
7.093	0.0013628653092867707
7.101999999999999	0.001368214737886642
7.111	0.0013733620237057558
7.119999999999999	0.0013783042186805467
7.129	0.0013830384726726522
7.138	0.0013875620355212023
7.146999999999999	0.0013918722590322069
7.156	0.001395966598902046
7.164999999999999	0.0013998426165764968
7.1739999999999995	0.0014034979810420552
7.183	0.0014324353308050575
7.191999999999999	0.0014355936470356683
7.201	0.0014182077486486692
7.21	0.0014207035397859767
7.218999999999999	0.0014229668881117808
7.228	0.0014249962418885946
7.236999999999999	0.0014267901671943522
7.2459999999999996	0.0014283473490093422
7.255	0.001429666592611478
7.263999999999999	0.0014307468245604307
7.273	0.0014315870937847688
7.281999999999999	0.0014321865725486164
7.2909999999999995	0.0014325445573269433
7.3	0.001432660469625566
7.308999999999999	0.001432533856707227
7.318	0.0014321643922439722
7.327	0.0014315518768886154
7.335999999999999	0.0014306962387588575
7.345	0.0014295975338396041
7.353999999999999	0.001428255946300586
7.3629999999999995	0.0014266717887256204
7.372	0.0014248455022566027
7.380999999999999	0.0014227776566460035
7.39	0.0014204689502218654
7.398999999999999	0.0014179202097611382
7.4079999999999995	0.00141513239027041
7.417	0.0014121065746759357
7.425999999999999	0.0014088439734160605
7.435	0.0014053459239427642
7.444	0.0014016138901283236
7.452999999999999	0.0013976494615728482
7.462	0.0013448876253446343
7.470999999999999	0.0013408252345035088
7.4799999999999995	0.0013365464792847997
7.489	0.0013320532009254663
7.497999999999999	0.0012890289382165175
7.507	0.001284481210972972
7.515999999999999	0.001279729820168021
7.5249999999999995	0.0012747769143171485
7.534	0.0012696247497767613
7.542999999999999	0.0012711192965534895
7.552	0.001265704224235024
7.561	0.0012600923469963687
7.569999999999999	0.00125428633355636
7.579	0.001248288955435544
7.587999999999999	0.0012421030851138442
7.5969999999999995	0.0012357316942234993
7.606	0.0012498633903718487
7.614999999999999	0.001243042585209498
7.624	0.0012360404559769622
7.632999999999999	0.0012288604064671573
7.6419999999999995	0.0012215059319175116
7.651	0.0012139806166305246
7.659999999999999	0.0012152900804680256
7.669	0.0012075772460689836
7.678	0.0011997007950366242
7.686999999999999	0.0011916645850689564
7.696	0.0011834725527750923
7.704999999999999	0.00117512871081734
7.7139999999999995	0.0011666371449436305
7.723	0.0011580020109648744
7.731999999999999	0.0011492275316389473
7.741	0.0011403179934970397
7.749999999999999	0.0011312777435955712
7.7589999999999995	0.0011221111862020953
7.768	0.0011216066878051959
7.776999999999999	0.0011123160653086456
7.786	0.0011029087830675775
7.795	0.0010882376615214996
7.803999999999999	0.0010967544339408003
7.813	0.0010870573542121234
7.821999999999999	0.0010772568453038085
7.8309999999999995	0.0010126093775397976
7.84	0.0010031717171843273
7.848999999999999	0.0009936503254767016
7.858	0.0009840496652678444
7.866999999999999	0.0009743742201131452
7.8759999999999994	0.0009285526292725298
7.885	0.0009193832297403989
7.893999999999999	0.0009101487054862142
7.903	0.0009008533990582329
7.911999999999999	0.0008915016582840704
7.920999999999999	0.000882097833919423
7.93	0.0008726462762349123
7.938999999999999	0.0008631513315703089
7.9479999999999995	0.0008536173388576048
7.957	0.0008604752179024893
7.965999999999999	0.0008507489693739429
7.975	0.0008409950480576199
7.983999999999999	0.0007890640776238156
7.992999999999999	0.0007798683157902199
8.001999999999999	0.000770657816118253
8.011	0.0007614364578883001
8.02	0.0007522080922944543
8.029	0.0007841755209406538
8.038	0.0007745122135779082
8.047	0.0007648439595641441
8.056	0.0007551749889535017
8.065	0.0007455094882885019
8.074	0.000735851597580792
8.082999999999998	0.0007262054071164886
8.091999999999999	0.0007165749541064613
8.100999999999999	0.0007069642197623312
8.11	0.0006973771262839321
8.119	0.0006878175339988338
8.128	0.0006782892385732492
8.137	0.0006687959683340184
8.145999999999999	0.0006593413816759234
8.155	0.000661763029106263
8.164	0.0006523097310774266
8.172999999999998	0.000642902871901054
8.181999999999999	0.0006335459191466809
8.190999999999999	0.000624242259010053
8.2	0.0006149951943130522
8.209	0.0006058079425808514
8.218	0.0005966836343364131
8.227	0.0005678810716388479
8.236	0.0005590341612375937
8.245	0.0005502624698007404
8.254	0.0005415686392988383
8.262999999999998	0.0005329552172159138
8.271999999999998	0.0005244246558197012
8.280999999999999	0.0005330361459567815
8.29	0.0005244862813004677
8.299	0.0005160245799005404
8.308	0.0005076532235703988
8.317	0.0004993742949061079
8.326	0.0004911897771552473
8.334999999999999	0.0004831015544239373
8.344	0.00047511141186467763
8.353	0.0004672210360712338
8.361999999999998	0.0004861411437765501
8.370999999999999	0.00047801203868688366
8.379999999999999	0.0004699888850490496
8.389	0.0004842653492065721
8.398	0.00047606918945265715
8.407	0.0004679872565510772
8.416	0.0004600209746812846
8.425	0.00045217165223566355
8.434	0.0004561849588086725
8.443	0.0004484818448701768
8.451999999999998	0.00044089642905028594
8.460999999999999	0.0004334296761270732
8.469999999999999	0.0004376158875502366
8.479	0.00043032315356453363
8.488	0.00042314948827940464
8.497	0.0004160955287846227
8.506	0.00040916181669601735
8.515	0.00040234880057096154
8.524	0.0003956568383798675
8.533	0.00038908620007680513
8.542	0.00038263707020637816
8.550999999999998	0.00037630955058354286
8.559999999999999	0.0003701036630169299
8.568999999999999	0.00036401935207993746
8.578	0.0003580564879188793
8.587	0.0003522148690949226
8.596	0.00036067349311115135
8.605	0.0003549714207444909
8.613999999999999	0.0003493876983042235
8.623	0.00034392198869813477
8.632	0.0003385738947833514
8.640999999999998	0.00033334296224079397
8.649999999999999	0.0003282286823638605
8.658999999999999	0.00032323049496538566
8.668	0.00031834779118171137
8.677	0.00031357991629513365
8.686	0.0003089261725225514
8.695	0.0003043858217814514
8.704	0.0002999580884285207
8.713	0.00029564216196175237
8.722	0.00029143719968510284
8.730999999999998	0.00028734232933261424
8.739999999999998	0.0002833566516452747
8.748999999999999	0.0002794792429009089
8.758	0.00027570915739239384
8.767	0.0002720454298499782
8.776	0.0002684870778077347
8.785	0.00026503310390912357
8.794	0.00026168249815082805
8.802999999999999	0.0002584342400619722
8.812	0.0002552873008175568
8.821	0.0002522406452824452
8.829999999999998	0.00026093743454883044
8.838999999999999	0.000257973225777267
8.847999999999999	0.0002551058447190195
8.857	0.0002523342796338714
8.866	0.00024965751808217793
8.875	0.00024707454864664625
8.884	0.00024458436247316244
8.893	0.00024218595479204096
8.902	0.00023987832633364672
8.911	0.0002376604846811556
8.919999999999998	0.00023553144555026165
8.928999999999998	0.00023349023399167897
8.937999999999999	0.00023153588552116388
8.947	0.0002296674471773277
8.956	0.00022788397850282452
8.965	0.00022618455245501147
8.974	0.00022456825624420955
8.983	0.00022303419209989563
8.991999999999999	0.0002346637552195866
9.001	0.00023320791441867037
9.01	0.0002318312937912536
9.019	0.00024049788150412672
9.027999999999999	0.00023920941005106246
9.036999999999999	0.00023799759760892778
9.046	0.0002368616906565093
9.055	0.0002358009495161482
9.064	0.00023481464868539115
9.072999999999999	0.00023390207701535592
9.081999999999999	0.00023306253796462863
9.091	0.00023229534970480907
9.1	0.00023159984522243553
9.109	0.00023097537234523924
9.117999999999999	0.00023042129372951212
9.126999999999999	0.00022993698680084037
9.136	0.00022952184364701084
9.145	0.00022917527086754297
9.154	0.000228896689381114
9.163	0.0002286855341892115
9.171999999999999	0.00022854125410126964
9.181	0.0002284633114208586
9.19	0.0002284511815941695
9.199	0.00022850435282392275
9.208	0.00022862232564710452
9.216999999999999	0.00022319290361031454
9.225999999999999	0.00022332523146271655
9.235	0.00022351622510608866
9.244	0.00022454754434446622
9.253	0.00022486397079108148
9.261999999999999	0.00022523686552969926
9.270999999999999	0.00022566581854525228
9.28	0.00023535692333211572
9.289	0.000235912048820913
9.298	0.00023652112513767215
9.306999999999999	0.00023718376447473422
9.315999999999999	0.0002378995821840903
9.325	0.00023866819649757864
9.334	0.0002394892279526393
9.343	0.00024036229875418064
9.351999999999999	0.00024128703218907562
9.360999999999999	0.00024226305198939038
9.37	0.00024328998169585579
9.379	0.0002443674440178151
9.388	0.00024549506018291923
9.397	0.0002466724492847143
9.405999999999999	0.00024789922762367294
9.415	0.0002491750080460556
9.424	0.0002504993992799795
9.433	0.0002518720052700231
9.442	0.00025329242451150745
9.450999999999999	0.00025476024938552767
9.459999999999999	0.00025627506549497255
9.469	0.000257836451003696
9.478	0.0002594439759785506
9.487	0.0002610972017360213
9.495999999999999	0.0002627956801943188
9.504999999999999	0.0002927582415435312
9.514	0.0002944194024528395
9.523	0.00029611972773195506
9.532	0.00029785878793737915
9.540999999999999	0.00029963614259807727
9.549999999999999	0.0003014513392310708
9.559	0.00030330391306886107
9.568	0.00030519338643624215
9.577	0.0003071192681023606
9.585999999999999	0.000309081052780745
9.594999999999999	0.0003110782205602063
9.604	0.00031311023638901976
9.613	0.0003151765495510835
9.622	0.00031727659316704246
9.631	0.0003194097837017894
9.639999999999999	0.0003215755204997799
9.649	0.00032377318532723676
9.658	0.00032600214194389055
9.667	0.00032826173568397754
9.676	0.0003305512930637274
9.684999999999999	0.00033287012140814247
9.693999999999999	0.0003352175085003919
9.703	0.0003375927222550509
9.712	0.00033999501041471336
9.721	0.00034242360027251904
9.729999999999999	0.00035825250489709444
9.738999999999999	0.0003607776804201927
9.748	0.00036332497167598966
9.757	0.0003658935076552711
9.766	0.0003684823949557449
9.774999999999999	0.00037109071775523543
9.783999999999999	0.0003737175378568058
9.793	0.0003763618945377107
9.802	0.0003790228046844267
9.811	0.000381699262789965
9.819999999999999	0.0003843902410471712
9.828999999999999	0.00038709468946240025
9.838	0.0003898115360078954
9.847	0.00039253968681719694
9.856	0.0003952780264127355
9.865	0.0003980254179741196
9.873999999999999	0.00040078070364532505
9.883	0.00040354270487771973
9.892	0.00040631022281344923
9.901	0.00040908203870803814
9.91	0.0004118569143902918
9.918999999999999	0.0004146335927623295
9.927999999999999	0.0004174107983370188
9.937	0.0004201872378147947
9.946	0.0004229616006983795
9.955	0.0004257325599447516
9.963999999999999	0.0004428417650002414
9.972999999999999	0.00044564166262766664
9.982	0.0004484319589486971
9.991	0.0004512112372138842
10.0	0.0004539780675466607
10.09	0.000480639727706579
10.18	0.0005044260579470283
10.27	0.0005238643661579611
10.36	0.00047886261954984793
10.45	0.0005428270923057352
10.54	0.0005419136108190728
10.63	0.0004937416289968324
10.72	0.0004620113471304594
10.81	0.00041059200647799234
10.9	0.00038989661770891384
10.99	0.0003664064046969217
11.08	0.0003325353908564298
11.17	0.0003318291768281842
11.26	0.00032296600198190357
11.35	0.00029856024164610337
11.44	0.00028939609687807536
11.53	0.0002578352413014993
11.62	0.00023582068898395306
11.71	0.00023278415186907134
11.8	0.00021875906347531846
11.89	0.000207473295539616
11.98	0.000204034034711074
12.07	0.00019068675121921495
12.16	0.000199160581715135
12.25	0.00019877481312301318
12.34	0.00019684907254543808
12.43	0.0002022618775464932
12.52	0.00021000362325853774
12.61	0.0002323392875781597
12.7	0.0002584599524679323
12.79	0.00028404531236906635
12.879999999999999	0.0003136962824230334
12.969999999999999	0.0003664941484950851
13.06	0.0003789834953239547
13.15	0.0004033275311090521
13.24	0.0004279935119826551
13.33	0.00042973499571751655
13.42	0.0004274063772787822
13.51	0.00042095049442803303
13.6	0.0004279506290193805
13.69	0.0004259314666146251
13.78	0.0004080839689878712
13.87	0.0003991519833788218
13.96	0.0003760379374496405
14.05	0.00035131404868577663
14.14	0.00035391969562957083
14.23	0.0003276434876582672
14.32	0.0003022518734196861
14.41	0.0002783978248505975
14.5	0.0002569478026448115
14.59	0.0002353816896123712
14.68	0.00021956317538969415
14.77	0.00021746051959352307
14.86	0.00021616046328604745
14.95	0.0002270145013116915
15.04	0.000219528181063176
15.129999999999999	0.00021499023769885986
15.219999999999999	0.0002238672608178569
15.309999999999999	0.00023587849359490366
15.399999999999999	0.00023667656565918516
15.49	0.00023891856777335979
15.58	0.00024246378737250902
15.67	0.0002471573631710518
15.76	0.0002528294872296478
15.85	0.00025840052906744116
15.94	0.00026557095588730184
16.03	0.0002730610311174632
16.12	0.00028062108153581233
16.21	0.00028798353637870573
16.3	0.00030662880521110095
16.39	0.0003082628516914735
16.48	0.000326489188894145
16.57	0.0003291570982524612
16.66	0.0003228681154192629
16.75	0.00032200202573025804
16.84	0.000319259904278865
16.93	0.000314737709857572
17.02	0.000308621897615908
17.11	0.0002900600363830046
17.2	0.0002832001561283849
17.29	0.0002757190507904705
17.38	0.0002679095253479181
17.47	0.00026379184055495293
17.56	0.0002557482556492185
17.65	0.0002481101089720601
17.74	0.00024107034949626108
17.83	0.00023478305919772722
17.92	0.00026315580724099616
18.009999999999998	0.00025768501379744063
18.1	0.0002656165147383911
18.189999999999998	0.00026118290483471236
18.28	0.0002572428492979822
18.369999999999997	0.0002537846751393457
18.46	0.0002508144810148
18.549999999999997	0.0002483597380098468
18.64	0.00024646594076196574
18.73	0.00024231884768535723
18.82	0.00024171395035645885
18.91	0.000252516324987509
19.0	0.0002530345643945591
19.09	0.00025404898243853904
19.18	0.0002677810652001447
19.27	0.00026947210953862766
19.36	0.00027115846511643036
19.45	0.00027329379357050225
19.54	0.0002745993346090188
19.63	0.0002754204305239151
19.72	0.0002756675443457385
19.810000000000002	0.00027529326002424174
19.9	0.0002852657915598975
19.990000000000002	0.00028388109031599436
20.08	0.0002794391992058696
20.17	0.00027287315768298454
20.259999999999998	0.00026931953188917855
20.35	0.0002653480932164788
20.439999999999998	0.00025716309092461525
20.53	0.00025166307372281264
20.619999999999997	0.0002470773319279026
20.71	0.00024295545669934197
20.799999999999997	0.00023894083010187646
20.89	0.00023338282965855363
20.98	0.00022309293645259202
21.07	0.00022010875497548138
21.16	0.000217623600477023
21.25	0.00023434646502711281
21.34	0.00023170765773147657
21.43	0.00022954104954653638
21.52	0.0002405041107354036
21.61	0.0002395526807056785
21.7	0.00023899960999969945
21.79	0.00023602703764238276
21.88	0.0002443173876916771
21.97	0.00024508960683575936
22.06	0.0002571974156910101
22.15	0.000250158635158083
22.240000000000002	0.00025033977026399807
22.33	0.00026692936049348067
22.42	0.00026637685198292033
22.509999999999998	0.0002782075152032892
22.6	0.00028590006139497207
22.689999999999998	0.00028338855331222094
22.78	0.0002800916606425277
22.869999999999997	0.0002760608858263305
22.96	0.0002713906502458919
23.049999999999997	0.00027505331038484075
23.14	0.0002689893050553832
23.229999999999997	0.00026281672148091405
23.32	0.0002698399669235688
23.41	0.00026349504539046226
23.5	0.0002572406641731797
23.59	0.00026388635953615705
23.68	0.0002574103240167403
23.77	0.000251201255621059
23.86	0.00024014514056673077
23.95	0.00023479054442242765
24.04	0.00023965817385019844
24.13	0.00024784292606352883
24.22	0.00024386120592124547
24.31	0.00024037299779982305
24.4	0.00023741245354027223
24.490000000000002	0.00023499466912172255
24.58	0.00022253596556855295
24.67	0.00023168378630367633
24.759999999999998	0.00023098569822084354
24.85	0.00023075813310513096
24.939999999999998	0.00024941357741314294
25.03	0.0002478078658459309
25.119999999999997	0.0002485711674624337
25.21	0.00024701239695247313
25.299999999999997	0.0002474612855906517
25.39	0.0002476831434823448
25.479999999999997	0.0002449829533430916
25.57	0.00024450377961505364
25.66	0.0002437544463918235
25.75	0.0002404635472069283
25.84	0.00023924926276582665
25.93	0.00023789684702317407
26.02	0.0002364691100368129
26.11	0.00023502788102881114
26.2	0.00023363031616367464
26.29	0.00023181262956372252
26.38	0.0002307560043203859
26.47	0.00023697326000771522
26.56	0.00023343311289186018
26.65	0.00024346339282114928
26.74	0.00024222743513480595
26.83	0.00024087863390677918
26.919999999999998	0.00023839801350534215
27.009999999999998	0.00023569435520746167
27.099999999999998	0.0002328573515948726
27.189999999999998	0.0002423143469694228
27.28	0.00023899693413231273
27.37	0.0002356745694232399
27.46	0.0002445554200540235
27.55	0.00024122607808860604
27.64	0.00023803013324141676
27.73	0.00023505964258674624
27.82	0.00023239470465326456
27.91	0.00023715354094621942
28.0	0.0002347918223142604
28.09	0.00023275634233927797
28.18	0.00023108687365871937
28.27	0.00023877079247159837
28.36	0.00023762784293685199
28.45	0.00023670702813907704
28.54	0.0002325503652456471
28.63	0.00023202418691705613
28.72	0.00023168631192424798
28.81	0.00023151820980873313
28.9	0.00023150101814265305
28.99	0.00023161536273926003
29.08	0.00024386814159019573
29.169999999999998	0.00025326198996722296
29.259999999999998	0.0002526298681891765
29.349999999999998	0.0002516716897932193
29.439999999999998	0.0002503833974593009
29.529999999999998	0.00024621241559860934
29.62	0.0002418303860035357
29.71	0.00023980703577753006
29.8	0.00023757853544442673
29.89	0.00023521812181798965
29.98	0.00023280778893839893
30.07	0.00022841784099916814
30.16	0.00022383106104775053
30.25	0.00022169761263488922
30.34	0.00021979212009668703
30.43	0.0002181641286130686
30.52	0.00021135785277105526
30.61	0.00020831572381338552
30.7	0.00021887879677894262
30.79	0.00021856521283325202
30.88	0.0002183910557421491
30.97	0.00021833733274805546
31.06	0.00021838208145237177
31.15	0.00021850374484209451
31.24	0.00022797455914364716
31.33	0.00022779716743482868
31.419999999999998	0.00022502856462184995
31.509999999999998	0.00022442461717440978
31.599999999999998	0.0002236279673148126
31.689999999999998	0.0002320927291459482
31.779999999999998	0.00023909317889842888
31.869999999999997	0.00023419741708318603
31.96	0.00022989560688625195
32.05	0.0002407461141649144
32.14	0.00023757956041366903
32.230000000000004	0.00023400822596481239
32.32	0.00023013686157450584
32.41	0.00022608079356695954
32.5	0.00022196374211726547
32.59	0.00021791392126176764
32.68	0.00022591512210026822
32.769999999999996	0.00023359723428127653
32.86	0.00022950712038372629
32.95	0.00023712062972312787
33.04	0.00023318933229857786
33.129999999999995	0.00024028095805695156
33.22	0.00023673458136941555
33.31	0.00023330376662411293
33.4	0.00023004309864155104
33.489999999999995	0.0002270097998288719
33.58	0.00022426323896509678
33.67	0.00024560057206159873
33.76	0.00024300321444270588
33.849999999999994	0.00025247236359966666
33.94	0.0002507125599323673
34.03	0.00023982435676281178
34.12	0.00023852473297632492
34.21	0.00023721281753182654
34.3	0.0002587758978874158
34.39	0.0002696175516114865
34.480000000000004	0.0002668723610889656
34.57	0.00026379128266765494
34.66	0.00026049798961079635
34.75	0.0002545423794910797
34.84	0.0002704260044316412
34.93	0.0002897720347143012
35.019999999999996	0.00028516395618075454
35.11	0.0002799215580671308
35.2	0.0002741092912077415
35.29	0.0002678426888394566
35.379999999999995	0.0002612864330574179
35.47	0.0002672288835075128
35.56	0.0002603841083410391
35.65	0.00026654101725359294
35.739999999999995	0.0002690911172972484
35.83	0.00026297302433476755
35.92	0.0002573655460740897
36.01	0.00025235440058949
36.099999999999994	0.00024799544456468475
36.19	0.0002443226910624608
36.28	0.0002413554125767536
36.37	0.00023910320913746714
36.459999999999994	0.00023756863915652877
36.55	0.00023674753826540936
36.64	0.0002366275591087503
36.730000000000004	0.00023431834922399585
36.82	0.00024789085000469154
36.91	0.0002505846579950509
37.0	0.0002526164157154677
37.09	0.00025485822007017156
37.18	0.000254703814232602
37.269999999999996	0.0002544298357004857
37.36	0.0002566189050375096
37.45	0.00027175473266751935
37.54	0.0002732451447844857
37.629999999999995	0.00027418356932720756
37.72	0.0002745311906215918
37.81	0.00027187697548167856
37.9	0.0002682566757787443
37.989999999999995	0.0002667866517702983
38.08	0.0002647916738112307
38.17	0.000266622608758366
38.26	0.00026119634087178257
38.349999999999994	0.0002578979385454975
38.44	0.0002543112052131187
38.53	0.00025055871177025147
38.62	0.00025803836451716926
38.709999999999994	0.00025418873476467274
38.8	0.00025927212391286213
38.89	0.00025539802412600376
38.980000000000004	0.00025171734799899463
39.07	0.0002482403937295172
39.16	0.00024203188449684933
39.25	0.00023887170016619887
39.34	0.00023587734081113567
39.43	0.00023307015033159373
39.519999999999996	0.00023048360640245396
39.61	0.00022816094495473242
39.7	0.0002237703388865714
39.79	0.0002221112872256342
39.879999999999995	0.00022084819156005614
39.97	0.00021943531582128365
40.06	0.00022000524626032559
40.15	0.00021669789398015245
40.239999999999995	0.00021809018687221556
40.33	0.00021712492783324138
40.42	0.0002189353273428299
40.51	0.00023249100347984584
40.599999999999994	0.00023438960330566337
40.69	0.00023604889665837368
40.78	0.00024923166084580016
40.87	0.00025009703794882536
40.959999999999994	0.0002503006512836053
41.05	0.00024980505992933387
41.14	0.0002486047181525264
41.230000000000004	0.000246728797030423
41.32	0.00024424051940112086
41.41	0.00023382673004983666
41.5	0.00022497161666701172
41.59	0.00021831346906253524
41.68	0.00021501995580322028
41.769999999999996	0.00021182866900329913
41.86	0.00020885256761231182
41.95	0.00020618763513435685
42.04	0.00021500755634412794
42.129999999999995	0.00023675877821296453
42.22	0.00024656367992873613
42.31	0.00024386625952425191
42.4	0.00024095986606124638
42.49	0.00023787312063774433
42.58	0.000247193859216909
42.67	0.00024345657254716928
42.76	0.00023750371878929015
42.85	0.00023355025493285736
42.94	0.00022967287452400691
43.03	0.0002260165280858022
43.12	0.00022272002127113439
43.21	0.0002321069836974306
43.3	0.00022963762294141618
43.39	0.0002276438665838109
43.48	0.00023701316624018297
43.57	0.00023356474743668109
43.66	0.0002298199665082437
43.75	0.00022934849536675663
43.839999999999996	0.00022912124347424428
43.93	0.00022908454425067462
44.019999999999996	0.00022919032686605646
44.11	0.0002294004202319925
44.199999999999996	0.00022968812022527158
44.29	0.00024283719648885685
44.379999999999995	0.00025066210239532813
44.47	0.0002611240962252741
44.56	0.00026069888871197116
44.65	0.0002679364584072336
44.74	0.0002659175151192774
44.83	0.0002632238594766699
44.92	0.0002598967681866021
45.01	0.00025601323300007386
45.1	0.00026420803295975454
45.19	0.00025923936543087325
45.28	0.0002539414041932874
45.37	0.0002485041169656757
45.46	0.0002555452696129222
45.55	0.0002499169206062925
45.64	0.00024039337358957742
45.73	0.00023583581186125584
45.82	0.00023180501094636572
45.91	0.0002283984380833512
46.0	0.00022331857425534918
46.089999999999996	0.00022134441767027087
46.18	0.00022012731760197207
46.269999999999996	0.00021966911147748626
46.36	0.00021994934825452726
46.449999999999996	0.0002184421238922115
46.54	0.00022000488336272475
46.629999999999995	0.00022211211705869095
46.72	0.0002222853226618703
46.809999999999995	0.0002251398271185514
46.9	0.00022820216868294746
46.99	0.0002313467021273153
47.08	0.00023444616461637804
47.17	0.0002373763552651109
47.26	0.00024894559165659084
47.35	0.00025121428294445653
47.44	0.00025303976824437674
47.53	0.0002543041935293464
47.62	0.0002549069386446915
47.71	0.00025477578874793643
47.8	0.00025387570918886175
47.89	0.0002497382381923645
47.98	0.0002597997839689055
48.07	0.00025639803237863365
48.16	0.0002522937251051853
48.25	0.0002476527901145032
48.339999999999996	0.00024266073860434602
48.43	0.00023751268848997868
48.519999999999996	0.0002324035252578476
48.61	0.00022751898538882128
48.699999999999996	0.0002230280903130801
48.79	0.00021671167142834325
48.879999999999995	0.00021341499311403587
48.97	0.00022256159272994572
49.059999999999995	0.00024210348032315974
49.15	0.00026556604243225076
49.24	0.0002622761681377609
49.33	0.0002716272596496531
49.42	0.0002681532210311039
49.51	0.0002645963183289895
49.6	0.0002610191581574756
49.69	0.00025750383696067174
49.78	0.00026703254071860596
49.87	0.00026067946212134476
49.96	0.0002571184760932859
50.05	0.0002538817390834227
50.14	0.00025106590270975506
50.23	0.00026010161662768586
50.32	0.0002582381225950359
50.41	0.00025671497506684444
50.5	0.00025549656772217675
50.589999999999996	0.00025452526940014723
50.68	0.00026644952707860535
50.769999999999996	0.0002655391641274575
50.86	0.0002896137868534719
50.949999999999996	0.0002877775792433468
51.04	0.00028528279998553033
51.129999999999995	0.0002821314438340331
51.22	0.000275577188312027
51.309999999999995	0.00026881453300341975
51.4	0.0002639009547934775
51.49	0.0002587475665480743
51.58	0.0002535407162705173
51.67	0.00024597784078037363
51.76	0.00024122658071530975
51.85	0.0002369476631685765
51.94	0.00023084476770184666
52.03	0.0002278747182275565
52.12	0.00023017228413601572
52.21	0.00022812128039625837
52.3	0.00022672996766689827
52.39	0.0002260298023837562
52.48	0.00022602442589696192
52.57	0.00022669100048606212
52.66	0.00022798260879530865
52.75	0.00024174952606675624
52.839999999999996	0.0002442107010110439
52.93	0.00024687676433475926
53.019999999999996	0.0002619239516065684
53.11	0.0002645057762774221
53.199999999999996	0.0002666696291885982
53.29	0.0002625256806388854
53.379999999999995	0.00026266070400425486
53.47	0.00026214491635806285
53.559999999999995	0.0002740327075808012
53.65	0.000271964737954664
53.739999999999995	0.00026915942243872326
53.83	0.0002657349136753776
53.92	0.000259809404733761
54.01	0.00025564210291411705
54.1	0.00025799311690301427
54.19	0.0002535218057713028
54.28	0.0002592805758990378
54.37	0.0002537483777434062
54.46	0.00024849288477771545
54.55	0.00025115979686304044
54.64	0.00024642462286948003
54.73	0.0002396536264342223
54.82	0.00023584287277870502
54.91	0.00023253246386915197
55.0	0.00022972603889159844
55.089999999999996	0.00022742380637725038
55.18	0.00022562726509578243
55.269999999999996	0.00023630216817053918
55.36	0.00023534387341730544
55.449999999999996	0.0002445831590742567
55.54	0.0002443928989128478
55.629999999999995	0.00024433810680805944
55.72	0.0002444056673896246
55.809999999999995	0.00024209473335254218
55.9	0.000242338386377022
55.989999999999995	0.00024265256805580568
56.08	0.00024302698430910368
56.17	0.00024099046322122804
56.26	0.00024143204278742882
56.35	0.00023217277673515495
56.44	0.00023234161304578363
56.53	0.0002325747390384387
56.62	0.00023287740207432982
56.71	0.00023866976326117502
56.8	0.00023677782012895322
56.89	0.00025190249160763576
56.98	0.00025180348849115116
57.07	0.00025140087479304365
57.16	0.0002514080880210243
57.25	0.00025056008940246545
57.339999999999996	0.0002609449321847847
57.43	0.0002586921513521708
57.519999999999996	0.00026887860636696435
57.61	0.00026548687973875537
57.699999999999996	0.00025840548512892365
57.79	0.000254137600778112
57.879999999999995	0.00024953738316523606
57.97	0.00024577959201000336
58.059999999999995	0.0002408785141664747
58.15	0.00024394520754958667
58.239999999999995	0.00023905134728516352
58.33	0.00023423479633688052
58.42	0.0002296389887225781
58.51	0.00022539081047539267
58.6	0.00023305802947995853
58.69	0.0002295115159531231
58.78	0.00022639616412538637
58.87	0.00022376154432814205
58.96	0.00022164334608149638
59.05	0.00022006641334234412
59.14	0.0002190466614683336
59.23	0.00021609947772348483
59.32	0.00021618748202478788
59.41	0.00021682113048666663
59.5	0.00022956182168877343
59.589999999999996	0.00025325300263598106
59.68	0.0002438305275988698
59.769999999999996	0.0002569844972548694
59.86	0.00025891061206221477
59.949999999999996	0.0002731338362747274
60.04	0.00027456817692685174
60.129999999999995	0.000275389954381908
60.22	0.0002754662655505775
60.309999999999995	0.00027470484766017184
60.4	0.0002730674602300225
60.489999999999995	0.00026797244976546966
60.58	0.00025919983134962477
60.669999999999995	0.0002552871655562901
60.76	0.0002508929785921464
60.85	0.00024620526999910726
60.94	0.0002414160097259772
61.03	0.0002320575670904173
61.12	0.00022750099628427887
61.21	0.00022336778975413576
61.3	0.0002171369411962706
61.39	0.00022499804184282065
61.48	0.0002342338256189278
61.57	0.000244191683440076
61.66	0.00025458613340968565
61.75	0.0002648653388447833
61.839999999999996	0.00026221754302475345
61.93	0.000259524348890257
62.019999999999996	0.0002567982998781706
62.11	0.0002540692981416607
62.199999999999996	0.00026274632230616256
62.29	0.00026012566825547347
62.379999999999995	0.0002575382263353105
62.47	0.0002798022472092032
62.559999999999995	0.0002744795307492699
62.65	0.00026897777484484166
62.739999999999995	0.00026348117356258697
62.83	0.00026059132928861375
62.919999999999995	0.00025524403411887993
63.01	0.00025251241641061686
63.1	0.00024179348465401302
63.19	0.00023989297316442278
63.28	0.0002382972631717577
63.37	0.00023702487654387255
63.46	0.0002360900451221288
63.55	0.000235500756421734
63.64	0.00023525674233394308
63.73	0.0002329123005852473
63.82	0.0002332920870788893
63.91	0.00023394743842355414
64.0	0.0002348388434667025
64.09	0.0002475562036981015
64.18	0.00025999852402084386
64.27	0.0002609674274986233
64.36	0.0002615738991824941
64.44999999999999	0.00027185169377360295
64.53999999999999	0.0002690214397562984
64.63	0.0002679737117296269
64.72	0.00026619942735046887
64.81	0.00026375472135063357
64.9	0.00026073568970098085
64.99	0.0002547315398555562
65.08	0.000263544183802428
65.16999999999999	0.0002592449133294918
65.25999999999999	0.0002547590729319599
65.35	0.00025940977532124367
65.44	0.00025525545117257724
65.53	0.0002512445544458414
65.62	0.0002474359432403235
65.71000000000001	0.00024388302894909504
65.8	0.0002406382038590881
65.89	0.00023775468520546522
65.97999999999999	0.00023528586497837314
66.07	0.0002332825550008779
66.16	0.00023178903112037802
66.25	0.00023083863679886264
66.34	0.0002274573587230209
66.43	0.00022785570158624638
66.52	0.00022879386797440218
66.61	0.00023022916791213093
66.69999999999999	0.00022986575711753853
66.78999999999999	0.0002320457457253594
66.88	0.0002344809777140294
66.97	0.00023463399421609266
67.06	0.00023724225459863498
67.15	0.00023734623148954518
67.24	0.0002380547828882493
67.33	0.0002401162718145012
67.41999999999999	0.00023707622688168184
67.50999999999999	0.0002387240663574814
67.6	0.00023997330635776851
67.69	0.0002407859586491675
67.78	0.00024114003848886028
67.87	0.0002410297267592672
67.96000000000001	0.0002404650949882616
68.05	0.0002394713450958386
68.14	0.00024792353969006655
68.22999999999999	0.0002553703255759812
68.32	0.0002654017843259374
68.41	0.00027358136417456036
68.5	0.0002692927943493317
68.59	0.0002642729149251422
68.68	0.00025863115146727313
68.77	0.00024997955089950895
68.86	0.0002410976956355355
68.94999999999999	0.00024740662610019755
69.03999999999999	0.00024029300444195138
69.13	0.00023034290784672607
69.22	0.00022382189185784997
69.31	0.00021793681092241492
69.4	0.00021285697011074243
69.49	0.0002087109987282471
69.58	0.00020558572516783942
69.66999999999999	0.00020352751129008563
69.75999999999999	0.00021153018925411051
69.85	0.000211835296531192
69.94	0.00021035031963920894
70.03	0.0002123442914350513
70.12	0.0002121397133386108
70.21000000000001	0.00021553373259638835
70.3	0.0002315580902255849
70.39	0.00023518857967378757
70.47999999999999	0.00023863607991957245
70.57	0.00023916922333659245
70.66	0.00024181742054176075
70.75	0.00025367477564779817
70.84	0.00026731544607007103
70.93	0.0002663897689269518
71.02	0.0002651403723423895
71.11	0.000260260061210593
71.19999999999999	0.0002570020367422916
71.28999999999999	0.0002529160701767344
71.38	0.0002481578166107997
71.47	0.00024290498832652918
71.56	0.00023734898637773653
71.65	0.0002316857316462739
71.74	0.00022610660985956365
71.83	0.0002207903614832802
71.91999999999999	0.00022805008206890355
72.00999999999999	0.0002350674277581989
72.1	0.00023041361160556353
72.19	0.00022620017629670363
72.28	0.00022250874712092858
72.37	0.00023062140124141165
72.46000000000001	0.0002401010214461709
72.55	0.00024977424746646813
72.64	0.00024727913274636337
72.72999999999999	0.00024494717408786643
72.82	0.0002427971176190722
72.91	0.0002532224821586998
73.0	0.0002509709069723794
73.09	0.0002487987223471898
73.18	0.00024674814398940805
73.27	0.0002567984987892129
73.36	0.00025500596768541486
73.44999999999999	0.00025325911056782685
73.53999999999999	0.00025158333422730625
73.63	0.0002499984043951114
73.72	0.00025200990067405013
73.81	0.0002635193736908579
73.9	0.0002579169696271217
73.99	0.0002554288046615844
74.08	0.0002527454649235284
74.17	0.0002624509097048341
74.25999999999999	0.0002590571950342373
74.35	0.00025544295463391113
74.44	0.0002471054405036866
74.53	0.00027597838881759484
74.62	0.00027234944959340647
74.71	0.0002680695458879789
74.8	0.0002633977699989111
74.89	0.0002560278103373102
74.98	0.0002513269046386811
75.07	0.0002469207796555171
75.16	0.0002559307322147012
75.25	0.0002519269152933093
75.34	0.0002599478991579597
75.42999999999999	0.0002566491840405734
75.52	0.00025356345338605694
75.61	0.00025065701168748783
75.7	0.00024790324643685503
75.78999999999999	0.00024032156056404957
75.88	0.0002378436348588091
75.97	0.00023554351174965776
76.06	0.00023347373949520953
76.14999999999999	0.00024386846641767017
76.24	0.00023907203291912793
76.33	0.00023755809273875815
76.42	0.00023629494540162893
76.50999999999999	0.00024096756609140175
76.6	0.00023979135546334742
76.69	0.00023872387535772387
76.78	0.00023530180702379376
76.87	0.00024640054924238825
76.96	0.0002454542130373127
77.05	0.00024442354031105383
77.14	0.00024332359453663115
77.23	0.00024217719336394163
77.32	0.00024101359067552216
77.41	0.0002398659564827133
77.5	0.0002495198621482197
77.59	0.0002505124895660105
77.67999999999999	0.0002466623789338657
77.77	0.00026700705223493425
77.86	0.00027456259750122683
77.95	0.00028183668087042784
78.03999999999999	0.00027737171443165863
78.13	0.0002723323398570383
78.22	0.000279613685077037
78.31	0.000273425271498466
78.39999999999999	0.00026686516395920063
78.49	0.00027150831867857474
78.58	0.0002643126015239511
78.67	0.0002569543691186288
78.75999999999999	0.0002470758791536324
78.85	0.00023990872056137965
78.94	0.00023310019296018226
79.03	0.00022683138010514442
79.12	0.0002212682030045301
79.21	0.0002165520195601563
79.3	0.00021279277839581415
79.39	0.00022048509407113215
79.48	0.0002188386552762469
79.57	0.00021811811776709369
79.66	0.00021828793039637673
79.75	0.00021490104704749416
79.84	0.00021650056630495524
79.92999999999999	0.00023032482752317624
80.02	0.00023301025469641605
80.11	0.0002458997354134055
80.2	0.00024858882507084536
80.28999999999999	0.0002510499910240463
80.38	0.00027741269246661415
80.47	0.00027830445347689546
80.56	0.0002785065008748832
80.64999999999999	0.0002882609087092088
80.74	0.0002869145204547173
80.83	0.0002850686144965912
80.92	0.0002797792402380302
81.00999999999999	0.000276321501977044
81.1	0.00027210809066669693
81.19	0.00026724921393656
81.28	0.00025931075378802935
81.36999999999999	0.0002536125224754354
81.46	0.0002602096691446978
81.55	0.00025153215126589017
81.64	0.00024365491615683374
81.73	0.0002279419951817805
81.82	0.00022324106281615
81.91	0.00021912587121634134
82.0	0.00022758709966581
82.09	0.00022452583770940428
82.17999999999999	0.00021997696938737767
82.27	0.00021826331933817974
82.36	0.00021725539276802442
82.45	0.0002169510531022487
82.53999999999999	0.00022913868406829315
82.63	0.0002303193208471888
82.72	0.00023200304184145735
82.81	0.00024639123679859445
82.89999999999999	0.0002483820698948932
82.99	0.00025036932460787515
83.08	0.00025224568061946
83.17	0.00025391497708912575
83.25999999999999	0.0002552983314519624
83.35	0.0002563377103763157
83.44	0.00025699682439954494
83.53	0.0002572595800601114
83.61999999999999	0.00026399281373503183
83.71	0.00028828984540814454
83.8	0.0002817611973189396
83.89	0.0002793280346654164
83.98	0.00027603032491606885
84.07	0.00027193948323370935
84.16	0.00026715618759118206
84.25	0.00026181227174112016
84.34	0.0002560688988087918
84.42999999999999	0.00025011052137751506
84.52	0.00024165074417385762
84.61	0.0002478673370942141
84.7	0.00024200829576736342
84.78999999999999	0.00023652577844597358
84.88	0.000231579984165285
84.97	0.00022730160470914928
85.06	0.00022379040046542089
85.14999999999999	0.0002211155555547743
85.24	0.0002193171257376084
85.33	0.00023002307336031429
85.42	0.00022967296431744528
85.50999999999999	0.0002299965011855271
85.6	0.0002424086548284839
85.69	0.00025644272106771764
85.78	0.0002551666808807423
85.86999999999999	0.000253874185240172
85.96	0.00025499785799134515
86.05	0.0002559483429959839
86.14	0.0002566714290451173
86.23	0.00025713236533640775
86.32	0.0002573154072609747
86.41	0.0002546474656399786
86.5	0.00025425780291507094
86.59	0.00025361803810266376
86.67999999999999	0.00025275209810425163
86.77	0.0002516831482648184
86.86	0.00025043155038498695
86.95	0.0002490145898934641
87.03999999999999	0.0002474477471867446
87.13	0.00024574697713509926
87.22	0.0002439312734133998
87.31	0.00024202498046099356
87.39999999999999	0.00024005929809536476
87.49	0.00023807264685627927
87.58	0.00027429382888289743
87.67	0.0002830141379419471
87.75999999999999	0.0002791080151374728
87.85	0.0002720320699261141
87.94	0.0002671465026191894
88.03	0.00026194437868815295
88.11999999999999	0.0002565730675211694
88.21	0.0002486869530557781
88.3	0.00024348511900505575
88.39	0.00023861651898632997
88.48	0.00023424191781594257
88.57	0.00023049944831388567
88.66	0.00022749632704564606
88.75	0.00023445171500995055
88.84	0.00023967670692863445
88.92999999999999	0.00023952326767469372
89.02	0.00024003974698051948
89.11	0.00024106943372867893
89.2	0.0002424422498848077
89.28999999999999	0.0002439913171396037
89.38	0.00024268172705722846
89.47	0.00024409883044516125
89.56	0.0002453315116088464
89.64999999999999	0.0002438310744577652
89.74	0.00024452764154243606
89.83	0.00023943611470362652
89.92	0.000239735695903548
90.00999999999999	0.0002374130494656743
90.1	0.00023737287426214626
90.19	0.00023720048568661383
90.28	0.0002324554389482157
90.36999999999999	0.00022670494854642155
90.46	0.00022672882850941493
90.55	0.00022678401130840793
90.64	0.00023894212960653234
90.73	0.00023859658655461056
90.82	0.0002381070294540123
90.91	0.00023504608244199625
91.0	0.00024400476344401726
91.09	0.00026689307447622584
91.17999999999999	0.0002659730551290203
91.27	0.0002644359579305844
91.36	0.0002623061248615971
91.45	0.00027134222656236717
91.53999999999999	0.0002810749271235231
91.63	0.00028972452521136446
91.72	0.00028463557932064933
91.81	0.00027886129583457384
91.89999999999999	0.00027257977456180755
91.99	0.00026598242285263995
92.08	0.0002592680658235575
92.17	0.0002526359194071842
92.25999999999999	0.0002523500173751953
92.35	0.0002466646567755778
92.44	0.0002525949174803942
92.53	0.0002478405669040669
92.61999999999999	0.00023945480823031314
92.71	0.00023599419513379525
92.8	0.00023315972034040308
92.89	0.00023099256698273543
92.98	0.0002295174815671887
93.07	0.00022627621733071245
93.16	0.00022618651314489343
93.25	0.0002267663730327483
93.34	0.0002279825653373143
93.42999999999999	0.00022748627777710213
93.52	0.0002297616357853765
93.61	0.00024496755659926084
93.7	0.0002582361819270378
93.78999999999999	0.0002614124101189623
93.88	0.0002642989949235914
93.97	0.0002667467913742154
94.06	0.00026862480647467596
94.14999999999999	0.0002698307420314697
94.24	0.00027029860305351525
94.33	0.00027000263814547286
94.42	0.00026895719336013336
94.50999999999999	0.0002672130751922151
94.6	0.0002626893807885266
94.69	0.0002598704630765899
94.78	0.0002566387805585471
94.86999999999999	0.00026367474219729167
94.96	0.0002721473492385141
95.05	0.0002799932209012495
95.14	0.000274488411183791
95.22999999999999	0.00028190125342096654
95.32	0.000275375897559313
95.41	0.00026542761138804245
95.5	0.00025596081532286587
95.59	0.0002491834999547768
95.67999999999999	0.000240303705949037
95.77	0.00023435605577372436
95.86	0.00022607935450384229
95.95	0.00023151980684463588
96.03999999999999	0.00022563952016068018
96.13	0.00022085373651909655
96.22	0.00021910455975850883
96.31	0.00021822012836684713
96.39999999999999	0.0002298265564407497
96.49	0.0002303314732500827
96.58	0.00023135066193689463
96.67	0.0002327810592954112
96.75999999999999	0.00023451027653017956
96.85	0.00023642440638288117
96.94	0.00023841472603415074
97.03	0.00024038278614731416
97.11999999999999	0.00024209313319906745
97.21	0.0002433285245969707
97.3	0.00024430565443304486
97.39	0.00024499744435386094
97.47999999999999	0.00024538581927309623
97.57	0.0002454606299365981
97.66	0.0002565146111352266
97.75	0.0002560453451192632
97.84	0.00025509649839229994
97.92999999999999	0.0002536847370212386
98.02	0.00024541114896833036
98.11	0.00023764358910466848
98.2	0.0002353629021541048
98.28999999999999	0.00023298739581536305
98.38	0.0002281807430749289
98.47	0.00022583382112602437
98.56	0.00022362045647871488
98.64999999999999	0.0002216178977606805
98.74	0.00023057621568917908
98.83	0.0002409497074756197
98.92	0.00023672301446987155
99.00999999999999	0.00023511326779774257
99.1	0.00023100890454881144
99.19	0.00022958405815892246
99.28	0.00022822422702799982
99.36999999999999	0.0002269290239391857
99.46	0.00022571589694150702
99.55	0.00023642711769457275
99.64	0.00023510160468282547
99.72999999999999	0.00023136731436588481
99.82	0.00023012709093493496
99.91	0.00025162812095340815
100.0	0.00024680341283586204
100.90090090090091	0.000252336843692612
101.8018018018018	0.0002328915961027342
102.70270270270271	0.0002335906705653018
103.6036036036036	0.0002587096087941941
104.50450450450451	0.00026938198181431915
105.4054054054054	0.00024115093832709856
106.30630630630631	0.00023835409158848476
107.2072072072072	0.0002546958503574105
108.10810810810811	0.0002575594459811158
109.009009009009	0.0002264253285860092
109.90990990990991	0.00026538021157089206
110.8108108108108	0.00028183029751071604
111.71171171171171	0.00022757885439911242
112.61261261261261	0.0002502056940206098
113.51351351351352	0.00027357294644177806
114.41441441441441	0.0002237566854970341
115.31531531531532	0.00022908218950832367
116.21621621621622	0.00023194711460367248
117.11711711711712	0.00023204381137397685
118.01801801801801	0.0002168180610147439
118.91891891891892	0.0002362170188865082
119.81981981981983	0.000272731545568384
120.72072072072072	0.00023268912580975105
121.62162162162161	0.00023799616149024276
122.52252252252252	0.0002758189632577465
123.42342342342343	0.00024264173452035622
124.32432432432432	0.0002784257661364707
125.22522522522523	0.00024261256883639762
126.12612612612612	0.00025724710163778716
127.02702702702703	0.00024815908097003744
127.92792792792793	0.00025097909269674456
128.82882882882882	0.00023617522103788077
129.72972972972974	0.00022944057811368724
130.63063063063063	0.00027559601830973884
131.53153153153153	0.00026208571542226365
132.43243243243245	0.00023327227545757935
133.33333333333334	0.00025299061799629745
134.23423423423424	0.00029692053227808613
135.13513513513513	0.00024046179849299351
136.03603603603602	0.00023610679434734537
136.93693693693695	0.0002484961664381575
137.83783783783784	0.0002636684733410792
138.73873873873873	0.00021932472515619124
139.63963963963965	0.0002480229425603135
140.54054054054055	0.0002831698588727996
141.44144144144144	0.0002060470230076347
142.34234234234233	0.0002663896303930498
143.24324324324323	0.00023844234876515017
144.14414414414415	0.00021680961215246266
145.04504504504504	0.0002647251187743067
145.94594594594594	0.00027797345952561454
146.84684684684686	0.0002230643930136384
147.74774774774775	0.0002440631723768068
148.64864864864865	0.00026624486496542004
149.54954954954957	0.0002239497804758009
150.45045045045046	0.0002242876127411219
151.35135135135135	0.00026720605760547137
152.25225225225225	0.0002296985575131332
153.15315315315314	0.0002595093331284847
154.05405405405406	0.0002539353820212278
154.95495495495496	0.0002311538538053043
155.85585585585585	0.00023168641310004567
156.75675675675677	0.0002532002952573526
157.65765765765767	0.00025283063897710707
158.55855855855856	0.00024409026661398596
159.45945945945945	0.00024110862621359562
160.36036036036035	0.00024312530028357954
161.26126126126127	0.0002400136428247341
162.16216216216216	0.00023183744569319652
163.06306306306305	0.00022677353345248134
163.96396396396398	0.00026313425882593556
164.86486486486487	0.00024588844358912213
165.76576576576576	0.00024406954210198998
166.66666666666669	0.00024307146178180762
167.56756756756755	0.00024049286304814903
168.46846846846847	0.0002468630130860664
169.36936936936937	0.0002296506946232405
170.27027027027026	0.00022739232259345117
171.17117117117118	0.00027835913198755543
172.07207207207207	0.0002269457911095651
172.97297297297297	0.0002653223004693132
173.8738738738739	0.0002574237198237921
174.77477477477476	0.00023921062472280602
175.67567567567568	0.00023305590685870317
176.57657657657657	0.00025581837661995874
177.47747747747746	0.0002484340399517044
178.3783783783784	0.0002149771059548816
179.27927927927928	0.00024842440964146833
180.18018018018017	0.00023019921755830622
181.0810810810811	0.00023835958032674632
181.981981981982	0.00022350822883002017
182.88288288288288	0.0002333542506919767
183.7837837837838	0.00025726718577476465
184.68468468468467	0.00023950415551302065
185.5855855855856	0.00023389611380794512
186.48648648648648	0.0002797477264675891
187.38738738738738	0.00024017240377718205
188.2882882882883	0.000235342644088357
189.1891891891892	0.0002775764513119101
190.0900900900901	0.00023680853249773983
190.990990990991	0.0002468089049374723
191.89189189189187	0.00026439744429515485
192.7927927927928	0.00024044738462566882
193.6936936936937	0.00023805793698370096
194.59459459459458	0.00027605855647707474
195.4954954954955	0.00024125881927016614
196.3963963963964	0.0002335481166336342
197.2972972972973	0.00027054342240496153
198.1981981981982	0.00023213201335534924
199.0990990990991	0.00025414604469199253
200.0	0.00026269616516135766
200.90090090090092	0.000283820746734123
201.8018018018018	0.00025678013661152815
202.7027027027027	0.00024095340845335918
203.6036036036036	0.00027412905401591426
204.5045045045045	0.0002413257935916831
205.40540540540542	0.00023546707656103746
206.3063063063063	0.0002525432098225169
207.2072072072072	0.0002532295978022546
208.10810810810813	0.0002395594216964137
209.009009009009	0.0002227001440886317
209.9099099099099	0.00025597533387205265
210.8108108108108	0.00023458746665490875
211.7117117117117	0.00022385421383246598
212.61261261261262	0.00022252684297905233
213.51351351351352	0.00023711044840045396
214.4144144144144	0.00022386581144634765
215.31531531531533	0.0002412906539048996
216.21621621621622	0.000234721422246614
217.11711711711712	0.00021560206834246834
218.01801801801804	0.00021289596930321042
218.9189189189189	0.00024899864840210913
219.81981981981983	0.0002432921670871937
220.72072072072072	0.00022490417660068075
221.6216216216216	0.0002706213248767346
222.52252252252254	0.00024935837271493745
223.42342342342343	0.0002464699666786217
224.32432432432432	0.00028530147060030526
225.22522522522524	0.0002456886010256432
226.1261261261261	0.00023749609458810134
227.02702702702703	0.0002476840925170007
227.92792792792793	0.00026343929044441935
228.82882882882882	0.00023678403004601022
229.72972972972974	0.0002677547584391856
230.63063063063063	0.0002732516495965967
231.53153153153153	0.00025069006693859933
232.43243243243242	0.0002445811749524372
233.33333333333334	0.0002483333929602609
234.23423423423424	0.00022769230196994575
235.13513513513513	0.00024675791052931363
236.03603603603605	0.00022444196044996923
236.93693693693695	0.00021273267314344434
237.83783783783784	0.000261149799863408
238.73873873873873	0.00023084435377069973
239.63963963963965	0.0002362688223199714
240.54054054054055	0.00024746055933117623
241.44144144144144	0.0002662606641214259
242.34234234234233	0.0002461122812487915
243.24324324324326	0.0002767036982395871
244.14414414414415	0.00026947714979958285
245.04504504504504	0.00025457829857534884
245.94594594594594	0.00027257528726786856
246.84684684684686	0.0002784936579201234
247.74774774774775	0.00024636458085996115
248.64864864864865	0.0002475240113936273
249.54954954954954	0.0002702905638920087
250.45045045045046	0.00025488838753259563
251.35135135135135	0.000229656808727992
252.25225225225225	0.00025213570534118483
253.15315315315314	0.00023681033153090478
254.05405405405406	0.0002398301374647957
254.95495495495496	0.0002521535257207058
255.85585585585585	0.00023871455425878652
256.7567567567568	0.00023397947898515847
257.65765765765764	0.00025174806471762675
258.55855855855856	0.00025332012606054717
259.4594594594595	0.00022060689199436092
260.36036036036035	0.00023563025566275002
261.26126126126127	0.00026424468148400135
262.1621621621622	0.00023288395871512077
263.06306306306305	0.00021755844982630906
263.963963963964	0.0002911554487801316
264.8648648648649	0.0002344429392781572
265.76576576576576	0.00024469344709782473
266.66666666666663	0.00025455554464199037
267.5675675675676	0.00023920564193815144
268.4684684684685	0.00022935233290388447
269.36936936936934	0.00022801506895645055
270.27027027027026	0.0002470625434750808
271.1711711711712	0.0002036944594285542
272.07207207207205	0.00025066319452142716
272.97297297297297	0.0002781269861563338
273.8738738738739	0.00020216258226967375
274.77477477477476	0.0002492980817990771
275.6756756756757	0.00026279154668934046
276.5765765765766	0.00023834462713512246
277.47747747747746	0.0002518040003029706
278.3783783783784	0.000275033007951399
279.2792792792793	0.00023714955562288475
280.1801801801802	0.0002762888656271725
281.0810810810811	0.0002342893963056906
281.981981981982	0.0002179461189859336
282.8828828828829	0.00023912283097534055
283.78378378378375	0.0002293292834646435
284.6846846846847	0.0002609771313616148
285.5855855855856	0.00024108747467302443
286.48648648648646	0.0002356020896705333
287.3873873873874	0.00023380567302422212
288.2882882882883	0.00026542442283386606
289.18918918918916	0.00023589700709742258
290.0900900900901	0.0002328624875329798
290.990990990991	0.0002588229586883086
291.8918918918919	0.00023792050676111967
292.7927927927928	0.00021497782539544317
293.6936936936937	0.00021268995087015026
294.5945945945946	0.0002627923862948075
295.4954954954955	0.00024832344527790775
296.3963963963964	0.00020720803844253923
297.2972972972973	0.00024068778483809765
298.1981981981982	0.0002544425387400894
299.09909909909913	0.00022889576163120847
300.0	0.00023752364135295418
300.90090090090087	0.0002461522165758666
301.80180180180184	0.0002469685843680825
302.7027027027027	0.00026678214660068127
303.6036036036036	0.00024318580788469137
304.5045045045045	0.0002679256118527178
305.4054054054054	0.00025941699969183127
306.3063063063063	0.00024303782737472143
307.2072072072072	0.0002399574596681901
308.1081081081081	0.0002713682572809266
309.009009009009	0.00023143963234130804
309.9099099099099	0.00020220830971682415
310.81081081081084	0.00024376203419760375
311.7117117117117	0.00022606714542930024
312.6126126126126	0.00021615953888903659
313.51351351351354	0.00026230650442514306
314.4144144144144	0.0002522464237707425
315.31531531531533	0.00021750034421857641
316.21621621621625	0.0002235155898128575
317.1171171171171	0.0002397401041302678
318.018018018018	0.00022498294578339142
318.91891891891896	0.00023623038989796933
319.8198198198198	0.0002309454572983516
320.7207207207207	0.00027391689495687355
321.6216216216216	0.00023995753531814705
322.52252252252254	0.00024710090355824715
323.4234234234234	0.00023938250012645054
324.3243243243243	0.0002521427529608348
325.22522522522524	0.00024099990153714056
326.1261261261261	0.0002377959605173404
327.02702702702703	0.00025505120165441485
327.92792792792795	0.00023031867725382152
328.8288288288288	0.00025405435349228165
329.72972972972974	0.000230322337845597
330.63063063063066	0.0002574724740380329
331.5315315315315	0.0002325670952546025
332.43243243243245	0.00023777536245575627
333.33333333333337	0.00026748154631622476
334.23423423423424	0.0002499930006758269
335.1351351351351	0.00025552675918411814
336.0360360360361	0.00024140167879656518
336.93693693693695	0.0002693432696311251
337.8378378378378	0.0002583200181470751
338.73873873873873	0.00023300074747754167
339.63963963963965	0.00028267543682069005
340.5405405405405	0.0002536743440822232
341.44144144144144	0.000251104925690553
342.34234234234236	0.0002695228709080151
343.2432432432432	0.0002814864772676975
344.14414414414415	0.0002127296266472485
345.0450450450451	0.0002378016350359604
345.94594594594594	0.0002883098319960263
346.84684684684686	0.00022693746448096167
347.7477477477478	0.00023232659335626162
348.64864864864865	0.0002492340644527548
349.5495495495495	0.00024055139906451262
350.4504504504505	0.00023463338356539536
351.35135135135135	0.0002484851331999085
352.2522522522522	0.0002697779540885565
353.1531531531532	0.0002501338003111126
354.05405405405406	0.0002550012772215155
354.9549549549549	0.00027988807406996094
355.85585585585585	0.0002664158923448326
356.7567567567568	0.00024250332445580774
357.65765765765764	0.0002504561382693468
358.55855855855856	0.00026528271310869025
359.4594594594595	0.0002324448934896567
360.36036036036035	0.0002820414237263628
361.26126126126127	0.00024943540788309324
362.1621621621622	0.0002501507121054055
363.06306306306305	0.00025894395931587026
363.963963963964	0.00024294177674399973
364.86486486486484	0.00024908035747155685
365.76576576576576	0.00026829432827805164
366.6666666666667	0.0002573905962579195
367.56756756756755	0.00023196011910755357
368.4684684684685	0.000257325160428758
369.3693693693694	0.00028094139375771626
370.27027027027026	0.0002168562942560905
371.1711711711712	0.00023375967791648862
372.0720720720721	0.0002873926239422251
372.97297297297297	0.00022482718321399444
373.8738738738739	0.0002556253616734567
374.77477477477476	0.00026806290505831655
375.6756756756757	0.00021903274602653566
376.5765765765766	0.0002636005297068061
377.47747747747746	0.0002695057266181668
378.3783783783784	0.00024052260754546886
379.2792792792793	0.0002484049765444643
380.1801801801802	0.00025603674626923967
381.0810810810811	0.00023252793066553
381.98198198198196	0.00023260433087183205
382.8828828828829	0.00026414282768018836
383.7837837837838	0.00025226249905429594
384.68468468468467	0.00023424398515939517
385.5855855855856	0.0002573233674486008
386.4864864864865	0.00023937069617730323
387.3873873873874	0.0002128655259624846
388.2882882882883	0.0002591926435830118
389.1891891891892	0.00026974251006737165
390.0900900900901	0.00020712587742781032
390.990990990991	0.0002751291354994865
391.8918918918919	0.00023822549239185497
392.7927927927928	0.00022419200241581634
393.6936936936937	0.00026148444886069333
394.5945945945946	0.0002597608603774771
395.4954954954955	0.00022813289847827206
396.3963963963964	0.00024384394647174502
397.2972972972973	0.00023166839233647516
398.1981981981982	0.00024026034408708435
399.0990990990991	0.00025363401450566894
400.0	0.00023275187806535457
400.9009009009009	0.00025544533210736166
401.8018018018018	0.00024800512770781327
402.7027027027027	0.00023697852226685394
403.60360360360363	0.000258344498144567
404.5045045045045	0.0002397801875759414
405.4054054054054	0.00026809890613002733
406.3063063063063	0.0002577095556747954
407.2072072072072	0.0002425190754525432
408.1081081081081	0.0002446396569154246
409.009009009009	0.00023650596780915844
409.9099099099099	0.0002350725350969956
410.81081081081084	0.0002483579255337666
411.7117117117117	0.00022589568077655616
412.6126126126126	0.00023945352919824877
413.51351351351354	0.0002438986322651488
414.4144144144144	0.0002410091780567711
415.31531531531533	0.00024117791557363232
416.2162162162162	0.00026129315831621816
417.1171171171171	0.00023431710622167983
418.01801801801804	0.0002333462643545889
418.9189189189189	0.000269930238637464
419.8198198198198	0.00025278941737342153
420.72072072072075	0.00025347532944218655
421.6216216216216	0.00023842051272320676
422.52252252252254	0.0002546614268799072
423.4234234234234	0.000247109245487339
424.3243243243243	0.00023769566918785585
425.22522522522524	0.00026378372571954464
426.1261261261261	0.0002621914816579686
427.02702702702703	0.00024268098667323324
427.92792792792795	0.00023216014567020555
428.8288288288288	0.0002400393589468931
429.72972972972974	0.00024484001446117257
430.63063063063066	0.00024022917461656693
431.5315315315315	0.00023568404179668222
432.43243243243245	0.00023643566835477152
433.3333333333333	0.00023264099758650523
434.23423423423424	0.00023968771575818597
435.13513513513516	0.0002276643271264999
436.036036036036	0.00027230003596533185
436.93693693693695	0.0002466020766834551
437.83783783783787	0.00024267583533534257
438.73873873873873	0.0002317458651320203
439.63963963963965	0.00022558964780685083
440.5405405405405	0.00025168265391010524
441.44144144144144	0.00023196473715080028
442.34234234234236	0.0002280890604967584
443.2432432432432	0.00026973623697222973
444.14414414414415	0.00024867095364739883
445.0450450450451	0.0002158592495338221
445.94594594594594	0.00027418952378077005
446.84684684684686	0.00025126382115586905
447.7477477477478	0.00021999817331119062
448.64864864864865	0.00024355898754700522
449.54954954954957	0.000260424901063627
450.45045045045043	0.00022744633655712033
451.35135135135135	0.0002504561321307558
452.2522522522523	0.0002431860646158836
453.15315315315314	0.00031146022976306144
454.05405405405406	0.00022757492725779203
454.954954954955	0.00022182548003375467
455.85585585585585	0.0002660662911985643
456.7567567567568	0.00025940051118496026
457.65765765765764	0.00021609838903128648
458.55855855855856	0.0002323966975968744
459.4594594594595	0.0002517716389787979
460.36036036036035	0.00022786130621765498
461.26126126126127	0.00022413643576368875
462.1621621621622	0.00025425578237925714
463.06306306306305	0.00026740982163246267
463.963963963964	0.00024380946629059774
464.86486486486484	0.00024662053751333714
465.76576576576576	0.00025560001952604536
466.6666666666667	0.00022482291599536545
467.56756756756755	0.0002289071108836879
468.4684684684685	0.0002444213572380468
469.3693693693694	0.0002441607458005426
470.27027027027026	0.0002216763567084306
471.1711711711712	0.00022756174481131588
472.0720720720721	0.00024196259907339029
472.97297297297297	0.0002402020284967475
473.8738738738739	0.0002288656329395269
474.77477477477476	0.00026447063205143283
475.6756756756757	0.00024046914274152863
476.5765765765766	0.00023420110305255208
477.47747747747746	0.0002370873630488734
478.3783783783784	0.00021822095450421168
479.2792792792793	0.0002334131349457586
480.1801801801802	0.0002586493625176187
481.0810810810811	0.00024418733247900286
481.98198198198196	0.0002477269651032001
482.8828828828829	0.0002458647513244544
483.7837837837838	0.00023855336089283354
484.68468468468467	0.00024265546843749486
485.5855855855856	0.00024858493299887856
486.4864864864865	0.0002430908430523936
487.3873873873874	0.00026482815964384116
488.2882882882883	0.0002965397865064422
489.1891891891892	0.00023887366152108383
490.0900900900901	0.0002518785206163211
490.990990990991	0.00023921173686884453
491.8918918918919	0.0002311112161974781
492.7927927927928	0.00021947842028053328
493.6936936936937	0.00023917552979223967
494.5945945945946	0.00025253599376605596
495.4954954954955	0.00021858293207952466
496.3963963963964	0.000269237376205446
497.2972972972973	0.0002589330012096056
498.1981981981982	0.0002662045543555759
499.0990990990991	0.0002618142038555941
500.0	0.0002420541498952122
500.9009009009009	0.00023566153922993834
501.8018018018018	0.0002389282705501182
502.7027027027027	0.00022427079904924235
503.60360360360363	0.00024209177408061037
504.5045045045045	0.0002627474336675774
505.4054054054054	0.0002345839341384834
506.30630630630634	0.00025074054444290623
507.2072072072072	0.00023367212647025095
508.1081081081081	0.00022686220522170067
509.009009009009	0.00023725092380015594
509.9099099099099	0.0002468147960983565
510.81081081081084	0.00023748393855302512
511.7117117117117	0.00024111492471738918
512.6126126126126	0.00024414675330006766
513.5135135135135	0.0002618474979234786
514.4144144144144	0.00020775255439055393
515.3153153153153	0.00024995411290413145
516.2162162162163	0.00025529436245318285
517.1171171171171	0.00021879532174576085
518.018018018018	0.00024686585217028825
518.918918918919	0.0002400099027525168
519.8198198198198	0.00024051399646761982
520.7207207207207	0.0002289991414051512
521.6216216216217	0.00023922697515900968
522.5225225225225	0.0002479174564773712
523.4234234234234	0.00021960427928721424
524.3243243243244	0.00023654226119517374
525.2252252252252	0.0002498945617930764
526.1261261261261	0.0002334664204413695
527.0270270270271	0.00023783098618524362
527.927927927928	0.0002534486296567859
528.8288288288288	0.000227030667716247
529.7297297297298	0.00024202238966022953
530.6306306306307	0.0002511023587288612
531.5315315315315	0.000265651612468544
532.4324324324325	0.0002446102315576142
533.3333333333333	0.00024381316328860958
534.2342342342342	0.00023371368279378758
535.1351351351352	0.0002563521163281091
536.036036036036	0.00023062368959432764
536.936936936937	0.00023675111498454825
537.8378378378379	0.00026933250888291264
538.7387387387387	0.00026195695837773984
539.6396396396397	0.00024247339452163262
540.5405405405405	0.0002537603750483411
541.4414414414414	0.00026978375047854335
542.3423423423424	0.0002478641875768456
543.2432432432432	0.00025794322332280074
544.1441441441441	0.00022723479505635532
545.0450450450451	0.0002315038080561238
545.9459459459459	0.00023047608755855147
546.8468468468468	0.0002315576564959447
547.7477477477478	0.00023349136766082158
548.6486486486486	0.0002275521575594073
549.5495495495495	0.00025449969945077317
550.4504504504505	0.00022358338814941259
551.3513513513514	0.000239377902470367
552.2522522522522	0.0002478528608779844
553.1531531531532	0.00023179750226660765
554.0540540540541	0.00022330129062929387
554.9549549549549	0.0002786286244285516
555.8558558558559	0.00027049528128831425
556.7567567567568	0.00023426007616171422
557.6576576576576	0.00023994494032016097
558.5585585585586	0.0002575617397691738
559.4594594594595	0.000243430142017447
560.3603603603603	0.00021890328636517306
561.2612612612613	0.0002620145825310919
562.1621621621622	0.0002447172546918265
563.063063063063	0.0002402167241153761
563.963963963964	0.0002502352796510459
564.8648648648649	0.0002649867461755671
565.7657657657658	0.00021198463706699803
566.6666666666667	0.00025029292098572783
567.5675675675675	0.00024065812676112394
568.4684684684685	0.00024047600840340332
569.3693693693695	0.00021452378624014606
570.2702702702702	0.00023936196038204253
571.1711711711712	0.0002184804859997107
572.0720720720722	0.0002396877364354919
572.9729729729729	0.00024197279618211567
573.8738738738739	0.00027057012212939756
574.7747747747748	0.00026058733868457995
575.6756756756756	0.000258918326272742
576.5765765765766	0.00027190945315167035
577.4774774774775	0.0002327174633067042
578.3783783783783	0.00025872408365092684
579.2792792792793	0.0002701958432934124
580.1801801801802	0.00025362200944768374
581.081081081081	0.00024499726981034084
581.981981981982	0.0002680963181251048
582.8828828828829	0.00025446499129108
583.7837837837837	0.00024072025475063756
584.6846846846847	0.0002674053407466111
585.5855855855856	0.00024900693892655534
586.4864864864865	0.0002304291474804784
587.3873873873874	0.0002253436276057629
588.2882882882883	0.00026023729858681193
589.1891891891892	0.0002653774579092126
590.0900900900901	0.0002195735862375354
590.990990990991	0.00025180609707175665
591.8918918918919	0.000251938896524504
592.7927927927929	0.0002635745390918371
593.6936936936937	0.00022016959189217848
594.5945945945946	0.0002446209675774772
595.4954954954956	0.0002516719459903116
596.3963963963964	0.00023649947282809229
597.2972972972973	0.0002396594206124068
598.1981981981983	0.00025430137657917145
599.099099099099	0.0002285711378157143
600.0	0.00020826740720129356
600.900900900901	0.00027450169720409304
601.8018018018017	0.0002466592003135574
602.7027027027027	0.0002670429447129101
603.6036036036037	0.00027660672254809524
604.5045045045044	0.0002551182121701371
605.4054054054054	0.00022926182582349834
606.3063063063064	0.000246079136130559
607.2072072072071	0.00023095154632599575
608.1081081081081	0.0002477091369087635
609.009009009009	0.00022780965238561709
609.9099099099099	0.00023585659034358895
610.8108108108108	0.00024145535028764645
611.7117117117117	0.0002486855799822844
612.6126126126126	0.000241438942071731
613.5135135135135	0.0002673240920528347
614.4144144144144	0.00024016221034864557
615.3153153153153	0.00027071144478463195
616.2162162162163	0.0002643260576891145
617.1171171171171	0.00023780088844467051
618.018018018018	0.0002565505879212409
618.918918918919	0.0002637230072064337
619.8198198198198	0.00027253472187863695
620.7207207207207	0.0002657714374545206
621.6216216216217	0.0002504965538815501
622.5225225225225	0.0002534013888027878
623.4234234234234	0.0002572677421342974
624.3243243243244	0.00022605733877260312
625.2252252252252	0.00024823530141094544
626.1261261261261	0.00022460828976898135
627.0270270270271	0.00024419734987648416
627.927927927928	0.00024312999460616451
628.8288288288288	0.0002278293664126897
629.7297297297297	0.00026162276836247237
630.6306306306307	0.00027455447106555667
631.5315315315315	0.0002382284137608269
632.4324324324324	0.0002752654609284488
633.3333333333334	0.00026333384596772006
634.2342342342342	0.00023786162013069516
635.1351351351351	0.00023868378329261757
636.0360360360361	0.0002847029586612384
636.936936936937	0.0002510546963720142
637.8378378378378	0.00024751117696603146
638.7387387387388	0.00026404153335846423
639.6396396396397	0.00025486539689232153
640.5405405405405	0.0002652240918239187
641.4414414414415	0.00025943003253007765
642.3423423423424	0.0002555123938780018
643.2432432432432	0.00025429215699389275
644.1441441441442	0.0002331481829723825
645.0450450450451	0.00022601323930340246
645.9459459459459	0.0002524526657741903
646.8468468468468	0.0002273632952647385
647.7477477477478	0.00024311430475029968
648.6486486486486	0.0002305374772412079
649.5495495495495	0.0002584647595168793
650.4504504504505	0.00024040722565266562
651.3513513513514	0.00025344019532571574
652.2522522522522	0.00027459210759929546
653.1531531531532	0.00023589207701324723
654.0540540540541	0.0002478553165180012
654.9549549549549	0.00026036177436478326
655.8558558558559	0.0002435791320409551
656.7567567567568	0.00025401306809841626
657.6576576576576	0.0002593297339086061
658.5585585585586	0.0002498772672722891
659.4594594594595	0.00024858899902500465
660.3603603603603	0.00022871478980664446
661.2612612612613	0.0002569932729297437
662.1621621621622	0.0002538940001603991
663.063063063063	0.00021605220633905156
663.9639639639639	0.000234187786745235
664.8648648648649	0.0002556583733795322
665.7657657657658	0.0002480838663267885
666.6666666666666	0.0002279407039340926
667.5675675675676	0.00025966194407539377
668.4684684684685	0.0002562507188227191
669.3693693693693	0.0002390227809229556
670.2702702702703	0.0002378732927102597
671.1711711711712	0.000254992880692694
672.072072072072	0.000253770886909931
672.972972972973	0.0002562428711852309
673.8738738738739	0.0002473551708733506
674.7747747747748	0.00027710703214556395
675.6756756756757	0.00025764677747779237
676.5765765765766	0.00024420103948549434
677.4774774774775	0.0002526507658971631
678.3783783783784	0.00026298124577633306
679.2792792792793	0.00023807627324460507
680.1801801801802	0.00024836120012836874
681.081081081081	0.0002380950783912727
681.981981981982	0.0002653768429210617
682.8828828828829	0.0002221275004476915
683.7837837837837	0.00023728055116925195
684.6846846846847	0.0002489478270048859
685.5855855855856	0.00022159633478248557
686.4864864864865	0.00025138632348197594
687.3873873873874	0.0002724267331287228
688.2882882882883	0.00023365135550176543
689.1891891891892	0.00024154558556822509
690.0900900900901	0.00029229788950898845
690.990990990991	0.00023474360862468885
691.8918918918919	0.0002317992280552749
692.7927927927929	0.00024488485764651523
693.6936936936937	0.00023758676265104472
694.5945945945946	0.0002027050902298021
695.4954954954954	0.00022304332807142736
696.3963963963964	0.00026060314800062725
697.2972972972973	0.00027782674777248505
698.1981981981982	0.00020601544437529065
699.0990990990991	0.0002682690038346088
700.0	0.00029133206210687845
700.9009009009009	0.0002281079717396708
701.8018018018018	0.0002470346000000982
702.7027027027027	0.0002823396667752261
703.6036036036036	0.0002581068611310154
704.5045045045046	0.00019664567160403208
705.4054054054054	0.00026069112042195796
706.3063063063063	0.000291144140239642
707.2072072072073	0.00021454802671492932
708.1081081081081	0.00022584777447733306
709.009009009009	0.0002943216065328398
709.90990990991	0.00023458302543602938
710.8108108108108	0.00021656547501331384
711.7117117117117	0.0002543599026468639
712.6126126126126	0.00023796532683646192
713.5135135135135	0.00021207239591979285
714.4144144144144	0.00025935116200786394
715.3153153153153	0.0002504139214771542
716.2162162162163	0.00021019370895267823
717.1171171171171	0.0002625021087999917
718.018018018018	0.000249606914263478
718.918918918919	0.0002710600187597416
719.8198198198198	0.0002313727773494749
720.7207207207207	0.0002698813652548246
721.6216216216217	0.0002596396925038539
722.5225225225225	0.00021460697200695423
723.4234234234234	0.00022458693694860318
724.3243243243244	0.0002476016626803338
725.2252252252252	0.0002275486786678951
726.1261261261261	0.00023003297522013457
727.0270270270271	0.00023323067071254406
727.927927927928	0.00022274654270503132
728.8288288288288	0.0002246791808994251
729.7297297297297	0.00023693443000892452
730.6306306306307	0.00022186697070839112
731.5315315315315	0.00026611892287097655
732.4324324324324	0.0002638927915991496
733.3333333333334	0.00024073235145205687
734.2342342342342	0.0002399409609798239
735.1351351351351	0.0002715936409081385
736.0360360360361	0.0002409323844237461
736.936936936937	0.0002513392892624929
737.8378378378378	0.0002805978819323933
738.7387387387388	0.0002457069833396473
739.6396396396397	0.00023785024261595864
740.5405405405405	0.00025300441599357897
741.4414414414415	0.0002502803471325757
742.3423423423424	0.0002398220183632628
743.2432432432432	0.00027747940092114195
744.1441441441442	0.00023156650608302916
745.0450450450451	0.00025568636403055297
745.9459459459459	0.00026869996265347837
746.8468468468468	0.00026057232570756816
747.7477477477478	0.00023697614334830088
748.6486486486486	0.00024117621769604008
749.5495495495495	0.0002576785924792896
750.4504504504505	0.0002434892647090979
751.3513513513514	0.00022905633229251327
752.2522522522522	0.0002627604771465406
753.1531531531532	0.00024302464201330309
754.0540540540541	0.00024208370827018692
754.9549549549549	0.0002227380032753376
755.8558558558559	0.00025812394301234803
756.7567567567568	0.00023951661497982604
757.6576576576576	0.0002108767716954361
758.5585585585586	0.0002432858224160613
759.4594594594595	0.00026708926615914423
760.3603603603603	0.00019544255962201568
761.2612612612613	0.00022436268273947745
762.1621621621622	0.0002895347665548046
763.063063063063	0.0002459182047042746
763.9639639639639	0.00021194137500444012
764.8648648648649	0.00030270551212041087
765.7657657657658	0.0002699435946710952
766.6666666666666	0.00021141468201843505
767.5675675675676	0.00024910697876971054
768.4684684684685	0.00025941973080926943
769.3693693693693	0.00019936908560949207
770.2702702702703	0.0002396788002571354
771.1711711711712	0.00023796623176869236
772.072072072072	0.00022080661346374713
772.972972972973	0.00024651732464731876
773.8738738738739	0.00023428705225889525
774.7747747747748	0.0002540654541606075
775.6756756756757	0.00021904070772323843
776.5765765765766	0.0002422487433182047
777.4774774774775	0.0002776775086323993
778.3783783783784	0.00024464494981841584
779.2792792792793	0.0002629812789410927
780.1801801801802	0.0002503848630370751
781.081081081081	0.0002292435398627137
781.981981981982	0.00026960864236984976
782.8828828828829	0.00024710970178283976
783.7837837837837	0.00023006133602482457
784.6846846846847	0.0002615540332964598
785.5855855855856	0.0002683475076070571
786.4864864864865	0.0002128289454518935
787.3873873873874	0.00023430184554782907
788.2882882882883	0.00028202258866795427
789.1891891891892	0.00024049719903993983
790.0900900900901	0.00020992294587892784
790.990990990991	0.000308849729491871
791.8918918918919	0.0002505802218174591
792.7927927927929	0.000197475632612459
793.6936936936937	0.00022599507009942994
794.5945945945946	0.00024264248510144057
795.4954954954956	0.0002347768319729432
796.3963963963964	0.0002118996375495103
797.2972972972973	0.00027698758606616437
798.1981981981982	0.00027267865633724545
799.0990990990991	0.00021209878997698994
800.0	0.0002496767955044972
800.9009009009009	0.0002948350725720244
801.8018018018018	0.0002589145488358527
802.7027027027027	0.00022387447927693465
803.6036036036036	0.00026403391664707915
804.5045045045046	0.0002880339908768959
805.4054054054054	0.0002302583446920328
806.3063063063063	0.00025108364366104816
807.2072072072073	0.00026274921162556755
808.1081081081081	0.00023318295190134105
809.009009009009	0.0002500620758953164
809.90990990991	0.0002379009172975516
810.8108108108108	0.00023545243253590944
811.7117117117117	0.00024197898157535724
812.6126126126127	0.00023350589169685493
813.5135135135135	0.00026150053698497625
814.4144144144144	0.00022337392791431422
815.3153153153153	0.0002574495625690607
816.2162162162163	0.0002847838362076354
817.1171171171171	0.0002310207021061587
818.018018018018	0.0002284095602522487
818.918918918919	0.00029091419790435195
819.8198198198198	0.00023421787241995884
820.7207207207207	0.00024622448519874394
821.6216216216217	0.0002707780881266744
822.5225225225225	0.0002294137524778074
823.4234234234234	0.0002184783232748568
824.3243243243244	0.00026459327465664354
825.2252252252252	0.00024917719428484006
826.1261261261261	0.00029044937673302544
827.0270270270271	0.00026123613810732975
827.927927927928	0.0002510233080522658
828.8288288288288	0.00024707198625794746
829.7297297297297	0.000236162995571561
830.6306306306307	0.000232818230303128
831.5315315315315	0.00024634405383665146
832.4324324324324	0.0002482225205917602
833.3333333333334	0.00022477892294197675
834.2342342342342	0.000240275301763388
835.1351351351351	0.0002609893249494732
836.0360360360361	0.0002544808164152896
836.936936936937	0.00026881813454076025
837.8378378378378	0.00024294551919955528
838.7387387387388	0.0002603030926696251
839.6396396396397	0.00027675978988831346
840.5405405405405	0.0002537049066965205
841.4414414414415	0.00024848507755077613
842.3423423423424	0.00024952925318082544
843.2432432432432	0.0002338475545228018
844.1441441441442	0.00023494248544567284
845.0450450450451	0.0002574019644375934
845.9459459459459	0.00022375173219754243
846.8468468468468	0.0002450676709996299
847.7477477477478	0.00024209077912007445
848.6486486486486	0.0002509973659712621
849.5495495495495	0.00022367715564041503
850.4504504504505	0.0002567028925494338
851.3513513513514	0.0002438151527148595
852.2522522522522	0.0002236450554459942
853.1531531531532	0.00027475566781312496
854.0540540540541	0.00024928998779876214
854.9549549549549	0.0002274499349359847
855.8558558558559	0.0002744101382952
856.7567567567568	0.00027784146657153756
857.6576576576576	0.0002630677441535191
858.5585585585586	0.0002450574518947019
859.4594594594595	0.00022957673090565815
860.3603603603603	0.0002498978405510594
861.2612612612613	0.00025756944560999457
862.1621621621622	0.00021843316288312593
863.063063063063	0.00024332095755940692
863.9639639639639	0.00023694822478326628
864.8648648648649	0.0002305993480812215
865.7657657657658	0.0002478071127824757
866.6666666666666	0.0002173184581408728
867.5675675675676	0.0002583270412458275
868.4684684684685	0.00022681106997561357
869.3693693693693	0.00022210264739517597
870.2702702702703	0.0002596138018284725
871.1711711711712	0.00023381972451059832
872.072072072072	0.00022600228965207416
872.972972972973	0.0002447623497682343
873.8738738738739	0.0002949358253364336
874.7747747747748	0.00023106528189099804
875.6756756756757	0.00023714097992454285
876.5765765765766	0.00025184687918952415
877.4774774774775	0.00027093653056549876
878.3783783783784	0.00021926070513728852
879.2792792792793	0.00024207587342723718
880.1801801801802	0.0002915634487417765
881.081081081081	0.000250646893410106
881.981981981982	0.0002474378477905957
882.8828828828829	0.0002739598499053268
883.7837837837837	0.00023818882927121744
884.6846846846847	0.00022585599806069503
885.5855855855856	0.0002266265760485488
886.4864864864865	0.0002450434315195971
887.3873873873874	0.0002108903377172085
888.2882882882883	0.000251397191460018
889.1891891891892	0.0002624338998362393
890.0900900900901	0.0002446320401157451
890.990990990991	0.00024290209839711
891.8918918918919	0.00026483469800109234
892.7927927927929	0.000248460248573541
893.6936936936937	0.00023614084175498603
894.5945945945946	0.0002818188341697532
895.4954954954956	0.00026304805483551573
896.3963963963964	0.00024850990710102944
897.2972972972973	0.00025143152399603334
898.1981981981982	0.000252848360675468
899.0990990990991	0.0002333978587703968
900.0	0.0002494473834862931
900.9009009009009	0.00027924977777722595
901.8018018018018	0.00024451581208895836
902.7027027027027	0.0002453124208164886
903.6036036036036	0.00024928781264764433
904.5045045045046	0.0002457921080713545
905.4054054054054	0.00021368201942289884
906.3063063063063	0.00022624185975357876
907.2072072072073	0.0002560984499357096
908.1081081081081	0.00022009280808088088
909.009009009009	0.00022953938736613294
909.90990990991	0.0002768322943943632
910.8108108108108	0.0002370525947664095
911.7117117117117	0.00024098447032769259
912.6126126126127	0.0002482095426516604
913.5135135135135	0.0002453786389489236
914.4144144144144	0.00025397382710408135
915.3153153153153	0.00024159411271441452
916.2162162162163	0.00024590686094921665
917.1171171171171	0.00023612866655403769
918.018018018018	0.00024806446074627695
918.918918918919	0.00022554539583639877
919.8198198198198	0.00027654381739817266
920.7207207207207	0.0002266611579347727
921.6216216216217	0.00024995086245344246
922.5225225225225	0.00023735192058418848
923.4234234234234	0.0002559639200603513
924.3243243243244	0.0002485416678377815
925.2252252252252	0.00023611804769436246
926.1261261261261	0.0002557323475216621
927.0270270270271	0.00025077869016570936
927.927927927928	0.00022708528167002077
928.8288288288288	0.0002439652605060168
929.7297297297298	0.00025100838226931304
930.6306306306307	0.00023029379261973893
931.5315315315315	0.0002629550090330267
932.4324324324324	0.00023630770935280208
933.3333333333334	0.00025910478645186025
934.2342342342342	0.0002516444070158464
935.1351351351351	0.00022505720497016646
936.0360360360361	0.00023214651522573355
936.936936936937	0.0002508416499472419
937.8378378378378	0.0002112408442916049
938.7387387387388	0.00021630229718139899
939.6396396396397	0.0002576548930555395
940.5405405405405	0.0002508475793661018
941.4414414414415	0.00023252195021137737
942.3423423423424	0.0002726020948321622
943.2432432432432	0.0002609664493200559
944.1441441441442	0.00023644992942459104
945.0450450450451	0.0002530936964904414
945.9459459459459	0.0002510403419999849
946.8468468468469	0.00022398115873441368
947.7477477477478	0.0002585777248574133
948.6486486486486	0.00024239070814351013
949.5495495495495	0.00025520954893466145
950.4504504504505	0.0002405742826348181
951.3513513513514	0.00025579188661096174
952.2522522522522	0.0002490488232226503
953.1531531531532	0.00024676603980239477
954.0540540540541	0.00025692450931492054
954.9549549549549	0.0002447651527532473
955.8558558558559	0.00026102746980552493
956.7567567567568	0.0002414199464567007
957.6576576576576	0.00024156310667909796
958.5585585585586	0.0002306510824695448
959.4594594594595	0.0002479516654958251
960.3603603603603	0.0002706972750766705
961.2612612612613	0.00026078062902658294
962.1621621621622	0.00022847155756351562
963.063063063063	0.0002545132484951358
963.9639639639639	0.00024015870813405674
964.8648648648649	0.00023352065009807105
965.7657657657658	0.00025231899823858133
966.6666666666666	0.0002536917794295419
967.5675675675676	0.00022452340214807235
968.4684684684685	0.0002673731694166392
969.3693693693693	0.00023994760734512426
970.2702702702703	0.0002686531420768277
971.1711711711712	0.0002503437078342968
972.072072072072	0.000223587386497177
972.972972972973	0.00024268218518763444
973.8738738738739	0.0002726573441286744
974.7747747747748	0.00023076905685857324
975.6756756756757	0.0002495662737015083
976.5765765765766	0.0002569108745987264
977.4774774774775	0.00026390851386370596
978.3783783783784	0.00020622495140036194
979.2792792792793	0.00023104623476512227
980.1801801801802	0.00024933046703311924
981.081081081081	0.00023552899047627146
981.981981981982	0.00021431329732203195
982.8828828828829	0.00023603780903527045
983.7837837837837	0.00024931061661841847
984.6846846846847	0.00025009780963663786
985.5855855855856	0.0002173514730317824
986.4864864864865	0.0002434137959917647
987.3873873873874	0.00025315800565684133
988.2882882882883	0.00022694557645171803
989.1891891891892	0.0002284536175454884
990.0900900900901	0.00024944123180655495
990.990990990991	0.0002446668198462395
991.8918918918919	0.00021658983661818534
992.7927927927929	0.0002366889288774412
993.6936936936937	0.00023103983275421508
994.5945945945946	0.00022971417159182997
995.4954954954956	0.00025144865078182105
996.3963963963964	0.00024093338483629657
997.2972972972973	0.00023433046443853758
998.1981981981982	0.0002851204742776051
999.0990990990991	0.00024127644688808194
1000.0	0.000241474970467461
