0.0	0.9999999999999998
0.0001	0.9999999137334917
0.0002	0.9800996618898955
0.00030000000000000003	0.9800992391239052
0.0004	0.9800986472434201
0.0005	0.9800978862442659
0.0006000000000000001	0.980096956122374
0.0007	0.9800958568737794
0.0008	0.9800945884945992
0.0009000000000000001	0.9800931509810569
0.001	0.9800915443294498
0.0011	0.9800897685361523
0.0012000000000000001	0.9800878235976698
0.0013000000000000002	0.980085709510574
0.0014	0.980083426271518
0.0015	0.9800809738772757
0.0016	0.9800783523246795
0.0017000000000000001	0.9800755616106743
0.0018000000000000002	0.9800726017323046
0.0019	0.9800694726866701
0.002	0.9800661744709913
0.0021000000000000003	0.9800627070825721
0.0022	0.9603598932964007
0.0023	0.9603561640501522
0.0024000000000000002	0.9603522690241466
0.0025	0.9603482082161007
0.0026000000000000003	0.9603439816238099
0.0027	0.9603395892451718
0.0028	0.9603350310781847
0.0029000000000000002	0.9603303071209014
0.003	0.9603254173714899
0.0031000000000000003	0.9603203618281981
0.0032	0.9603151404893777
0.0033	0.9603097533534486
0.0034000000000000002	0.9603042004189404
0.0035	0.9602984816844496
0.0036000000000000003	0.9602925971486725
0.0037	0.9602865468104163
0.0038	0.960280330668532
0.0039000000000000003	0.9602739487219989
0.004	0.9602674009698684
0.0041	0.9602606874112852
0.004200000000000001	0.9602538080454901
0.0043	0.9602467628717973
0.0044	0.9602395518896157
0.0045000000000000005	0.9602321750984625
0.0046	0.96022463249791
0.0047	0.96021692408765
0.0048000000000000004	0.9602090498674545
0.0049	0.9602010098371719
0.005	0.9601928039967611
0.0051	0.9601844323462505
0.005200000000000001	0.9601758948857635
0.0053	0.960167191615527
0.0054	0.9601583225358507
0.0055000000000000005	0.9601492876471099
0.0056	0.9601400869498077
0.0057	0.9601307204445059
0.0058000000000000005	0.9601211881318695
0.0059	0.9601114900126487
0.006	0.9601016260876951
0.0061	0.9600915963579263
0.006200000000000001	0.9600814008243637
0.0063	0.9600710394881197
0.0064	0.960060512350406
0.006500000000000001	0.9600498194124779
0.0066	0.9600389606757453
0.0067	0.9600279361416473
0.0068000000000000005	0.9600167458117634
0.006900000000000001	0.9600053896877204
0.007	0.9599938677712639
0.0071	0.9599821800642073
0.007200000000000001	0.9599703265684695
0.0073	0.9599583072860521
0.0074	0.9599461222190496
0.007500000000000001	0.9599337713696292
0.0076	0.959921254740067
0.0077	0.9599085723327294
0.0078000000000000005	0.9598957241500613
0.0079	0.9598827101945867
0.008	0.9598695304689564
0.0081	0.959856184975865
0.0082	0.9598426737181195
0.0083	0.959828996698632
0.008400000000000001	0.9598151539203595
0.0085	0.9598011453863997
0.0086	0.9597869710999009
0.008700000000000001	0.959772631064118
0.0088	0.9597581252823877
0.0089	0.9597434537581414
0.009000000000000001	0.959728616494902
0.0091	0.9597136134962667
0.0092	0.9596984447659515
0.009300000000000001	0.9596831103077185
0.0094	0.9596676101254626
0.0095	0.959651944223148
0.009600000000000001	0.9596361126048111
0.0097	0.95962011527461
0.0098	0.9596039522367782
0.0099	0.9595876234956316
0.01	0.9595711290555774
0.010100000000000001	0.959554468921114
0.0102	0.9595376430968464
0.0103	0.95952065158743
0.010400000000000001	0.9595034943976576
0.0105	0.9594861715323583
0.0106	0.9594686829964986
0.010700000000000001	0.9594510287951047
0.0108	0.959433208933293
0.0109	0.9594152234162873
0.011000000000000001	0.9593970722493931
0.0111	0.9593787554379872
0.0112	0.9593602729875567
0.011300000000000001	0.9593416249036651
0.0114	0.9593228111919793
0.0115	0.9593038318582507
0.011600000000000001	0.9592846869083033
0.0117	0.95926537634806
0.0118	0.9592459001835485
0.0119	0.9592262584208741
0.012	0.9592064510662106
0.012100000000000001	0.9591864781258563
0.0122	0.9591663396061657
0.0123	0.9591460355136172
0.012400000000000001	0.9591255658547541
0.0125	0.9591049306362001
0.0126	0.9590841298646992
0.012700000000000001	0.9590631635470622
0.0128	0.9590420316901852
0.0129	0.9590207343010752
0.013000000000000001	0.9589992713868067
0.0131	0.9589776429545448
0.0132	0.9589558490115629
0.013300000000000001	0.9589338895652056
0.0134	0.9589117646229078
0.0135	0.958889474192209
0.013600000000000001	0.9588670182807101
0.0137	0.9588443968961204
0.013800000000000002	0.9588216100462374
0.013900000000000001	0.9587986577389379
0.014	0.9587755399822006
0.014100000000000001	0.9587522567840908
0.0142	0.9587288081527442
0.0143	0.9587051940964095
0.014400000000000001	0.9586814146234088
0.0145	0.9586574697421618
0.0146	0.9586333594611702
0.014700000000000001	0.9586090837890273
0.0148	0.9585846427344252
0.0149	0.9585600363061167
0.015000000000000001	0.9585352645129889
0.0151	0.958510327363967
0.0152	0.9584852248680982
0.015300000000000001	0.9584599570345079
0.0154	0.9584345238724097
0.0155	0.9584089253911191
0.015600000000000001	0.9583831616000115
0.015700000000000002	0.9583572325085787
0.0158	0.9583311381263943
0.0159	0.9583048784631101
0.016	0.9582784535284777
0.0161	0.9582518633323329
0.0162	0.9582251078845991
0.016300000000000002	0.958198187195299
0.0164	0.9581711012745233
0.0165	0.9581438501324622
0.0166	0.9581164337794074
0.0167	0.9580888522257186
0.016800000000000002	0.9386085945849566
0.016900000000000002	0.9385812493862803
0.017	0.9385537423722039
0.0171	0.9385260735532373
0.0172	0.9384982429399698
0.0173	0.9384702505430914
0.017400000000000002	0.9384420963733555
0.0175	0.9384137804416155
0.0176	0.9383853027588183
0.0177	0.9383566633359816
0.0178	0.938327862184221
0.0179	0.9382988993147447
0.018000000000000002	0.938269774738817
0.0181	0.9382404884678328
0.0182	0.9382110405132399
0.0183	0.9381814308865936
0.0184	0.9381516595995179
0.018500000000000003	0.9381217266637323
0.018600000000000002	0.9380916320910383
0.0187	0.938061375893346
0.0188	0.9380309580826199
0.0189	0.9380003786709351
0.019	0.9379696376704355
0.019100000000000002	0.9379387350933585
0.019200000000000002	0.9379076709520432
0.0193	0.9378764452588966
0.0194	0.9378450580264089
0.0195	0.9378135092671668
0.0196	0.9377817989938543
0.019700000000000002	0.937749927219214
0.0198	0.9377178939561065
0.0199	0.9376856992174563
0.02	0.9376533430162739
0.0201	0.9376208253656693
0.020200000000000003	0.9375881462788395
0.020300000000000002	0.9375553057690506
0.0204	0.9375223038496693
0.0205	0.9374891405341471
0.0206	0.9374558158360227
0.0207	0.9374223297689184
0.020800000000000003	0.9373886823465335
0.020900000000000002	0.9373548735826824
0.021	0.9373209034912292
0.0211	0.9372867720861461
0.0212	0.9372524793814879
0.0213	0.9372180253914058
0.021400000000000002	0.9371834101301056
0.021500000000000002	0.9371486336119197
0.0216	0.9371136958512427
0.0217	0.9370785968625556
0.0218	0.9370433366604273
0.0219	0.937007915259526
0.022000000000000002	0.9369723326745906
0.0221	0.9369365889204584
0.0222	0.936900684012028
0.0223	0.9368646179643249
0.0224	0.9368283907924204
0.022500000000000003	0.9367920025115006
0.022600000000000002	0.9367554531368193
0.0227	0.9367187426837315
0.0228	0.9366818711676634
0.0229	0.9366448386041397
0.023	0.9366076450087656
0.023100000000000002	0.9365702903972285
0.023200000000000002	0.9365327747853074
0.0233	0.9364950981888651
0.0234	0.9364572606238553
0.0235	0.9364192621063145
0.0236	0.9363811026523549
0.023700000000000002	0.9363427822781965
0.0238	0.9363043010001174
0.0239	0.9362656588345115
0.024	0.936226855797844
0.0241	0.9361878919066489
0.024200000000000003	0.93614876717758
0.024300000000000002	0.936109481627359
0.0244	0.9360700352727821
0.0245	0.9360304281307643
0.0246	0.9359906602182636
0.0247	0.9359507315523578
0.024800000000000003	0.9359106421501999
0.024900000000000002	0.935870392029017
0.025	0.9358299812061538
0.0251	0.9357894096989918
0.0252	0.9357486775250471
0.0253	0.9357077847018997
0.025400000000000002	0.9356667312472019
0.025500000000000002	0.935625517178708
0.0256	0.9355841425142656
0.0257	0.9355426072717918
0.0258	0.935500911469297
0.025900000000000003	0.9354590551248814
0.026000000000000002	0.9354170382567094
0.0261	0.9353748608830519
0.0262	0.9353325230222707
0.0263	0.9352900246927935
0.0264	0.9352473659131401
0.026500000000000003	0.9352045467019251
0.026600000000000002	0.9351615670778369
0.0267	0.9351184270596514
0.0268	0.9350751266662404
0.0269	0.9350316659165439
0.027	0.9349880448295992
0.027100000000000003	0.9349442634245314
0.027200000000000002	0.9349003217205464
0.0273	0.9348562197369248
0.0274	0.9348119574930561
0.0275	0.9347675350083919
0.027600000000000003	0.9347229523024796
0.027700000000000002	0.9346782093949526
0.027800000000000002	0.9346333063055249
0.0279	0.9345882430540114
0.028	0.934543019660285
0.0281	0.9344976361443237
0.028200000000000003	0.9344520925261904
0.028300000000000002	0.9344063888260249
0.0284	0.934360525064051
0.0285	0.934314501260588
0.0286	0.9342683174360322
0.0287	0.9342219736108662
0.028800000000000003	0.93417546980566
0.028900000000000002	0.9341288060410665
0.029	0.9340819823378241
0.0291	0.9340349987167585
0.0292	0.933987855198773
0.029300000000000003	0.9339405518048656
0.029400000000000003	0.9338930885561166
0.029500000000000002	0.9338454654736906
0.0296	0.9337976825788308
0.0297	0.9337497398928787
0.0298	0.9337016374372388
0.029900000000000003	0.9336533752334255
0.030000000000000002	0.9336049533030267
0.030100000000000002	0.9335563716677063
0.0302	0.93350763034923
0.0303	0.9334587293694314
0.0304	0.9334096687502514
0.030500000000000003	0.9333604485136836
0.030600000000000002	0.9333110686818442
0.0307	0.9332615292768952
0.0308	0.9332118303211226
0.0309	0.9331619718368608
0.031	0.9331119538465471
0.031100000000000003	0.9330617763726984
0.031200000000000002	0.9330114394379366
0.0313	0.932960943064929
0.031400000000000004	0.9329102872764681
0.0315	0.9137244017135497
0.0316	0.9136744727668388
0.0317	0.9136243877420436
0.0318	0.9135741466618239
0.031900000000000005	0.9135237495488764
0.032	0.9134731964260225
0.032100000000000004	0.913422487316131
0.0322	0.9133716222421869
0.0323	0.9133206012272285
0.0324	0.913269424294385
0.0325	0.9132180914668859
0.032600000000000004	0.9131666027680215
0.0327	0.9131149582211633
0.0328	0.9130631578497987
0.0329	0.9130112016774443
0.033	0.9129590897277596
0.033100000000000004	0.9129068220244241
0.0332	0.9128543985912537
0.0333	0.9128018194521095
0.0334	0.912749084630958
0.0335	0.9126961941518325
0.033600000000000005	0.9126431480388665
0.0337	0.9125899463162516
0.033800000000000004	0.9125365890082843
0.0339	0.9124830761393271
0.034	0.9124294077338323
0.0341	0.912375583816343
0.0342	0.9123216044114646
0.034300000000000004	0.9122674695438975
0.0344	0.9122131792384227
0.0345	0.9121587335199027
0.0346	0.9121041324132796
0.0347	0.9120493759435848
0.034800000000000005	0.9119944641359325
0.0349	0.9119393970154991
0.035	0.9118841746075611
0.0351	0.9118287969374723
0.0352	0.9117732640306861
0.035300000000000005	0.911717575912699
0.0354	0.9116617326091145
0.035500000000000004	0.9116057341456261
0.0356	0.9115495805479933
0.0357	0.9114932718420622
0.0358	0.9114368080537599
0.0359	0.9113801892090899
0.036000000000000004	0.9113234153341556
0.0361	0.9112664864551214
0.0362	0.911209402598245
0.0363	0.9111521637898613
0.0364	0.911094770056393
0.036500000000000005	0.9110372214243401
0.0366	0.9109795179202718
0.0367	0.9109216595708677
0.0368	0.9108636464028627
0.0369	0.9108054784430879
0.037000000000000005	0.9107471557184547
0.0371	0.9106886782559347
0.037200000000000004	0.9106300460826176
0.0373	0.9105712592256504
0.0374	0.9105123177122653
0.0375	0.9104532215697755
0.0376	0.9103939708255798
0.037700000000000004	0.9103345655071542
0.0378	0.9102750056420563
0.0379	0.9102152912579345
0.038	0.9101554223825097
0.0381	0.9100953990435694
0.038200000000000005	0.9100352212690194
0.0383	0.8911158175866392
0.038400000000000004	0.8910565845983045
0.0385	0.8909972004574017
0.0386	0.8909376651915532
0.038700000000000005	0.890877978828459
0.0388	0.8908181413958997
0.038900000000000004	0.8907581529217397
0.039	0.8906980134339275
0.0391	0.8906377229604717
0.0392	0.8905772815294868
0.0393	0.8905166891691381
0.039400000000000004	0.8904559459076998
0.0395	0.8903950517734981
0.0396	0.890334006794957
0.0397	0.8902728110005659
0.0398	0.8902114644188998
0.039900000000000005	0.8901499670786244
0.04	0.8900883190084644
0.040100000000000004	0.8900265202372392
0.0402	0.889964570793829
0.0403	0.8899024707072204
0.040400000000000005	0.8898402200064519
0.0405	0.8897778187206474
0.040600000000000004	0.8897152668790334
0.0407	0.8896525645108802
0.0408	0.8895897116455556
0.0409	0.8895267083125131
0.041	0.8894635545412612
0.041100000000000005	0.8894002503614195
0.0412	0.889336795802649
0.0413	0.8892731908947273
0.0414	0.889209435667479
0.0415	0.8891455301508276
0.041600000000000005	0.8890814743747641
0.0417	0.8890172683693747
0.041800000000000004	0.8889529121647917
0.0419	0.8888884057912647
0.042	0.8888237492790918
0.042100000000000005	0.8887589426586693
0.0422	0.888693985960452
0.042300000000000004	0.888628879215
0.0424	0.8885636224529294
0.0425	0.8884982157049423
0.0426	0.8884326590018147
0.0427	0.888366952374415
0.042800000000000005	0.8883010958536743
0.0429	0.8882350894706189
0.043000000000000003	0.8881689332563206
0.0431	0.8881026272419609
0.0432	0.8880361714587989
0.043300000000000005	0.8879695659381561
0.0434	0.8879028107114417
0.043500000000000004	0.8878359058101315
0.0436	0.8877688512657969
0.0437	0.8877016471100798
0.0438	0.8876342933746886
0.0439	0.8875667900914284
0.044000000000000004	0.8874991372921741
0.0441	0.8874313350088673
0.0442	0.8873633832735559
0.0443	0.8872952821183353
0.0444	0.8872270315753951
0.044500000000000005	0.8871586316770053
0.0446	0.8870900824554993
0.044700000000000004	0.8870213839433031
0.0448	0.8869525361729104
0.0449	0.8868835391768963
0.045000000000000005	0.8868143929879114
0.0451	0.8867450976386981
0.045200000000000004	0.8866756531620473
0.0453	0.8866060595908585
0.0454	0.8865363169580888
0.0455	0.8864664252967797
0.0456	0.8863963846400439
0.045700000000000005	0.8863261950210916
0.0458	0.8862558564731787
0.0459	0.8861853690296687
0.046	0.8861147327239904
0.0461	0.8860439475896368
0.046200000000000005	0.8859730136602076
0.0463	0.8859019309693409
0.046400000000000004	0.8858306995507976
0.0465	0.885759319438375
0.0466	0.885687790665964
0.046700000000000005	0.8856161132675493
0.0468	0.8855442872771697
0.046900000000000004	0.8854723127289378
0.047	0.8854001896570666
0.0471	0.8853279180958316
0.0472	0.8852554980795764
0.0473	0.8851829296427466
0.047400000000000005	0.8851102128198407
0.0475	0.8850373476454525
0.0476	0.8849643341542306
0.0477	0.8848911723809294
0.0478	0.8848178623603522
0.047900000000000005	0.884744404127397
0.048	0.8846707977170303
0.048100000000000004	0.8845970431643105
0.0482	0.884523140504342
0.0483	0.8844490897723313
0.048400000000000006	0.8843748910035523
0.0485	0.8843005442333652
0.048600000000000004	0.8842260494971895
0.0487	0.8841514068305399
0.0488	0.8840766162689937
0.0489	0.8840016778482124
0.049	0.8839265916039292
0.049100000000000005	0.8838513575719531
0.0492	0.8837759757881788
0.049300000000000004	0.8837004462885627
0.0494	0.883624769109148
0.0495	0.8835489442860527
0.049600000000000005	0.8834729718554758
0.0497	0.8648969067949214
0.049800000000000004	0.8648222364399
0.0499	0.8647474216753098
0.05	0.8646724625368883
0.050100000000000006	0.8645973590604474
0.0502	0.8645221112818757
0.050300000000000004	0.8644467192371109
0.0504	0.8643711829621981
0.0505	0.8642955024932387
0.0506	0.8642196778664084
0.0507	0.8641437091179704
0.050800000000000005	0.864067596284255
0.0509	0.8639913394016506
0.051000000000000004	0.8639149385066479
0.0511	0.8638383936357947
0.0512	0.863761704825708
0.051300000000000005	0.8636848721130985
0.0514	0.8636078955347384
0.051500000000000004	0.8635307751274672
0.0516	0.8634535109282134
0.0517	0.8633761029739722
0.051800000000000006	0.863298551301809
0.0519	0.8632208559488641
0.052000000000000005	0.8631430169523651
0.0521	0.8630650343495951
0.0522	0.8629869081779309
0.0523	0.8629086384747949
0.0524	0.8628302252776997
0.052500000000000005	0.8627516686242498
0.0526	0.8626729685520813
0.052700000000000004	0.8625941250989524
0.0528	0.8625151383026455
0.0529	0.8624360082010631
0.053000000000000005	0.8623567348321446
0.0531	0.8622773182339156
0.053200000000000004	0.8439507032154073
0.0533	0.8438726870599749
0.0534	0.8437945308185623
0.053500000000000006	0.8437162345286819
0.0536	0.8436377982279056
0.053700000000000005	0.8435592219538954
0.0538	0.8434805057443753
0.0539	0.8434016496371447
0.054	0.8433226536700645
0.0541	0.8432435178810817
0.054200000000000005	0.8431642423082012
0.0543	0.843084826989519
0.054400000000000004	0.8430052719631775
0.0545	0.8429255772674107
0.0546	0.8428457429405155
0.054700000000000006	0.8427657690208569
0.0548	0.8426856555468749
0.054900000000000004	0.8426054025570896
0.055	0.8425250100900815
0.0551	0.8424444781845042
0.055200000000000006	0.8423638068790765
0.0553	0.8422829962126074
0.055400000000000005	0.8422020462239611
0.0555	0.8421209569520699
0.055600000000000004	0.8420397284359502
0.0557	0.8419583607146787
0.0558	0.8418768538274176
0.055900000000000005	0.841795207813389
0.056	0.8417134227118738
0.056100000000000004	0.8416314985622545
0.0562	0.8415494354039529
0.0563	0.8414672332764889
0.056400000000000006	0.8413848922194292
0.0565	0.8413024122724261
0.056600000000000004	0.8412197934752009
0.0567	0.8411370358675433
0.0568	0.8410541394893197
0.056900000000000006	0.8409711043804506
0.057	0.8408879305809371
0.057100000000000005	0.8408046181308648
0.0572	0.8407211670703673
0.057300000000000004	0.840637577439663
0.0574	0.8405538492790335
0.0575	0.8404699826288298
0.057600000000000005	0.840385977529477
0.0577	0.8403018340214791
0.057800000000000004	0.8402175521453924
0.0579	0.8401331319418583
0.058	0.8400485734515856
0.058100000000000006	0.8399638767153396
0.0582	0.8398790417739717
0.058300000000000005	0.8397940686683973
0.0584	0.8397089574396153
0.0585	0.8396237081286627
0.058600000000000006	0.8395383207766789
0.0587	0.8394527954248571
0.058800000000000005	0.8393671321144617
0.0589	0.8392813308868327
0.059000000000000004	0.8391953917833761
0.0591	0.839109314845572
0.0592	0.8390231001149602
0.059300000000000005	0.83893674763315
0.0594	0.8388502574418466
0.059500000000000004	0.8387636295827886
0.0596	0.8386768640978024
0.0597	0.8385899610287914
0.059800000000000006	0.838502920417716
0.0599	0.838415742306602
0.060000000000000005	0.8383284267375617
0.0601	0.8382409737527641
0.060200000000000004	0.8381533833944547
0.0603	0.8380656557049442
0.0604	0.8379777907266052
0.060500000000000005	0.8378897885019024
0.0606	0.8378016490733419
0.060700000000000004	0.8377133724835142
0.0608	0.8376249587750797
0.0609	0.8375364079907678
0.061000000000000006	0.8374477201733703
0.0611	0.8373588953657594
0.061200000000000004	0.8372699336108628
0.0613	0.8371808349516848
0.0614	0.8370915994313005
0.061500000000000006	0.8370022270928431
0.0616	0.8369127179795354
0.061700000000000005	0.836823072134642
0.0618	0.8367332896015205
0.061900000000000004	0.8366433704235887
0.062	0.8365533146443234
0.0621	0.8364631223072857
0.062200000000000005	0.836372793456098
0.0623	0.8362823281344444
0.062400000000000004	0.8361917263860943
0.0625	0.8361009882548636
0.0626	0.8360101137846637
0.0627	0.8359191030194543
0.06280000000000001	0.8179498000244831
0.0629	0.8001775221268944
0.063	0.8000899924779544
0.0631	0.8000023325021524
0.0632	0.7999145422419133
0.06330000000000001	0.7998266217397274
0.0634	0.799738571038136
0.0635	0.7996503901797728
0.0636	0.7995620792073093
0.0637	0.7994736381635038
0.06380000000000001	0.799385067091158
0.0639	0.7992963660331578
0.064	0.7992075350324439
0.0641	0.7991185741320264
0.06420000000000001	0.7990294833749779
0.06430000000000001	0.7989402628044414
0.0644	0.7988509124636131
0.0645	0.7987614323957651
0.0646	0.7986718226442308
0.06470000000000001	0.7985820832524135
0.0648	0.7984922142637608
0.0649	0.7984022157218159
0.065	0.7983120876701675
0.0651	0.798221830152468
0.06520000000000001	0.7981314432124456
0.0653	0.7980409268938772
0.0654	0.797950281240616
0.0655	0.7978595062965871
0.0656	0.7977686021057613
0.06570000000000001	0.797677568712177
0.0658	0.7801533499165713
0.0659	0.7800640536358892
0.066	0.779974631106101
0.0661	0.7798850823705364
0.06620000000000001	0.7797954074725829
0.0663	0.779705606455708
0.0664	0.7796156793634339
0.0665	0.7795256262393384
0.0666	0.7794354471270714
0.06670000000000001	0.7793451420703383
0.0668	0.7792547111129222
0.0669	0.779164154298646
0.067	0.77907347167141
0.0671	0.7789826632751757
0.06720000000000001	0.778891729153968
0.0673	0.7788006693518612
0.0674	0.7787094839130102
0.0675	0.7786181728816248
0.06760000000000001	0.7785267363019674
0.06770000000000001	0.778435174218386
0.0678	0.7783434866752611
0.0679	0.77825167371706
0.068	0.7781597353883047
0.06810000000000001	0.7780676717335662
0.0682	0.7779754827974932
0.0683	0.7778831686248002
0.0684	0.7777907292602502
0.0685	0.7776981647486684
0.06860000000000001	0.777605475134952
0.0687	0.7775126604640513
0.0688	0.7774197207809866
0.0689	0.7773266561308326
0.069	0.7772334665587314
0.06910000000000001	0.7771401521098779
0.0692	0.7770467128295344
0.0693	0.7769531487630337
0.0694	0.7768594599557547
0.0695	0.7767656464531482
0.06960000000000001	0.7766717083007196
0.0697	0.776577645544042
0.0698	0.7764834582287468
0.0699	0.7763891464005243
0.07	0.7762947101051283
0.07010000000000001	0.7762001493883807
0.0702	0.7761054642961489
0.0703	0.776010654874375
0.0704	0.7759157211690638
0.07050000000000001	0.7758206632262687
0.07060000000000001	0.7757254810921156
0.0707	0.7756301748127834
0.0708	0.775534744434522
0.0709	0.7754391900036255
0.07100000000000001	0.7753435115664686
0.0711	0.7752477091694707
0.0712	0.7751517828591274
0.0713	0.7750557326819781
0.0714	0.7749595586846355
0.07150000000000001	0.7748632609137728
0.0716	0.7747668394161137
0.0717	0.7746702942384496
0.0718	0.7745736254276376
0.0719	0.7744768330305823
0.07200000000000001	0.7743799170942645
0.0721	0.7571721820656192
0.0722	0.7570771663714702
0.0723	0.7569820300062803
0.0724	0.7568867730162131
0.07250000000000001	0.7567913954474998
0.0726	0.7566958973464387
0.0727	0.7566002787593668
0.0728	0.7565045397327006
0.0729	0.7564086803128952
0.07300000000000001	0.7563127005464871
0.0731	0.7562166004800444
0.0732	0.756120380160217
0.0733	0.7391301809932334
0.0734	0.7390358757848148
0.07350000000000001	0.7389414531472951
0.0736	0.7388469131265052
0.0737	0.7387522557683298
0.0738	0.7386574811187069
0.07390000000000001	0.7385625892236412
0.07400000000000001	0.7384675801291849
0.0741	0.7383724538814573
0.0742	0.738277210526624
0.0743	0.7381818501109192
0.07440000000000001	0.7380863726806226
0.0745	0.7379907782820797
0.0746	0.7378950669616892
0.0747	0.737799238765907
0.0748	0.7377032937412407
0.07490000000000001	0.7376072319342585
0.075	0.7375110533915952
0.0751	0.737414758159927
0.0752	0.737318346285988
0.0753	0.7372218178165805
0.07540000000000001	0.7371251727985617
0.0755	0.737028411278824
0.0756	0.7369315333043438
0.0757	0.7368345389221371
0.0758	0.7367374281792874
0.07590000000000001	0.7366402011229171
0.076	0.7365428578002333
0.0761	0.7364453982584666
0.0762	0.7363478225449253
0.0763	0.736250130706967
0.07640000000000001	0.7361523227920123
0.0765	0.7360543988475269
0.0766	0.7359563589210316
0.0767	0.7358582030601215
0.07680000000000001	0.7357599313124218
0.07690000000000001	0.735661543725642
0.077	0.7355630403475221
0.0771	0.7354644212258702
0.0772	0.7353656864085463
0.07730000000000001	0.7434532694545045
0.07740000000000001	0.7433529880117038
0.0775	0.7432525897742781
0.0776	0.7431520747910273
0.0777	0.7430514431107543
0.07780000000000001	0.7429506947824047
0.0779	0.742849829854925
0.078	0.7427488483773403
0.0781	0.7426477503987121
0.0782	0.7425465359681777
0.07830000000000001	0.7424452051349141
0.0784	0.7423437579481517
0.0785	0.7255609503569869
0.0786	0.7254615533912012
0.0787	0.7088748996533425
0.07880000000000001	0.7087775375763341
0.0789	0.7086800645829888
0.079	0.7085824807206768
0.0791	0.7084847860368003
0.0792	0.7083869805788354
0.07930000000000001	0.7082890643942912
0.0794	0.7081910375307492
0.0795	0.7080929000358237
0.0796	0.7079946519571969
0.07970000000000001	0.7078962933426001
0.07980000000000001	0.7077978242398109
0.0799	0.7076992446966632
0.08	0.7076005547610554
0.0801	0.707501754480912
0.08020000000000001	0.7074028439042414
0.08030000000000001	0.7073038230790751
0.0804	0.7072046920535203
0.0805	0.7071054508757226
0.0806	0.7070060995938807
0.08070000000000001	0.6906542322091187
0.08080000000000001	0.6905569477184232
0.0809	0.6904595557972028
0.081	0.6903620564927598
0.0811	0.6902644498524455
0.08120000000000001	0.6901667359236602
0.0813	0.6900689147538596
0.0814	0.6899709863905464
0.0815	0.6898729508812728
0.0816	0.6897748082736431
0.08170000000000001	0.6896765586153126
0.0818	0.6895782019539948
0.0819	0.6894797383374413
0.082	0.6893811678134594
0.0821	0.6892824904299077
0.08220000000000001	0.6891837062346989
0.0823	0.6890848152757837
0.0824	0.6889858176011788
0.0825	0.6888867132589404
0.0826	0.6887875022971831
0.08270000000000001	0.6886881847640601
0.0828	0.6885887607077897
0.0829	0.6884892301766256
0.083	0.6883895932188824
0.08310000000000001	0.688289849882923
0.08320000000000001	0.6881900002171544
0.0833	0.6880900442700407
0.0834	0.6879899820900954
0.0835	0.6878898137258722
0.08360000000000001	0.6877895392259926
0.08370000000000001	0.6876891586391047
0.0838	0.6875886720139318
0.0839	0.6874880793992232
0.084	0.6873873808437984
0.08410000000000001	0.6872865763965135
0.08420000000000001	0.6871856661062761
0.0843	0.6870846500220537
0.0844	0.6869835281928409
0.0845	0.6868823006677104
0.08460000000000001	0.6867809674957615
0.0847	0.6866795287261532
0.0848	0.6865779844080919
0.0849	0.6864763345908325
0.085	0.6863745793236856
0.08510000000000001	0.6862727186559995
0.0852	0.6861707526371874
0.0853	0.6860686813166874
0.0854	0.6859665047440177
0.0855	0.6858642229687141
0.08560000000000001	0.6857618360403912
0.0857	0.6856593440086874
0.0858	0.6855567469233107
0.0859	0.6854540448340012
0.08600000000000001	0.6853512377905578
0.08610000000000001	0.6852483258428271
0.0862	0.6851453090406936
0.0863	0.6850421874341102
0.0864	0.6849389610730701
0.08650000000000001	0.6848356300076018
0.08660000000000001	0.6847321942878046
0.0867	0.6846286539638099
0.0868	0.6845250090858054
0.0869	0.6844212597040259
0.08700000000000001	0.6843174058687527
0.08710000000000001	0.6842134476303171
0.0872	0.6841093850390998
0.0873	0.6840052181455301
0.0874	0.6839009470000822
0.08750000000000001	0.6837965716532779
0.0876	0.6836920921556939
0.0877	0.6835875085579503
0.0878	0.683482820910718
0.0879	0.6833780292647061
0.08800000000000001	0.6832731336706874
0.0881	0.683168134179476
0.0882	0.6830630308419255
0.0883	0.6829578237089521
0.0884	0.6828525128315052
0.08850000000000001	0.6827470982605955
0.0886	0.6826415800472755
0.0887	0.682535958242643
0.0888	0.6824302328978469
0.0889	0.6823244040640744
0.08900000000000001	0.6822184717925848
0.0891	0.6821124361346546
0.0892	0.6820062971416304
0.0893	0.6819000548648892
0.08940000000000001	0.6817937093558712
0.08950000000000001	0.6816872606660591
0.0896	0.68158070884697
0.0897	0.6814740539501887
0.0898	0.6813672960273343
0.08990000000000001	0.6812604351300763
0.09000000000000001	0.6811534713101299
0.0901	0.6810464046192581
0.0902	0.6809392351092787
0.0903	0.6808319628320416
0.09040000000000001	0.6807245878394519
0.09050000000000001	0.6806171101834672
0.0906	0.6805095299160783
0.0907	0.68040184708934
0.0908	0.6802940617553377
0.09090000000000001	0.6801861739662145
0.091	0.680078183774154
0.0911	0.67997009123139
0.0912	0.6798618963901967
0.0913	0.6797535993029098
0.09140000000000001	0.6796452000218927
0.0915	0.67953669859957
0.0916	0.6794280950884001
0.0917	0.6793193895409037
0.0918	0.6792105820096316
0.09190000000000001	0.6791016725471878
0.092	0.6789926612062285
0.0921	0.6788835480394474
0.0922	0.6787743330995893
0.09230000000000001	0.6786650164394374
0.09240000000000001	0.6785555981118361
0.0925	0.6784460781696614
0.0926	0.6783364566658387
0.0927	0.678226733653348
0.09280000000000001	0.6781169091851981
0.09290000000000001	0.6780069833144647
0.093	0.6778969560942538
0.0931	0.6777868275777263
0.0932	0.677676597818078
0.09330000000000001	0.6775662668685567
0.09340000000000001	0.6774558347824667
0.0935	0.6773453016131344
0.0936	0.6772346674139538
0.0937	0.6771239322383554
0.09380000000000001	0.6770130961398084
0.09390000000000001	0.6769021591718398
0.094	0.6767911213880108
0.0941	0.6766799828419408
0.0942	0.6765687435872829
0.09430000000000001	0.6764574036777418
0.0944	0.6763459631670591
0.0945	0.6762344221090373
0.0946	0.6761227805575062
0.0947	0.6760110385663558
0.09480000000000001	0.6758991961895144
0.0949	0.6757872534809455
0.095	0.6756752104946732
0.0951	0.6755630672847657
0.0952	0.6754508239053207
0.09530000000000001	0.6753384804104978
0.0954	0.6752260368544944
0.0955	0.6751134932915487
0.0956	0.6750008497759508
0.09570000000000001	0.6748881063620252
0.09580000000000001	0.6747752631041563
0.0959	0.6746623200567631
0.096	0.6745492772743059
0.0961	0.6744361348112947
0.09620000000000001	0.6743228927222882
0.09630000000000001	0.6742095510618752
0.0964	0.6740961098847111
0.0965	0.6739825692454687
0.0966	0.6738689291988864
0.09670000000000001	0.6737551897997375
0.09680000000000001	0.6736413511028412
0.0969	0.6735274131630622
0.097	0.6734133760352989
0.0971	0.6732992397745142
0.09720000000000001	0.673185004435695
0.09730000000000001	0.6730706700738861
0.0974	0.6729562367441586
0.0975	0.6728417045016526
0.0976	0.6727270734015319
0.09770000000000001	0.6726123434990079
0.0978	0.672497514849339
0.0979	0.6723825875078304
0.098	0.6722675615298247
0.0981	0.6721524369707054
0.09820000000000001	0.6720372138859086
0.0983	0.671921892330911
0.0984	0.6718064723612275
0.0985	0.6716909540324176
0.09860000000000001	0.6715753374000892
0.09870000000000001	0.6714596225198884
0.0988	0.6713438094475124
0.0989	0.6712278982386863
0.099	0.6711118889491915
0.09910000000000001	0.6709957816348538
0.09920000000000001	0.6708795763515276
0.0993	0.6707632731551282
0.0994	0.6706468721015962
0.0995	0.6705303732469278
0.09960000000000001	0.670413776647157
0.09970000000000001	0.6702970823583658
0.0998	0.6701802904366679
0.0999	0.6700634009382292
0.1	0.6699464139192591
0.1009	0.6688891516193978
0.1018	0.6678240358944925
0.1027	0.6667511081799411
0.10360000000000001	0.6656704101845087
0.10450000000000001	0.6645819838875169
0.10540000000000001	0.6634858715360049
0.1063	0.6623821156419023
0.1072	0.6612707589791758
0.1081	0.6601518445809391
0.109	0.6590254157365958
0.1099	0.6504571358646063
0.11080000000000001	0.6341419644385353
0.11170000000000001	0.6330345028562191
0.1126	0.6169637935987458
0.1135	0.6158687357976034
0.1144	0.6147668373649264
0.1153	0.5989602755520321
0.1162	0.5978715395619396
0.11710000000000001	0.5967762514131068
0.11800000000000001	0.5956744530722765
0.1189	0.5945661867130888
0.1198	0.5934514947133017
0.1207	0.5923304196520265
0.12160000000000001	0.5912030043069221
0.1225	0.5900692916513977
0.12340000000000001	0.588929324851828
0.12430000000000001	0.587783147264724
0.1252	0.5866308024339201
0.1261	0.5854723340877319
0.127	0.5843077861361539
0.1279	0.5831372026679871
0.1288	0.5819606279480103
0.1297	0.5807781064141253
0.1306	0.5795896826744898
0.1315	0.5783954015046613
0.13240000000000002	0.5632032146521879
0.1333	0.5482350476778134
0.1342	0.5470818453682613
0.1351	0.5323604594738047
0.136	0.5312254114489526
0.13690000000000002	0.5300851792149914
0.1378	0.5289398053439277
0.1387	0.5145121454397278
0.1396	0.5133856852883151
0.1405	0.5122543381201231
0.1414	0.5111181459427496
0.1423	0.509977150883844
0.1432	0.5088313951884729
0.1441	0.5076809212164783
0.14500000000000002	0.49362118661287735
0.1459	0.49249095101019386
0.1468	0.4913562418241773
0.1477	0.49021710075715813
0.1486	0.4890735696104468
0.1495	0.48792569028174865
0.1504	0.48677350476259196
0.1513	0.4856170551357547
0.1522	0.4844563835726732
0.1531	0.4832915323308794
0.154	0.4821225437514078
0.1549	0.48094946025623897
0.1558	0.47977232434569794
0.1567	0.47859117859591227
0.15760000000000002	0.46508642868782546
0.1585	0.4639280748205507
0.15940000000000001	0.46276593943959476
0.1603	0.44953261116537235
0.1612	0.44839361381246096
0.1621	0.44725105595031334
0.163	0.44610497840707514
0.1639	0.4449554220633362
0.1648	0.4438024278496729
0.16570000000000001	0.4426460367442524
0.1666	0.44148628977041265
0.1675	0.44032322799423906
0.1684	0.43915689252216483
0.1693	0.43798732449856376
0.17020000000000002	0.43681456510333677
0.1711	0.42409907168197386
0.172	0.4229512841024314
0.1729	0.42180051013869785
0.1738	0.4206467899949598
0.17470000000000002	0.4194901638983632
0.1756	0.4183306720967152
0.1765	0.4171683548561817
0.1774	0.41600325245897773
0.17830000000000001	0.4148354052010743
0.1792	0.4136648533899086
0.1801	0.41249163734210914
0.181	0.4113157973812072
0.1819	0.3991274772768288
0.18280000000000002	0.3979782128357476
0.1837	0.3968265126604429
0.1846	0.39567241599683145
0.1855	0.39451596208656897
0.1864	0.3826540953646943
0.18730000000000002	0.38152463639234296
0.1882	0.3803929987887612
0.1891	0.3792592206901369
0.19	0.3781233402179886
0.19090000000000001	0.3769853954770739
0.1918	0.37584542455332254
0.19269999999999998	0.37470346551176587
0.1936	0.37355955639447574
0.1945	0.3724137352185047
0.19540000000000002	0.3712660399738611
0.1963	0.3701165086214564
0.1972	0.3689651790910818
0.1981	0.36781208927939146
0.199	0.366657277047889
0.19990000000000002	0.36550078022093574
0.2008	0.36434263658374144
0.2017	0.36318288388039455
0.2026	0.3620215598118819
0.20350000000000001	0.3608587020341201
0.2044	0.3497722240373206
0.20529999999999998	0.3486385704102573
0.2062	0.3475035349507787
0.2071	0.3463671540818511
0.20800000000000002	0.34522946417320954
0.2089	0.34409050153949094
0.2098	0.3429503024383995
0.2107	0.3418089030688627
0.2116	0.3406663395692185
0.21250000000000002	0.3395226480153909
0.2134	0.33837786441909307
0.2143	0.337232024726029
0.2152	0.3360851648141159
0.21610000000000001	0.33493732049170466
0.217	0.3337885274958291
0.21789999999999998	0.33263882149044083
0.2188	0.3314882380646853
0.2197	0.3303368127311598
0.22060000000000002	0.3199770773373759
0.2215	0.3188563246418115
0.2224	0.3087215618328769
0.2233	0.2987790124202358
0.2242	0.29771945966499463
0.2251	0.2966593285337088
0.226	0.29559865106631045
0.2269	0.29453745922020913
0.2278	0.29347578486880616
0.22870000000000001	0.2924136598000044
0.2296	0.29135111571475625
0.2305	0.2902881842255878
0.2314	0.2892248968551634
0.2323	0.279748271802042
0.2332	0.27871542810858363
0.2341	0.27768233019371885
0.23500000000000001	0.2766490082970117
0.2359	0.27561549256392615
0.2368	0.27458181304449564
0.2377	0.2654433252252813
0.2386	0.26444004077621586
0.2395	0.2634366843041532
0.2404	0.26243328458562454
0.24130000000000001	0.2614298702982306
0.2422	0.2604264700194145
0.2431	0.259423112225238
0.244	0.25841982528917756
0.2449	0.257416637480921
0.2458	0.25641357696518796
0.2467	0.2554106718005536
0.24760000000000001	0.2544079499382853
0.2485	0.25340543922119757
0.2494	0.2448125304065734
0.25029999999999997	0.24384065883793624
0.2512	0.24286907243889116
0.2521	0.24189779778320486
0.253	0.24092686133403513
0.2539	0.23995628944289027
0.2548	0.2389861083485863
0.25570000000000004	0.23801634417622694
0.2566	0.23704702293619204
0.2575	0.2360781705231277
0.25839999999999996	0.23510981271497006
0.2593	0.2341419751719523
0.2602	0.23317468343565184
0.2611	0.2322079629280289
0.262	0.23124183895048653
0.2629	0.2302763366829358
0.26380000000000003	0.22931148118288344
0.2647	0.22834729738451784
0.2656	0.22044120388167057
0.2665	0.21950783348973757
0.26739999999999997	0.21857518608346826
0.2683	0.21089506830569663
0.2692	0.20999280830654204
0.2701	0.20909131737080794
0.271	0.20819061808805905
0.27190000000000003	0.20729073292560143
0.27280000000000004	0.20639168422773033
0.2737	0.2054934942149965
0.2746	0.20459618498347257
0.27549999999999997	0.20369977850403762
0.2764	0.20280429662166924
0.2773	0.20190976105475233
0.2782	0.2010161933943941
0.2791	0.20012361510375212
0.28	0.19923204751737078
0.28090000000000004	0.19834151184053878
0.2818	0.19745202914864274
0.2827	0.19999499242277735
0.28359999999999996	0.1990955101571367
0.2845	0.1981971367238407
0.2854	0.1972998930481579
0.2863	0.1964037999420325
0.2872	0.1955088780720865
0.2881	0.19461514796943993
0.28900000000000003	0.19372263002942486
0.2899	0.19283134451087458
0.2908	0.19194131153559144
0.29169999999999996	0.19105255108785907
0.29259999999999997	0.19016508301387997
0.2935	0.18927892702129065
0.2944	0.18839410267865886
0.2953	0.18751062941500643
0.2962	0.1866285265193379
0.29710000000000003	0.18574781314017758
0.298	0.18486850828512277
0.2989	0.1839906308204066
0.2998	0.1831141994704704
0.30069999999999997	0.18223923281754942
0.3016	0.18136574930127053
0.3025	0.18049376721825927
0.3034	0.17962330472175514
0.3043	0.17875437982124945
0.3052	0.17233367514227957
0.30610000000000004	0.17149495479775276
0.307	0.17065777515214522
0.3079	0.16982215309296714
0.30879999999999996	0.1689881053668477
0.3097	0.16815564857924004
0.3106	0.1673247991941418
0.3115	0.16121576878544291
0.3124	0.16041447293115996
0.3133	0.15961478011097782
0.31420000000000003	0.1588167057171152
0.3151	0.1580202650036139
0.316	0.15722547308612744
0.31689999999999996	0.15643234494171693
0.31779999999999997	0.1556408954086598
0.3187	0.15485113918626411
0.3196	0.15406309083469807
0.3205	0.1532767647748269
0.3214	0.14757901792907363
0.32230000000000003	0.1468214456686714
0.3232	0.14606558087444635
0.3241	0.1480282124431775
0.325	0.14726181079695935
0.32589999999999997	0.14649718818708457
0.3268	0.14100595513902647
0.3277	0.14026966670396995
0.3286	0.13953513724411265
0.3295	0.12972389873828896
0.3304	0.12904082126759667
0.33130000000000004	0.12835942137756828
0.3322	0.1276797103048933
0.3331	0.127001699160961
0.33399999999999996	0.1263253989318439
0.3349	0.12136587942096265
0.3358	0.12071602199714519
0.3367	0.12006784784449061
0.3376	0.11942136709128175
0.3385	0.11877658974482048
0.33940000000000003	0.11813352569146311
0.3403	0.11749218469665869
0.3412	0.11685257640500113
0.34209999999999996	0.11621471034028275
0.34299999999999997	0.11557859590556048
0.3439	0.11494424238322776
0.3448	0.11431165893509342
0.3457	0.11368085460246778
0.3466	0.11305183830626013
0.34750000000000003	0.11242461884707616
0.3484	0.11179920490533228
0.3493	0.11117560504136782
0.35019999999999996	0.11055382769557265
0.35109999999999997	0.10993388118851574
0.352	0.10931577372108499
0.3529	0.10869951337463243
0.3538	0.10808510811112755
0.3547	0.10747256577331586
0.3556	0.1068618940848865
0.35650000000000004	0.10625310065064722
0.35740000000000005	0.105646192956703
0.35829999999999995	0.10504117837064372
0.35919999999999996	0.1008157686630077
0.3601	0.10023545243610911
0.361	0.09965698391511157
0.3619	0.09558337140103157
0.3628	0.09502894174586192
0.3637	0.09108199142356309
0.36460000000000004	0.09055099729764247
0.36550000000000005	0.09002175076335253
0.36639999999999995	0.08949425748988962
0.36729999999999996	0.08896852304209228
0.36819999999999997	0.08844455288067733
0.3691	0.0879223523624758
0.37	0.08740192674067832
0.3709	0.0868832811650849
0.3718	0.0863664206823602
0.37270000000000003	0.08585135023629438
0.37360000000000004	0.08533807466806874
0.37449999999999994	0.08482659871652815
0.37539999999999996	0.0843169270184576
0.37629999999999997	0.08380906410886356
0.3772	0.08330301442126119
0.3781	0.08279878228796783
0.379	0.082296371940399
0.3799	0.08179578750937341
0.3808	0.08129703302541715
0.38170000000000004	0.08080011241907847
0.38260000000000005	0.08030502952124495
0.38349999999999995	0.0798117880634651
0.38439999999999996	0.07932039167827526
0.3853	0.07883084389953315
0.3862	0.07834314816275152
0.3871	0.0778573078054428
0.388	0.07737332606746178
0.3889	0.07689120609135812
0.38980000000000004	0.07087390587343222
0.39070000000000005	0.067756687841525
0.39159999999999995	0.06733157271770712
0.39249999999999996	0.06690812817479588
0.39339999999999997	0.06648635659199631
0.3943	0.06606626026366842
0.3952	0.06564784139966601
0.3961	0.06523110212568045
0.397	0.06481604448358706
0.39790000000000003	0.06440267043179528
0.39880000000000004	0.06399098184560469
0.39969999999999994	0.06358098051756017
0.40059999999999996	0.06317266815781429
0.40149999999999997	0.06276604639449192
0.4024	0.06236111677405806
0.4033	0.06195788076168796
0.4042	0.06310268153114153
0.4051	0.06269453033844137
0.406	0.062288099798613474
0.40690000000000004	0.06188339117146794
0.40780000000000005	0.06148040563412498
0.40869999999999995	0.061079144283115165
0.40959999999999996	0.06067960813477492
0.4105	0.06028179812564123
0.4114	0.05988571511286664
0.4123	0.059491359874613306
0.4132	0.05909873311046497
0.4141	0.0587078354418374
0.41500000000000004	0.05978304732264732
0.41590000000000005	0.0571472162573394
0.41679999999999995	0.056769081998369206
0.41769999999999996	0.056392628805033124
0.41859999999999997	0.0574296690342811
0.4195	0.05629646550352567
0.4204	0.055924554154749576
0.4213	0.05555430123281345
0.4222	0.05518570698883022
0.42310000000000003	0.0561189282818141
0.42400000000000004	0.05574447623007579
0.42489999999999994	0.05537172853496187
0.42579999999999996	0.05500068512379412
0.42669999999999997	0.05463134585144092
0.4276	0.054263710500734356
0.4285	0.053897778782901196
0.4294	0.051512232989824255
0.4303	0.05116355375588894
0.4312	0.05081651070389336
0.43210000000000004	0.050471103293710254
0.43300000000000005	0.05012733091848739
0.43389999999999995	0.04978519290508292
0.43479999999999996	0.0494446885144985
0.4357	0.04910581694231758
0.4366	0.047515363429584484
0.4375	0.047187044409652025
0.4384	0.046860329994758296
0.4393	0.04653521906295163
0.44020000000000004	0.04621171043048858
0.44110000000000005	0.04588980285227523
0.44199999999999995	0.0455694950223105
0.44289999999999996	0.045250785574129884
0.4438	0.04614193180717621
0.4447	0.04582060589115354
0.4456	0.04550088607704213
0.4465	0.045182770870114006
0.4474	0.04486625871625543
0.44830000000000003	0.04455134800256705
0.44920000000000004	0.04423803705775584
0.45009999999999994	0.04392632415258876
0.45099999999999996	0.04361620750036853
0.45189999999999997	0.04330768525736926
0.4528	0.0430007555233024
0.4537	0.04269541634177307
0.4546	0.04239166570074084
0.4555	0.04208950153298049
0.45640000000000003	0.04178892171654247
0.45730000000000004	0.0398978556653213
0.45819999999999994	0.03961200865341534
0.45909999999999995	0.039327676759493016
0.45999999999999996	0.039044857748147886
0.4609	0.03876354933360186
0.4618	0.03848374918015195
0.4627	0.03820545490261764
0.4636	0.03792866406679097
0.4645	0.037653374189883564
0.46540000000000004	0.03737958274097773
0.46630000000000005	0.037107287141475834
0.46719999999999995	0.03683648476555016
0.46809999999999996	0.03656717294059464
0.469	0.0362993489476755
0.4699	0.036033010021983024
0.4708	0.035768153353283115
0.4717	0.03550477608636924
0.4726	0.035242875321515245
0.47350000000000003	0.034982448114927296
0.47440000000000004	0.03472349147919664
0.47529999999999994	0.03446600238375254
0.47619999999999996	0.03420997775531511
0.47709999999999997	0.03395541447834787
0.478	0.03370230939551113
0.4789	0.03345065930811453
0.4798	0.0332004609765706
0.4807	0.03295171112084646
0.48160000000000003	0.0336766458157496
0.48250000000000004	0.03342578603939422
0.48339999999999994	0.03317637852973431
0.48429999999999995	0.03166281453860001
0.48519999999999996	0.030194609017500953
0.4861	0.029968535714962132
0.487	0.029743786806846764
0.4879	0.029520359070823027
0.4888	0.029298249250089815
0.4897	0.02907745405377737
0.49060000000000004	0.028857970157368646
0.49150000000000005	0.028639794203113075
0.49239999999999995	0.028422922800442067
0.49329999999999996	0.029073930030153405
0.4942	0.028853500467703436
0.4951	0.029528950047262074
0.496	0.02817276480874773
0.4969	0.02796098714992504
0.4978	0.027750479322778916
0.49870000000000003	0.02645491244650961
0.49960000000000004	0.02625536209265588
0.5005	0.026057018438564502
0.5014	0.02585987812889886
0.5023	0.02566393778062067
0.5032	0.02444548085840404
0.5041	0.024985468432163756
0.505	0.02479540652830019
0.5059	0.024606515629115477
0.5068	0.024418792256969916
0.5077	0.02423223292202576
0.5085999999999999	0.024046834103313958
0.5095	0.023862592255575073
0.5104	0.022723931798889783
0.5113	0.02254954240106042
0.5122	0.022376249979735887
0.5131	0.02220405106364863
0.514	0.022032942159978412
0.5149	0.021862919754703992
0.5158	0.02169398031295303
0.5167	0.021526120279353543
0.5176	0.02135933607838384
0.5185	0.02119362411472097
0.5194	0.02102898077358903
0.5203	0.020865402421105413
0.5212	0.020702885404627253
0.5221	0.02054142605309629
0.523	0.02038102067738273
0.5239	0.020221665570627576
0.5248	0.020063357008585365
0.5257	0.019906091249964016
0.5266	0.01974986453676473
0.5275	0.019594673094620783
0.5284	0.019440513133134354
0.5293	0.019287380846213162
0.5302	0.019135272412405098
0.5311	0.018984183995232724
0.532	0.0188341117435251
0.5329	0.018685051791750035
0.5337999999999999	0.018537000260343696
0.5347	0.018389953256039888
0.5356	0.01824390687219768
0.5365	0.01809885718912782
0.5374	0.017954800274417853
0.5383	0.018401097135679556
0.5392	0.018254338364866823
0.5401	0.018108591943673005
0.541	0.01796385376571624
0.5419	0.0184776192701748
0.5428	0.017607129755604106
0.5437	0.017467325722594247
0.5446	0.01732848865017327
0.5455	0.017190614564543252
0.5464	0.01705369947870514
0.5473	0.016917739395749785
0.5482	0.016782730309199276
0.5491	0.016648668203295833
0.55	0.01651554905330895
0.5509	0.01638336882584446
0.5518	0.01625212347914292
0.5527	0.016121808963383145
0.5536	0.015992421220981858
0.5545	0.01586395618689235
0.5554	0.015736409788901902
0.5563	0.015609777947926975
0.5572	0.015484056578307375
0.5581	0.01535924158809831
0.5589999999999999	0.015756816928808703
0.5599	0.015013703609382173
0.5608	0.014892597388584628
0.5617	0.014772371130621381
0.5626	0.014653020776715639
0.5635	0.014534542263476207
0.5644	0.01441693152317782
0.5653	0.014848207261352093
0.5662	0.014728270255630754
0.5670999999999999	0.01511609228443337
0.568	0.014993882493768294
0.5689	0.014872573261549537
0.5698	0.01475216028935066
0.5707	0.014632639273874374
0.5716	0.014514005909118709
0.5725	0.01439625588665148
0.5734	0.013727711279498069
0.5743	0.01411122195728887
0.5752	0.013996783091617655
0.5761	0.013883201371219815
0.577	0.013770472549793682
0.5779	0.013658592379467076
0.5788	0.013547556611617181
0.5797	0.01343736099713191
0.5806	0.012879440076946198
0.5815	0.012272951254895656
0.5824	0.012173061319356618
0.5833	0.012073934277489339
0.5841999999999999	0.011975566200060964
0.5851	0.012373532204189222
0.586	0.01227320266825484
0.5869	0.012173640653935704
0.5878	0.012074842176113284
0.5887	0.0119768032571801
0.5896	0.011879519918033822
0.5905	0.011782988181391672
0.5914	0.01168720407202291
0.5922999999999999	0.0115921636169673
0.5932	0.011497862845757482
0.5941	0.01140429779063919
0.595	0.011311464486788311
0.5959	0.011219358972527516
0.5968	0.011127977289540082
0.5977	0.011037315483082231
0.5986	0.010947369602194166
0.5995	0.01085813569990843
0.6003999999999999	0.01076960983345699
0.6013	0.01068178806447626
0.6022	0.010594666459210316
0.6031	0.010508241088712334
0.604	0.010422508029044026
0.6049	0.01033746336147346
0.6058	0.010253103172670747
0.6067	0.010169423554901979
0.6075999999999999	0.01008642060622151
0.6084999999999999	0.010004090430662083
0.6093999999999999	0.009922429138423212
0.6103	0.00963042363168085
0.6112	0.009552071484910754
0.6121	0.009474359298332647
0.613	0.009397283323761323
0.6139	0.009692689317920299
0.6148	0.009613980929107493
0.6156999999999999	0.009535919719071646
0.6165999999999999	0.010062753584922288
0.6174999999999999	0.009982206528580964
0.6184	0.009902317473198837
0.6193	0.009823082525313465
0.6202	0.009744497799041914
0.6211	0.009666559416504156
0.622	0.009589263508030502
0.6229	0.009512606212313528
0.6237999999999999	0.009436583676572454
0.6246999999999999	0.009361192056722513
0.6255999999999999	0.00928642751753173
0.6265	0.009212286232781709
0.6274	0.00913876438542571
0.6283	0.009065858167744774
0.6292	0.008993563781501578
0.6301	0.008921877438092616
0.631	0.008522364472923394
0.6319	0.008135037344694096
0.6327999999999999	0.008070479724034409
0.6336999999999999	0.008006466681857297
0.6345999999999999	0.007942994807855468
0.6355	0.007880060701097768
0.6364	0.007817660970156971
0.6373	0.007755792233235744
0.6382	0.007694451118291118
0.6391	0.007633634263156911
0.64	0.007573338315664703
0.6408999999999999	0.007513559933762998
0.6417999999999999	0.007454295785634617
0.6426999999999999	0.007395542549812576
0.6436	0.007337296915293962
0.6445	0.007279555581652364
0.6454	0.007222315259148545
0.6463	0.006890796314393662
0.6472	0.006836776402755456
0.6481	0.006783226726108851
0.6489999999999999	0.006730144187648482
0.6498999999999999	0.006993537721116403
0.6507999999999999	0.006938980925569037
0.6517	0.006884900344231091
0.6526	0.006831292820600256
0.6535	0.006778155208987916
0.6544	0.006725484374933206
0.6553	0.006673277195295436
0.6562	0.006621530558345819
0.6571	0.006570241363856717
0.6579999999999999	0.006519406523190037
0.6588999999999999	0.006469022959383798
0.6597999999999999	0.006734148199235402
0.6607	0.006682307869210942
0.6616	0.0066309270749721596
0.6625	0.006580002693382236
0.6634	0.0065295316134735895
0.6643	0.006479510736529445
0.6652	0.00642993697616234
0.6660999999999999	0.006380807258393259
0.6669999999999999	0.00633211852172733
0.6678999999999999	0.006283867717229145
0.6688	0.006236051808596005
0.6697	0.006188667772229138
0.6706	0.005930821581644621
0.6715	0.005885983914579518
0.6724	0.005841554740610661
0.6733	0.005797531185778343
0.6741999999999999	0.005753910388793551
0.6750999999999999	0.005710689501097805
0.6759999999999999	0.0056678656869215945
0.6769	0.005625436123341306
0.6778	0.005583398000334492
0.6787	0.005541748520833865
0.6796	0.005500484900779609
0.6805	0.005459604369170339
0.6814	0.005419104168112529
0.6822999999999999	0.0053789815528683844
0.6831999999999999	0.005339233791902419
0.6840999999999999	0.005299858166926452
0.6849999999999999	0.005260851972943107
0.6859	0.005222212518288054
0.6868	0.005183937124670583
0.6877	0.005146023127212922
0.6886	0.005108467874487943
0.6895	0.0050712687285557265
0.6904	0.005034423064998329
0.6912999999999999	0.004997928272953564
0.6921999999999999	0.004961781755147003
0.6930999999999999	0.004925980927922818
0.694	0.004890523221273211
0.6949	0.004855406078866321
0.6958	0.005076515418782692
0.6967	0.005040241021992556
0.6976	0.005004314273063161
0.6985	0.004968732578088856
0.6993999999999999	0.004933493357218408
0.7002999999999999	0.004898594044681609
0.7011999999999999	0.004864032088808178
0.7021	0.004829804952048793
0.703	0.004795910110993581
0.7039	0.0047623450563892685
0.7048	0.004729107293155566
0.7057	0.0046961943403991905
0.7066	0.004663603731427556
0.7074999999999999	0.004631333013760707
0.7083999999999999	0.004430310058070032
0.7092999999999999	0.004399810861893407
0.7101999999999999	0.004369611682505202
0.7111	0.0043397102274106
0.712	0.004310104217649484
0.7129	0.004280791387801414
0.7138	0.0042517694859894005
0.7147	0.004223036273882461
0.7156	0.004194589526696999
0.7164999999999999	0.004166427033197014
0.7173999999999999	0.004138546595693215
0.7182999999999999	0.004110946030040804
0.7192	0.004083623165636312
0.7201	0.004056575845413133
0.721	0.004029801925836033
0.7219	0.004003299276894452
0.7228	0.0039770657820947875
0.7237	0.003951099338451431
0.7245999999999999	0.0039253978564768735
0.7254999999999999	0.004137809528704404
0.7263999999999999	0.004111050562247654
0.7273	0.004084562358048484
0.7282	0.004058342807525185
0.7291	0.00403238981564999
0.73	0.004006701300946651
0.7309	0.0039812751954738206
0.7318	0.003956109444809554
0.7326999999999999	0.003787207793582475
0.7335999999999999	0.003763401042047529
0.7344999999999999	0.0037398384625843767
0.7353999999999999	0.003716518138775686
0.7363	0.003693438166961198
0.7372	0.003670596656217945
0.7381	0.0035115158380363905
0.739	0.0034899172314908997
0.7399	0.0034685420779580344
0.7408	0.003447388615744031
0.7416999999999999	0.0034264550951391515
0.7425999999999999	0.0034057397783946375
0.7434999999999999	0.0033852409396987184
0.7444	0.0036220978253625187
0.7453	0.00360067814816558
0.7462	0.003579478731213498
0.7471	0.003558497854685631
0.748	0.0035377338104509173
0.7489	0.0035171849020524215
0.7497999999999999	0.003496849444676173
0.7506999999999999	0.003476725765124362
0.7515999999999999	0.0034568122017882533
0.7525	0.0034371071046180213
0.7534	0.0034176088350936786
0.7543	0.003398315766194331
0.7552	0.003379226282367136
0.7561	0.003360338779495325
0.757	0.003341651664865528
0.7578999999999999	0.0033231633571342953
0.7587999999999999	0.003304872286293989
0.7596999999999999	0.0032867768936379257
0.7605999999999999	0.0032688756317247585
0.7615	0.0032511669643422495
0.7624	0.003233649366470262
0.7633	0.0034540500887200133
0.7642	0.0034356320147517767
0.7651	0.00329379837048761
0.766	0.00327632044403187
0.7668999999999999	0.003259027261075301
0.7677999999999999	0.0032419173753516074
0.7686999999999999	0.0032249893509644395
0.7696	0.0032082417623539457
0.7705	0.0031916731942578944
0.7714	0.003175282241674724
0.7723	0.003159067509825483
0.7732	0.0033502445874626597
0.7741	0.003333137852761473
0.7749999999999999	0.003316212333924063
0.7758999999999999	0.00329946661611891
0.7767999999999999	0.003282899294706271
0.7777	0.0032665089751992816
0.7786	0.003250294273224007
0.7795	0.003234253814478754
0.7804	0.0032183862346934792
0.7813	0.003202690179588371
0.7822	0.003187164304831535
0.7830999999999999	0.0031718072759966656
0.7839999999999999	0.0030416097355832426
0.7848999999999999	0.0030270036858857075
0.7857999999999999	0.003012556176308075
0.7867	0.0028866093565991313
0.7876	0.0028728686345876925
0.7885	0.0028592766686668827
0.7894	0.0028458322918741455
0.7903	0.0028325343458694024
0.7912	0.0028193816808948138
0.7920999999999999	0.002806373155734135
0.7929999999999999	0.002686566171309046
0.7938999999999999	0.00267419040498248
0.7948	0.0026619497822340703
0.7957	0.002649843240903717
0.7966	0.0026378697267396053
0.7975	0.002626028193358504
0.7984	0.002587554503532942
0.7993	0.0025762442798135977
0.8001999999999999	0.002565060162379265
0.8010999999999999	0.002554001163073353
0.8019999999999999	0.0025430663011707633
0.8029	0.002532254603337417
0.8038	0.0025215651035895214
0.8047	0.0025109968432525
0.8056	0.0025617286467530353
0.8065	0.0025510178078222328
0.8074	0.002540428069580652
0.8082999999999999	0.0024295040979759376
0.8091999999999999	0.002419411381593188
0.8100999999999999	0.002409432139041427
0.8109999999999999	0.0023995654813567416
0.8119	0.0023898105262467775
0.8128	0.002380166398057062
0.8137	0.0023706322277317177
0.8146	0.0025227836046615797
0.8155	0.0025127102273258825
0.8163999999999999	0.0025027504563167593
0.8172999999999999	0.002492903402430125
0.8181999999999999	0.002483168182999987
0.8190999999999999	0.002473543921958882
0.82	0.0024640297497948967
0.8209	0.0026202853141337797
0.8218	0.0027803361387577726
0.8227	0.0027694220496246964
0.8236	0.0027586280405681105
0.8245	0.0027479531745622458
0.8253999999999999	0.0027373965213992493
0.8262999999999999	0.0027269571576431133
0.8271999999999999	0.0026130302193852267
0.8281	0.002603016128553037
0.829	0.0027622242013497435
0.8299	0.0027515715499160515
0.8308	0.0027410340063218656
0.8317	0.0027306106701952535
0.8326	0.002720300651024999
0.8334999999999999	0.002710103062950754
0.8343999999999999	0.002895474970771832
0.8352999999999999	0.0028844737363373494
0.8361999999999999	0.0028735889024179505
0.8371	0.0028628195618692017
0.838	0.0028521648169059378
0.8389	0.0028416237745107265
0.8398	0.002831195547916561
0.8407	0.0028208792565644386
0.8415999999999999	0.002810674026064766
0.8424999999999999	0.0026949806275558814
0.8433999999999999	0.002685140884929202
0.8442999999999999	0.00267540576437853
0.8452	0.0026657744467512992
0.8461	0.0026562461185984784
0.847	0.0026468199721374256
0.8479	0.002637495205214333
0.8488	0.0026282710212666557
0.8497	0.002619146629285415
0.8505999999999999	0.0026101212437774747
0.8514999999999999	0.0026011940847276817
0.8523999999999999	0.0025923643775609367
0.8533	0.002873144539218879
0.8542	0.0028638473262181745
0.8551	0.0028546483553326327
0.856	0.0028455468592621467
0.8569	0.0028365420774686466
0.8578	0.002827633253604642
0.8586999999999999	0.00281881963631159
0.8595999999999999	0.002703098366908829
0.8604999999999999	0.00269455341478337
0.8613999999999999	0.002686098155794561
0.8623	0.0026777318853001687
0.8632	0.002669453903276805
0.8641	0.002661263514288574
0.865	0.002653160027453377
0.8659	0.0026451427564096967
0.8667999999999999	0.002637211019283139
0.8676999999999999	0.0026293641386530135
0.8685999999999999	0.002621601441518955
0.8694999999999999	0.0026139222592674954
0.8704	0.0026063259276386842
0.8713	0.0025988117866927295
0.8722	0.0025913791807766324
0.8731	0.002584027458490858
0.874	0.0025767559726560412
0.8749	0.0025695640802797294
0.8757999999999999	0.0025624511425231043
0.8766999999999999	0.0025554165246678647
0.8775999999999999	0.0025484595960830058
0.8785	0.0025415797301917603
0.8794	0.0024309945460252898
0.8803	0.002424286102954982
0.8812	0.0025755428060484065
0.8821	0.0025682843904478955
0.883	0.0025611021251497833
0.8838999999999999	0.0025539953944057107
0.8847999999999999	0.002546963586350974
0.8856999999999999	0.0025400060929750205
0.8865999999999999	0.002723773822431056
0.8875	0.002716044659950092
0.8884	0.0027083930001138927
0.8893	0.0027008182145300897
0.8902	0.0026933196816453613
0.8911	0.00268589678223729
0.8919999999999999	0.002678548900882617
0.8928999999999999	0.0026712754259246322
0.8937999999999999	0.002664075749445831
0.8946999999999999	0.0026569492672396558
0.8956	0.0026498953787805635
0.8965	0.0026429134871962024
0.8974	0.0026360029992386538
0.8983	0.0026291633252555355
0.8992	0.002786098840666465
0.9001	0.002778622172248323
0.9009999999999999	0.0027712194683104747
0.9018999999999999	0.002763890119672381
0.9027999999999999	0.0027566335197155654
0.9037	0.0027494490654473556
0.9046	0.0027423361574785855
0.9055	0.0027352941999924684
0.9064	0.002728322600717406
0.9073	0.0027214207708994883
0.9082	0.0027145881252742202
0.9090999999999999	0.0026285541764429227
0.9099999999999999	0.0026222191371090536
0.9108999999999999	0.0026159487084869057
0.9117999999999999	0.002609742342020627
0.9127	0.0024929125384139197
0.9136	0.002486790560145682
0.9145	0.0024807291279470333
0.9154	0.002474727725804178
0.9163	0.002468785840696627
0.9171999999999999	0.0024629029625733603
0.9180999999999999	0.0024570785843290367
0.9189999999999999	0.0024513122017803582
0.9198999999999999	0.0024456033136425162
0.9208	0.0024399514215057887
0.9217	0.0024343560298121947
0.9226	0.0024288166458323393
0.9235	0.002423332779642318
0.9244	0.0024179039441007757
0.9252999999999999	0.0024125296548260806
0.9261999999999999	0.002407209430173639
0.9270999999999999	0.0024019427912133073
0.9279999999999999	0.0023967292617069706
0.9289	0.002391568368086227
0.9298	0.002386459639430225
0.9307	0.0023814026074436266
0.9316	0.002376396806434711
0.9325	0.00237144177329362
0.9334	0.002366537047470744
0.9342999999999999	0.0023616821709552664
0.9351999999999999	0.0023568766882538085
0.9360999999999999	0.0023521201463692844
0.9369999999999999	0.0023474120947798607
0.9379	0.0023427520854180733
0.9388	0.0023381396726501152
0.9397	0.002333574413255253
0.9406	0.002329055866405413
0.9415	0.002324583593644935
0.9423999999999999	0.0023201571588704483
0.9432999999999999	0.0023157761283109455
0.9441999999999999	0.0024619149707098727
0.9450999999999999	0.0024569250864498807
0.946	0.0024519831712269133
0.9469	0.0024470887744231927
0.9478	0.0024422414474155234
0.9487	0.0024374407439787596
0.9496	0.002432686220268595
0.9504999999999999	0.0024279774348012315
0.9513999999999999	0.0024233139484351133
0.9522999999999999	0.002418695324352109
0.9531999999999999	0.0024141211280389327
0.9541	0.0024095909272690004
0.955	0.0024051042920838856
0.9559	0.0022854901308132164
0.9568	0.0022809946793875898
0.9577	0.0022765405461167266
0.9586	0.0022721273269868977
0.9594999999999999	0.0022677546201262428
0.9603999999999999	0.0022634220257883825
0.9612999999999999	0.0022591291463362347
0.9621999999999999	0.0022548755862259622
0.9631	0.0022506609519910557
0.964	0.0022464848522266074
0.9649	0.0022423468975737116
0.9658	0.0022382467007040305
0.9667	0.0022341838763045093
0.9675999999999999	0.0022301580410622546
0.9684999999999999	0.0022261688136495706
0.9693999999999999	0.0022222158147091513
0.9702999999999999	0.002218298666839418
0.9712	0.0022144169945800436
0.9721	0.002210570424397626
0.973	0.002206758584671484
0.9739	0.002202981105679686
0.9748	0.0021992376195851863
0.9756999999999999	0.0021955277604221277
0.9765999999999999	0.0021918511640823275
0.9774999999999999	0.0021882074683019174
0.9783999999999999	0.002069899155334728
0.9793	0.002066217136548609
0.9802	0.0020625664126197596
0.9811	0.0020589466442176105
0.982	0.002055357493765814
0.9829	0.002051798625430217
0.9838	0.002048269705107047
0.9846999999999999	0.002209718337309381
0.9855999999999999	0.0022054754496317963
0.9864999999999999	0.002201264745468199
0.9873999999999999	0.002197085878413006
0.9883	0.002192938503888952
0.9892	0.002188822279130809
0.9901	0.0021847368631758234
0.991	0.002180681916853616
0.9919	0.0021766571027740924
0.9927999999999999	0.0021726620853181034
0.9936999999999999	0.0021686965306267803
0.9945999999999999	0.0021647601065909014
0.9954999999999999	0.0021608524828409565
0.9964	0.0021569733307370284
0.9973	0.002153122323358948
0.9982	0.002149299135496474
0.9991	0.0021455034436397152
1.0	0.002141734925969592
1.009	0.002105474719939558
1.018	0.0022163206865101004
1.027	0.0021775371906096663
1.036	0.0022727650853614076
1.045	0.0025890642764266458
1.054	0.002837679300675173
1.063	0.0029157183950108455
1.072	0.002845493596608901
1.081	0.002777763711518444
1.09	0.0026366861406705187
1.099	0.0025316560701138884
1.108	0.002469351546417971
1.117	0.0024087214261877855
1.126	0.00247573111344124
1.135	0.0025915558889878167
1.144	0.0025197494341531192
1.153	0.002383200321329244
1.162	0.002317437732422949
1.171	0.002252748727490001
1.18	0.0022841163556234943
1.189	0.0023770188838120763
1.198	0.0025136196510049664
1.207	0.0024277308111827164
1.216	0.0023434211087995003
1.225	0.002260648207889349
1.234	0.002289976425121169
1.2429999999999999	0.0022076598681847076
1.252	0.0019899024046700496
1.261	0.002174937923315806
1.27	0.0022355338990182076
1.279	0.0021459662574997455
1.288	0.0020583098488985746
1.297	0.002055768244166556
1.306	0.002066793628112895
1.315	0.001975917437921213
1.3239999999999998	0.001990639922626904
1.333	0.0019010739884766348
1.342	0.0018140654981060869
1.351	0.0016242183507182454
1.3599999999999999	0.0016175995478630537
1.369	0.001636785144172021
1.378	0.001707785740863269
1.387	0.0014783097766405966
1.396	0.0014035246113279028
1.405	0.001379090672870353
1.414	0.0012285539379990333
1.423	0.0012499438083946786
1.432	0.0011825907590618365
1.4409999999999998	0.0011183624006931895
1.45	0.001047394763377087
1.459	0.0009905504209234673
1.468	0.0008499281590420636
1.4769999999999999	0.0010436374383993449
1.486	0.0009839765729133688
1.4949999999999999	0.0009333469353187837
1.504	0.0009750781246425863
1.513	0.0009252128477158816
1.5219999999999998	0.0008713820281699467
1.531	0.0008269518539298817
1.54	0.0008694448727446717
1.549	0.0008257886242269694
1.5579999999999998	0.0007846195032564138
1.567	0.0008099448501354658
1.576	0.0008208257367980456
1.585	0.0007500536213964887
1.5939999999999999	0.0007829673781990895
1.603	0.0007471488321404144
1.612	0.0007048453586513963
1.621	0.0009242702750607275
1.63	0.001094293170381639
1.6389999999999998	0.0011630893941637949
1.648	0.0012123679306991029
1.657	0.0011750830070666326
1.666	0.0010656242487152654
1.6749999999999998	0.00103685595523461
1.684	0.0010602022843092178
1.693	0.0010337389508112897
1.702	0.0011253596537933565
1.7109999999999999	0.0010758438406346827
1.72	0.0010528883331283002
1.729	0.0010312350756589853
1.738	0.0010108526302287655
1.7469999999999999	0.0009917136574175566
1.7559999999999998	0.0011072827551189847
1.765	0.0010856207213552017
1.774	0.001359720846205219
1.783	0.0015015426242389824
1.7919999999999998	0.0014702709963482512
1.801	0.0014437202494740845
1.81	0.0014104932558564778
1.819	0.001589064922180651
1.8279999999999998	0.001997871600484491
1.837	0.0020323265657125507
1.846	0.001994187286524902
1.855	0.0019575350588919736
1.8639999999999999	0.00190728648920315
1.8729999999999998	0.0018744815925529708
1.882	0.0018432236569300132
1.891	0.0018135521390526504
1.9	0.0014650145909688081
1.9089999999999998	0.0014469506453942292
1.918	0.0014412167576373222
1.927	0.0014247532739323297
1.936	0.001410177687913679
1.9449999999999998	0.001397521358621092
1.954	0.0013365409234683784
1.963	0.001329976605964973
1.972	0.0013254037327752708
1.9809999999999999	0.0013228565775158325
1.9899999999999998	0.0013223711514263779
1.9989999999999999	0.00125436621228365
2.008	0.0013025893355919935
2.017	0.001509000942051877
2.026	0.0015141840388655328
2.035	0.0015217260655138723
2.0439999999999996	0.0016274002645619006
2.053	0.0016366093402861166
2.062	0.0018451036135044856
2.0709999999999997	0.0018529124973400396
2.08	0.0018634653807382705
2.089	0.0019064733474763573
2.098	0.0019154931237548034
2.107	0.0019276783346987639
2.1159999999999997	0.0019318128007934077
2.125	0.0019645229537968005
2.134	0.001987591751710492
2.143	0.002013837454229926
2.152	0.002168200982092624
2.1609999999999996	0.0021942609578361203
2.17	0.002548856839867813
2.179	0.002583986556843399
2.1879999999999997	0.0026224503370716108
2.197	0.0026642667810069845
2.206	0.002726284536785755
2.215	0.0027741932920494713
2.224	0.0028186395908887303
2.2329999999999997	0.002905851204684261
2.242	0.002921155092490617
2.251	0.002971888353555065
2.26	0.003026172877697227
2.269	0.0030839880411499955
2.2779999999999996	0.003145306842042579
2.287	0.003210095364679739
2.296	0.003278312251730284
2.3049999999999997	0.0033410075679809067
2.314	0.003418479185247239
2.323	0.0034992795033384387
2.332	0.00358332389136625
2.341	0.003670517411588658
2.3499999999999996	0.003862777354393611
2.359	0.003945099751498952
2.368	0.004179206535551376
2.377	0.0043558934491991575
2.386	0.004437665578592523
2.3949999999999996	0.004316382788211277
2.404	0.004204999225749761
2.413	0.004660349284200141
2.4219999999999997	0.004758406976219735
2.431	0.004823663134699396
2.44	0.005017486233497134
2.449	0.005086308140539121
2.458	0.00515580160010066
2.4669999999999996	0.0052580010221840055
2.476	0.005325790470149399
2.485	0.005394002466468386
2.4939999999999998	0.005395148163211968
2.503	0.005554260073906513
2.5119999999999996	0.0056134124811386054
2.521	0.0056724953517145816
2.53	0.005731331194342546
2.5389999999999997	0.005530220603646358
2.548	0.005325206209312938
2.557	0.005381569409196706
2.566	0.005437292757553186
2.575	0.0052473254322458075
2.5839999999999996	0.005478424015339371
2.593	0.005531961822953337
2.602	0.005694197791678541
2.6109999999999998	0.005745190569509968
2.62	0.00579464195478478
2.6289999999999996	0.00584237775249114
2.638	0.0058882276271426245
2.647	0.005704671799895066
2.6559999999999997	0.006405180123380464
2.665	0.006430188650416986
2.674	0.006544089331934186
2.683	0.00690263701759984
2.692	0.006603817332777832
2.7009999999999996	0.006597668323779931
2.71	0.00648316678490259
2.719	0.006477146351926711
2.7279999999999998	0.006455903966557967
2.737	0.006406761801270161
2.7459999999999996	0.006189449845221629
2.755	0.006273031848123392
2.764	0.006248496781417539
2.7729999999999997	0.006567013342942335
2.782	0.006526469325764008
2.791	0.006482852294751853
2.8	0.006200820597561464
2.809	0.005845606956317515
2.8179999999999996	0.005799397815932252
2.827	0.005750579589907901
2.836	0.005699232350740621
2.8449999999999998	0.0056454410623991485
2.854	0.005664010345276318
2.8629999999999995	0.005601552446838996
2.872	0.005537040041975032
2.881	0.005426463020875037
2.8899999999999997	0.005359834672172601
2.899	0.00506664884251033
2.908	0.005198355869189162
2.917	0.005150978878059592
2.926	0.004668289503792371
2.9349999999999996	0.0048239858283740345
2.944	0.0047331013529200855
2.953	0.004818878276879685
2.9619999999999997	0.004718755139909093
2.971	0.004711500905904721
2.9799999999999995	0.004505962321150396
2.989	0.004180867354467088
2.9979999999999998	0.004219424667948053
3.0069999999999997	0.004126538706306704
3.016	0.0038682528842128084
3.025	0.003724596742434097
3.034	0.0036361541004998757
3.0429999999999997	0.0035491857536480444
3.052	0.0034616616839988463
3.061	0.0032927853299021845
3.07	0.003095474760280963
3.0789999999999997	0.0029901126677543987
3.0879999999999996	0.0028628708990538145
3.097	0.002790866726482674
3.106	0.0027201853463024914
3.1149999999999998	0.002650846130748965
3.1239999999999997	0.0025828651650610683
3.133	0.002516255375649485
3.142	0.0025598769397372294
3.151	0.002495626855218158
3.1599999999999997	0.0023436930406540964
3.169	0.002167509556346861
3.178	0.0021142698298627837
3.187	0.0021059418187689806
3.1959999999999997	0.002052871377521782
3.2049999999999996	0.0018301322029464007
3.214	0.0017836898108236716
3.223	0.0017383718268418832
3.2319999999999998	0.001621402329594331
3.2409999999999997	0.001580037461076546
3.25	0.0015397083491507572
3.259	0.0015004005373986196
3.268	0.0013914792249278666
3.2769999999999997	0.001356885761034209
3.286	0.0013231792407695127
3.295	0.0011950741372960998
3.304	0.0011045053767403678
3.3129999999999997	0.0010776692627535345
3.3219999999999996	0.0010857195589686385
3.331	0.0010583450738233544
3.34	0.0010317682896704425
3.3489999999999998	0.0010059694190620095
3.3579999999999997	0.0010482599855686707
3.367	0.001020775364698564
3.376	0.0009572600638410444
3.385	0.0009325976573984154
3.3939999999999997	0.0008831915982599379
3.403	0.0008616066926560419
3.412	0.0008678058113321203
3.421	0.0007617210668588299
3.4299999999999997	0.0006853976126809805
3.4389999999999996	0.0006311874930222375
3.448	0.0006182481656503013
3.457	0.0006057483193833018
3.4659999999999997	0.0005689402571978703
3.4749999999999996	0.0005584025256462377
3.484	0.0005658386323518976
3.493	0.0005549851284093326
3.502	0.0005444695034613192
3.5109999999999997	0.0005342792648800382
3.52	0.0005244025719019895
3.529	0.0005509928082445073
3.538	0.0005403272119890283
3.5469999999999997	0.000496574078226672
3.5559999999999996	0.0004861759698280663
3.565	0.0004543250342332509
3.574	0.0004450934089341119
3.5829999999999997	0.0004912029810164657
3.5919999999999996	0.00048092343619032585
3.601	0.00047094938248504
3.61	0.00044519246770158933
3.6189999999999998	0.00043725806431908667
3.6279999999999997	0.00042953777202684454
3.637	0.00042320165987609366
3.646	0.00041472917239756093
3.655	0.0004046386594672957
3.6639999999999997	0.00037720523384728076
3.6729999999999996	0.0004017893524043719
3.682	0.00039463343062099825
3.691	0.0003876427487629719
3.6999999999999997	0.0003808158573330182
3.7089999999999996	0.00045674628329972814
3.718	0.00040659718978576216
3.727	0.0003913817577751412
3.7359999999999998	0.0003862451853988022
3.7449999999999997	0.00037883579234975607
3.754	0.0003715942698761335
3.763	0.00036452357937060423
3.772	0.00038677753587909976
3.7809999999999997	0.00036433819626402605
3.7899999999999996	0.00035847252144757103
3.799	0.0003569882516046602
3.808	0.00035319804238204437
3.8169999999999997	0.000348542297849192
3.8259999999999996	0.0003439674663618937
3.835	0.00033947227881560304
3.844	0.000335055751151156
3.8529999999999998	0.0003551589345193701
3.8619999999999997	0.0003413496736227052
3.871	0.0004395240696390943
3.88	0.00038413747662883227
3.889	0.00037852123947405657
3.8979999999999997	0.00037182570689341457
3.9069999999999996	0.0003654558415836863
3.916	0.00035940075961797844
3.925	0.0003496195541378105
3.9339999999999997	0.0003633784299227739
3.9429999999999996	0.0003536065847999681
3.952	0.0003474853597533095
3.961	0.0003383576010972131
3.9699999999999998	0.00032975194113647456
3.9789999999999996	0.0003216461585667263
3.988	0.00033265975346705813
3.997	0.00032437140483304903
4.006	0.0003165956994306706
4.015	0.0003093096719086861
4.023999999999999	0.000289604467955364
4.0329999999999995	0.0002834327116135036
4.042	0.00027932951465021994
4.051	0.00028151620383632964
4.06	0.00027621247969708204
4.069	0.00031984611101210417
4.077999999999999	0.00031513596302100384
4.087	0.0003108347847699469
4.096	0.0003069177031090085
4.105	0.0003003729238155157
4.114	0.00029223425551846364
4.122999999999999	0.00028891530210434707
4.132	0.00028594529035806454
4.141	0.0002833023524934967
4.15	0.0002945601416938932
4.159	0.0002987398428532889
4.167999999999999	0.0002956904347262937
4.177	0.0002929735249411526
4.186	0.00030928407247056324
4.195	0.0002950805774952123
4.204	0.0002924148404571225
4.212999999999999	0.0002900010128141707
4.2219999999999995	0.0002772737453607852
4.231	0.00027516710575714907
4.24	0.00027325982618199975
4.249	0.00027133680821354487
4.257999999999999	0.00026741431329650235
4.2669999999999995	0.00026423900355496556
4.276	0.00026700844476338113
4.285	0.00026648717006546083
4.294	0.0002660869307496432
4.303	0.00026688959233356536
4.311999999999999	0.00026681275449242335
4.321	0.00027135573262023627
4.33	0.0002716397864340132
4.339	0.0002556652989228241
4.348	0.00025893046622059565
4.356999999999999	0.00025855660642626035
4.366	0.00027856229050794023
4.375	0.0002765875370783928
4.384	0.0002763523440116827
4.393	0.00027439632221402623
4.401999999999999	0.00027751664509130416
4.411	0.00027544751756604905
4.42	0.0002720221344390823
4.429	0.0002707776131470639
4.438	0.00026917643980994653
4.446999999999999	0.00026719108039742083
4.4559999999999995	0.00026601540488840544
4.465	0.0002650725523176217
4.474	0.0002694852548151241
4.483	0.00026996786185203004
4.491999999999999	0.0002696722306171864
4.5009999999999994	0.00028373528039233773
4.51	0.00028285648926336474
4.519	0.0002822641481865879
4.528	0.00028194476407650927
4.537	0.0002818850640405311
4.545999999999999	0.00026667152483930885
4.555	0.0002670634585153407
4.564	0.00026766813796928106
4.5729999999999995	0.00026847324424487
4.582	0.00026946660430291456
4.590999999999999	0.00026163197289556887
4.6	0.0002531321494261632
4.609	0.00028426851129087293
4.618	0.0002848101671999839
4.627	0.00030481675161418996
4.635999999999999	0.00030459156877904117
4.645	0.0003044994069800653
4.654	0.00030453220193254994
4.663	0.0003046820459513068
4.672	0.00030494119602308164
4.680999999999999	0.0003053020832962633
4.6899999999999995	0.0003056611263028263
4.699	0.0003062455386873288
4.708	0.00029153271654562204
4.717	0.00029201055450816025
4.725999999999999	0.00029127889778256196
4.734999999999999	0.00029066163171140573
4.744	0.00034059030522535583
4.753	0.00040481323676462723
4.762	0.00037281997928845337
4.771	0.00036991151365294207
4.779999999999999	0.0003672051328651431
4.789	0.00041093826472003893
4.798	0.00040671705745808296
4.8069999999999995	0.0004027149628026193
4.816	0.00039892944775301225
4.824999999999999	0.00039535784788627767
4.834	0.00038115419768041466
4.843	0.00037065539837701335
4.852	0.00034704721810030297
4.861	0.0003801330514576075
4.869999999999999	0.00037717255501528915
4.879	0.00037963188121025587
4.888	0.0003932180265176049
4.897	0.00033726224410995925
4.906	0.00033523050685728547
4.914999999999999	0.00033355441017599507
4.9239999999999995	0.0003322222380976741
4.933	0.00032467116615572954
4.942	0.0003235332436903178
4.951	0.0003387439763367516
4.959999999999999	0.000337948788412691
4.968999999999999	0.0003375037286299465
4.978	0.00033572846718937
4.987	0.00033587511775096476
4.9959999999999996	0.0003616039006598907
5.005	0.0003476433072749975
5.013999999999999	0.00034697979896954317
5.023	0.0003466852499004092
5.032	0.0003393022264887838
5.0409999999999995	0.00033913655382542755
5.05	0.0003515309434236018
5.058999999999999	0.00035122213962898605
5.068	0.000351300631520838
5.077	0.00035174859575527897
5.085999999999999	0.0003525482502875004
5.095	0.0003578032509107659
5.104	0.00035370168426551545
5.1129999999999995	0.0003560470933885616
5.122	0.000358718210892318
5.130999999999999	0.00038043896031478947
5.14	0.00039354482956390695
5.149	0.00040943106194063565
5.1579999999999995	0.0004194107023054247
5.167	0.00042250394264594374
5.175999999999999	0.00042612546623314445
5.185	0.0004546976773871548
5.194	0.00048447586674663545
5.202999999999999	0.0004870101153854771
5.212	0.0004901091586728316
5.221	0.0004937414644655147
5.2299999999999995	0.0004978751860494702
5.239	0.00047021049131675354
5.247999999999999	0.00047528473500734256
5.257	0.00048075621914098573
5.266	0.0004865918653992551
5.2749999999999995	0.0004919470870996812
5.284	0.0004983777359642313
5.292999999999999	0.0004910435666399953
5.302	0.0004742135238232513
5.311	0.00048016853848854125
5.319999999999999	0.0004862445007272847
5.329	0.000492409092621448
5.338	0.0004891561987052433
5.3469999999999995	0.0004660646985243899
5.356	0.00046357129991344984
5.364999999999999	0.0004697723034342546
5.374	0.00045035681748169937
5.383	0.00045534773260492225
5.3919999999999995	0.00047056344799360815
5.401	0.0004751801438468702
5.409999999999999	0.00047969614437160066
5.419	0.0005641875632369266
5.428	0.0005670298306163792
5.436999999999999	0.0005692181848925836
5.446	0.0005712190149798284
5.455	0.0005730127516634654
5.4639999999999995	0.0005745811271335312
5.473	0.0005856489923925947
5.481999999999999	0.0006103832130793096
5.491	0.0006097291987538168
5.5	0.0006173871777042234
5.5089999999999995	0.0006155555764164975
5.518	0.0006136542336012968
5.526999999999999	0.0006116718236287476
5.536	0.0006095979936186479
5.545	0.0006074233873503343
5.553999999999999	0.000605139672991488
5.563	0.0006079746658991829
5.572	0.0006048535639169026
5.5809999999999995	0.0006016812239577565
5.59	0.0005984510790392691
5.598999999999999	0.0005893127940782549
5.608	0.0005856461341260978
5.617	0.0005820737064828699
5.6259999999999994	0.0005554350940722166
5.635	0.0004947362874664434
5.643999999999999	0.000492421555521818
5.653	0.0004901850763372199
5.662	0.00048801850758267533
5.670999999999999	0.00048591388855795067
5.68	0.000499941599462564
5.689	0.000496139345182601
5.6979999999999995	0.0004924586808553522
5.707	0.0004923787421291039
5.715999999999999	0.0004889473915715202
5.725	0.0004856456116708733
5.734	0.0004824674459682976
5.742999999999999	0.0004732424901411611
5.752	0.0004363159853966908
5.760999999999999	0.00043470632267145914
5.77	0.0004429913510590933
5.779	0.00045710522051703537
5.787999999999999	0.000456105022297037
5.797	0.00046343972898521356
5.806	0.00046142814845366527
5.8149999999999995	0.0004445993530795881
5.824	0.00043386788880883767
5.832999999999999	0.00043260742515949604
5.842	0.00043142713791951285
5.851	0.0004303215469964234
5.859999999999999	0.0004124228464823472
5.869	0.00043608376371615366
5.877999999999999	0.0004339584744873439
5.887	0.0004257358230609385
5.896	0.0004103228437509014
5.904999999999999	0.00040808147789026385
5.914	0.0004058776214269449
5.923	0.00040648038780561637
5.9319999999999995	0.00040385747461246677
5.941	0.00039258695408120586
5.949999999999999	0.0003899723066582977
5.959	0.0003874798643407669
5.968	0.00034455917171971064
5.976999999999999	0.0003493932767827066
5.986	0.0003370728398675299
5.994999999999999	0.0003098297198608238
6.004	0.00028612443735095543
6.013	0.0002831914379888939
6.021999999999999	0.00028043813969005297
6.031	0.0002778625562198989
6.04	0.0003616099756038683
6.0489999999999995	0.0003583284472768433
6.058	0.00035517601814054957
6.066999999999999	0.0003521518422175559
6.076	0.0003492547245637835
6.085	0.00031437992681641983
6.093999999999999	0.0003121666685196957
6.103	0.0003100706279583823
6.111999999999999	0.0003080895626483301
6.1209999999999996	0.0003062209692699648
6.13	0.0003411361515103621
6.138999999999999	0.0003389664941609813
6.148	0.00031890168043625575
6.157	0.0002904084218221133
6.1659999999999995	0.00028853650466318927
6.175	0.00028673319756843693
6.183999999999999	0.00028499800202548233
6.193	0.00028333020162602023
6.202	0.00026928439532713784
6.210999999999999	0.0002674720558318067
6.22	0.0002657240375619395
6.228999999999999	0.0002599289405248778
6.2379999999999995	0.0002581892809078985
6.247	0.00025650762328042977
6.255999999999999	0.0002548826682884359
6.265	0.00028151065817484417
6.274	0.0002790695935237931
6.2829999999999995	0.00027670856108318303
6.292	0.00027442635357462236
6.300999999999999	0.00027222158461611133
6.31	0.0002700927022233454
6.319	0.00026803800043729615
6.327999999999999	0.0002660556312357897
6.337	0.00026789643091378474
6.345999999999999	0.00026579715347579616
6.3549999999999995	0.00026380532102706115
6.364	0.00026191742077580246
6.372999999999999	0.000260129801114655
6.382	0.00025218782521812074
6.391	0.0002506769890471931
6.3999999999999995	0.0002676478514419173
6.409	0.0002667755056537966
6.417999999999999	0.0002585043451432828
6.427	0.0002565841740815306
6.436	0.0002452053934639324
6.444999999999999	0.00024371676698598543
6.454	0.00024241561302955946
6.462999999999999	0.00024769557925658056
6.4719999999999995	0.0002514300406898445
6.481	0.0002492850290453304
6.489999999999999	0.00030074898447830155
6.499	0.00029891547840617093
6.508	0.00029734699452997707
6.5169999999999995	0.0002960301223521751
6.526	0.0002949513184107182
6.534999999999999	0.00029409690101672
6.544	0.0002911339460680968
6.553	0.00029081954013579904
6.561999999999999	0.00027910851080297026
6.571	0.000273643818183652
6.579999999999999	0.00026293361721667184
6.5889999999999995	0.0003009678153498804
6.598	0.00030136418405863464
6.606999999999999	0.0003018258419726777
6.616	0.0003023386436821844
6.625	0.0002511365933640439
6.6339999999999995	0.00023082324738894145
6.643	0.00023555345069577245
6.651999999999999	0.00024149529254630355
6.661	0.00026376392507177046
6.67	0.00028564886727723126
6.678999999999999	0.00026362290698581537
6.688	0.00026343463213801435
6.696999999999999	0.00026701503657598893
6.7059999999999995	0.00026718945803283896
6.715	0.0002673907922970896
6.723999999999999	0.0002676045750293845
6.733	0.00026781665318232505
6.742	0.0002762349406667719
6.7509999999999994	0.00028885523115922633
6.76	0.0003003842660556805
6.768999999999999	0.00029901500762035326
6.778	0.00028641248836874924
6.787	0.00028483669921616035
6.795999999999999	0.0002833070176279101
6.805	0.00028181234568559874
6.813999999999999	0.000280342007844108
6.8229999999999995	0.0002864005561864978
6.832	0.00029151026490570114
6.840999999999999	0.00028967889770013355
6.85	0.00028540228128279917
6.859	0.000283724600499944
6.867999999999999	0.00028205084898794223
6.877	0.00028941832681517
6.885999999999999	0.00029223835839411376
6.895	0.000291141923775447
6.904	0.0002890157297229289
6.912999999999999	0.0002869415424063721
6.922	0.00028491083528007095
6.930999999999999	0.00027586121106366754
6.9399999999999995	0.00027384073439108697
6.949	0.0002718142354747263
6.957999999999999	0.00024533717170385213
6.967	0.00024214627036394588
6.976	0.0002200785914524304
6.984999999999999	0.00021764842581694353
6.994	0.00021523843720582553
7.002999999999999	0.00021086384646274467
7.012	0.00020865448661122206
7.021	0.00020644887441899213
7.029999999999999	0.0002042474602533301
7.039	0.00020205090165621454
7.047999999999999	0.00019420464841485717
7.0569999999999995	0.00020028469164299937
7.066	0.00023712645485902593
7.074999999999999	0.00023416770862365611
7.084	0.00023119668005952315
7.093	0.000248680689457714
7.101999999999999	0.0002986101562999553
7.111	0.00029291677552677274
7.119999999999999	0.00029583152110171476
7.129	0.00028991523658040784
7.138	0.00028475563925646025
7.146999999999999	0.0002791339628081767
7.156	0.0002737177956672266
7.164999999999999	0.00026850692568018296
7.1739999999999995	0.0003058549701720102
7.183	0.00029931846344274655
7.191999999999999	0.0002930925858161551
7.201	0.00028717249348173966
7.21	0.00027921123207864246
7.218999999999999	0.00027407645782540795
7.228	0.00027762280405187005
7.236999999999999	0.00027238353708995076
7.2459999999999996	0.00026746500591084163
7.255	0.00026285804188591806
7.263999999999999	0.00028382911631758125
7.273	0.0002777822465421217
7.281999999999999	0.0002721217228169018
7.2909999999999995	0.0002668356147571901
7.3	0.0002554620758537261
7.308999999999999	0.0002919385176515478
7.318	0.00028589634332324933
7.327	0.00028464460863578096
7.335999999999999	0.00028861827031301766
7.345	0.00028905558753519446
7.353999999999999	0.0002840703044366358
7.3629999999999995	0.0002947163298197474
7.372	0.00029019832288787456
7.380999999999999	0.00028209752781189524
7.39	0.00027906314041493204
7.398999999999999	0.00027651501118426723
7.4079999999999995	0.0002744302342124334
7.417	0.00026487081301526053
7.425999999999999	0.0002557353836632981
7.435	0.00025470346533731485
7.444	0.0002596797132207826
7.452999999999999	0.0002595191326788112
7.462	0.00025284735473629015
7.470999999999999	0.0002531211126281711
7.4799999999999995	0.0002536839370935261
7.489	0.0002442474719793155
7.497999999999999	0.00024488763491301024
7.507	0.00024574814991379417
7.515999999999999	0.00026206977336843106
7.5249999999999995	0.0002631052596590073
7.534	0.0002735355465061108
7.542999999999999	0.0002799293584685553
7.552	0.00028085034204105083
7.561	0.00025161454508961406
7.569999999999999	0.0002525526580786361
7.579	0.0002456119551021291
7.587999999999999	0.00024697606888456595
7.5969999999999995	0.0002485054041597981
7.606	0.00025018325236635634
7.614999999999999	0.00025199290022280205
7.624	0.00025391763946755843
7.632999999999999	0.00025594078369985866
7.6419999999999995	0.00025804569175740666
7.651	0.0003119551319222844
7.659999999999999	0.0003215658754194331
7.669	0.0003224619166775349
7.678	0.0003010744503525927
7.686999999999999	0.0003022829047662183
7.696	0.00030347364760214217
7.704999999999999	0.00030314133822836745
7.7139999999999995	0.0003043295107231813
7.723	0.00028067783986648176
7.731999999999999	0.00028268576515981303
7.741	0.00028297480549767753
7.749999999999999	0.00028321464908941606
7.7589999999999995	0.00028339680443944767
7.768	0.0002835133875962538
7.776999999999999	0.00028355714834080425
7.786	0.00028352149519760814
7.795	0.0002834005168252613
7.803999999999999	0.0002831890002905715
7.813	0.0002911811045689798
7.821999999999999	0.0002905049679310436
7.8309999999999995	0.00031678771802214035
7.84	0.000311093209459312
7.848999999999999	0.0003055471920353254
7.858	0.0003032923344882974
7.866999999999999	0.00035535760211780293
7.8759999999999994	0.0003513459158813698
7.885	0.00034728160368173596
7.893999999999999	0.0003431719243047448
7.903	0.0003466105875291301
7.911999999999999	0.00034215423771306164
7.920999999999999	0.0003409312459855239
7.93	0.00033635306618057264
7.938999999999999	0.0003413140522308022
7.9479999999999995	0.00033669597565927286
7.957	0.0003321930758121319
7.965999999999999	0.00030002189030089733
7.975	0.0002958814328847129
7.983999999999999	0.00028271319143502536
7.992999999999999	0.00027292794129481804
8.001999999999999	0.0002694638338153201
8.011	0.00024525728527938565
8.02	0.00022893786294805898
8.029	0.00025512689473038044
8.038	0.0002517627230411312
8.047	0.00024851961518059304
8.056	0.0002517104822111186
8.065	0.00022959380161833724
8.074	0.00022679683210175726
8.082999999999998	0.0002241490388491874
8.091999999999999	0.00022164990827767638
8.100999999999999	0.00021929871008048442
8.11	0.00023296502372756954
8.119	0.00023053278586538902
8.128	0.00021933452410323597
8.137	0.00021728120452960627
8.145999999999999	0.00020999223966906624
8.155	0.00023150536331610288
8.164	0.00022886539113359854
8.172999999999998	0.00022634870237043102
8.181999999999999	0.00025453700449538317
8.190999999999999	0.00025193412391004487
8.2	0.0002494369373628051
8.209	0.000247046008374278
8.218	0.00024476165360528786
8.227	0.000251103470349413
8.236	0.00024899172370553447
8.245	0.00024700916517518616
8.254	0.00024515428378281764
8.262999999999998	0.00024342534313808513
8.271999999999998	0.00024849768589192163
8.280999999999999	0.0002560549012996897
8.29	0.0002585536310179954
8.299	0.0002574209465153362
8.308	0.0002566177837521146
8.317	0.00025574793735977657
8.326	0.0002454486660182899
8.334999999999999	0.00024521372969330945
8.344	0.00024518621581361345
8.353	0.00024535699618215767
8.361999999999998	0.0002457167704379675
8.370999999999999	0.00025091105355118224
8.379999999999999	0.00025172899925664325
8.389	0.00025273292529606045
8.398	0.0002539119778026147
8.407	0.00025525512469865626
8.416	0.00024517218041447523
8.425	0.00024157331826151835
8.434	0.00024288541631839626
8.443	0.00024437456359257165
8.451999999999998	0.00024119191074571772
8.460999999999999	0.00022021771775651499
8.469999999999999	0.00022175147007643702
8.479	0.0002234240452858105
8.488	0.00021330145832594897
8.497	0.00021532571371073959
8.506	0.00021746527632620705
8.515	0.00021970877165501955
8.524	0.0002339774567747218
8.533	0.00022852871261855095
8.542	0.00023897514921457396
8.550999999999998	0.00024010771027912052
8.559999999999999	0.0002319835607138941
8.568999999999999	0.00022749824180700657
8.578	0.00022863200429986072
8.587	0.0002270925845402755
8.596	0.00024265498992471663
8.605	0.0002424121443320714
8.613999999999999	0.0002714379347585025
8.623	0.0002750005454466596
8.632	0.0002740729963374654
8.640999999999998	0.00027328178521832775
8.649999999999999	0.00027390984116123243
8.658999999999999	0.0002730453325116095
8.668	0.0002723482150386185
8.677	0.00027180711509268977
8.686	0.00027141062105675873
8.695	0.00028680089322956695
8.704	0.0002802401272181564
8.713	0.00027973882720688776
8.722	0.00027940041154143
8.730999999999998	0.00026608209504065965
8.739999999999998	0.0002660433294902243
8.748999999999999	0.00026612582717958853
8.758	0.00026458132783918896
8.767	0.00026494822251210356
8.776	0.0002654033460668069
8.785	0.00026593400711969937
8.794	0.00026652757501239823
8.802999999999999	0.0002671715059961463
8.812	0.00026785337192825835
8.821	0.00026856089121711746
8.829999999999998	0.0002595003464032593
8.838999999999999	0.00026025916794073135
8.847999999999999	0.0002834309877003805
8.857	0.0002735861964789226
8.866	0.00027322336685422615
8.875	0.00027286460237160734
8.884	0.0002725007496148401
8.893	0.0002721229866575949
8.902	0.0002717228490195496
8.911	0.000271292255278652
8.919999999999998	0.000278046091348988
8.928999999999998	0.00030312241878021663
8.937999999999999	0.0003013042207730327
8.947	0.00029946501567716617
8.956	0.00029760009071522913
8.965	0.00029570514812101773
8.974	0.00027909299538629795
8.983	0.00028661944758523694
8.991999999999999	0.0002797885288300521
9.001	0.0002782363995785019
9.01	0.00028673306324029853
9.019	0.0002848611864077934
9.027999999999999	0.0002830241114548779
9.036999999999999	0.0002812158894798926
9.046	0.00028726136750017274
9.055	0.00028507691554881194
9.064	0.00028290338908107567
9.072999999999999	0.0002742340557322957
9.081999999999999	0.0002804750272070719
9.091	0.00027866678247871166
9.1	0.0002622473963756377
9.109	0.00025207681913334503
9.117999999999999	0.0002507324781375126
9.126999999999999	0.00025062946225903746
9.136	0.00024947337196166975
9.145	0.0002483227955355714
9.154	0.0002175561532463806
9.163	0.00021646104033157463
9.171999999999999	0.00021536869762907678
9.181	0.00021541809089180858
9.19	0.00021415500975514745
9.199	0.00021291991753766778
9.208	0.0002121437733797636
9.216999999999999	0.00021089937081339197
9.225999999999999	0.00020970094484588383
9.235	0.00020885920369531513
9.244	0.0002077422917588121
9.253	0.00020667814807857906
9.261999999999999	0.00023793359306367856
9.270999999999999	0.00023545052378744699
9.28	0.00023299459894704337
9.289	0.00023056420062509005
9.298	0.0002281578316584974
9.306999999999999	0.00022922677097619477
9.315999999999999	0.00022696947184566602
9.325	0.0002509469593309995
9.334	0.0002449839624674789
9.343	0.0002422928520573956
9.351999999999999	0.00023960635652319615
9.360999999999999	0.00023692477082740322
9.37	0.00023424852250961324
9.379	0.00023399368156223538
9.388	0.0002308880410962711
9.397	0.0002357374598193774
9.405999999999999	0.00024041437226654695
9.415	0.00023710748456572627
9.424	0.00023844248599502258
9.433	0.00023498021539175755
9.442	0.00023167306432870298
9.450999999999999	0.00022851721210485443
9.459999999999999	0.00022550868663289046
9.469	0.00022264337821206094
9.478	0.0002131202591698043
9.487	0.00021687464543115363
9.495999999999999	0.00020769151521964554
9.504999999999999	0.00021003243938355856
9.514	0.00020401300003945844
9.523	0.0002015090388724862
9.532	0.00020232054862862704
9.540999999999999	0.0001931439798633696
9.549999999999999	0.0001908668894617679
9.559	0.0001868876646969765
9.568	0.00017789839892361735
9.577	0.0001762928300566243
9.585999999999999	0.0001748231097864857
9.594999999999999	0.00017348363497601767
9.604	0.00017793889148237597
9.613	0.00016851988109440783
9.622	0.0001676098696542845
9.631	0.00015740179274613815
9.639999999999999	0.00015435694232200553
9.649	0.0001448914600367781
9.658	0.0001418616391776054
9.667	0.00012232559604296293
9.676	0.00012229907083831837
9.684999999999999	0.00011288238549135884
9.693999999999999	0.00011171650017000529
9.703	0.00010955551446260005
9.712	0.0001102412824401724
9.721	0.00011101269504887552
9.729999999999999	0.0001139879574067194
9.738999999999999	0.00011493911728156023
9.748	0.00011596828670186892
9.757	0.0001170675236353944
9.766	0.00011586209530064743
9.774999999999999	0.00011699838102480121
9.783999999999999	0.00011268630639696972
9.793	0.00011375952286841152
9.802	0.0001148679673534038
9.811	0.00011945430590306282
9.819999999999999	0.0001205987160360604
9.828999999999999	0.0001254563768503168
9.838	0.0001265159108309175
9.847	0.00012760103125946594
9.856	0.00012870377275712967
9.865	0.00012285789725448122
9.873999999999999	0.00012388458248756794
9.883	0.00012490640782021855
9.892	0.00012932850621035703
9.901	0.00013002502422852246
9.91	0.00013071410455833504
9.918999999999999	0.00013138939218802908
9.927999999999999	0.0001403432437809396
9.937	0.0001471288651888624
9.946	0.00014973102323072028
9.955	0.00014922949037871706
9.963999999999999	0.00014549103467568976
9.972999999999999	0.00014529631087993548
9.982	0.00015436335534620168
9.991	0.00015316615190412528
10.0	0.0001524724108364924
10.09	0.00014944744052092004
10.18	0.0001586635826993128
10.27	0.00015407899092431058
10.36	0.00017610156658299568
10.45	0.00016047168297770304
10.54	0.00016270341040368577
10.63	0.00014300216880938654
10.72	0.00016986478900529037
10.81	0.0001554821341393788
10.9	0.0001568301925437885
10.99	0.000172246260413211
11.08	0.00012910531006088692
11.17	0.0001253158321886756
11.26	0.00015625510981760399
11.35	0.000127199984181874
11.44	0.00013081370616193844
11.53	0.00016704618455322235
11.62	0.00018872869086453757
11.71	0.00018176440865339414
11.8	0.00022024128957732027
11.89	0.0002277227280321768
11.98	0.00022727344498218104
12.07	0.00020287934321417485
12.16	0.00019992501194529859
12.25	0.00021298985509946158
12.34	0.000156756119310115
12.43	0.00013881134021866137
12.52	0.00010484040006818269
12.61	0.00011045945940963675
12.7	0.00013830516181310965
12.79	0.0001716233797834459
12.879999999999999	0.0001631138357409791
12.969999999999999	0.00015418166645948282
13.06	0.00017013360845346588
13.15	0.00018196410432146489
13.24	0.00020963853327670532
13.33	0.00021176262674392905
13.42	0.0001875255761850785
13.51	0.00018404693020012634
13.6	0.00017582407625451642
13.69	0.00022220432803874871
13.78	0.00020078845521935207
13.87	0.00019291381963454872
13.96	0.00018276608422322326
14.05	0.00017436380466676825
14.14	0.00016395969950600638
14.23	0.00019511799135080816
14.32	0.00019508282021956305
14.41	0.00017386522713667366
14.5	0.00017506043783317948
14.59	0.00016972449255507271
14.68	0.00018637503725668576
14.77	0.0002098886385657253
14.86	0.00017273902558727415
14.95	0.0001398451940999081
15.04	0.00013351351876915592
15.129999999999999	0.00013049932289471066
15.219999999999999	0.0001227966170080563
15.309999999999999	0.00012146488075102589
15.399999999999999	0.00012008949841891746
15.49	0.0001569795115653228
15.58	0.0001709640052656892
15.67	0.00018644248048235967
15.76	0.0001911678635133019
15.85	0.00017420129218357494
15.94	0.000176908725466238
16.03	0.000181137899993481
16.12	0.0001718311979103498
16.21	0.0001889010878148961
16.3	0.00019532648809199687
16.39	0.00018528728409323276
16.48	0.00020514567343500435
16.57	0.000162917400057699
16.66	0.00018509769230622735
16.75	0.00019859710314417317
16.84	0.00021139533039635938
16.93	0.0002163190070940871
17.02	0.00022051910723686324
17.11	0.00020688498118289812
17.2	0.00018493204577305753
17.29	0.00015714039161758876
17.38	0.00013740119331178663
17.47	0.00012795565022978233
17.56	0.0001201175805723006
17.65	0.00016163989819518082
17.74	0.00017535837576511086
17.83	0.0001899203091822212
17.92	0.0002008080834441938
18.009999999999998	0.00018437408889176188
18.1	0.0001911360335229691
18.189999999999998	0.00021425219007724697
18.28	0.00022039029270842742
18.369999999999997	0.0001830386482571047
18.46	0.0001730544726271234
18.549999999999997	0.0001381564792238877
18.64	0.0001437208829359835
18.73	0.00016795621480070872
18.82	0.0001755301803318286
18.91	0.00019578631544911863
19.0	0.0002401612684699174
19.09	0.000267623564950226
19.18	0.00028991848326691386
19.27	0.00022578528255202292
19.36	0.00018369391306584233
19.45	0.000180642466638121
19.54	0.0001956103275863187
19.63	0.00018904953004887371
19.72	0.00019443085075196922
19.810000000000002	0.0001921051429191715
19.9	0.00018228906636782573
19.990000000000002	0.00016225537639792873
20.08	0.00019551927506555105
20.17	0.00018943328449524087
20.259999999999998	0.0002222082028119509
20.35	0.00024347894917187707
20.439999999999998	0.0002494651360229317
20.53	0.00026095185550595047
20.619999999999997	0.0002642136171259721
20.71	0.00027944758183510396
20.799999999999997	0.0003043571886573278
20.89	0.00033722632035100824
20.98	0.00028795485433548765
21.07	0.0002099652814689905
21.16	0.0001914689809551443
21.25	0.00015112696250516735
21.34	0.00018106065166856907
21.43	0.00018879090030405918
21.52	0.00017111234749794344
21.61	0.00014684716406263186
21.7	0.0001511621249176386
21.79	0.00015836039864459462
21.88	0.00021011958535567773
21.97	0.00024625679361952154
22.06	0.0002681551858839003
22.15	0.000237030734905658
22.240000000000002	0.00020982070537058748
22.33	0.00017655238253663755
22.42	0.00016395468851716227
22.509999999999998	0.00022199909333147605
22.6	0.00017396207867507638
22.689999999999998	0.00016504954261737753
22.78	0.00019914952450736923
22.869999999999997	0.00016043480919317667
22.96	0.00015333133129690767
23.049999999999997	0.00015010089108337082
23.14	0.00016107093130861318
23.229999999999997	0.00017951708751044246
23.32	0.00016159292022022398
23.41	0.0001562832957069122
23.5	0.0001522913021617001
23.59	0.00011218041263368095
23.68	0.00013050493830735112
23.77	0.00016383243149438315
23.86	0.000179434836006766
23.95	0.000200834777551958
24.04	0.00023095410554709533
24.13	0.00025609853757071105
24.22	0.0002565827285485833
24.31	0.0003268726940993913
24.4	0.00030475200445286607
24.490000000000002	0.0002458418243992175
24.58	0.00025324832260989846
24.67	0.00023575176483694194
24.759999999999998	0.0002565096108052678
24.85	0.00023081473366580945
24.939999999999998	0.00022516491753026246
25.03	0.00022073019926925361
25.119999999999997	0.00024157752519206573
25.21	0.00023976851784403725
25.299999999999997	0.0002138479853200298
25.39	0.00020040228715058423
25.479999999999997	0.0001787549358949109
25.57	0.00018568514326362692
25.66	0.0002034764440661152
25.75	0.00021588123411642532
25.84	0.00023569125492385926
25.93	0.00022849722794926648
26.02	0.00019989577295297524
26.11	0.0001840480650636771
26.2	0.0001683464995702539
26.29	0.00015385064423048295
26.38	0.00015556127608505222
26.47	0.00017302792115034152
26.56	0.00017866990350453817
26.65	0.00019309987848256248
26.74	0.00019349242605873205
26.83	0.00026293505388706517
26.919999999999998	0.0002152873524712955
27.009999999999998	0.0002014205759324822
27.099999999999998	0.00021032583031531572
27.189999999999998	0.00017371379910974982
27.28	0.0001557814694346722
27.37	0.00014276643487728488
27.46	0.00013058661119654197
27.55	0.00015144062088704425
27.64	0.00016950442644534186
27.73	0.00019710613644310639
27.82	0.00015951355776979348
27.91	0.00014319206616710507
28.0	0.00014026511401669334
28.09	0.0001674904831644867
28.18	0.00014968550167690313
28.27	0.00015747902605501972
28.36	0.00015311466142394023
28.45	0.00017676388465428256
28.54	0.00023890158103866585
28.63	0.00022337621888856538
28.72	0.00022886112391424046
28.81	0.00024305319454336554
28.9	0.00021422400173990369
28.99	0.00025836958446611254
29.08	0.00019823856703262964
29.169999999999998	0.00019659350271935
29.259999999999998	0.00023684767311401265
29.349999999999998	0.0002347382418235914
29.439999999999998	0.00023102688061052244
29.529999999999998	0.00018058813936094455
29.62	0.0001665700229848185
29.71	0.00015508074800674656
29.8	0.00012862403715872855
29.89	0.00013463067911116626
29.98	0.00014133029580361563
30.07	0.000146605144946895
30.16	0.00013030733331813335
30.25	0.00018206740390311742
30.34	0.00016799841937277296
30.43	0.00018734341990898467
30.52	0.0001859857128451379
30.61	0.0002258919659918367
30.7	0.00018060897440134907
30.79	0.00017343056619930063
30.88	0.00016741810327143645
30.97	0.00017833338421313974
31.06	0.0002134482566236437
31.15	0.00020022432683683642
31.24	0.00021372173377428327
31.33	0.0001954771945725045
31.419999999999998	0.0001969658056120842
31.509999999999998	0.0001778485572897643
31.599999999999998	0.00018048366025035062
31.689999999999998	0.00018597314288259706
31.779999999999998	0.00020465869580599914
31.869999999999997	0.0001949489527548173
31.96	0.00013855700792256528
32.05	0.00012822270619527545
32.14	0.0001290750276685089
32.230000000000004	0.000215319206871844
32.32	0.00020804006374078182
32.41	0.00014809654182633465
32.5	0.00016128408138994379
32.59	0.00018383397172024854
32.68	0.00017398860162946505
32.769999999999996	0.00024530626658429553
32.86	0.00024470566322674
32.95	0.0001926933808703455
33.04	0.0001852893788025849
33.129999999999995	0.00017873385996857057
33.22	0.00015271222408465607
33.31	0.0001603413180755087
33.4	0.00019929059868135446
33.489999999999995	0.00021194947652932063
33.58	0.00016234917529082618
33.67	0.0002093220909214929
33.76	0.0002241256603111556
33.849999999999994	0.00029756664662448456
33.94	0.00026664291057243157
34.03	0.00023006473110709084
34.12	0.00025693684700652485
34.21	0.00022967799193859294
34.3	0.0002458328817584146
34.39	0.0002367212460732829
34.480000000000004	0.00031674813503513357
34.57	0.0002894937521036509
34.66	0.0002497325442491497
34.75	0.00018664701032265266
34.84	0.00023544919731027352
34.93	0.00022123670987672593
35.019999999999996	0.00017925560299150906
35.11	0.0001897910324658154
35.2	0.00018200623835503256
35.29	0.00017397135822123133
35.379999999999995	0.00024180683263198095
35.47	0.00018820600180875517
35.56	0.00016737610341865895
35.65	0.00015841118031967479
35.739999999999995	0.00013059908432691097
35.83	0.00012935819406974326
35.92	0.00013607898470772826
36.01	0.00017306718407607424
36.099999999999994	0.00016227823707528493
36.19	0.00019114183114631532
36.28	0.0001905901470686373
36.37	0.00024647434683540393
36.459999999999994	0.00024374948236286374
36.55	0.00021166040245514285
36.64	0.00016456309792686424
36.730000000000004	0.00017270247585233855
36.82	0.0001587034729852224
36.91	0.00016520692463393527
37.0	0.00014971832346611868
37.09	0.00017443659312002072
37.18	0.00019559478333526357
37.269999999999996	0.0001685462137583679
37.36	0.00014881267421657085
37.45	0.0001496912562630089
37.54	0.00016391074504421978
37.629999999999995	0.00015862835402378683
37.72	0.0001600647114778507
37.81	0.00017177003000458203
37.9	0.00019518118865255587
37.989999999999995	0.000193098312993957
38.08	0.0001648994231488677
38.17	0.00015599571351160958
38.26	0.00016664614212397104
38.349999999999994	0.0001802691044945415
38.44	0.0001910505911405739
38.53	0.00025822262181016944
38.62	0.00020388436028187238
38.709999999999994	0.00018393935339591004
38.8	0.0001482949534977825
38.89	0.00015034203018636055
38.980000000000004	0.00014880932078465317
39.07	0.00016881829655075565
39.16	0.00020636843098535742
39.25	0.00017649628470709454
39.34	0.00019370285272619892
39.43	0.00017392568457160222
39.519999999999996	0.00019622977721516952
39.61	0.00019676368775824703
39.7	0.00019902510420217702
39.79	0.0002303728993254823
39.879999999999995	0.0002460258280782153
39.97	0.0002381112020173797
40.06	0.0002711870088424956
40.15	0.00024008108491094121
40.239999999999995	0.00021942914838593732
40.33	0.00022693242693726912
40.42	0.0002285234999450742
40.51	0.00017245698559300245
40.599999999999994	0.0001589810980514225
40.69	0.00014200181447401357
40.78	0.00011746297458782522
40.87	0.00012726293250141154
40.959999999999994	0.00016557004982432297
41.05	0.0001607045911331355
41.14	0.0001483618772868192
41.230000000000004	0.0001463099956534107
41.32	0.00016177549938924717
41.41	0.0001809379118695043
41.5	0.00018626890660770177
41.59	0.00018787493367529364
41.68	0.0001682877752336023
41.769999999999996	0.00018460183698532683
41.86	0.00017468149487764095
41.95	0.0002012408025613488
42.04	0.00021293227296642793
42.129999999999995	0.0002292181105988149
42.22	0.00018319484182310582
42.31	0.00016257495658266266
42.4	0.00012949609411412103
42.49	0.00012190388445897657
42.58	0.00015334098404617212
42.67	0.0002072611183487237
42.76	0.00019694982980503125
42.85	0.0001868195685050766
42.94	0.00018525154718745056
43.03	0.00018860825257500114
43.12	0.00021466747071985243
43.21	0.0002039712526933572
43.3	0.00016950736108409874
43.39	0.00017977077350260788
43.48	0.00020787150735982916
43.57	0.00022020957544983982
43.66	0.00021666950705635497
43.75	0.00019456877716221566
43.839999999999996	0.00027171164048538353
43.93	0.00025162117745733387
44.019999999999996	0.00021392113650160058
44.11	0.00019893821491581744
44.199999999999996	0.00021193310487919908
44.29	0.00023283899616917378
44.379999999999995	0.00025429293847530656
44.47	0.0002923729627183633
44.56	0.00024288790323931066
44.65	0.000230356686269141
44.74	0.00022046372511010928
44.83	0.0002657286685663769
44.92	0.0002505602967731043
45.01	0.0002427967374772333
45.1	0.0002558511817315164
45.19	0.00017066004892431062
45.28	0.000156864806581452
45.37	0.00014975680159536246
45.46	0.0001633338053402529
45.55	0.00020839270607730988
45.64	0.00022646258923492916
45.73	0.00025132834622123754
45.82	0.00021912710662305962
45.91	0.00021088011445016724
46.0	0.00023703342368516493
46.089999999999996	0.0002842648011738481
46.18	0.00026691850792447727
46.269999999999996	0.00025436313159840233
46.36	0.0002791939339842208
46.449999999999996	0.0002894620473592174
46.54	0.0003126062268162357
46.629999999999995	0.00031812000707401317
46.72	0.0002600077176884166
46.809999999999995	0.0002862371423813856
46.9	0.00027444561650341115
46.99	0.00025587765507522925
47.08	0.00027434971979886424
47.17	0.00025519665623827126
47.26	0.0002615225269457202
47.35	0.00022421187702365814
47.44	0.0002189835146242156
47.53	0.00021965611808755293
47.62	0.00014713343503783925
47.71	0.0001175104743260792
47.8	0.00010845504487315493
47.89	0.00010159492006919456
47.98	0.00011293380002958679
48.07	0.00013297164144110082
48.16	0.0001424419783368051
48.25	0.0001557618462833174
48.339999999999996	0.00016079457636024633
48.43	0.00015539777497239072
48.519999999999996	0.00016592495749622607
48.61	0.00017042823189528198
48.699999999999996	0.0002048541975511977
48.79	0.00022694633087775706
48.879999999999995	0.00024953819792603135
48.97	0.0002801739920427125
49.059999999999995	0.00025744567108472113
49.15	0.0002051291932536103
49.24	0.0001815162723547387
49.33	0.000187176627052676
49.42	0.0001822129819329879
49.51	0.00017399324308743278
49.6	0.00016497843191093294
49.69	0.00016350795177693474
49.78	0.0001918368666070067
49.87	0.0002005181119456566
49.96	0.00019233063135831293
50.05	0.00018610877118788296
50.14	0.00017982626848595906
50.23	0.00018957874537589792
50.32	0.00016531336252611698
50.41	0.0002117239846080485
50.5	0.00021783839187025417
50.589999999999996	0.00022995841194851845
50.68	0.00025093888175845095
50.769999999999996	0.00021262910723400733
50.86	0.00020581010348433905
50.949999999999996	0.00017745867724371932
51.04	0.00017212516107719658
51.129999999999995	0.0001986709110731703
51.22	0.00019936280439925185
51.309999999999995	0.00019413473562704487
51.4	0.00022751424150694615
51.49	0.00019572058174407016
51.58	0.0001739105073003015
51.67	0.00017805011528301422
51.76	0.00020945112849971793
51.85	0.0002658761091818284
51.94	0.00026485551065785285
52.03	0.00023678432308175216
52.12	0.00021684229650644296
52.21	0.00022477630104808286
52.3	0.00019382307983366418
52.39	0.00024728700427719563
52.48	0.0002887836400681402
52.57	0.0002486930773774331
52.66	0.00022893386097592528
52.75	0.00022163814203214166
52.839999999999996	0.00019065686081275548
52.93	0.0001710159780327024
53.019999999999996	0.00017289358131993514
53.11	0.00017010437000771394
53.199999999999996	0.0002549512948724606
53.29	0.00025382837841235445
53.379999999999995	0.00023752992790455717
53.47	0.000184920221896423
53.559999999999995	0.00020018891529292467
53.65	0.00019884058220413772
53.739999999999995	0.00023538569089330403
53.83	0.000276519370311984
53.92	0.0002558040342004931
54.01	0.00021863836260576982
54.1	0.00019606977037449705
54.19	0.00014862334734878883
54.28	0.00015043117925153259
54.37	0.00012857445933125218
54.46	0.00016555883874252482
54.55	0.00016166134153159487
54.64	0.00017689643431952816
54.73	0.00017727805607050534
54.82	0.00023368539270200958
54.91	0.00020487848464616809
55.0	0.00016775404916425887
55.089999999999996	0.00014443360925656007
55.18	0.00015699214666382562
55.269999999999996	0.00016313468742921593
55.36	0.00019303578063025595
55.449999999999996	0.00022652478649348698
55.54	0.00021733563786942542
55.629999999999995	0.00020378111070751013
55.72	0.00016975419297159087
55.809999999999995	0.00020462073613383434
55.9	0.00016767076469848864
55.989999999999995	0.00018161945337250192
56.08	0.00019642577488358174
56.17	0.00022048273646662768
56.26	0.00022209964483768823
56.35	0.00021949044751605655
56.44	0.00023182553200886945
56.53	0.00022360602941597137
56.62	0.00028544623982248215
56.71	0.0002678275220592262
56.8	0.0002641631270112532
56.89	0.00024384950869789796
56.98	0.0002154729781534511
57.07	0.00021778943867674868
57.16	0.0002254366558287931
57.25	0.00021171818146874304
57.339999999999996	0.0002129355271132641
57.43	0.00020934029270426713
57.519999999999996	0.00015542786293345053
57.61	0.000188228752639424
57.699999999999996	0.00015092304504018053
57.79	0.00015067722877400334
57.879999999999995	0.00016626988995116143
57.97	0.00019067812323988876
58.059999999999995	0.00021108198472034482
58.15	0.00022199461985848327
58.239999999999995	0.00021330671675355895
58.33	0.00022429790523818135
58.42	0.00021626466808023992
58.51	0.00022725628964993805
58.6	0.00022201982345963964
58.69	0.00018078703739259595
58.78	0.00015227552628147755
58.87	0.00014383209544141244
58.96	0.0001447707027228571
59.05	0.00020215763487913368
59.14	0.00020736680215489284
59.23	0.00020705621754026068
59.32	0.00021201060383975356
59.41	0.0002167177282793578
59.5	0.00020939257723328575
59.589999999999996	0.0001936284535689493
59.68	0.00017043001432120395
59.769999999999996	0.00014042407567178204
59.86	0.000127288998080844
59.949999999999996	0.00014907056465372615
60.04	0.00016971100183711755
60.129999999999995	0.00015191816408893896
60.22	0.00016713953766346964
60.309999999999995	0.00014928219450726106
60.4	0.00014948262985755312
60.489999999999995	0.00016747274327731768
60.58	0.00015456640560023636
60.669999999999995	0.00016751733902396133
60.76	0.00021549326858443017
60.85	0.00023657393742625813
60.94	0.00026323100309219355
61.03	0.0002639043705877717
61.12	0.00023386059293928392
61.21	0.0002484305121049094
61.3	0.000220309118894961
61.39	0.00022062119184867063
61.48	0.00021630260478373162
61.57	0.00017400724566099995
61.66	0.0001798499563467802
61.75	0.00015352137845071157
61.839999999999996	0.00016659040533135568
61.93	0.0001800812881796285
62.019999999999996	0.00017842661595107156
62.11	0.000153834177497882
62.199999999999996	0.00017804052756152297
62.29	0.00015185959331260007
62.379999999999995	0.0001644901622300562
62.47	0.00016246913197277396
62.559999999999995	0.00017553729942418363
62.65	0.00017429159830111937
62.739999999999995	0.0001571722027239024
62.83	0.00013113418692902083
62.919999999999995	0.0001355700707782716
63.01	0.00013526690111534197
63.1	0.00012945452583325098
63.19	0.00011272101344780057
63.28	0.00010277781045945143
63.37	0.0001152589288703336
63.46	0.00016465700644816575
63.55	0.00019335223629399776
63.64	0.000202474070979657
63.73	0.00020136934897160678
63.82	0.0002374908820023515
63.91	0.00022068361205325926
64.0	0.00022111353536914005
64.09	0.0002565754152074212
64.18	0.00019299071602117186
64.27	0.00016844195996417415
64.36	0.00010982956415022581
64.44999999999999	0.00013378576914971693
64.53999999999999	0.00014021763865684913
64.63	0.0001476888878139058
64.72	0.00017055590956537017
64.81	0.0001858865586545621
64.9	0.00021315015663291747
64.99	0.00018956563081655854
65.08	0.00018202673966788142
65.16999999999999	0.00017895568800957258
65.25999999999999	0.00016216657512738443
65.35	0.0001522445026107762
65.44	0.00013614433473560356
65.53	0.0001429043431037924
65.62	0.0001695792489014603
65.71000000000001	0.00014747200396490683
65.8	0.00013128096693213826
65.89	0.00012462123732906815
65.97999999999999	0.00011266000313480267
66.07	0.00012012121250244897
66.16	0.00014419726915873758
66.25	0.0001845003842227622
66.34	0.000192992324244704
66.43	0.00023230631817307845
66.52	0.00021628332859388656
66.61	0.00021638635284654977
66.69999999999999	0.00021622928086659283
66.78999999999999	0.0002443305905925013
66.88	0.00022205994479583134
66.97	0.00020925941496956698
67.06	0.00019547598588017426
67.15	0.00020312919625746349
67.24	0.00022397216819220427
67.33	0.00021969201840303204
67.41999999999999	0.00019237030802729456
67.50999999999999	0.00015657774248070846
67.6	0.00015260995803805644
67.69	0.00021599071955037878
67.78	0.00021756306619468346
67.87	0.00023838443412090764
67.96000000000001	0.00020622839864593923
68.05	0.00021299790255056527
68.14	0.0002092594060802509
68.22999999999999	0.00020475842278338838
68.32	0.00018071138522554521
68.41	0.0002061837744303916
68.5	0.0002368153081704756
68.59	0.00024002241139519048
68.68	0.00023835788585509972
68.77	0.0002203905670315995
68.86	0.0001976576360139125
68.94999999999999	0.00018110420772572098
69.03999999999999	0.00017213654367009392
69.13	0.00018114138505719967
69.22	0.00018743999750971203
69.31	0.0002046561533129079
69.4	0.00021491927471079295
69.49	0.00020954615325980599
69.58	0.00022727639354083178
69.66999999999999	0.0002418160891637714
69.75999999999999	0.0002760069206909302
69.85	0.000285879215429965
69.94	0.00028461832323147646
70.03	0.00027292782908823503
70.12	0.0002616914074986492
70.21000000000001	0.00022879416857056502
70.3	0.00021524823154475353
70.39	0.00020864260037308882
70.47999999999999	0.0002084920870220859
70.57	0.00021561510066799705
70.66	0.00019581610422050115
70.75	0.00021655633442183348
70.84	0.00021691734982273207
70.93	0.0001870151877892294
71.02	0.00018092035998709335
71.11	0.00016149998758251206
71.19999999999999	0.00016640437328257143
71.28999999999999	0.00017354953126210197
71.38	0.00012350481988119728
71.47	0.00014618822922842832
71.56	0.0001955740975577962
71.65	0.00018671719323696992
71.74	0.00019867062312325785
71.83	0.00020245526281581437
71.91999999999999	0.00022680171006589787
72.00999999999999	0.0002028920821978249
72.1	0.00017622746195282432
72.19	0.00015480186562791807
72.28	0.00016625317324529855
72.37	0.00020437176377410065
72.46000000000001	0.00017127281036221639
72.55	0.00017609533857980468
72.64	0.00020180908751877522
72.72999999999999	0.0002779974930603212
72.82	0.00025721481631831716
72.91	0.00020169831626208642
73.0	0.0002187988019074576
73.09	0.00020809584409353538
73.18	0.0001985928663701399
73.27	0.00021128138186077595
73.36	0.00018308711351193923
73.44999999999999	0.00017495292246984725
73.53999999999999	0.00015309145825319172
73.63	0.00016561504270912715
73.72	0.00015818427834347697
73.81	0.00014219556463680448
73.9	0.00020241539767576518
73.99	0.00020259845966467076
74.08	0.0001890636163783272
74.17	0.00017811698601763847
74.25999999999999	0.00016783380513921695
74.35	0.0001641923991555682
74.44	0.0001645896333880029
74.53	0.00015739392111274828
74.62	0.00016486213877050417
74.71	0.00017416568120210235
74.8	0.00021430328746370786
74.89	0.0002055581149905506
74.98	0.000246493901237806
75.07	0.00025043337934616607
75.16	0.0002481050812082769
75.25	0.00023922819848460724
75.34	0.00021856406219122922
75.42999999999999	0.00022474616401119325
75.52	0.00024062003212057124
75.61	0.00019999295483061227
75.7	0.00017013783776498317
75.78999999999999	0.00019665715660787493
75.88	0.00020198581980373305
75.97	0.0001838093723719331
76.06	0.00020745330119614335
76.14999999999999	0.00022943217676942
76.24	0.0002537574045094261
76.33	0.00020543067003086433
76.42	0.00020578710931789743
76.50999999999999	0.0002111037336980007
76.6	0.00022809857071675232
76.69	0.0002745094689692592
76.78	0.00028515408914176886
76.87	0.00024152339335399385
76.96	0.00019004161805859555
77.05	0.00016337092126178108
77.14	0.00015344531272441195
77.23	0.00014911754150852827
77.32	0.00015370676906234577
77.41	0.0001323182643997416
77.5	0.00013967616734248764
77.59	0.00016456542205756268
77.67999999999999	0.00016665831930570672
77.77	0.00018774868341386088
77.86	0.00019548995396033442
77.95	0.00019314135679644452
78.03999999999999	0.00018934469493069367
78.13	0.00017048470655514888
78.22	0.0001956336903495507
78.31	0.0001951255001189359
78.39999999999999	0.0001458608489232232
78.49	0.00016921132861020448
78.58	0.00020018324458130916
78.67	0.00017447806899238138
78.75999999999999	0.00017403931313644298
78.85	0.0001758649811893472
78.94	0.00018885490636422187
79.03	0.0002128382390810358
79.12	0.00021994243101017285
79.21	0.00022924979541796085
79.3	0.000219785645770717
79.39	0.0002375471579987959
79.48	0.00031835608747365126
79.57	0.000267569558733899
79.66	0.00024294554423920795
79.75	0.0002673437682855235
79.84	0.00022471170638864132
79.92999999999999	0.00020128371188280852
80.02	0.00019157842399088898
80.11	0.00020070185085173392
80.2	0.00021067261951441345
80.28999999999999	0.00019433315489637796
80.38	0.00016552736109915056
80.47	0.00018428342538907787
80.56	0.00020962292065203025
80.64999999999999	0.00018633636793402664
80.74	0.00021180981947686482
80.83	0.00018203167020301457
80.92	0.000169900888641949
81.00999999999999	0.00017010793976226826
81.1	0.0001822108036077583
81.19	0.00019394265596055254
81.28	0.00020639900216380978
81.36999999999999	0.000189899368437003
81.46	0.00017973500655541147
81.55	0.00020186829056753467
81.64	0.00019159077716091798
81.73	0.00021140601607199408
81.82	0.00022501841903781647
81.91	0.0002486399615992349
82.0	0.00024128081425182189
82.09	0.00025995768694803974
82.17999999999999	0.00030364677122684603
82.27	0.00033872969171721033
82.36	0.00032349838057717657
82.45	0.0003093319154657901
82.53999999999999	0.0002722649529053793
82.63	0.00029467226889427675
82.72	0.0002610665994214172
82.81	0.0002287941084691904
82.89999999999999	0.00019733497391796054
82.99	0.00016522328825238216
83.08	0.00013988588916544724
83.17	0.00015077729995546132
83.25999999999999	0.00014795754212834907
83.35	0.00016261986220972448
83.44	0.0001558720492486801
83.53	0.00018515684691680572
83.61999999999999	0.00018576546121268432
83.71	0.00018340370754549692
83.8	0.00016518026215485074
83.89	0.00017458870143930507
83.98	0.0001976746783493495
84.07	0.0001929342423829357
84.16	0.00017465376804115477
84.25	0.0001755744276011011
84.34	0.00018627376399655654
84.42999999999999	0.00016241713275203786
84.52	0.00015204062127890228
84.61	0.00014055414241114674
84.7	0.00013975789233136313
84.78999999999999	0.00012047018170415382
84.88	0.0001338882848668922
84.97	0.00013355960398031444
85.06	0.00016576287109478681
85.14999999999999	0.0001770256756779077
85.24	0.00022776815746502764
85.33	0.0002463539253916762
85.42	0.00022961085025817929
85.50999999999999	0.00025857450316199847
85.6	0.0002490716138786384
85.69	0.00024114678465783404
85.78	0.00021882895330941902
85.86999999999999	0.0002591484924363977
85.96	0.0002545222823437779
86.05	0.00021794436369387788
86.14	0.00021343016226491168
86.23	0.0002946848827775496
86.32	0.0002781125601713197
86.41	0.00030033221852493843
86.5	0.0002618287254307112
86.59	0.00023712242896158645
86.67999999999999	0.0002130558877698427
86.77	0.00020609622579834626
86.86	0.00017639152206258988
86.95	0.00018048618462445675
87.03999999999999	0.00017543579714320376
87.13	0.00016763743387353752
87.22	0.0001577522943987719
87.31	0.0001575197621608958
87.39999999999999	0.00020806120627539507
87.49	0.0001883493725260648
87.58	0.00017858986965363848
87.67	0.00018271857069712355
87.75999999999999	0.00021041843452474155
87.85	0.00020550237728227992
87.94	0.00019053920783117551
88.03	0.00020357754432350004
88.11999999999999	0.00021392450582186139
88.21	0.0001941558894314208
88.3	0.00015803777822239457
88.39	0.00014984957437942653
88.48	0.0001588297925250799
88.57	0.00015289330608506027
88.66	0.0002118018151936322
88.75	0.00018998753963141973
88.84	0.00018174722161451638
88.92999999999999	0.0002011521886243187
89.02	0.00020711469212379295
89.11	0.00020516112464814387
89.2	0.00019632031480402057
89.28999999999999	0.0001900099066645635
89.38	0.00020931217135527466
89.47	0.00021354350262568246
89.56	0.000247895825701158
89.64999999999999	0.0002784967043627095
89.74	0.00027950065456852364
89.83	0.0002672184788564116
89.92	0.0002699504551517831
90.00999999999999	0.0002972739373640159
90.1	0.00029824974035314386
90.19	0.00027166783807568227
90.28	0.00021763931717225612
90.36999999999999	0.0002024362309675314
90.46	0.00019867635322064949
90.55	0.00021339283651158102
90.64	0.0002194881791282671
90.73	0.00027868976750346816
90.82	0.00029347825941909174
90.91	0.00030113504792390633
91.0	0.000262877863223136
91.09	0.0002843127302815349
91.17999999999999	0.00027363633778978665
91.27	0.0002314845043636518
91.36	0.00021901210355770143
91.45	0.00020548835867356826
91.53999999999999	0.0002612361484120255
91.63	0.00023795442259179252
91.72	0.0002298863802157643
91.81	0.00021510503148723157
91.89999999999999	0.00022519562746695944
91.99	0.00022099896922076964
92.08	0.00020105976548596735
92.17	0.00020051313162933418
92.25999999999999	0.00022395602141157822
92.35	0.0002434447404826552
92.44	0.0002582035052854855
92.53	0.0002799709114834053
92.61999999999999	0.00028791078948937795
92.71	0.0002808543596931958
92.8	0.00026534838906542543
92.89	0.00023983288590478423
92.98	0.00021614921223527653
93.07	0.0001877068546946763
93.16	0.00015829604994034986
93.25	0.00014730475547118898
93.34	0.00012915776471808253
93.42999999999999	0.00014709737617461032
93.52	0.00015920069873385896
93.61	0.0001760626880491795
93.7	0.00021517139800446058
93.78999999999999	0.00020057573280313402
93.88	0.00021626912998421745
93.97	0.00020506363927752912
94.06	0.00020093441423158642
94.14999999999999	0.0001985582619789484
94.24	0.00020619906290802325
94.33	0.0001989599789163661
94.42	0.0001842586793481297
94.50999999999999	0.0001737760868903305
94.6	0.00017749737081142783
94.69	0.00016786745125311515
94.78	0.00018235546568908567
94.86999999999999	0.00020075127454245243
94.96	0.00019724539879827744
95.05	0.00020645592607316916
95.14	0.00021860674635480715
95.22999999999999	0.0002493037570928558
95.32	0.00021217553543764937
95.41	0.0001860512954527425
95.5	0.00016174668407979153
95.59	0.000134435494234073
95.67999999999999	0.00011975737277828586
95.77	0.0001216748670871779
95.86	0.00014161215148116385
95.95	0.00015692674200873649
96.03999999999999	0.0001372177722332784
96.13	0.00013372487711492105
96.22	0.00013887157442597968
96.31	0.00017396014625113324
96.39999999999999	0.0001777333599074751
96.49	0.0002758475161144028
96.58	0.0003037202243767875
96.67	0.0002614595624209484
96.75999999999999	0.0002379963068902534
96.85	0.00020199096559335555
96.94	0.00019549601373605548
97.03	0.0002287530272879849
97.11999999999999	0.00023203877003315126
97.21	0.0002246913144043543
97.3	0.00017775379471150025
97.39	0.00017453892531083237
97.47999999999999	0.00023670491456578404
97.57	0.00022223371266516154
97.66	0.00016382050193571856
97.75	0.00015069976543631594
97.84	0.00017752882497717957
97.92999999999999	0.0001589440662395419
98.02	0.00014429856472579042
98.11	0.00015479046936650579
98.2	0.00015416201829928977
98.28999999999999	0.00015609818320766556
98.38	0.00019808226022967654
98.47	0.0002076032835660793
98.56	0.00022332763524392257
98.64999999999999	0.0002979953321897519
98.74	0.0003107253017033068
98.83	0.00028935536905442974
98.92	0.0001946444178774841
99.00999999999999	0.00016950885421109665
99.1	0.00018749122486379325
99.19	0.00020506022959435594
99.28	0.0001946713260917994
99.36999999999999	0.00021530426242988946
99.46	0.0002264892614917641
99.55	0.00021955004543673876
99.64	0.00023778843014761664
99.72999999999999	0.000264141588058975
99.82	0.00025637212387504975
99.91	0.0002562257462609451
100.0	0.0002692322503435116
100.90090090090091	0.00011890151664316089
101.8018018018018	0.00020152859398881557
102.70270270270271	0.00023283178974842995
103.6036036036036	0.00017028429889341518
104.50450450450451	0.00018217260717612384
105.4054054054054	0.00024292186281148824
106.30630630630631	0.0002513635048812582
107.2072072072072	0.0002335864580072306
108.10810810810811	0.00024006076291464327
109.009009009009	0.0002717868025435686
109.90990990990991	0.00014964113637236495
110.8108108108108	0.000306260927013104
111.71171171171171	0.00022078697527888459
112.61261261261261	0.00016866137164052686
113.51351351351352	0.0003056824916456475
114.41441441441441	0.00024012754815005356
115.31531531531532	0.00014240686218038032
116.21621621621622	0.00021686838733127103
117.11711711711712	0.00022246410539858704
118.01801801801801	0.00026374916288584763
118.91891891891892	0.00018823271070587174
119.81981981981983	0.00022353453622038895
120.72072072072072	0.00017661673790572087
121.62162162162161	0.00031710254360554116
122.52252252252252	0.0002603470725959442
123.42342342342343	0.0001611246831541434
124.32432432432432	0.00022475999301786896
125.22522522522523	0.0001575026507286059
126.12612612612612	0.00023903782458296487
127.02702702702703	0.00020450601198446208
127.92792792792793	0.00026002181075978953
128.82882882882882	0.00018355376480725248
129.72972972972974	0.0001546699624644238
130.63063063063063	0.00019447274510389338
131.53153153153153	0.0002690616247629155
132.43243243243245	0.00022410757028577425
133.33333333333334	0.00013986703733846127
134.23423423423424	0.00023275542806846153
135.13513513513513	0.00023236539778934902
136.03603603603602	0.00014020818185503882
136.93693693693695	0.00019599942322536004
137.83783783783784	0.00024679250650593135
138.73873873873873	0.00018181968257473472
139.63963963963965	0.0001917882628866181
140.54054054054055	0.00020219228983917116
141.44144144144144	0.00024227573408149863
142.34234234234233	0.00018800838097561808
143.24324324324323	0.00022052134882888133
144.14414414414415	0.00030668938072475263
145.04504504504504	0.0002628155825859183
145.94594594594594	0.00019003409965161555
146.84684684684686	0.0001596951253598424
147.74774774774775	0.0002620855492517881
148.64864864864865	0.00018754441721021664
149.54954954954957	0.00022897555858430882
150.45045045045046	0.00019462454531465943
151.35135135135135	0.00020246125756105451
152.25225225225225	0.0001305667771679083
153.15315315315314	0.00016236266718399557
154.05405405405406	0.0001805574176006199
154.95495495495496	0.00011731257389728957
155.85585585585585	0.00018357319306896416
156.75675675675677	0.000323466174949539
157.65765765765767	0.00024012271787947218
158.55855855855856	0.0002273514000112222
159.45945945945945	0.0002067300865213174
160.36036036036035	0.0001252289514172926
161.26126126126127	0.00020863927446901373
162.16216216216216	0.00015895203661852507
163.06306306306305	0.00018654620112168216
163.96396396396398	0.00021852411945546182
164.86486486486487	0.00021203905570273205
165.76576576576576	0.00023259320640941009
166.66666666666669	0.00022199000258478051
167.56756756756755	0.0002804925377797129
168.46846846846847	0.00021673769587129849
169.36936936936937	0.0002070534999465222
170.27027027027026	0.00014290775912529854
171.17117117117118	0.0002162170131514456
172.07207207207207	0.00014306226591554057
172.97297297297297	0.0001898666913468426
173.8738738738739	0.00018058787903996965
174.77477477477476	0.0001362429181423856
175.67567567567568	0.00022169532565483998
176.57657657657657	0.0001373627270584432
177.47747747747746	0.0002057306984331151
178.3783783783784	0.0003064160532872267
179.27927927927928	0.00020411926438583094
180.18018018018017	0.0003086407834356819
181.0810810810811	0.00020439170081083946
181.981981981982	0.00018968301075106788
182.88288288288288	0.0002562946036948351
183.7837837837838	0.00029828239577899505
184.68468468468467	0.00017557723661367988
185.5855855855856	0.00026407096985902126
186.48648648648648	0.0002289377811417109
187.38738738738738	0.00021687342235051475
188.2882882882883	0.00021387379457023334
189.1891891891892	0.0002072556909318496
190.0900900900901	0.00017239289225860074
190.990990990991	0.00021454703125658623
191.89189189189187	0.0003655692343980807
192.7927927927928	0.00020385814755322342
193.6936936936937	0.00016619452169867413
194.59459459459458	0.00024278920080323955
195.4954954954955	0.0001849258539781754
196.3963963963964	0.000140131651007006
197.2972972972973	0.000262721125337756
198.1981981981982	0.00018287257460778713
199.0990990990991	0.00024075522600658765
200.0	0.00022801410144006397
200.90090090090092	0.0002079369808962395
201.8018018018018	0.00022690907078574125
202.7027027027027	0.00017235737540923884
203.6036036036036	0.0002683856422745646
204.5045045045045	0.00032946822015241336
205.40540540540542	0.0001997936653977534
206.3063063063063	0.00016641197963572979
207.2072072072072	0.00016273754746469623
208.10810810810813	0.00012528044308130666
209.009009009009	0.00016112205646070976
209.9099099099099	0.00016732095679182005
210.8108108108108	0.00025393270883841056
211.7117117117117	0.00019329771501960815
212.61261261261262	0.000248779867231932
213.51351351351352	0.00014659309079956232
214.4144144144144	0.00020066718959924762
215.31531531531533	0.00021836432072987267
216.21621621621622	0.00022041788876338354
217.11711711711712	0.00019245439433271703
218.01801801801804	0.00022757936995490745
218.9189189189189	0.000242692853207667
219.81981981981983	0.00019134319398386387
220.72072072072072	0.00020786781717117522
221.6216216216216	0.00018419154797555181
222.52252252252254	0.000299120269129346
223.42342342342343	0.00014798208745063184
224.32432432432432	0.00017766118035637173
225.22522522522524	0.00025688033879064644
226.1261261261261	0.00024761001880749706
227.02702702702703	0.00015625691218020812
227.92792792792793	0.00021068242502368117
228.82882882882882	0.0001826410585071426
229.72972972972974	0.0002504945838530466
230.63063063063063	0.00020623434041105196
231.53153153153153	0.00019801696163063197
232.43243243243242	0.00024832582867222083
233.33333333333334	0.00020264111943997304
234.23423423423424	0.00012876548972239144
235.13513513513513	0.00020652024566286946
236.03603603603605	0.00018309600114181583
236.93693693693695	0.0002294532517191896
237.83783783783784	0.00016167152343351648
238.73873873873873	0.00021249907467759584
239.63963963963965	0.00019232553516557597
240.54054054054055	0.0001484514294846622
241.44144144144144	0.0001820467778505144
242.34234234234233	0.0001367652273014287
243.24324324324326	0.00017375024237462855
244.14414414414415	0.00024454935031090956
245.04504504504504	0.0001229827956859668
245.94594594594594	0.0001877339012925194
246.84684684684686	0.00027817132330019544
247.74774774774775	0.00014935401333272577
248.64864864864865	0.00024303380124995582
249.54954954954954	0.00018145685310912068
250.45045045045046	0.00019083411778470863
251.35135135135135	0.00014271799611788004
252.25225225225225	0.0001868482619309824
253.15315315315314	0.00019672500516067982
254.05405405405406	0.00016791684262692364
254.95495495495496	0.00025264967207110864
255.85585585585585	0.00016433530163306964
256.7567567567568	0.0001884779224200788
257.65765765765764	0.00022054111286021042
258.55855855855856	0.00016099435178944853
259.4594594594595	0.00022569205085288033
260.36036036036035	0.0002691335292472991
261.26126126126127	0.00032362315175372584
262.1621621621622	0.00017606345855485756
263.06306306306305	0.00018183109824327013
263.963963963964	0.00021818677499500487
264.8648648648649	0.00019545429291863335
265.76576576576576	0.00020631880091639314
266.66666666666663	0.00022295585308601738
267.5675675675676	0.00018714325054853333
268.4684684684685	0.00017757668938644648
269.36936936936934	0.0002219510346898107
270.27027027027026	0.00021803602368569426
271.1711711711712	0.0001749880998316667
272.07207207207205	0.0001878316803297599
272.97297297297297	0.00020253022443879218
273.8738738738739	0.00020894055182342586
274.77477477477476	0.00016444110878320172
275.6756756756757	0.00012306402485885931
276.5765765765766	0.0002203021313747834
277.47747747747746	0.00024574515539198917
278.3783783783784	0.00021175022121217382
279.2792792792793	0.00021805072158261589
280.1801801801802	0.0002349592533630642
281.0810810810811	0.000277808313774063
281.981981981982	0.00021234521717533535
282.8828828828829	0.00018096662537761532
283.78378378378375	0.00016233454306472712
284.6846846846847	0.00019204363901630754
285.5855855855856	0.0002010035849648107
286.48648648648646	0.00024818678115291656
287.3873873873874	0.000313456304871375
288.2882882882883	0.0002024855490446085
289.18918918918916	0.00017911880462526613
290.0900900900901	0.00023566779877712342
290.990990990991	0.00023223570621879906
291.8918918918919	0.00020508302317877832
292.7927927927928	0.00029276492819240124
293.6936936936937	0.00025257935363286296
294.5945945945946	0.00028562204049188943
295.4954954954955	0.00013866931711551943
296.3963963963964	0.00018791466014409866
297.2972972972973	0.00020432729805444744
298.1981981981982	0.00021178338662826228
299.09909909909913	0.00020654021062412603
300.0	0.00021543756017111744
300.90090090090087	0.0001866192169653895
301.80180180180184	0.00021378217995797705
302.7027027027027	0.0002428095536183988
303.6036036036036	0.00024259474933195727
304.5045045045045	0.00014167196849894053
305.4054054054054	0.00018828643306895997
306.3063063063063	0.00022458566946536915
307.2072072072072	0.00020497014499376787
308.1081081081081	0.0002643450077646671
309.009009009009	0.0002799610874074942
309.9099099099099	0.00022650489004304516
310.81081081081084	0.00019639702636639017
311.7117117117117	0.00020182228133471265
312.6126126126126	0.0002457227961255292
313.51351351351354	0.0001750831542418094
314.4144144144144	0.00020404156651047955
315.31531531531533	0.00025916860668664883
316.21621621621625	0.00024339516273356147
317.1171171171171	0.0002169010933481533
318.018018018018	0.00019951816632411785
318.91891891891896	0.00019083186120779443
319.8198198198198	0.00021644039928437686
320.7207207207207	0.0002396458199916799
321.6216216216216	0.00010679784089703045
322.52252252252254	0.00020548390284391992
323.4234234234234	0.00020184755112356246
324.3243243243243	0.0001346878100007116
325.22522522522524	0.00021616862128194848
326.1261261261261	0.00023148972044862985
327.02702702702703	0.00020132130066318686
327.92792792792795	0.00021532459035270276
328.8288288288288	0.0002492849672962203
329.72972972972974	0.00013882186861419497
330.63063063063066	0.00017488839688076073
331.5315315315315	0.0002055325318260197
332.43243243243245	0.00017175379242807617
333.33333333333337	0.00014548309707039717
334.23423423423424	0.00021664348696725572
335.1351351351351	0.00023743308062955647
336.0360360360361	0.0002113494693609174
336.93693693693695	0.00022057069121021042
337.8378378378378	0.00016904680513410788
338.73873873873873	0.0002206860689025892
339.63963963963965	0.0002740628819096378
340.5405405405405	0.00015654242533985152
341.44144144144144	0.0001929052300798202
342.34234234234236	0.00018879252585808247
343.2432432432432	0.00013203381075157367
344.14414414414415	0.0001082162296516675
345.0450450450451	0.00016571136930082394
345.94594594594594	0.0002680262770938841
346.84684684684686	0.00021796789885538835
347.7477477477478	0.00018780206719669882
348.64864864864865	0.00020079350384178313
349.5495495495495	0.0001955312783900502
350.4504504504505	0.00015946100628311794
351.35135135135135	0.00015218790310833326
352.2522522522522	0.0002261397493565463
353.1531531531532	0.00011049315010186017
354.05405405405406	0.00017233656385503605
354.9549549549549	0.00018111788173814965
355.85585585585585	0.00016642259705981478
356.7567567567568	0.00013765135916991934
357.65765765765764	0.00020192911424044748
358.55855855855856	0.00014743480464181707
359.4594594594595	0.00021527331395675102
360.36036036036035	0.0002277745480815947
361.26126126126127	0.00014676347987727868
362.1621621621622	0.00024078718878489794
363.06306306306305	0.0002688530711694454
363.963963963964	0.0002069865758482691
364.86486486486484	0.00014772194296678323
365.76576576576576	0.00021578741375143288
366.6666666666667	0.00023283772162588368
367.56756756756755	0.00017861660390692112
368.4684684684685	0.00022757641958755115
369.3693693693694	0.00018775501136509637
370.27027027027026	0.00020775178892481932
371.1711711711712	0.00017818647000649658
372.0720720720721	0.00011178382280754067
372.97297297297297	0.00020932504044303846
373.8738738738739	0.0002430399245775979
374.77477477477476	0.00017480016008232025
375.6756756756757	0.00014791432112410994
376.5765765765766	0.00028042858301853486
377.47747747747746	0.00033481600358602675
378.3783783783784	0.00019407650790795577
379.2792792792793	0.00018858276716385972
380.1801801801802	0.0003237075477918471
381.0810810810811	0.0002986456982879997
381.98198198198196	0.00014744192096158553
382.8828828828829	0.0002877766114417017
383.7837837837838	0.00021467818611892406
384.68468468468467	0.0002313450029566316
385.5855855855856	0.00013760280709294186
386.4864864864865	0.00023828072642223451
387.3873873873874	0.0001762086487325076
388.2882882882883	0.00023604261748433843
389.1891891891892	0.00021497044004799995
390.0900900900901	0.00022341795597666247
390.990990990991	0.00015829498399995136
391.8918918918919	0.00016066576606769753
392.7927927927928	0.00030975998357669237
393.6936936936937	0.00018949076989625306
394.5945945945946	0.0002256799469701647
395.4954954954955	0.0002309189747615766
396.3963963963964	0.00016094404698126208
397.2972972972973	0.00018127466381110123
398.1981981981982	0.00025935615526517385
399.0990990990991	0.00021809762562285565
400.0	0.0002050847379596375
400.9009009009009	0.00024527549039079203
401.8018018018018	0.00018142331836417102
402.7027027027027	0.00011823879577153739
403.60360360360363	0.0002010246622123655
404.5045045045045	0.00021084171839890904
405.4054054054054	0.00021000346912148607
406.3063063063063	0.00021768696736784615
407.2072072072072	0.00029336372731652243
408.1081081081081	0.00024134145074190754
409.009009009009	0.00023023645394423413
409.9099099099099	0.00022554441354309725
410.81081081081084	0.00019837929254611463
411.7117117117117	0.0001274748567045091
412.6126126126126	0.0002289728532486964
413.51351351351354	0.0002842212586543526
414.4144144144144	0.00017523118285552088
415.31531531531533	0.000253110864241753
416.2162162162162	0.0002665013799107079
417.1171171171171	0.00020593873005684006
418.01801801801804	9.52851096894649e-05
418.9189189189189	0.00016416688785404675
419.8198198198198	0.00020928333551376035
420.72072072072075	0.0001939086693500406
421.6216216216216	0.0001851235719309404
422.52252252252254	0.00018696071387765972
423.4234234234234	0.0002063572974982265
424.3243243243243	0.0002815925958521385
425.22522522522524	0.0002601033147529884
426.1261261261261	0.00018048377015128164
427.02702702702703	0.00026439181865255877
427.92792792792795	0.00028567230677658027
428.8288288288288	0.00016292667576306517
429.72972972972974	0.00016354610649039952
430.63063063063066	0.00016493679036430533
431.5315315315315	8.095539544265555e-05
432.43243243243245	0.00020845032668317582
433.3333333333333	0.00021970944043834916
434.23423423423424	0.00015821020144062977
435.13513513513516	0.00020663256462255547
436.036036036036	0.00014457511478547456
436.93693693693695	0.00030932210684752996
437.83783783783787	0.00020618293119090684
438.73873873873873	0.00025964343822707116
439.63963963963965	0.0001654468909285714
440.5405405405405	0.00025732547596441613
441.44144144144144	0.0002742556638568053
442.34234234234236	0.00014683376314210167
443.2432432432432	0.00015259213118081434
444.14414414414415	0.00019182887475542392
445.0450450450451	0.0001927801379446032
445.94594594594594	0.00021792236930266457
446.84684684684686	0.00019223725100755488
447.7477477477478	0.00023562694146456745
448.64864864864865	0.00017970268854283845
449.54954954954957	0.00020920657564282914
450.45045045045043	0.00019919223281509354
451.35135135135135	0.0001913953758824526
452.2522522522523	0.00017924061720563816
453.15315315315314	0.00022944885148499407
454.05405405405406	0.00015995637939719576
454.954954954955	0.00021249846650711761
455.85585585585585	0.00020185890684181244
456.7567567567568	0.00024799854090041444
457.65765765765764	0.00022233592450874383
458.55855855855856	0.0002508040433878772
459.4594594594595	0.00023164231912561054
460.36036036036035	0.0002036480320521021
461.26126126126127	0.00019803402660484133
462.1621621621622	0.00013411841573017234
463.06306306306305	0.0001882434595209305
463.963963963964	0.0001763206584017577
464.86486486486484	0.00015289082318970199
465.76576576576576	0.0002783809757464237
466.6666666666667	0.0002428797252488703
467.56756756756755	0.0002143530011117412
468.4684684684685	0.00017467259534571553
469.3693693693694	0.00028588689401214985
470.27027027027026	0.00017247593610150372
471.1711711711712	0.0001765240894252066
472.0720720720721	0.00018103336158819378
472.97297297297297	0.00024367653560090617
473.8738738738739	0.0002408265484300183
474.77477477477476	0.00017960618937440354
475.6756756756757	0.00018747839579037588
476.5765765765766	0.0002184096953731575
477.47747747747746	0.00019948002689555328
478.3783783783784	0.00016133490469987034
479.2792792792793	0.0001760405342628268
480.1801801801802	0.00017142670677883356
481.0810810810811	0.00015714808851926206
481.98198198198196	0.0002365538462848347
482.8828828828829	0.00022681900263497043
483.7837837837838	0.00020392777261261024
484.68468468468467	0.0001880025087198109
485.5855855855856	0.0002159940399798159
486.4864864864865	0.00020144855540666967
487.3873873873874	0.00022337480642051243
488.2882882882883	0.00019779698507290557
489.1891891891892	0.00021667950108566138
490.0900900900901	0.00020183989730698733
490.990990990991	0.00022005913658977054
491.8918918918919	0.00019801573203345155
492.7927927927928	0.0002324067332937947
493.6936936936937	0.0002405135987510913
494.5945945945946	0.0002441828203015296
495.4954954954955	0.00025272343868396226
496.3963963963964	0.00015511405104503108
497.2972972972973	0.00025236570732895875
498.1981981981982	0.0002322790834605113
499.0990990990991	0.00013913075217289055
500.0	0.00017309784646555538
500.9009009009009	0.00027678935005650656
501.8018018018018	0.00015674145285790852
502.7027027027027	0.00014612088887988622
503.60360360360363	0.00020032705192831306
504.5045045045045	0.00014063779298353204
505.4054054054054	0.00021958325297225193
506.30630630630634	0.0001568996433531058
507.2072072072072	0.00022208661629864507
508.1081081081081	0.00015461876510520137
509.009009009009	0.00014964247687525558
509.9099099099099	0.00019884300447514612
510.81081081081084	0.00017151923449806758
511.7117117117117	0.00016114586562781952
512.6126126126126	0.0001849409484553562
513.5135135135135	0.00012424925860417778
514.4144144144144	0.00018157704905146966
515.3153153153153	0.00022854444800236666
516.2162162162163	0.00019720850086215496
517.1171171171171	0.0002139601434042501
518.018018018018	0.00015566118303901586
518.918918918919	0.0002135854924750197
519.8198198198198	0.0003149035198933791
520.7207207207207	0.00014010370783427653
521.6216216216217	0.00017206478727738316
522.5225225225225	0.0002090921994996013
523.4234234234234	0.00021133804203056887
524.3243243243244	0.00016735815424130876
525.2252252252252	0.00023680856161029516
526.1261261261261	0.00013650574579282413
527.0270270270271	0.0002759793199997942
527.927927927928	0.00017128087474636077
528.8288288288288	0.00017433286601149136
529.7297297297298	0.0001863811307345096
530.6306306306307	0.00024906028729464587
531.5315315315315	0.00014379038329424674
532.4324324324325	0.00018139909019211224
533.3333333333333	0.00018433502139534615
534.2342342342342	0.00015515917873602664
535.1351351351352	0.00018494200580878635
536.036036036036	0.00026582719598957835
536.936936936937	0.00023753404256870525
537.8378378378379	0.0001707056497487415
538.7387387387387	0.00020228601541784724
539.6396396396397	0.000134971395668701
540.5405405405405	0.00017234352291060868
541.4414414414414	0.00021132376938101625
542.3423423423424	0.0001591718517665846
543.2432432432432	0.0001480511249562675
544.1441441441441	0.00024094509234603471
545.0450450450451	0.00023230392421323272
545.9459459459459	0.0001975287734660742
546.8468468468468	0.00021197565405361359
547.7477477477478	0.00027337892232392157
548.6486486486486	0.00024938165610532666
549.5495495495495	0.0002112211569254934
550.4504504504505	0.000262597609365002
551.3513513513514	0.0002381879137065284
552.2522522522522	0.0002001110422395632
553.1531531531532	0.00027371184262678963
554.0540540540541	0.00019651362202757617
554.9549549549549	0.0001446413622427722
555.8558558558559	0.00026214034978085663
556.7567567567568	0.0001712176623559244
557.6576576576576	0.00017525213847501922
558.5585585585586	0.00017121326503817248
559.4594594594595	0.00015521555805658033
560.3603603603603	0.00015483086951953247
561.2612612612613	0.00015036895167018125
562.1621621621622	0.00018724146062477128
563.063063063063	0.00033288750467025456
563.963963963964	0.0002115429785622858
564.8648648648649	0.00025466551953920615
565.7657657657658	0.0001650049194244609
566.6666666666667	0.0001933111613483645
567.5675675675675	0.0001227031732779849
568.4684684684685	0.00021952378652448183
569.3693693693695	0.00022674909606730268
570.2702702702702	0.00023860455981713238
571.1711711711712	0.00018498549131082493
572.0720720720722	0.00026441330124442726
572.9729729729729	0.00022450627230029895
573.8738738738739	0.00021082077693779572
574.7747747747748	0.00019874427990031643
575.6756756756756	0.00040757895163747885
576.5765765765766	0.00021384133666856636
577.4774774774775	0.00013523538225369386
578.3783783783783	0.00016398325472644125
579.2792792792793	0.0002017414455069976
580.1801801801802	0.00015684243692212278
581.081081081081	0.00016956557105314536
581.981981981982	0.00024289342953549828
582.8828828828829	0.0002486156709041188
583.7837837837837	0.00019775493803277712
584.6846846846847	0.0001297667380242202
585.5855855855856	0.00017954438762772255
586.4864864864865	0.00015038610099069976
587.3873873873874	0.0001579702848093016
588.2882882882883	0.00019204284223144213
589.1891891891892	0.00020783580752590115
590.0900900900901	0.000191461457336074
590.990990990991	0.000136488160241202
591.8918918918919	0.00013750286573684973
592.7927927927929	0.00018031876689827465
593.6936936936937	0.0001725375715117547
594.5945945945946	0.00027058469097964236
595.4954954954956	0.00017244647255280272
596.3963963963964	0.00021881043452027444
597.2972972972973	0.00018053511289475976
598.1981981981983	0.00020760548924304444
599.099099099099	0.00016230997125650152
600.0	0.0001986333606407096
600.900900900901	0.00026175286281570953
601.8018018018017	0.0002101527377628145
602.7027027027027	0.00016966413548033887
603.6036036036037	0.0001624695015980691
604.5045045045044	0.00012774578823791831
605.4054054054054	0.00020342816764122313
606.3063063063064	0.00016447324651206005
607.2072072072071	0.0001292670734593566
608.1081081081081	0.00024349409161651027
609.009009009009	0.00022119924860302805
609.9099099099099	0.0002462128427663563
610.8108108108108	0.00026912854793394153
611.7117117117117	0.0002811164934457961
612.6126126126126	0.00015016038186554565
613.5135135135135	0.00019467582435241744
614.4144144144144	0.00018742692847986082
615.3153153153153	0.0002873044432618316
616.2162162162163	0.00017223243734617243
617.1171171171171	0.00021633367674964312
618.018018018018	0.0002480171991419771
618.918918918919	0.0002666057088572983
619.8198198198198	0.000165063270334042
620.7207207207207	0.0002033453060653631
621.6216216216217	0.00018565585769265996
622.5225225225225	0.00013190943649016515
623.4234234234234	0.00027059405539957916
624.3243243243244	0.00020607973551585825
625.2252252252252	0.00021193620441722162
626.1261261261261	0.00021154717354232377
627.0270270270271	0.0001863568628901243
627.927927927928	0.0003159714355261645
628.8288288288288	0.00022042901145744498
629.7297297297297	0.000218658524496396
630.6306306306307	0.0002482020858589528
631.5315315315315	0.00021304023435266998
632.4324324324324	0.0001684693638642516
633.3333333333334	0.00024069531039636776
634.2342342342342	0.00018560648682511893
635.1351351351351	0.0002130072459106856
636.0360360360361	0.00020856141889608653
636.936936936937	0.00019381997185169203
637.8378378378378	0.0002601880914495984
638.7387387387388	0.00016819499646612544
639.6396396396397	0.00020189161953731652
640.5405405405405	0.0002822076962608317
641.4414414414415	0.00017963273555152273
642.3423423423424	0.00022267161076683522
643.2432432432432	0.00020593159068659593
644.1441441441442	0.00011385494540291172
645.0450450450451	0.00017244142166124342
645.9459459459459	0.00015606119063399208
646.8468468468468	0.00013458955762073502
647.7477477477478	0.0002184004136884033
648.6486486486486	0.00017014367134274
649.5495495495495	0.0001952006167663678
650.4504504504505	0.00015920934054311243
651.3513513513514	0.0001396540381645873
652.2522522522522	0.00023864399418362643
653.1531531531532	0.00014756590240869603
654.0540540540541	0.00024662233266080824
654.9549549549549	0.0002259136972135406
655.8558558558559	0.00020659327482600555
656.7567567567568	0.00025629909200718066
657.6576576576576	0.00017872331616040926
658.5585585585586	0.00017561099190182517
659.4594594594595	0.0001549022134774914
660.3603603603603	0.00018958921455255602
661.2612612612613	0.00015509117547917592
662.1621621621622	0.00024011566654765643
663.063063063063	0.00021563043080879884
663.9639639639639	0.00016424035721896842
664.8648648648649	0.00022217894702860832
665.7657657657658	0.00018590548774758816
666.6666666666666	0.00015389183185316957
667.5675675675676	0.00020640374132603498
668.4684684684685	0.0002390062026472772
669.3693693693693	0.0001866996832544813
670.2702702702703	0.00017288693164028437
671.1711711711712	0.00017339211811033333
672.072072072072	0.00019963108855292067
672.972972972973	0.00024842347175425947
673.8738738738739	0.00025584959485038493
674.7747747747748	0.00025613995288546125
675.6756756756757	0.00031409847171375753
676.5765765765766	0.00015871617682979773
677.4774774774775	0.00023208764641574313
678.3783783783784	0.0002466612924168452
679.2792792792793	0.0002109462130201961
680.1801801801802	0.00020746977558791497
681.081081081081	0.00015753314591352352
681.981981981982	0.0002269009801381808
682.8828828828829	0.00016660638706332204
683.7837837837837	0.00018236889837497825
684.6846846846847	0.00017569493816074446
685.5855855855856	0.00014471942074470158
686.4864864864865	0.0002563234997820251
687.3873873873874	0.00016908853786766872
688.2882882882883	0.0002692323494554201
689.1891891891892	0.00013860625581253326
690.0900900900901	0.00012089540128675876
690.990990990991	0.00017467291848832312
691.8918918918919	0.00019328026158780602
692.7927927927929	0.00019348330927006417
693.6936936936937	0.00027955513946866835
694.5945945945946	0.0001826750147661768
695.4954954954954	0.00024315876243533404
696.3963963963964	0.00026322922031567615
697.2972972972973	0.00016948828892925747
698.1981981981982	0.00014218799471191936
699.0990990990991	0.0001895586953188571
700.0	0.0001580338367063473
700.9009009009009	0.000187350910450554
701.8018018018018	0.000205674808098784
702.7027027027027	0.00012258979956223932
703.6036036036036	0.0001774696578824354
704.5045045045046	0.00018392950796475345
705.4054054054054	0.0002574115161674261
706.3063063063063	0.0001915570656362295
707.2072072072073	0.0001926301966053112
708.1081081081081	0.00023001267698068837
709.009009009009	0.00013234418794927654
709.90990990991	0.000249392647585945
710.8108108108108	0.0001708503137111662
711.7117117117117	0.00020450102266323484
712.6126126126126	0.00025560188953705653
713.5135135135135	0.0002094417977494957
714.4144144144144	0.00014096908448616328
715.3153153153153	0.00021267081435272133
716.2162162162163	0.00020038947676093963
717.1171171171171	0.00023562948554070698
718.018018018018	0.00021176556018958747
718.918918918919	0.00019500041727076186
719.8198198198198	0.00019633872342529664
720.7207207207207	0.0003190913303390799
721.6216216216217	0.00021889132029075174
722.5225225225225	0.0001118699919024168
723.4234234234234	0.00023981602479372044
724.3243243243244	0.00016055264980683413
725.2252252252252	0.00020470178221298886
726.1261261261261	0.0003047326393006586
727.0270270270271	0.00014614737115063937
727.927927927928	0.00018501555440849434
728.8288288288288	0.00024819416320318645
729.7297297297297	0.0002581006844795381
730.6306306306307	0.00013157923135173524
731.5315315315315	0.00016446726178942882
732.4324324324324	0.0002927331385006791
733.3333333333334	0.00019238788796800934
734.2342342342342	0.000141398530182952
735.1351351351351	0.0002659814456103949
736.0360360360361	0.00027502320058781296
736.936936936937	0.0001579793808990982
737.8378378378378	0.0001842934629941819
738.7387387387388	0.0003183935204224856
739.6396396396397	0.00017469026061765235
740.5405405405405	0.00014303658582800623
741.4414414414415	0.00014916289426315451
742.3423423423424	0.00017683576763509386
743.2432432432432	0.0001939877844648851
744.1441441441442	0.00022793286380397933
745.0450450450451	0.00023488819974548365
745.9459459459459	0.00017798951390497053
746.8468468468468	0.00024233665357760312
747.7477477477478	0.0003174344182472195
748.6486486486486	0.00020431502810413347
749.5495495495495	0.00017374390899232894
750.4504504504505	0.00024019424866421216
751.3513513513514	0.00015434184849017813
752.2522522522522	0.00019815561234856762
753.1531531531532	0.00017962754252695237
754.0540540540541	0.00021060836597507768
754.9549549549549	0.00015743151712193255
755.8558558558559	0.000202447476239664
756.7567567567568	0.00016851803280665964
757.6576576576576	0.00022700373301929273
758.5585585585586	0.00014518922793612898
759.4594594594595	0.00016859151069062333
760.3603603603603	0.00020089285638250458
761.2612612612613	0.00024212490225220776
762.1621621621622	0.00013231307499971445
763.063063063063	0.00020135194393399385
763.9639639639639	0.00019369557087883663
764.8648648648649	0.00021054981725755333
765.7657657657658	0.00026633624770215565
766.6666666666666	0.0002449261229339178
767.5675675675676	0.00022252259684856827
768.4684684684685	0.00022352537001415557
769.3693693693693	0.00012937752097173048
770.2702702702703	0.00020506199967802036
771.1711711711712	0.0002385635101539983
772.072072072072	0.00015476807889214624
772.972972972973	0.0002705093468521496
773.8738738738739	0.00014987782501711694
774.7747747747748	0.0002210700683465167
775.6756756756757	0.00021758325694756257
776.5765765765766	0.0002376564736671222
777.4774774774775	0.0001299268207732955
778.3783783783784	0.00022801370225095823
779.2792792792793	0.0002396869891899557
780.1801801801802	0.00011945792670342268
781.081081081081	0.00020653025456414902
781.981981981982	0.00022242809928176523
782.8828828828829	0.0001656732037028034
783.7837837837837	0.00019274932834540377
784.6846846846847	0.00019034554419495426
785.5855855855856	0.00021500849386836654
786.4864864864865	0.0001589230178871931
787.3873873873874	0.00023219378227604004
788.2882882882883	0.00017988981531315642
789.1891891891892	0.0002711074253285096
790.0900900900901	0.00020230701430844618
790.990990990991	0.0001905075312566495
791.8918918918919	0.00022183928933520915
792.7927927927929	0.0002535504251573558
793.6936936936937	0.0001682967745131593
794.5945945945946	0.00021618623747510614
795.4954954954956	0.00025168735584048377
796.3963963963964	0.000250989611317762
797.2972972972973	0.00017624306726711863
798.1981981981982	0.0001498392341528025
799.0990990990991	0.00018196145679316462
800.0	0.00016732535471851472
800.9009009009009	0.00020291904793056772
801.8018018018018	0.00017638189831187365
802.7027027027027	0.0002503118480604846
803.6036036036036	0.0002910040787857221
804.5045045045046	0.00024410179546739932
805.4054054054054	0.00017575492126585662
806.3063063063063	0.00022845033334941277
807.2072072072073	0.0001687197749136185
808.1081081081081	0.00018542436724483348
809.009009009009	0.00017447898847123476
809.90990990991	0.00015339633016947017
810.8108108108108	0.00019956371375542983
811.7117117117117	0.00019732671497199467
812.6126126126127	0.0002489584563122522
813.5135135135135	0.00019300430996435037
814.4144144144144	0.00017697059030843308
815.3153153153153	0.00021189743527259348
816.2162162162163	0.0002277474879801392
817.1171171171171	0.00021628357076479283
818.018018018018	0.0001793457477126033
818.918918918919	0.00016174729009902695
819.8198198198198	0.0002498972607783319
820.7207207207207	0.0002790032318976178
821.6216216216217	0.00021483663104098944
822.5225225225225	0.00018454704436050677
823.4234234234234	0.00018156626463624304
824.3243243243244	0.00019397924115376535
825.2252252252252	0.00018575198579597117
826.1261261261261	0.00021405600798458767
827.0270270270271	0.00017418204825555284
827.927927927928	0.00023707617452179759
828.8288288288288	0.00023146703258577575
829.7297297297297	0.0002072969141663132
830.6306306306307	0.00019394840870770868
831.5315315315315	0.0001686893883420939
832.4324324324324	0.00018962176686860397
833.3333333333334	0.0001989517341126833
834.2342342342342	0.0001796197412826566
835.1351351351351	0.0002582061206766127
836.0360360360361	0.00019195553499133886
836.936936936937	0.00016212201547721665
837.8378378378378	0.00023726236575106585
838.7387387387388	0.0002589056247861679
839.6396396396397	0.00019870550855504142
840.5405405405405	0.00022590339046950117
841.4414414414415	0.00012672424352893886
842.3423423423424	0.00018421771073799504
843.2432432432432	0.00019672212593639736
844.1441441441442	0.0001630558159501222
845.0450450450451	0.0001884953463182561
845.9459459459459	0.00016558835727929349
846.8468468468468	0.00019763955360915038
847.7477477477478	0.00036836990447839177
848.6486486486486	0.0002662378743915166
849.5495495495495	0.0001647010727716363
850.4504504504505	0.0002800540560392268
851.3513513513514	0.0001664672591859849
852.2522522522522	0.00015361567276740826
853.1531531531532	0.00023324299492047488
854.0540540540541	0.00017522523650450559
854.9549549549549	0.0001964167285401304
855.8558558558559	0.0002947922678099435
856.7567567567568	0.0002052572147563522
857.6576576576576	0.0001900349921145025
858.5585585585586	0.00019721017205404396
859.4594594594595	0.00018844573361681896
860.3603603603603	0.00018912244507649387
861.2612612612613	0.0001699717578852621
862.1621621621622	0.00018981951588872075
863.063063063063	0.00020867108493975367
863.9639639639639	0.00015559563259646278
864.8648648648649	0.00012712430162746007
865.7657657657658	0.000194330892318747
866.6666666666666	0.00014435552966296587
867.5675675675676	0.00021224013029008513
868.4684684684685	0.00021894360357089596
869.3693693693693	0.00017410807574764036
870.2702702702703	0.00014687485390451818
871.1711711711712	0.00032011126223724796
872.072072072072	0.00012661221371287684
872.972972972973	0.00018989781786509926
873.8738738738739	0.00016042247921595524
874.7747747747748	0.00010160048723313344
875.6756756756757	0.00018008829147377807
876.5765765765766	0.00020489677855376604
877.4774774774775	0.0002076261924201197
878.3783783783784	0.0001730818661974871
879.2792792792793	0.00024127277673440006
880.1801801801802	0.00018792400472652035
881.081081081081	0.00029095073699524803
881.981981981982	0.00015095631981478657
882.8828828828829	0.00018821892985698536
883.7837837837837	0.0002401305856894986
884.6846846846847	0.00017783912438337917
885.5855855855856	0.00017947079522122057
886.4864864864865	0.00011905406936395675
887.3873873873874	0.0002381362108638469
888.2882882882883	0.00018750393834887096
889.1891891891892	0.00015152767718380216
890.0900900900901	0.00015375586973376176
890.990990990991	0.00016569358983009624
891.8918918918919	0.00017191464431349333
892.7927927927929	0.00016756382089016752
893.6936936936937	0.00019696417943599576
894.5945945945946	0.00019587331830628975
895.4954954954956	0.00023688292722140952
896.3963963963964	0.00023707263201317192
897.2972972972973	0.00013716825168469743
898.1981981981982	0.00030905678383077
899.0990990990991	0.00025166735115331266
900.0	0.00019393449431471242
900.9009009009009	0.000218319915813093
901.8018018018018	0.00018744379568814902
902.7027027027027	0.00017394037027936748
903.6036036036036	0.0001913963732251088
904.5045045045046	0.0002867330388013329
905.4054054054054	0.0001987396126890222
906.3063063063063	0.00021495491922731216
907.2072072072073	0.00019095401702655808
908.1081081081081	0.00017284918832981966
909.009009009009	0.00022889890801675182
909.90990990991	0.00021892075035448633
910.8108108108108	0.0001676099581794316
911.7117117117117	0.0002844452245951704
912.6126126126127	0.0001629117904687229
913.5135135135135	0.0001945185851242473
914.4144144144144	0.00023289016212103288
915.3153153153153	0.00024276760345935653
916.2162162162163	0.00022362508016640935
917.1171171171171	0.0002607115362109707
918.018018018018	0.00019785758846281687
918.918918918919	0.0001969200303661926
919.8198198198198	0.00023931457971748852
920.7207207207207	0.0002640525436587689
921.6216216216217	0.00011894530098957224
922.5225225225225	0.0002195644655452843
923.4234234234234	0.00025001468338471444
924.3243243243244	0.00017070725693913536
925.2252252252252	0.00014342961665723703
926.1261261261261	0.0001506558788899852
927.0270270270271	0.0001926364115889793
927.927927927928	0.0002010619715602515
928.8288288288288	0.00016532853173270722
929.7297297297298	0.00019344764995545262
930.6306306306307	0.0002263013946689822
931.5315315315315	0.00018322977163794002
932.4324324324324	0.0002614873094469383
933.3333333333334	0.00023637036393423457
934.2342342342342	0.0001986227955868348
935.1351351351351	0.00020660998632936946
936.0360360360361	0.00022685929097803146
936.936936936937	0.0002534645221970228
937.8378378378378	0.00029235567799839354
938.7387387387388	0.00017801960883770583
939.6396396396397	0.00020700836844388733
940.5405405405405	0.00017002658368011624
941.4414414414415	0.00025589318379742155
942.3423423423424	0.00019235235356884284
943.2432432432432	0.0001709917835990711
944.1441441441442	0.0002563377466614168
945.0450450450451	0.00020065930419691015
945.9459459459459	0.0001715605976895679
946.8468468468469	0.00020643650388244
947.7477477477478	0.00018363830012962918
948.6486486486486	0.00018105639353633866
949.5495495495495	0.00020037291200149533
950.4504504504505	0.00020042201962413732
951.3513513513514	0.00016792540077038539
952.2522522522522	0.00024229088502766437
953.1531531531532	0.00031344572632485294
954.0540540540541	0.00015602583175035472
954.9549549549549	0.00015442232601160455
955.8558558558559	0.00016760556880663635
956.7567567567568	0.00020280089709404239
957.6576576576576	0.00021778780295761852
958.5585585585586	0.0002260983661716719
959.4594594594595	0.0001599255442831938
960.3603603603603	0.00024147072656023
961.2612612612613	0.0001921369952985596
962.1621621621622	0.00023968958699903688
963.063063063063	0.0002513286473928495
963.9639639639639	0.00016484187360964848
964.8648648648649	0.00025745641674364056
965.7657657657658	0.00024087151882366204
966.6666666666666	0.00022862117230224127
967.5675675675676	0.0001448500739066014
968.4684684684685	0.00017318153701863709
969.3693693693693	0.00017376176477111406
970.2702702702703	0.0002407972825373094
971.1711711711712	0.0002138416135653842
972.072072072072	0.0001924175456159528
972.972972972973	0.0001629012161280544
973.8738738738739	0.00023139309344029674
974.7747747747748	0.00021586760182335492
975.6756756756757	0.0002299887794141116
976.5765765765766	0.00020755319337349254
977.4774774774775	0.000203507966492676
978.3783783783784	0.00022030064418667345
979.2792792792793	0.00014708631314680416
980.1801801801802	0.0002616106864137823
981.081081081081	0.00019593595546644647
981.981981981982	0.00013276698041434135
982.8828828828829	0.00018755624701890792
983.7837837837837	0.00021249160484314812
984.6846846846847	0.00014618345540194996
985.5855855855856	0.00024017580986927448
986.4864864864865	0.0002913815929396238
987.3873873873874	0.00021835458936516277
988.2882882882883	0.00019721643300866333
989.1891891891892	0.00017110870559359682
990.0900900900901	0.00019233763513926933
990.990990990991	0.0002846473812236379
991.8918918918919	0.00011912444288109075
992.7927927927929	0.00021355266570836603
993.6936936936937	0.0001631588592399682
994.5945945945946	0.00023201200188341066
995.4954954954956	0.00012258280604647475
996.3963963963964	0.0001947191724207518
997.2972972972973	0.00019630725963812939
998.1981981981982	0.0002271382951702936
999.0990990990991	0.0001452876280674399
1000.0	0.00019633161420224213
