0.0	1.0000000000000004
0.0001	0.999999935878855
0.0002	0.9999997435103742
0.00030000000000000003	0.999999422891847
0.0004	0.9999989740206086
0.0005	0.999998396894045
0.0006000000000000001	0.9999976915095663
0.0007	0.9999968578646627
0.0008	0.9999958959568811
0.0009000000000000001	0.9999948057837861
0.001	0.9999935873430187
0.0011	0.9800923989772605
0.0012000000000000001	0.9800909533461657
0.0013000000000000002	0.9800893819932669
0.0014	0.9800876849164346
0.0015	0.9800858621135984
0.0016	0.9800839135827377
0.0017000000000000001	0.9800818393218658
0.0018000000000000002	0.9800796393290724
0.0019	0.9800773136024726
0.002	0.9800748621402448
0.0021000000000000003	0.9800722849406097
0.0022	0.9800695820018444
0.0023	0.9800667533222603
0.0024000000000000002	0.9800637989002339
0.0025	0.9800607187341914
0.0026000000000000003	0.9800575128226038
0.0027	0.98005418116397
0.0028	0.9800507237568886
0.0029000000000000002	0.980047140599947
0.003	0.9800434316918439
0.0031000000000000003	0.9800395970312713
0.0032	0.9800356366170145
0.0033	0.9800315504478732
0.0034000000000000002	0.9800273385227284
0.0035	0.9800230008404832
0.0036000000000000003	0.9800185374001035
0.0037	0.9800139482006057
0.0038	0.9800092332410497
0.0039000000000000003	0.980004392520555
0.004	0.9799994260382849
0.0041	0.9799943337934376
0.004200000000000001	0.9799891157852914
0.0043	0.9799837720131404
0.0044	0.9799783024763602
0.0045000000000000005	0.979972707174343
0.0046	0.9799669861065669
0.0047	0.9799611392725273
0.0048000000000000004	0.9799551666717894
0.0049	0.9799490683039577
0.005	0.9602460069227067
0.0051	0.9602397846524509
0.005200000000000001	0.9602334391421521
0.0053	0.9602269703916168
0.0054	0.9602203784007276
0.0055000000000000005	0.9602136631693695
0.0056	0.9602068246974961
0.0057	0.9601998629851294
0.0058000000000000005	0.9601927780323083
0.0059	0.9601855698391392
0.006	0.9601782384057725
0.0061	0.9601707837323996
0.006200000000000001	0.9601632058192705
0.0063	0.9601555046666934
0.0064	0.9601476802749922
0.006500000000000001	0.9601397326445715
0.0066	0.9601316617758674
0.0067	0.9601234676693676
0.0068000000000000005	0.960115150325622
0.006900000000000001	0.9601067097452081
0.007	0.9600981459287659
0.0071	0.9600894588769716
0.007200000000000001	0.9600806485905731
0.0073	0.9600717150703388
0.0074	0.9600626583171031
0.007500000000000001	0.9600534783317426
0.0076	0.9600441751151937
0.0077	0.9600347486684205
0.0078000000000000005	0.9600251989924524
0.0079	0.9600155260883639
0.008	0.9600057299572867
0.0081	0.9599958106003712
0.0082	0.9599857680188475
0.0083	0.9599756022139905
0.008400000000000001	0.9599653131871042
0.0085	0.9599549009395665
0.0086	0.9599443654727777
0.008700000000000001	0.9599337067882123
0.0088	0.9599229248873732
0.0089	0.9599120197718297
0.009000000000000001	0.9599009914431769
0.0091	0.9598898399030872
0.0092	0.9598785651532584
0.009300000000000001	0.9598671671954488
0.0094	0.9598556460314659
0.0095	0.9598440016631478
0.009600000000000001	0.9598322340924067
0.0097	0.9598203433211938
0.0098	0.9598083293515085
0.0099	0.9597961921853883
0.01	0.9597839318249286
0.010100000000000001	0.9597715482722926
0.0102	0.9597590415296527
0.0103	0.9597464115992577
0.010400000000000001	0.9597336584834056
0.0105	0.9597207821844308
0.0106	0.959707782704725
0.010700000000000001	0.9596946600467142
0.0108	0.9596814142128977
0.0109	0.9596680452058021
0.011000000000000001	0.959654553028009
0.0111	0.9596409376821625
0.0112	0.9596271991709318
0.011300000000000001	0.9596133374970499
0.0114	0.9595993526632963
0.0115	0.9595852446724987
0.011600000000000001	0.9595710135275277
0.0117	0.9595566592313121
0.0118	0.9595421817868247
0.0119	0.9595275811970964
0.012	0.9595128574651842
0.012100000000000001	0.9594980105942115
0.0122	0.9594830405873555
0.0123	0.9594679474478293
0.012400000000000001	0.959452731178892
0.0125	0.9594373917838636
0.0126	0.9594219292661121
0.012700000000000001	0.9594063436290479
0.0128	0.9593906348761276
0.0129	0.9593748030108619
0.013000000000000001	0.9593588480368148
0.0131	0.9593427699575915
0.0132	0.959326568776856
0.013300000000000001	0.9593102444982989
0.0134	0.9592937971256849
0.0135	0.9398000273975698
0.013600000000000001	0.9397836727945192
0.0137	0.9397671976080284
0.013800000000000002	0.9397506018419849
0.013900000000000001	0.9397338855002842
0.014	0.9397170485869127
0.014100000000000001	0.9397000911058744
0.0142	0.9396830130612179
0.0143	0.9396658144570763
0.014400000000000001	0.9396484952975884
0.0145	0.9396310555869593
0.0146	0.9396134953294388
0.014700000000000001	0.9395958145293406
0.0148	0.9395780131910035
0.0149	0.939560091318821
0.015000000000000001	0.9395420489172348
0.0151	0.9395238859907435
0.0152	0.9395056025438907
0.015300000000000001	0.9394871985812463
0.0154	0.939468674107456
0.0155	0.9394500291271987
0.015600000000000001	0.9394312636452062
0.015700000000000002	0.9394123776662651
0.0158	0.9393933711951916
0.0159	0.9393742442368532
0.016	0.9393549967961888
0.0161	0.939335628878164
0.0162	0.9393161404877872
0.016300000000000002	0.9392965316301239
0.0164	0.939276802310304
0.0165	0.9392569525334703
0.0166	0.9392369823048387
0.0167	0.939216891629677
0.016800000000000002	0.9391966805132645
0.016900000000000002	0.9391763489609833
0.017	0.9391558969782159
0.0171	0.9391353245704142
0.0172	0.939114631743071
0.0173	0.9390938185017431
0.017400000000000002	0.9390728848520125
0.0175	0.9390518307995155
0.0176	0.9390306563499484
0.0177	0.9390093615090479
0.0178	0.9389879462825895
0.0179	0.9389664106764087
0.018000000000000002	0.9389447546963849
0.0181	0.9389229783484466
0.0182	0.9389010816385742
0.0183	0.9388790645727774
0.0184	0.9388569271571341
0.018500000000000003	0.9388346693977666
0.018600000000000002	0.9388122913008394
0.0187	0.9387897928725594
0.0188	0.9387671741191995
0.0189	0.9387444350470681
0.019	0.9387215756625205
0.019100000000000002	0.9386985959719578
0.019200000000000002	0.9386754959818412
0.0193	0.9386522756986694
0.0194	0.9386289351289997
0.0195	0.9386054742794202
0.0196	0.9385818931565821
0.019700000000000002	0.9385581917671725
0.0198	0.9385343701179423
0.0199	0.9385104282156721
0.02	0.938486366067202
0.0201	0.938462183679417
0.020200000000000003	0.938437881059247
0.020300000000000002	0.9384134582136847
0.0204	0.9383889151497381
0.0205	0.9383642518745021
0.0206	0.9383394683950868
0.0207	0.9383145647186737
0.020800000000000003	0.938289540852486
0.020900000000000002	0.9382643968037786
0.021	0.9382391325798786
0.0211	0.9382137481881457
0.0212	0.9381882436359974
0.0213	0.9381626189308846
0.021400000000000002	0.9381368740803088
0.021500000000000002	0.9381110090918431
0.0216	0.9380850239730771
0.0217	0.9380589187316729
0.0218	0.9380326933753208
0.0219	0.9380063479117662
0.022000000000000002	0.9379798823488091
0.0221	0.937953296694284
0.0222	0.9379265909560989
0.0223	0.937899765142174
0.0224	0.9378728192605016
0.022500000000000003	0.9378457533191169
0.022600000000000002	0.9185817783945044
0.0227	0.9185550324666444
0.0228	0.9185281689656547
0.0229	0.9185011878995941
0.023	0.9184740892765765
0.023100000000000002	0.8994122249827622
0.023200000000000002	0.8993854577564613
0.0233	0.8993585754336269
0.0234	0.8993315780223784
0.0235	0.8993044655308791
0.0236	0.899277237967336
0.023700000000000002	0.8992498953400128
0.0238	0.899222437657207
0.0239	0.8991948649272742
0.024	0.8991671771586038
0.0241	0.8991393743596396
0.024200000000000003	0.8991114565388655
0.024300000000000002	0.8990834237048135
0.0244	0.8990552758660633
0.0245	0.8990270130312453
0.0246	0.8989986352090168
0.0247	0.8989701424081055
0.024800000000000003	0.8989415346372686
0.024900000000000002	0.8989128119053112
0.025	0.8988839742210918
0.0251	0.898855021593506
0.0252	0.8988259540315015
0.0253	0.8987967715440727
0.025400000000000002	0.8987674741402527
0.025500000000000002	0.8987380618291205
0.0256	0.8987085346198129
0.0257	0.8986788925215001
0.0258	0.8986491355434068
0.025900000000000003	0.8986192636948039
0.026000000000000002	0.8985892769849838
0.0261	0.8985591754233273
0.0262	0.8985289590192314
0.0263	0.8984986277821402
0.0264	0.8984681817215486
0.026500000000000003	0.8984376208470102
0.026600000000000002	0.8795926650784271
0.0267	0.8795625194133009
0.0268	0.8795322613669357
0.0269	0.879501890948851
0.027	0.8794714081686069
0.027100000000000003	0.8794408130358219
0.027200000000000002	0.860798781922429
0.0273	0.8607686143659038
0.0274	0.8607383368630855
0.0275	0.860707949423556
0.027600000000000003	0.8606774520569456
0.027700000000000002	0.8606468447729267
0.027800000000000002	0.8606161275812125
0.0279	0.8605853004915607
0.028	0.8605543635137807
0.0281	0.8605233166577139
0.028200000000000003	0.860492159933256
0.028300000000000002	0.860460893350344
0.0284	0.8604295169189455
0.0285	0.8603980306490918
0.0286	0.8603664345508439
0.0287	0.8603347286343244
0.028800000000000003	0.860302912909675
0.028900000000000002	0.8602709873870995
0.029	0.8602389520768369
0.0291	0.8602068069891788
0.0292	0.8601745521344514
0.029300000000000003	0.8601421875230273
0.029400000000000003	0.8601097131653372
0.029500000000000002	0.8600771290718243
0.0296	0.8600444352529988
0.0297	0.8600116317194185
0.0298	0.8599787184816701
0.029900000000000003	0.8599456955503947
0.030000000000000002	0.8599125629362648
0.030100000000000002	0.8414867156031332
0.0302	0.8414540770452492
0.0303	0.8414213311822247
0.0304	0.8413884780246765
0.030500000000000003	0.8413555175832779
0.030600000000000002	0.8413224498687367
0.0307	0.8412892748918049
0.0308	0.8412559926632797
0.0309	0.8412226031939988
0.031	0.8411891064948518
0.031100000000000003	0.8411555025767458
0.031200000000000002	0.8411217914506688
0.0313	0.8410879731276177
0.031400000000000004	0.8410540476186437
0.0315	0.8410200149348497
0.0316	0.840985875087374
0.0317	0.8409516280873978
0.0318	0.8409172739461475
0.031900000000000005	0.8408828126748844
0.032	0.8408482442849229
0.032100000000000004	0.840813568787619
0.0322	0.8407787861943649
0.0323	0.8407438965166002
0.0324	0.8407088997658022
0.0325	0.8406737959535078
0.032600000000000004	0.8406385850912742
0.0327	0.8406032671907161
0.0328	0.840567842263479
0.0329	0.8405323103212675
0.033	0.8404966713758247
0.033100000000000004	0.8404609254389189
0.0332	0.8404250725223776
0.0333	0.8403891126380791
0.0334	0.8403530457979195
0.0335	0.8403168720138599
0.033600000000000005	0.8402805912978863
0.0337	0.8402442036620514
0.033800000000000004	0.840207709118435
0.0339	0.8401711076791463
0.034	0.8401343993563678
0.0341	0.840097584162299
0.0342	0.8400606621091895
0.034300000000000004	0.8400236332093529
0.0344	0.8399864974751046
0.0345	0.8399492549188426
0.0346	0.8399119055529769
0.0347	0.8398744493899856
0.034800000000000005	0.8398368864423676
0.0349	0.8397992167226802
0.035	0.839761440243522
0.0351	0.8397235570175172
0.0352	0.839685567057355
0.035300000000000005	0.8396474703757579
0.0354	0.8396092669854855
0.035500000000000004	0.8395709568993539
0.0356	0.8395325401302027
0.0357	0.8394940166909413
0.0358	0.8394553865944894
0.0359	0.839416649853834
0.036000000000000004	0.8393778064820003
0.0361	0.8393388564920428
0.0362	0.8392997998970737
0.0363	0.8392606367102472
0.0364	0.8392213669447451
0.036500000000000005	0.8391819906138154
0.0366	0.8391425077307199
0.0367	0.8391029183087925
0.0368	0.8390632223613931
0.0369	0.8390234199019176
0.037000000000000005	0.8389835109438258
0.0371	0.8389434955006062
0.037200000000000004	0.8389033735857918
0.0373	0.8388631452129593
0.0374	0.8388228103957189
0.0375	0.8387823691477442
0.0376	0.838741821482729
0.037700000000000004	0.8387011674144284
0.0378	0.8386604069566328
0.0379	0.8386195401231622
0.038	0.8385785669278961
0.0381	0.8385374873847635
0.038200000000000005	0.8384963015077026
0.0383	0.8384550093107396
0.038400000000000004	0.8384136108078987
0.0385	0.8383721060132735
0.0386	0.8383304949410014
0.038700000000000005	0.8382887776052476
0.0388	0.8382469540202262
0.038900000000000004	0.8382050242001967
0.039	0.8381629881594643
0.0391	0.8381208459123678
0.0392	0.8380785974732882
0.0393	0.838036242856658
0.039400000000000004	0.8379937820769405
0.0395	0.8379512151486588
0.0396	0.8379085420863632
0.0397	0.8378657629046559
0.0398	0.8378228776181648
0.039900000000000005	0.8377798862415877
0.04	0.8377367887896354
0.040100000000000004	0.8376935852770885
0.0402	0.837650275718753
0.0403	0.837606860129472
0.040400000000000005	0.8375633385241569
0.0405	0.837519710917737
0.040600000000000004	0.8374759773251906
0.0407	0.8374321377615354
0.0408	0.8373881922418499
0.0409	0.8373441407812392
0.041	0.8372999833948366
0.041100000000000005	0.8372557200978581
0.0412	0.8372113509055147
0.0413	0.8371668758331006
0.0414	0.837122294895933
0.0415	0.8370776081093645
0.041600000000000005	0.8370328154888075
0.0417	0.8369879170497053
0.041800000000000004	0.8369429128075442
0.0419	0.8368978027778623
0.042	0.8368525869762278
0.042100000000000005	0.8368072654182657
0.0422	0.8367618381196158
0.042300000000000004	0.8367163050959999
0.0424	0.8366706663631447
0.0425	0.8366249219368512
0.0426	0.8365790718329319
0.0427	0.8365331160672624
0.042800000000000005	0.8364870546557617
0.0429	0.8364408876143758
0.043000000000000003	0.8363946149591007
0.0431	0.8363482367059833
0.0432	0.8363017528711016
0.043300000000000005	0.8362551634705817
0.0434	0.8362084685205855
0.043500000000000004	0.8180830346377932
0.0436	0.8180371427910177
0.0437	0.8179911477245594
0.0438	0.8179450494543783
0.0439	0.817898847996515
0.044000000000000004	0.817852543367032
0.0441	0.8178061355820265
0.0442	0.8177596246576505
0.0443	0.8177130106100914
0.0444	0.8176662934555833
0.044500000000000005	0.8176194732103891
0.0446	0.8175725498908266
0.044700000000000004	0.8175255235132566
0.0448	0.8174783940940554
0.0449	0.8174311616496786
0.045000000000000005	0.8173838261965929
0.0451	0.8173363877513166
0.045200000000000004	0.8172888463304091
0.0453	0.817241201950479
0.0454	0.8171934546281558
0.0455	0.8171456043801386
0.0456	0.8170976512231437
0.045700000000000005	0.8170495951739318
0.0458	0.8170014362493213
0.0459	0.8169531744661485
0.046	0.8169048098413156
0.0461	0.8168563423917443
0.046200000000000005	0.8168077721344054
0.0463	0.81675909908632
0.046400000000000004	0.7988592742194853
0.0465	0.7988114639927415
0.0466	0.7987635532721339
0.046700000000000005	0.7987155420744719
0.0468	0.7986674304165813
0.046900000000000004	0.7986192183153655
0.047	0.7985709057877275
0.0471	0.7985224928506474
0.0472	0.7984739795211125
0.0473	0.7984253658161775
0.047400000000000005	0.798376651752923
0.0475	0.7983278373484751
0.0476	0.7982789226199847
0.0477	0.7982299075846693
0.0478	0.7981807922597675
0.047900000000000005	0.7981315766625638
0.048	0.7980822608103845
0.048100000000000004	0.7980328447205941
0.0482	0.79798332841059
0.0483	0.7979337118978265
0.048400000000000006	0.7978839951997754
0.0485	0.7978341783339784
0.048600000000000004	0.797784261317987
0.0487	0.7977342441694107
0.0488	0.7976841269058937
0.0489	0.7976339095451204
0.049	0.7975835921048199
0.049100000000000005	0.7975331746027469
0.0492	0.7974826570567197
0.049300000000000004	0.7974320394845791
0.0494	0.7973813219042042
0.0495	0.7973305043335291
0.049600000000000005	0.7972795867905147
0.0497	0.7972285692931583
0.049800000000000004	0.7971774518595146
0.0499	0.7971262345076721
0.05	0.7970749172557476
0.050100000000000006	0.7970235001219044
0.0502	0.7793598899865124
0.050300000000000004	0.7793094138116691
0.0504	0.7792588400157057
0.0505	0.7792081686165305
0.0506	0.7791573996321192
0.0507	0.7791065330804597
0.050800000000000005	0.7790555689795952
0.0509	0.7790045073475909
0.051000000000000004	0.77895334820257
0.0511	0.7789020915626919
0.0512	0.7788507374461308
0.051300000000000005	0.7787992858711394
0.0514	0.7787477368559717
0.051500000000000004	0.778696090418946
0.0516	0.7786443465784093
0.0517	0.7785925053527545
0.051800000000000006	0.7785405667603964
0.0519	0.7784885308198135
0.052000000000000005	0.7784363975494941
0.0521	0.7783841669679966
0.0522	0.778331839093896
0.0523	0.7782794139458192
0.0524	0.7782268915424156
0.052500000000000005	0.7781742719023964
0.0526	0.7781215550444879
0.052700000000000004	0.778068740987474
0.0528	0.7780158297501658
0.0529	0.7779628213514224
0.053000000000000005	0.7779097158101289
0.0531	0.7778565131452234
0.053200000000000004	0.7778032133756756
0.0533	0.7777498165204991
0.0534	0.7776963225987326
0.053500000000000006	0.7776427316294671
0.0536	0.7775890436318265
0.053700000000000005	0.7775352586249793
0.0538	0.7774813766281317
0.0539	0.7774273976605215
0.054	0.7773733217414248
0.0541	0.7773191488901642
0.054200000000000005	0.7772648791261011
0.0543	0.7772105124686329
0.054400000000000004	0.7771560489371909
0.0545	0.7771014885512515
0.0546	0.7770468313303244
0.054700000000000006	0.776992077293965
0.0548	0.7769372264617671
0.054900000000000004	0.7768822788533504
0.055	0.7768272344883872
0.0551	0.7767720933865828
0.055200000000000006	0.7767168555676873
0.0553	0.7766615210514735
0.055400000000000005	0.7766060898577778
0.0555	0.7765505620064461
0.055600000000000004	0.7764949375173867
0.0557	0.7764392164105329
0.0558	0.7763833987058609
0.055900000000000005	0.7763274844233907
0.056	0.7762714735831708
0.056100000000000004	0.7588703226353904
0.0562	0.7588153746529778
0.0563	0.7587603323295041
0.056400000000000006	0.7587051956847268
0.0565	0.7586499647384395
0.056600000000000004	0.7585946395104761
0.0567	0.7585392200207037
0.0568	0.7584837062890264
0.056900000000000006	0.758428098335386
0.057	0.758372396179778
0.057100000000000005	0.7583165998422083
0.0572	0.7582607093427304
0.057300000000000004	0.7582047247014562
0.0574	0.7581486459385025
0.0575	0.7580924730740387
0.057600000000000005	0.7580362061282823
0.0577	0.7579798451214682
0.057800000000000004	0.7579233900738849
0.0579	0.757866841005845
0.058	0.7578101979377136
0.058100000000000006	0.7577534608898752
0.0582	0.7576966298827704
0.058300000000000005	0.7576397049368635
0.0584	0.7575826860726649
0.0585	0.7575255733107175
0.058600000000000006	0.7574683666716017
0.0587	0.7574110661759375
0.058800000000000005	0.7573536718443765
0.0589	0.7572961836976236
0.059000000000000004	0.7572386017563989
0.0591	0.7571809260414752
0.0592	0.7571231565736668
0.059300000000000005	0.7570652933738004
0.0594	0.7570073364627665
0.059500000000000004	0.7569492858614836
0.0596	0.7568911415909048
0.0597	0.7568329036720258
0.059800000000000006	0.7567745721258757
0.0599	0.7567161469735129
0.060000000000000005	0.7566576282360542
0.0601	0.7565990159346349
0.060200000000000004	0.7565403100904358
0.0603	0.7564815107246758
0.0604	0.7564226178586004
0.060500000000000005	0.7563636315135087
0.0606	0.7563045517107292
0.060700000000000004	0.7562453784716169
0.0608	0.7561861118175832
0.0609	0.7561267517700674
0.061000000000000006	0.7560672983505393
0.0611	0.7560077515805205
0.061200000000000004	0.7559481114815585
0.0613	0.7558883780752411
0.0614	0.7558285513831956
0.061500000000000006	0.7557686314270784
0.0616	0.7557086182286014
0.061700000000000005	0.7556485118094872
0.0618	0.7555883121915229
0.061900000000000004	0.7555280193965087
0.062	0.7554676334462932
0.0621	0.7554071543627697
0.062200000000000005	0.7553465821678556
0.0623	0.7552859168835078
0.062400000000000004	0.7552251585317237
0.0625	0.7551643071345366
0.0626	0.7551033627140133
0.0627	0.755042325292264
0.06280000000000001	0.7549811948914344
0.0629	0.7549199715337084
0.063	0.7548586552412939
0.0631	0.7547972460364508
0.0632	0.75473574394147
0.06330000000000001	0.7546741489786843
0.0634	0.7546124611704507
0.0635	0.7545506805391833
0.0636	0.7544888071073143
0.0637	0.7544268408973184
0.06380000000000001	0.7543647819317091
0.0639	0.754302630233045
0.064	0.754240385823901
0.0641	0.7541780487269062
0.06420000000000001	0.7541156189647258
0.06430000000000001	0.7540530965600458
0.0644	0.7539904815356093
0.0645	0.7539277739141865
0.0646	0.7538649737185796
0.06470000000000001	0.7538020809716377
0.0648	0.7537390956962418
0.0649	0.75367601791531
0.065	0.7536128476517925
0.0651	0.7535495849286766
0.06520000000000001	0.7364588457990232
0.0653	0.7363968320226651
0.0654	0.7363347279437568
0.0655	0.7362725335849221
0.0656	0.7362102489687988
0.06570000000000001	0.7361478741180906
0.0658	0.7360854090555032
0.0659	0.7360228538038082
0.066	0.7359602083857887
0.0661	0.7358974728242835
0.06620000000000001	0.7358346471421546
0.0663	0.7357717313623025
0.0664	0.7357087255076683
0.0665	0.735645629601219
0.0666	0.7355824436659597
0.06670000000000001	0.7355191677249474
0.0668	0.7354558018012524
0.0669	0.7353923459179879
0.067	0.7353288000983159
0.0671	0.7352651643654138
0.06720000000000001	0.735201438742511
0.0673	0.7351376232528565
0.0674	0.7350737179197542
0.0675	0.7350097227665215
0.06760000000000001	0.7349456378165358
0.06770000000000001	0.73488146309319
0.0678	0.7348171986199202
0.0679	0.7347528444202011
0.068	0.734688400517537
0.06810000000000001	0.7346238669354697
0.0682	0.7345592436975789
0.0683	0.73449453082748
0.0684	0.7344297283488159
0.0685	0.734364836285279
0.06860000000000001	0.7342998546605841
0.0687	0.7342347834984878
0.0688	0.734169622822781
0.0689	0.7341043726572903
0.069	0.7340390330258806
0.06910000000000001	0.7339736039524366
0.0692	0.7339080854609088
0.0693	0.7338424775752518
0.0694	0.7337767803194675
0.0695	0.733710993717604
0.06960000000000001	0.7336451177937313
0.0697	0.7335791525719516
0.0698	0.7335130980764225
0.0699	0.7334469543313145
0.07	0.7333807213608402
0.07010000000000001	0.7333143991892607
0.0702	0.7332479878408519
0.0703	0.7331814873399398
0.0704	0.7331148977108778
0.07050000000000001	0.733048218978053
0.07060000000000001	0.7329814511659013
0.0707	0.732914594298881
0.0708	0.7328476484014856
0.0709	0.7327806134982465
0.07100000000000001	0.7327134896137388
0.0711	0.7326462767725536
0.0712	0.7325789749993359
0.0713	0.7325115843187541
0.0714	0.7324441047555211
0.07150000000000001	0.732376536334375
0.0716	0.7323088790800955
0.0717	0.7322411330174949
0.0718	0.7321732981714162
0.0719	0.7321053745667486
0.07200000000000001	0.732037362228409
0.0721	0.73196926118135
0.0722	0.7319010714505599
0.0723	0.7318327930610611
0.0724	0.7317644260379087
0.07250000000000001	0.7316959704061988
0.0726	0.7316274261910599
0.0727	0.73155879341765
0.0728	0.7314900721111701
0.0729	0.7314212622968502
0.07300000000000001	0.7313523639999631
0.0731	0.7312833772458007
0.0732	0.7312143020597142
0.0733	0.7311451384670655
0.0734	0.7310758864932612
0.07350000000000001	0.7310065461637485
0.0736	0.7309371175040003
0.0737	0.7308676005395243
0.0738	0.7307979952958742
0.07390000000000001	0.7307283017986256
0.07400000000000001	0.7306585200733969
0.0741	0.7305886501458335
0.0742	0.730518692041623
0.0743	0.7304486457864909
0.07440000000000001	0.7303785114061787
0.0745	0.7303082889264864
0.0746	0.7302379783732307
0.0747	0.7301675797722744
0.0748	0.7300970931495109
0.07490000000000001	0.7300265185308651
0.075	0.729955855942295
0.0751	0.7298851054098056
0.0752	0.7298142669594285
0.0753	0.7297433406172205
0.07540000000000001	0.7296723264092898
0.0755	0.7296012243617671
0.0756	0.7295300345008244
0.0757	0.7294587568526627
0.0758	0.7293873914435247
0.07590000000000001	0.7293159382996827
0.076	0.7292443974474437
0.0761	0.7291727689131471
0.0762	0.7291010527231704
0.0763	0.729029248903924
0.07640000000000001	0.7289573574818533
0.0765	0.7288853784834449
0.0766	0.7288133119351987
0.0767	0.7287411578636734
0.07680000000000001	0.7286689162954506
0.07690000000000001	0.7285965872571456
0.077	0.7285241707754109
0.0771	0.7284516668769251
0.0772	0.7283790755884223
0.07730000000000001	0.7283063969366411
0.07740000000000001	0.7282336309483796
0.0775	0.728160777650461
0.0776	0.7280878370697417
0.0777	0.7280148092331072
0.07780000000000001	0.727941694167486
0.0779	0.7278684918998393
0.078	0.7277952024571572
0.0781	0.7277218258664746
0.0782	0.7276483621548427
0.07830000000000001	0.7275748113493722
0.0784	0.7275011734771764
0.0785	0.7274274485654368
0.0786	0.727353636641341
0.0787	0.7272797377321213
0.07880000000000001	0.727205751865048
0.0789	0.7271316790674245
0.079	0.727057519366578
0.0791	0.726983272789885
0.0792	0.7269089393647465
0.07930000000000001	0.7268345191185925
0.0794	0.7267600120789002
0.0795	0.726685418273173
0.0796	0.7266107377289458
0.07970000000000001	0.7265359704738023
0.07980000000000001	0.7264611165353314
0.0799	0.7263861759411869
0.08	0.72631114871904
0.0801	0.726236034896594
0.08020000000000001	0.7261608345015993
0.08030000000000001	0.7260855475618239
0.0804	0.7260101741050816
0.0805	0.7259347141592064
0.0806	0.7258591677520927
0.08070000000000001	0.725783534911637
0.08080000000000001	0.7257078156657925
0.0809	0.7256320100425317
0.081	0.7255561180698669
0.0811	0.7254801397758475
0.08120000000000001	0.7254040751885529
0.0813	0.7253279243360916
0.0814	0.725251687246616
0.0815	0.7251753639482997
0.0816	0.7250989544693645
0.08170000000000001	0.7250224588380546
0.0818	0.724945877082655
0.0819	0.7248692092314709
0.082	0.7247924553128596
0.0821	0.7247156153551995
0.08220000000000001	0.7246386893869042
0.0823	0.7080008183177663
0.0824	0.7079254825928106
0.0825	0.7078500629066079
0.0826	0.7077745592870585
0.08270000000000001	0.707698971762094
0.0828	0.707623300359669
0.0829	0.7075475451077903
0.083	0.7074717060344711
0.08310000000000001	0.7073957831677823
0.08320000000000001	0.7073197765358118
0.0833	0.7072436861666852
0.0834	0.7071675120885627
0.0835	0.7070912543296359
0.08360000000000001	0.7070149129181273
0.08370000000000001	0.7069384878822894
0.0838	0.7068619792504129
0.0839	0.7067853870508215
0.084	0.7067087113118613
0.08410000000000001	0.7066319520619228
0.08420000000000001	0.7065551093294254
0.0843	0.7064781831428151
0.0844	0.7064011735305786
0.0845	0.706324080521235
0.08460000000000001	0.706246904143323
0.0847	0.7061696444254263
0.0848	0.7060923013961647
0.0849	0.7060148750841719
0.085	0.7059373655181309
0.08510000000000001	0.7058597727267522
0.0852	0.7057820967387766
0.0853	0.7057043375829756
0.0854	0.7056264952881581
0.0855	0.7055485698831653
0.08560000000000001	0.7054705613968634
0.0857	0.7053924698581577
0.0858	0.7053142952959841
0.0859	0.70523603773931
0.08600000000000001	0.7051576972171328
0.08610000000000001	0.7050792737584902
0.0862	0.7050007673924339
0.0863	0.7049221781480756
0.0864	0.704843506054531
0.08650000000000001	0.7047647511409667
0.08660000000000001	0.7046859134365739
0.0867	0.7046069929705784
0.0868	0.7045279897722349
0.0869	0.7044489038708294
0.08700000000000001	0.7043697352956867
0.08710000000000001	0.7042904840761602
0.0872	0.7042111502416254
0.0873	0.7041317338215077
0.0874	0.7040522348452545
0.08750000000000001	0.7039726533423394
0.0876	0.7038929893422841
0.0877	0.7038132428746247
0.0878	0.7037334139689393
0.0879	0.703653502654841
0.08800000000000001	0.70357350896196
0.0881	0.7034934329199746
0.0882	0.7034132745585886
0.0883	0.703333033907533
0.0884	0.7032527109965722
0.08850000000000001	0.7031723058555136
0.0886	0.7030918185141796
0.0887	0.7030112490024333
0.0888	0.7029305973501753
0.0889	0.7028498635873227
0.08900000000000001	0.702769047743836
0.0891	0.7026881498497048
0.0892	0.7026071699349471
0.0893	0.7025261080296171
0.08940000000000001	0.7024449641637944
0.08950000000000001	0.7023637383675977
0.0896	0.7022824306711766
0.0897	0.7022010411047022
0.0898	0.7021195696983894
0.08990000000000001	0.7020380164824778
0.09000000000000001	0.7019563814872392
0.0901	0.6856469009458762
0.0902	0.669530897389748
0.0903	0.6694527813333614
0.09040000000000001	0.6693745873729325
0.09050000000000001	0.6692963155374964
0.0906	0.6692179658561135
0.0907	0.6691395383578699
0.0908	0.6690610330718958
0.09090000000000001	0.6689824500273358
0.091	0.6689037892533677
0.0911	0.668825050779212
0.0912	0.6687462346340993
0.0913	0.6686673408473076
0.09140000000000001	0.6685883694481307
0.0915	0.6685093204659037
0.0916	0.6684301939299812
0.0917	0.6683509898697586
0.0918	0.6682717083146523
0.09190000000000001	0.6681923492941116
0.092	0.6681129128376136
0.0921	0.6680333989746657
0.0922	0.6716330463513819
0.09230000000000001	0.6715529470587754
0.09240000000000001	0.6714727700761034
0.0925	0.6713925154331729
0.0926	0.6713121831598075
0.0927	0.6712317732858673
0.09280000000000001	0.6711512858412501
0.09290000000000001	0.6710707208558734
0.093	0.670990078359687
0.0931	0.670909358382678
0.0932	0.6708285609548461
0.09330000000000001	0.6707476861062428
0.09340000000000001	0.6706667338669239
0.0935	0.6705857042669995
0.0936	0.6705045973365905
0.0937	0.6704234131058587
0.09380000000000001	0.6703421516049894
0.09390000000000001	0.6702608128641998
0.094	0.6701793969137344
0.0941	0.6700979037838775
0.0942	0.6700163335049218
0.09430000000000001	0.6699346861072123
0.0944	0.6698529616211064
0.0945	0.6697711600770043
0.0946	0.6696892815053256
0.0947	0.669607325936517
0.09480000000000001	0.669525293401071
0.0949	0.6694431839294949
0.095	0.669360997552322
0.0951	0.6692787343001333
0.0952	0.6691963942035206
0.09530000000000001	0.6691139772931128
0.0954	0.6690314835995725
0.0955	0.6531595367996665
0.0956	0.6530788404913013
0.09570000000000001	0.6529980693027385
0.09580000000000001	0.6529172232640265
0.0959	0.6528363024052461
0.096	0.6527553067564984
0.0961	0.6526742363479165
0.09620000000000001	0.6525930912096618
0.09630000000000001	0.6525118713719339
0.0964	0.6524305768649414
0.0965	0.6523492077189342
0.0966	0.6522677639641894
0.09670000000000001	0.6521862456310112
0.09680000000000001	0.6365290465080236
0.0969	0.6364493298707149
0.097	0.6363695405258238
0.0971	0.6362896785030512
0.09720000000000001	0.6362097438321108
0.09730000000000001	0.6361297365427462
0.0974	0.6360496566647321
0.0975	0.6359695042278756
0.0976	0.6358892792619963
0.09770000000000001	0.6358089817969595
0.0978	0.6357286118626378
0.0979	0.6392317640792526
0.098	0.639150798234697
0.0981	0.6390697596596971
0.09820000000000001	0.63898864838442
0.0983	0.6389074644390678
0.0984	0.6388262078538753
0.0985	0.6387448786590951
0.09860000000000001	0.6386634768850189
0.09870000000000001	0.638582002561952
0.0988	0.6385004557202429
0.0989	0.6384188363902487
0.099	0.6383371446023713
0.09910000000000001	0.6382553803870313
0.09920000000000001	0.6381735437746753
0.0993	0.6380916347957833
0.0994	0.6380096534808605
0.0995	0.6379275998604366
0.09960000000000001	0.6378454739650647
0.09970000000000001	0.6377632758253385
0.0998	0.637681005471867
0.0999	0.6375986629352928
0.1	0.6375162482462826
0.1009	0.6367712742591327
0.1018	0.6360204809008205
0.1027	0.6352638908237903
0.10360000000000001	0.6345015268566516
0.10450000000000001	0.6337334120030699
0.10540000000000001	0.6177012244343161
0.1063	0.616940472012328
0.1072	0.6161741758074434
0.1081	0.6154023589416602
0.109	0.6146250447024312
0.1099	0.6138422565415544
0.11080000000000001	0.5833212343021977
0.11170000000000001	0.5825660678295543
0.1126	0.5818057610047128
0.1135	0.581040336757071
0.1144	0.580269818166992
0.1153	0.5794942284647093
0.1162	0.5787135910292132
0.11710000000000001	0.5779279293871216
0.11800000000000001	0.5771372672115685
0.1189	0.5763416283210482
0.1198	0.5755410366782844
0.1207	0.5747355163890726
0.12160000000000001	0.5739250917011117
0.1225	0.573109787002851
0.12340000000000001	0.5722896268223086
0.12430000000000001	0.5714646358258698
0.1252	0.5706348388171322
0.1261	0.5698002607356724
0.127	0.5689609266558565
0.1279	0.5681168617856284
0.1288	0.5530804248222614
0.1297	0.538261413225702
0.1306	0.5374459710497687
0.1315	0.5366261305087465
0.13240000000000002	0.5358019161746661
0.1333	0.5212502131810508
0.1342	0.520438696759488
0.1351	0.5196229913733073
0.136	0.5188031214242506
0.13690000000000002	0.5045193046971111
0.1378	0.503712704849188
0.1387	0.5029021207192851
0.1396	0.502087576504584
0.1405	0.5012690965067403
0.1414	0.5004467051306892
0.1423	0.4996204268834697
0.1432	0.4987902863730196
0.1441	0.4979563083069799
0.14500000000000002	0.4971185174914931
0.1459	0.4962769388299903
0.1468	0.49543159732197306
0.1477	0.4945825180618061
0.1486	0.49372972623747774
0.1495	0.49287324712938135
0.1504	0.4920131061090784
0.1513	0.47821882261729987
0.1522	0.47737427851234515
0.1531	0.476526243642591
0.154	0.47567474305439256
0.1549	0.474819801876799
0.1558	0.4739614453203344
0.1567	0.4730996986757457
0.15760000000000002	0.4596362807663453
0.1585	0.4587910080877331
0.15940000000000001	0.4579425101741569
0.1603	0.4570908119417287
0.1612	0.45623593837862253
0.1621	0.4553779145438363
0.163	0.45451676556599546
0.1639	0.4536525166421035
0.1648	0.45278519303632714
0.16570000000000001	0.45191482007877326
0.1666	0.43884593799726446
0.1675	0.42598828764244523
0.1684	0.42515616815140134
0.1693	0.42432125976424356
0.17020000000000002	0.42348358674439657
0.1711	0.42264317341062646
0.172	0.4218000441358585
0.1729	0.4209542233459995
0.1738	0.4201057355187473
0.17470000000000002	0.41925460518241153
0.1756	0.41840085691472095
0.1765	0.4175445153416221
0.1774	0.41668560513611436
0.17830000000000001	0.41582415101702863
0.1792	0.41496017774784266
0.1801	0.4140937101354914
0.181	0.4132247730291599
0.1819	0.4123533913190876
0.18280000000000002	0.411479589935365
0.1837	0.4106033938467376
0.1846	0.3983388627483722
0.1855	0.3974824453276821
0.1864	0.39662377288577677
0.18730000000000002	0.39576286983566594
0.1882	0.39489976062207494
0.1891	0.39403446972027617
0.19	0.3931670216349165
0.19090000000000001	0.39229744089884805
0.1918	0.39142575207194064
0.19269999999999998	0.39055197973992684
0.1936	0.38967614851321264
0.1945	0.38879828302570657
0.19540000000000002	0.3879184079336562
0.1963	0.38703654791445874
0.1972	0.3861527276654992
0.1981	0.3852669719029692
0.199	0.3843793053606992
0.19990000000000002	0.38348975278898484
0.2008	0.38259833895341044
0.2017	0.38170508863368374
0.2026	0.3808100266224593
0.20350000000000001	0.37991317772417527
0.2044	0.3815790701716693
0.20529999999999998	0.38067366446154777
0.2062	0.3797665313177809
0.2071	0.37885769572696393
0.20800000000000002	0.37794718268544225
0.2089	0.37703501719278654
0.2098	0.376121224252403
0.2107	0.3752058288703791
0.2116	0.3742888560543084
0.21250000000000002	0.3733703308121245
0.2134	0.3619900043695223
0.2143	0.35080862088161485
0.2152	0.34993712810272326
0.21610000000000001	0.33897760968731355
0.217	0.34053704387280587
0.21789999999999998	0.33968158962817785
0.2188	0.33882486118803323
0.2197	0.33796688159174915
0.22060000000000002	0.32725868323498924
0.2215	0.32642345252216565
0.2224	0.3255870742484516
0.2233	0.32474957073900346
0.2242	0.3239109643059513
0.2251	0.3230712772474024
0.226	0.32223053184641987
0.2269	0.32138875037000275
0.2278	0.32054595506809097
0.22870000000000001	0.31970216817254926
0.2296	0.31885741189616706
0.2305	0.31801170843165916
0.2314	0.31716507995066384
0.2323	0.3163175486027489
0.2332	0.3154691365144233
0.2341	0.31461986578814954
0.23500000000000001	0.3044674247833506
0.2359	0.3036417760600633
0.2368	0.30281535832235185
0.2377	0.3019881929133094
0.2386	0.30116030114794623
0.2395	0.30033170431225104
0.2404	0.29950242366225194
0.24130000000000001	0.2986724804230834
0.2422	0.2978418957880592
0.2431	0.2970106909177475
0.244	0.29617888693905037
0.2449	0.2953465049442762
0.2458	0.2967418234291234
0.2467	0.2959023631153698
0.24760000000000001	0.2950623862928411
0.2485	0.29422191404970816
0.2494	0.2933809674346291
0.25029999999999997	0.29253956745577664
0.2512	0.293906599476279
0.2521	0.2930582875727256
0.253	0.2944141103352974
0.2539	0.29355896329738335
0.2548	0.2927034665195146
0.25570000000000004	0.2918476410280753
0.2566	0.29099150780790317
0.2575	0.29228646673693653
0.25839999999999996	0.2914240715607519
0.2593	0.2905614274887427
0.2602	0.2896985554518204
0.2611	0.2888354763265947
0.262	0.28797221093657793
0.2629	0.28710878005133045
0.26380000000000003	0.2862452043856071
0.2647	0.285381504598536
0.2656	0.28451770129276965
0.2665	0.2836538150136627
0.26739999999999997	0.28278986624845215
0.2683	0.2819258754254335
0.2692	0.2810618629131494
0.2701	0.28019784901958883
0.271	0.2793338539913789
0.27190000000000003	0.2784698980129919
0.27280000000000004	0.2776060012059577
0.2737	0.27674218362807335
0.2746	0.27587846527263143
0.27549999999999997	0.2750148660676442
0.2764	0.2741514058750765
0.2773	0.2732881044900865
0.2782	0.2724249816402708
0.2791	0.26351357304521206
0.28	0.2626765141478206
0.28090000000000004	0.26183968548281816
0.2818	0.26100310592140974
0.2827	0.2601667942656652
0.28359999999999996	0.2593307692478248
0.2845	0.2584950495296086
0.2854	0.257659653701534
0.2863	0.25682460028222964
0.2872	0.2559899077177725
0.2881	0.24748040879817684
0.28900000000000003	0.24667165888601061
0.2899	0.24586331215570578
0.2908	0.2450553862082849
0.29169999999999996	0.2442478985712352
0.29259999999999997	0.24344086669788445
0.2935	0.242634307966797
0.2944	0.24182823968116648
0.2953	0.24102267906822142
0.2962	0.23288219599196985
0.29710000000000003	0.23210235180465036
0.298	0.23132304935800632
0.2989	0.23054430505066562
0.2998	0.2297661352048172
0.30069999999999997	0.22898855606566476
0.3016	0.22821158380089704
0.3025	0.22743523450015365
0.3034	0.2266595241745064
0.3043	0.22588446875594292
0.3052	0.21997278923556465
0.30610000000000004	0.21921703335684845
0.307	0.21846196874462037
0.3079	0.21770761061567417
0.30879999999999996	0.2169539741070115
0.3097	0.2162010742752584
0.3106	0.21544892609625876
0.3115	0.21469754446462602
0.3124	0.21394694419327895
0.3133	0.2131971400130205
0.31420000000000003	0.21244814657210814
0.3151	0.21169997843582142
0.316	0.21095265008604658
0.31689999999999996	0.20361451073809467
0.31779999999999997	0.20289237775778773
0.3187	0.2021710997532089
0.3196	0.2014506904222564
0.3205	0.20239850580558652
0.3214	0.20167430061961417
0.32230000000000003	0.20095101094964324
0.3232	0.20022865026760617
0.3241	0.19950723196066666
0.325	0.20042562520622634
0.32589999999999997	0.1997006281317773
0.3268	0.19897661905932096
0.3277	0.1982536111387304
0.3286	0.19753161743627254
0.3295	0.19681065092903366
0.3304	0.18989610099732174
0.33130000000000004	0.1892000463866119
0.3322	0.1885050235360399
0.3331	0.1878110446682848
0.33399999999999996	0.18711812191993424
0.3349	0.18787485693999098
0.3358	0.18872748012256532
0.3367	0.18802805472023185
0.3376	0.18732973908813208
0.3385	0.18663254513561528
0.33940000000000003	0.1859364846868302
0.3403	0.18524156947548373
0.3412	0.18454781114629193
0.34209999999999996	0.18385522125473053
0.34299999999999997	0.1847896962169003
0.3439	0.18409358443867432
0.3448	0.18339869060750458
0.3457	0.1769144743216438
0.3466	0.17624413409442366
0.34750000000000003	0.17557500529712425
0.3484	0.17490709856098854
0.3493	0.17424042442853763
0.35019999999999996	0.17357499335339463
0.35109999999999997	0.17291081570015074
0.352	0.17224790174421542
0.3529	0.1715862616716729
0.3538	0.17092590557915072
0.3547	0.16478498596176228
0.3556	0.15877734966514265
0.35650000000000004	0.15290182716934098
0.35740000000000005	0.14715725186245496
0.35829999999999995	0.1465861232622623
0.35919999999999996	0.1460161671573416
0.3601	0.14544739181515254
0.361	0.14487980542429435
0.3619	0.14431341609443243
0.3628	0.1437482318562422
0.3637	0.14318426066134649
0.36460000000000004	0.13771523667077182
0.36550000000000005	0.1371731735733586
0.36639999999999995	0.13663230393478787
0.36729999999999996	0.13609263512474581
0.36819999999999997	0.1355541744364131
0.3691	0.13501692908643867
0.37	0.13448090621492303
0.3709	0.13394611288539898
0.3718	0.1334125560848233
0.37270000000000003	0.13288024272357338
0.37360000000000004	0.13234917963544443
0.37449999999999994	0.13181937357765336
0.37539999999999996	0.13129083123085197
0.37629999999999997	0.13076355919913882
0.3772	0.13023756401007688
0.3781	0.12971285211472244
0.379	0.1291894298876495
0.3799	0.1286673036269855
0.3808	0.1281464795544501
0.38170000000000004	0.12762696381539834
0.38260000000000005	0.12710876247886677
0.38349999999999995	0.12659188153762926
0.38439999999999996	0.12607632690825257
0.3853	0.1255621044311586
0.3862	0.12504921987069184
0.3871	0.12453767891519087
0.388	0.12402748717706263
0.3889	0.12351865019286687
0.38980000000000004	0.12301117342339604
0.39070000000000005	0.12250506225376974
0.39159999999999995	0.12200032199352764
0.39249999999999996	0.12149695787672583
0.39339999999999997	0.12099497506204446
0.3943	0.12049437863289116
0.3952	0.11999517359751508
0.3961	0.12069761128681072
0.397	0.1201963736170646
0.39790000000000003	0.11969655811553573
0.39880000000000004	0.11919816951634543
0.39969999999999994	0.11870121247839496
0.40059999999999996	0.11820569158542565
0.40149999999999997	0.11888187040568411
0.4024	0.11838447271676675
0.4033	0.1178885404378712
0.4042	0.11739407787921115
0.4051	0.11690108927596098
0.406	0.11640957878833622
0.40690000000000004	0.11591955050180394
0.40780000000000005	0.1154310084272631
0.40869999999999995	0.11494395650121239
0.40959999999999996	0.11445839858594911
0.4105	0.11397433846975612
0.4114	0.11349177986709325
0.4123	0.11301072641879839
0.4132	0.1125311816922853
0.4141	0.11205314918175346
0.41500000000000004	0.11157663230839387
0.41590000000000005	0.11110163442060379
0.41679999999999995	0.1106281587942048
0.41769999999999996	0.11015620863266107
0.41859999999999997	0.10968578706730614
0.4195	0.10921689715756959
0.4204	0.10874954189120935
0.4213	0.10828372418454693
0.4222	0.10877153612026452
0.42310000000000003	0.10457593790130945
0.42400000000000004	0.10412702437509935
0.42489999999999994	0.10477305426246075
0.42579999999999996	0.10432263770944561
0.42669999999999997	0.10387374866668003
0.4276	0.10342638951127738
0.4285	0.1029805625521733
0.4294	0.10253627003030427
0.4303	0.10209351411890959
0.4312	0.10165229692379704
0.43210000000000004	0.10121262048360637
0.43300000000000005	0.1007744867700952
0.43389999999999995	0.1003378976884123
0.43479999999999996	0.09990285507738084
0.4357	0.0994693607097777
0.4366	0.09903741629262579
0.4375	0.09860702346747847
0.4384	0.0981781838107166
0.4393	0.09775089883384123
0.44020000000000004	0.09393617817840502
0.44110000000000005	0.09352693857381948
0.44199999999999995	0.09311920279730944
0.44289999999999996	0.09271297205917725
0.4438	0.09230824750861215
0.4447	0.08864887382188273
0.4456	0.08507826051929562
0.4465	0.08470647832027996
0.4474	0.08433609880751695
0.44830000000000003	0.08313198668450444
0.44920000000000004	0.08276780550593861
0.45009999999999994	0.08240501716307407
0.45099999999999996	0.08204362226758131
0.45189999999999997	0.0816836213774738
0.4528	0.08132501499740569
0.4537	0.08096780357896635
0.4546	0.08061198752098475
0.4555	0.08025756716982843
0.45640000000000003	0.07695700193992241
0.45730000000000004	0.0737392266650858
0.45819999999999994	0.07341489390104246
0.45909999999999995	0.07029282537052726
0.45999999999999996	0.06998355475662292
0.4609	0.06695555293747181
0.4618	0.06666089887864557
0.4627	0.06636743838260045
0.4636	0.06607517135271994
0.4645	0.0657840976502606
0.46540000000000004	0.06549421709462341
0.46630000000000005	0.06261030105508013
0.46719999999999995	0.06233440263660817
0.46809999999999996	0.06205964834792111
0.469	0.06178603785753806
0.4699	0.06151357079515925
0.4708	0.06124224675193663
0.4717	0.06097206528074409
0.4726	0.06070302589644926
0.47350000000000003	0.060435128076186215
0.47440000000000004	0.060168371259628955
0.47529999999999994	0.05990275484926528
0.47619999999999996	0.05963827821067348
0.47709999999999997	0.05937494067279744
0.478	0.05911274152822405
0.4789	0.05818881074254186
0.4798	0.05793150965611246
0.4807	0.057675334730351295
0.48160000000000003	0.05742028511210122
0.48250000000000004	0.0571663599136068
0.48339999999999994	0.05769909744940618
0.48429999999999995	0.05744427932023096
0.48519999999999996	0.05487394073546574
0.4861	0.05539923862477483
0.487	0.05289072104414165
0.4879	0.05265783781344376
0.4888	0.05242601350503801
0.4897	0.05294799577614752
0.49060000000000004	0.05052199362182377
0.49150000000000005	0.05030020270189875
0.49239999999999995	0.050079437601361104
0.49329999999999996	0.04985969705246624
0.4942	0.04964097975972491
0.4951	0.04942328440018269
0.496	0.04920660962369625
0.4969	0.048990954053183385
0.4978	0.04877631628489834
0.49870000000000003	0.0485626948886936
0.49960000000000004	0.0483500884082842
0.5005	0.04813849536151245
0.5014	0.045893386558679576
0.5023	0.0456928810336955
0.5032	0.045493340785934824
0.5041	0.045294764299122846
0.505	0.045097150033523006
0.5059	0.044900496426191164
0.5068	0.0447048018912277
0.5077	0.044510064820031114
0.5085999999999999	0.044316283581550237
0.5095	0.04412345652253759
0.5104	0.04393158196780117
0.5113	0.04374065822045696
0.5122	0.043550683562180365
0.5131	0.04385887993804324
0.514	0.043668444429216816
0.5149	0.04347896358130318
0.5158	0.04329043557819023
0.5167	0.04310285858468951
0.5176	0.04291623074480216
0.5185	0.042730550182543015
0.5194	0.04254581500216527
0.5203	0.042727209720033583
0.5212	0.04254265775189728
0.5221	0.042359051559759595
0.523	0.04217638917451697
0.5239	0.04199466860821654
0.5248	0.041813887854400544
0.5257	0.041634044888357015
0.5266	0.041934699572336046
0.5275	0.04175444216858988
0.5284	0.04157512775698038
0.5293	0.041396754220550544
0.5302	0.039464241941373636
0.5311	0.039295415985625276
0.532	0.03912748379126425
0.5329	0.03896044326823025
0.5337999999999999	0.03879429231090077
0.5347	0.03862902879832295
0.5356	0.03846465059445375
0.5365	0.038301155548393924
0.5374	0.03813854149462191
0.5383	0.037976806253227226
0.5392	0.03781594763014358
0.5401	0.037655963417380464
0.541	0.0374968513932545
0.5419	0.03733860932261937
0.5428	0.037181234957095716
0.5437	0.0370247260352994
0.5446	0.036869080283068845
0.5455	0.036714295413693095
0.5464	0.036560369128135775
0.5473	0.036407299115261915
0.5482	0.03625508305206068
0.5491	0.03610371860386902
0.55	0.0359532034245936
0.5509	0.035803535156931826
0.5518	0.036035692312917054
0.5527	0.03588584998461648
0.5536	0.03573685688292348
0.5545	0.035588710586424
0.5554	0.03391168105388341
0.5563	0.033771687546871626
0.5572	0.03363249638114319
0.5581	0.03349410520474087
0.5589999999999999	0.033356511656674484
0.5599	0.03321971336712464
0.5608	0.03308370795764242
0.5617	0.032948493041354394
0.5626	0.03281406622316139
0.5635	0.03268042509993835
0.5644	0.03254756726073217
0.5653	0.03241549028695862
0.5662	0.032284191752598834
0.5670999999999999	0.03073705375437651
0.568	0.03061316187989937
0.5689	0.030490006239221337
0.5698	0.030895553568626943
0.5707	0.030772069541140895
0.5716	0.030649328170621205
0.5725	0.030527327035996456
0.5734	0.03040606371069215
0.5743	0.030285535762767983
0.5752	0.03016574075511172
0.5761	0.03004667624561584
0.577	0.0299283397873458
0.5779	0.029810728928721004
0.5788	0.029693841213684687
0.5797	0.029241207631569305
0.5806	0.02912729645639748
0.5815	0.029014092249887893
0.5824	0.02890159256777071
0.5833	0.028789794962241058
0.5841999999999999	0.028678696982121353
0.5851	0.028914379657359483
0.586	0.02880305120850581
0.5869	0.028692425087245895
0.5878	0.02858249879289251
0.5887	0.028473269822478563
0.5896	0.028364735670382543
0.5905	0.02825689382867068
0.5914	0.028149741787226033
0.5922999999999999	0.028043277033915247
0.5932	0.027937497054739982
0.5941	0.027832399333982558
0.595	0.027727981354358965
0.5959	0.02762424059716414
0.5968	0.02752117454241845
0.5977	0.027418780669011072
0.5986	0.02731705645484367
0.5995	0.027215999376971254
0.6003999999999999	0.027115606911742803
0.6013	0.027015876534939098
0.6022	0.02691680572191059
0.6031	0.026818391947712558
0.604	0.026720632687240047
0.6049	0.026623525415359728
0.6058	0.026527067607042213
0.6067	0.026431256737491433
0.6075999999999999	0.026336090282273305
0.6084999999999999	0.026241565717442423
0.6093999999999999	0.026147680519668176
0.6103	0.026054432166358416
0.6112	0.025961818135782123
0.6121	0.02586983590719086
0.613	0.02615777580931302
0.6139	0.026065619323947575
0.6148	0.025974098248474606
0.6156999999999999	0.024742565889253935
0.6165999999999999	0.024656412058096818
0.6174999999999999	0.02457085743081242
0.6184	0.024485899559963078
0.6193	0.02440153600005374
0.6202	0.024317764307630958
0.6211	0.024234582041391586
0.622	0.02415198676228209
0.6229	0.02406997603359902
0.6237999999999999	0.023988547421087466
0.6246999999999999	0.024107751608199807
0.6255999999999999	0.024026471342436052
0.6265	0.023945771781244327
0.6274	0.02386565047851539
0.6283	0.0237861049915642
0.6292	0.023707132880424767
0.6301	0.023628731708209956
0.631	0.023550899041191516
0.6319	0.023473632448892324
0.6327999999999999	0.023396929504173148
0.6336999999999999	0.023320787783315096
0.6345999999999999	0.022204456825956047
0.6355	0.022132900055272995
0.6364	0.022061871651161316
0.6373	0.02199136931600942
0.6382	0.021921390755852765
0.6391	0.021851933680446318
0.64	0.021782995803335797
0.6408999999999999	0.021714574841927244
0.6417999999999999	0.021646668517555756
0.6426999999999999	0.021579274555552183
0.6436	0.02151239068530971
0.6445	0.021446014640347347
0.6454	0.021380144158374154
0.6463	0.021314776981350158
0.6472	0.021249910855547557
0.6481	0.021185543531609733
0.6489999999999999	0.021121672764609294
0.6498999999999999	0.021058296314104302
0.6507999999999999	0.020995411944194402
0.6517	0.0209330174235743
0.6526	0.020871110525586725
0.6535	0.019858811344298212
0.6544	0.01980075832973624
0.6553	0.01974316353192135
0.6562	0.019686024847943764
0.6571	0.019629340179551553
0.6579999999999999	0.01957310743319381
0.6588999999999999	0.01951732452006214
0.6597999999999999	0.01946198935613135
0.6607	0.01940709986219905
0.6616	0.019352653963923647
0.6625	0.019298649591861484
0.6634	0.01924508468150303
0.6643	0.019191957173307354
0.6652	0.019139265012736106
0.6660999999999999	0.019087006150285888
0.6669999999999999	0.01922982802356998
0.6678999999999999	0.019177572537286233
0.6688	0.01912575058989933
0.6697	0.019074360120275705
0.6706	0.01927501721791148
0.6715	0.019223589158835257
0.6724	0.019172594255655456
0.6733	0.019122030426160345
0.6741999999999999	0.019071895593692927
0.6750999999999999	0.019022187687152272
0.6759999999999999	0.01897290464102058
0.6769	0.01859895401529122
0.6778	0.01855103053223557
0.6787	0.018503520258331813
0.6796	0.018456421178281245
0.6805	0.018409731282381686
0.6814	0.01836344856654327
0.6822999999999999	0.018317571032303324
0.6831999999999999	0.018272096686840114
0.6840999999999999	0.01822702354298535
0.6849999999999999	0.018182349619236503
0.6859	0.018138072939767096
0.6868	0.01809419153443652
0.6877	0.01805070343879909
0.6886	0.018007606694111594
0.6895	0.017964899347340343
0.6904	0.01792257945116681
0.6912999999999999	0.017880645063993065
0.6921999999999999	0.017839094249945342
0.6930999999999999	0.017797925078877334
0.694	0.017757135626372336
0.6949	0.01771672397374471
0.6958	0.01767668820804
0.6967	0.017637026422034633
0.6976	0.017597736714234376
0.6985	0.017558817188872176
0.6993999999999999	0.017520265955905032
0.7002999999999999	0.017482081131010133
0.7011999999999999	0.01760588635341146
0.7021	0.017567772297460333
0.703	0.017530024421292027
0.7039	0.017492640834207106
0.7048	0.017455619651343575
0.7057	0.017418958993654247
0.7066	0.01738265698788041
0.7074999999999999	0.01734671176654901
0.7083999999999999	0.01731112146796144
0.7092999999999999	0.01727588423617988
0.7101999999999999	0.017240998221016858
0.7111	0.017206461578021134
0.712	0.01717227246846392
0.7129	0.017138429059324056
0.7138	0.01710492952327263
0.7147	0.01707177203865648
0.7156	0.017344336139222514
0.7164999999999999	0.016519398650773127
0.7173999999999999	0.016488295541347515
0.7182999999999999	0.016457518296696602
0.7192	0.016427065165997862
0.7201	0.0163969344039124
0.721	0.01647557422186458
0.7219	0.016445607870847104
0.7228	0.016415962420274065
0.7237	0.016386636126882036
0.7245999999999999	0.016357627252881868
0.7254999999999999	0.016328934065924113
0.7263999999999999	0.016300554839079114
0.7273	0.016272487850811604
0.7282	0.01624473138495397
0.7291	0.01621728373068166
0.73	0.016190143182485732
0.7309	0.016163308040146044
0.7318	0.016136776608703548
0.7326999999999999	0.016110547198432017
0.7335999999999999	0.0160846181248096
0.7344999999999999	0.016058987708489677
0.7353999999999999	0.01603365427527136
0.7363	0.01600861615606954
0.7372	0.015983871686884542
0.7381	0.01595941920877107
0.739	0.015935257067807306
0.7399	0.015911383615063026
0.7408	0.01588779720656764
0.7416999999999999	0.015864496203277827
0.7425999999999999	0.015841478971044688
0.7434999999999999	0.01581874388058069
0.7444	0.01579628930742608
0.7453	0.015774113631915145
0.7462	0.01575221523914204
0.7471	0.015730592518926195
0.748	0.01570924386577784
0.7489	0.015688167678862594
0.7497999999999999	0.014937408239309573
0.7506999999999999	0.014917853892640066
0.7515999999999999	0.014898554369198968
0.7525	0.01487950816180535
0.7534	0.014860713767536159
0.7543	0.014842169687691269
0.7552	0.014823874427758442
0.7561	0.014805826497378202
0.757	0.014788024410308336
0.7578999999999999	0.01477046668438842
0.7587999999999999	0.014753151841503769
0.7596999999999999	0.014736078407549797
0.7605999999999999	0.014719244912395619
0.7615	0.01470264988984818
0.7624	0.014686291877615583
0.7633	0.01467016941727068
0.7642	0.014654281054214499
0.7651	0.01463862533763968
0.766	0.014623200820493294
0.7668999999999999	0.014608006059440376
0.7677999999999999	0.014593039614826598
0.7686999999999999	0.014578300050641486
0.7696	0.014563785934481247
0.7705	0.014549495837511599
0.7714	0.014535428334430668
0.7723	0.014521582003431673
0.7732	0.014507955426165843
0.7741	0.01449454718770496
0.7749999999999999	0.014481355876504448
0.7758999999999999	0.014468380084365715
0.7767999999999999	0.014455618406399367
0.7777	0.014443069440987654
0.7786	0.01443073178974748
0.7795	0.014418604057493265
0.7804	0.014406684852199805
0.7813	0.014394972784965302
0.7822	0.01438346646997447
0.7830999999999999	0.014372164524461587
0.7839999999999999	0.01436106556867365
0.7848999999999999	0.014350168225833815
0.7857999999999999	0.014339471122104678
0.7867	0.014328972886551826
0.7876	0.014318672151107575
0.7885	0.014308567550534501
0.7894	0.014298657722389493
0.7903	0.014288941306987803
0.7912	0.014279416947367009
0.7920999999999999	0.01427008328925155
0.7929999999999999	0.01426093898101723
0.7938999999999999	0.014251982673655758
0.7948	0.014243213020739645
0.7957	0.014234628678387344
0.7966	0.014226228305228197
0.7975	0.013540595320115627
0.7984	0.01353294821119296
0.7993	0.013525472158564388
0.8001999999999999	0.013518165895381764
0.8010999999999999	0.013511028157022879
0.8019999999999999	0.013504057681059532
0.8029	0.0134972532072261
0.8038	0.013490613477388476
0.8047	0.013484137235512898
0.8056	0.01347782322763527
0.8065	0.013471670201830752
0.8074	0.013465676908183552
0.8082999999999999	0.01345984209875687
0.8091999999999999	0.013454164527563482
0.8100999999999999	0.013448642950536153
0.8109999999999999	0.013443276125498638
0.8119	0.013438062812136935
0.8128	0.01343300177197075
0.8137	0.013428091768325458
0.8146	0.013423331566304094
0.8155	0.013418719932759726
0.8163999999999999	0.013414255636268666
0.8172999999999999	0.013409937447103082
0.8181999999999999	0.013405764137204687
0.8190999999999999	0.013401734480158719
0.82	0.013397847251167595
0.8209	0.013394101227025891
0.8218	0.013390495186094916
0.8227	0.013387027908277928
0.8236	0.013383698174995783
0.8245	0.013380504769162834
0.8253999999999999	0.013377446475163332
0.8262999999999999	0.013374522078827913
0.8271999999999999	0.013371730367410947
0.8281	0.013369070129567742
0.829	0.013366540155332627
0.8299	0.013364139236096988
0.8308	0.01336186616458818
0.8317	0.013359719734848377
0.8326	0.013357698742214114
0.8334999999999999	0.013355801983296242
0.8343999999999999	0.013354028255960097
0.8352999999999999	0.013352376359306311
0.8361999999999999	0.013350845093651944
0.8371	0.013349433260512055
0.838	0.013348139662581797
0.8389	0.013346963103718539
0.8398	0.013345902388925206
0.8407	0.013344956324333227
0.8415999999999999	0.013344123717186535
0.8424999999999999	0.0133434033758256
0.8433999999999999	0.013342794109672233
0.8442999999999999	0.013342294729214561
0.8452	0.01269063984824727
0.8461	0.012690361354874594
0.847	0.01269018373837643
0.8479	0.012690105872632883
0.8488	0.012690126632478463
0.8497	0.012690244893690706
0.8505999999999999	0.012690459532979424
0.8514999999999999	0.012690769427975935
0.8523999999999999	0.012691173457223268
0.8533	0.012691670500166395
0.8542	0.012692259437143234
0.8551	0.012692939149375715
0.856	0.012693708518961837
0.8569	0.01269456642886759
0.8578	0.012695511762920067
0.8586999999999999	0.012696543405800115
0.8595999999999999	0.012697660243036233
0.8604999999999999	0.012698861160998807
0.8613999999999999	0.012874917544416923
0.8623	0.013090869741825387
0.8632	0.013092495414808699
0.8641	0.01309420568619045
0.865	0.013095999395064966
0.8659	0.013097875380483237
0.8667999999999999	0.013099832483167888
0.8676999999999999	0.013101869544714803
0.8685999999999999	0.013103985407595126
0.8694999999999999	0.013106178915149157
0.8704	0.013108448911584702
0.8713	0.013110794241976753
0.8722	0.01311321375226508
0.8731	0.013115706289254342
0.874	0.013118270700614342
0.8749	0.013120905834880525
0.8757999999999999	0.013123610541455033
0.8766999999999999	0.013126383670608466
0.8775999999999999	0.012481605737682028
0.8785	0.01248435553779538
0.8794	0.01248716696195683
0.8803	0.01249003892167011
0.8812	0.01249297032928782
0.8821	0.012495960098015697
0.883	0.01249900714191764
0.8838999999999999	0.012502110375921216
0.8847999999999999	0.012505268715823213
0.8856999999999999	0.012508481078296309
0.8865999999999999	0.012511746380895588
0.8875	0.01251506354206595
0.8884	0.012518431481149887
0.8893	0.012521849118395613
0.8902	0.012525315374965684
0.8911	0.012528829172946307
0.8919999999999999	0.012532389435356747
0.8928999999999999	0.01253599508615942
0.8937999999999999	0.012539645050270543
0.8946999999999999	0.012543338253570985
0.8956	0.01254707362291768
0.8965	0.012550850086155576
0.8974	0.012554666572129945
0.8983	0.012558522010699149
0.8992	0.012562415332747835
0.9001	0.012566345470200727
0.9009999999999999	0.01257031135603662
0.9018999999999999	0.012574311924302984
0.9027999999999999	0.012578346110130957
0.9037	0.01258241284975079
0.9046	0.012586511080507658
0.9055	0.01259063974087808
0.9064	0.012594797770486483
0.9073	0.012598984110122433
0.9082	0.0126031977017582
0.9090999999999999	0.012607437488566783
0.9099999999999999	0.012611702414940248
0.9108999999999999	0.012615991426508502
0.9117999999999999	0.012620303470158705
0.9127	0.012624637494054763
0.9136	0.012628992447657455
0.9145	0.012633367281744731
0.9154	0.012637760948432733
0.9163	0.01264217240119694
0.9171999999999999	0.01264660059489383
0.9180999999999999	0.012651044485782815
0.9189999999999999	0.01265550303154879
0.9198999999999999	0.012659975191324778
0.9208	0.01266445992571515
0.9217	0.012668956196819129
0.9226	0.012673462968254732
0.9235	0.01267797920518302
0.9244	0.012682503874332651
0.9252999999999999	0.012687035944025076
0.9261999999999999	0.012691574384199628
0.9270999999999999	0.012696118166439382
0.9279999999999999	0.012700666263997122
0.9289	0.01270521765182177
0.9298	0.012709771306585068
0.9307	0.012714326206708634
0.9316	0.012718881332391402
0.9325	0.01272343566563716
0.9334	0.012727988190282886
0.9342999999999999	0.012732537892026777
0.9351999999999999	0.012737083758457113
0.9360999999999999	0.012741624779081131
0.9369999999999999	0.012746159945354335
0.9379	0.012750688250709984
0.9388	0.01275520869058916
0.9397	0.01275972026247066
0.9406	0.0127642219659016
0.9415	0.01276871280252815
0.9423999999999999	0.012773191776126356
0.9432999999999999	0.01277765789263366
0.9441999999999999	0.012782110160180181
0.9450999999999999	0.01278654758912065
0.946	0.01279096919206649
0.9469	0.012795373983917996
0.9478	0.012799760981896977
0.9487	0.012804129205579457
0.9496	0.012808477676928831
0.9504999999999999	0.012812805420328975
0.9513999999999999	0.012817111462617823
0.9522999999999999	0.012821394833121062
0.9531999999999999	0.01282565456368608
0.9541	0.012829889688715937
0.955	0.012834099245203895
0.9559	0.0128382822727679
0.9568	0.012842437813685223
0.9577	0.01284656491292756
0.9586	0.012850662618195893
0.9594999999999999	0.012854729979956042
0.9603999999999999	0.012858766051473992
0.9612999999999999	0.012862769888851435
0.9621999999999999	0.012866740551061783
0.9631	0.01287067709998592
0.964	0.012874578600448404
0.9649	0.012878444120253744
0.9658	0.012882272730222676
0.9667	0.012886063504228829
0.9675999999999999	0.012889815519235242
0.9684999999999999	0.012893527855331342
0.9693999999999999	0.012897199595769578
0.9702999999999999	0.01290082982700276
0.9712	0.012904417638720895
0.9721	0.012907962123888546
0.973	0.012911462378782266
0.9739	0.012914917503027827
0.9748	0.012918326599637766
0.9756999999999999	0.012921688775049029
0.9765999999999999	0.012925003139160741
0.9774999999999999	0.012928268805371634
0.9783999999999999	0.01293148489061807
0.9793	0.012934650515411938
0.9802	0.012937764803878291
0.9811	0.012940826883793576
0.982	0.01294383588662353
0.9829	0.012946790947561135
0.9838	0.012949691205564785
0.9846999999999999	0.012952535803396269
0.9855999999999999	0.012955323887659024
0.9864999999999999	0.012958054608836032
0.9873999999999999	0.012960727121328102
0.9883	0.01296334058349203
0.9892	0.012965894157678544
0.9901	0.012968387010270553
0.991	0.012970818311721177
0.9919	0.01297318723659183
0.9927999999999999	0.012975492963590397
0.9936999999999999	0.01297773467560894
0.9945999999999999	0.012979911559762048
0.9954999999999999	0.012982022807424463
0.9964	0.012984067614269127
0.9973	0.012986045180305054
0.9982	0.012987954709914904
0.9991	0.012989795411892864
1.0	0.012991566499482231
1.009	0.01275238180688644
1.018	0.012758765111399244
1.027	0.012526642293486568
1.036	0.012517359534054303
1.045	0.01257291993285009
1.054	0.012387181063078439
1.063	0.012015847591913601
1.072	0.011974168971270974
1.081	0.01008986832330903
1.09	0.010182606713298488
1.099	0.009547380986095245
1.108	0.00948071847129032
1.117	0.009223944156603834
1.126	0.00913922445750773
1.135	0.009045454569684142
1.144	0.008796996692580963
1.153	0.00817311011162593
1.162	0.008282004074389709
1.171	0.008162295584887336
1.18	0.008034790007223003
1.189	0.008029973366622528
1.198	0.008049704102386729
1.207	0.007900365519440051
1.216	0.007744350140555658
1.225	0.00789273441778941
1.234	0.007721543844375362
1.2429999999999999	0.007544789298972696
1.252	0.0073629814485195
1.261	0.006768942223202536
1.27	0.006837515557138058
1.279	0.006453712045386185
1.288	0.0061861730286565855
1.297	0.006001248575662834
1.306	0.005814640905890177
1.315	0.005626868317183787
1.3239999999999998	0.005438442370797001
1.333	0.00524986497102817
1.342	0.005546242934714931
1.351	0.005581850998665441
1.3599999999999999	0.005381059953617086
1.369	0.005181934217337566
1.378	0.004984918442438755
1.387	0.004790433118820534
1.396	0.00459887309760256
1.405	0.004410606307845796
1.414	0.004013657765781978
1.423	0.003647626804903145
1.432	0.0034921032656524673
1.4409999999999998	0.003340467578096777
1.45	0.0032835075437432394
1.459	0.003137139398641832
1.468	0.0029952304514720522
1.4769999999999999	0.0030855498855832785
1.486	0.002947302598846758
1.4949999999999999	0.002813832478383725
1.504	0.0028664247490759022
1.513	0.0028716850315145003
1.5219999999999998	0.002745907531598667
1.531	0.0025221322407052243
1.54	0.002413399311521886
1.549	0.002350480871284412
1.5579999999999998	0.0022488553189777194
1.567	0.002228960533299205
1.576	0.0021342951383343653
1.585	0.002044465964696246
1.5939999999999999	0.001959380006479105
1.603	0.0018789348439344463
1.612	0.0018030200204446874
1.621	0.001731518401369932
1.63	0.0016643074588467924
1.6389999999999998	0.0015160979115149873
1.648	0.0014580034011548928
1.657	0.0014037497225125627
1.666	0.001505855204109751
1.6749999999999998	0.0014544761190004483
1.684	0.0014067481188474317
1.693	0.0013625373952455013
1.702	0.0013217119138237523
1.7109999999999999	0.0011910770211497387
1.72	0.0012921372030576454
1.729	0.00125843097265086
1.738	0.0012115310475553618
1.7469999999999999	0.0011853881652209687
1.7559999999999998	0.0011619260013908236
1.765	0.001229389166236972
1.774	0.0012093863954396233
1.783	0.0011919183192570027
1.7919999999999998	0.0011768841551835249
1.801	0.0011641872310114692
1.81	0.0011537348121321105
1.819	0.001145437877186048
1.8279999999999998	0.0011392108566107306
1.837	0.001134971338768885
1.846	0.0011326397511818112
1.855	0.0011321390218814581
1.8639999999999999	0.0011333942285154277
1.8729999999999998	0.0011363322405515527
1.882	0.001140881360599824
1.891	0.0011469709703856427
1.9	0.0011545311863714505
1.9089999999999998	0.0011634925301645927
1.918	0.0011737856175798407
1.927	0.0011853408704261769
1.936	0.0011980882547289644
1.9449999999999998	0.0012119570480450214
1.954	0.001293609674307879
1.963	0.0013101900310492404
1.972	0.0013277519665069238
1.9809999999999999	0.0014897567051649744
1.9899999999999998	0.001509939570328666
1.9989999999999999	0.001655004467442308
2.008	0.001515887330402076
2.017	0.0015361562759771599
2.026	0.0015570147121528606
2.035	0.0015783708577426095
2.0439999999999996	0.0016001319562123756
2.053	0.0016222044285797003
2.062	0.0016444940587759126
2.0709999999999997	0.0016669062090595942
2.08	0.0016893460619718352
2.089	0.0017117188870223344
2.098	0.001733930328104342
2.107	0.0017558867089264227
2.1159999999999997	0.0017774953527232463
2.125	0.0017986649128950668
2.134	0.0017701335912847416
2.143	0.0019225626438326136
2.152	0.0018151487594457497
2.1609999999999996	0.0018320187065866854
2.17	0.001848097336092766
2.179	0.0018633147541547129
2.1879999999999997	0.002015017814351315
2.197	0.0020286031112677536
2.206	0.002041137207583197
2.215	0.002052565407061893
2.224	0.0020628373451337246
2.2329999999999997	0.0020719071605426885
2.242	0.0020797336445375993
2.251	0.0020862803662806528
2.26	0.002091515774311739
2.269	0.002095413272147673
2.2779999999999996	0.002097951268656138
2.287	0.002099113202835223
2.296	0.002163523078421444
2.3049999999999997	0.0022356815045080796
2.314	0.002232588659049866
2.323	0.0022280526986883163
2.332	0.002222077105243106
2.341	0.0022146704629854496
2.3499999999999996	0.002257146572166871
2.359	0.0022468899277539134
2.368	0.0022352389616174494
2.377	0.0022222197667623104
2.386	0.0022078628490502703
2.3949999999999996	0.0021922028912774016
2.404	0.002175278513824036
2.413	0.0021571320083802257
2.4219999999999997	0.0021378090738058556
2.431	0.0021173585297705106
2.44	0.0020958320301695216
2.449	0.0020732837685351873
2.458	0.0020497701766491595
2.4669999999999996	0.002025349628142168
2.476	0.0020000821332506525
2.485	0.001974029040228056
2.4939999999999998	0.0019472527445207185
2.503	0.001919816394219318
2.5119999999999996	0.0018917836085356008
2.521	0.0018632182018402527
2.53	0.0018341839187532953
2.5389999999999997	0.0019563380630820775
2.548	0.0019243730491194692
2.557	0.0017860080959009102
2.566	0.0017535869706120737
2.575	0.0017210720308687595
2.5839999999999996	0.001688526404744645
2.593	0.0016560112432309107
2.602	0.0016235855605030406
2.6109999999999998	0.0015913060959574208
2.62	0.001559227193470967
2.6289999999999996	0.001527400697544008
2.638	0.0014958758700854404
2.647	0.001464699323518841
2.6559999999999997	0.0014339149716855956
2.665	0.0014035639974162124
2.674	0.0013736848358369197
2.683	0.0013443131729096844
2.692	0.0013154819585410604
2.7009999999999996	0.001287221432789707
2.71	0.0012595591648569815
2.719	0.0010985788588876427
2.7279999999999998	0.0010732107451968738
2.737	0.0010485266756233781
2.7459999999999996	0.0010720771879520186
2.755	0.0010483313142402913
2.764	0.0010253319929911103
2.7729999999999997	0.0010030893582393735
2.782	0.0009319958189957441
2.791	0.0009126847300815554
2.8	0.0008940963615186375
2.809	0.0008762328927531196
2.8179999999999996	0.0008590950076664616
2.827	0.0008426820087075518
2.836	0.0008269919296973184
2.8449999999999998	0.0009144328812659369
2.854	0.0008995522034528183
2.8629999999999995	0.0009206659175619425
2.872	0.0009072429506737956
2.881	0.000894622943126745
2.8899999999999997	0.0008828003495441563
2.899	0.0008717689244307776
2.908	0.0008615218187743381
2.917	0.000799313787433488
2.926	0.0007916628895020056
2.9349999999999996	0.0007609127592427802
2.944	0.0007550666006531173
2.953	0.0007498959430062742
2.9619999999999997	0.0007453932556658261
2.971	0.0007415509088000888
2.9799999999999995	0.0007383612117473247
2.989	0.0008091151961242427
2.9979999999999998	0.0008070292119745761
3.0069999999999997	0.0008056142711114887
3.016	0.0008048624658805448
3.025	0.0008047659116873345
3.034	0.0008689440019866568
3.0429999999999997	0.0008704473248148536
3.052	0.0008726332035775096
3.061	0.0008754942226803213
3.07	0.0008790229802241273
3.0789999999999997	0.0008832120898734445
3.0879999999999996	0.0008880541721311449
3.097	0.000893541847684131
3.106	0.0008395199177540911
3.1149999999999998	0.0008452226990878493
3.1239999999999997	0.0008515066557783093
3.133	0.0009617722269638875
3.142	0.0009692433483986633
3.151	0.0009773385443639557
3.1599999999999997	0.0009860503643945252
3.169	0.000995371290712472
3.178	0.00100529372806349
3.187	0.0010158099934441155
3.1959999999999997	0.00112234399551646
3.2049999999999996	0.0011348823889301592
3.214	0.0011349012984978681
3.223	0.0011485163559108093
3.2319999999999998	0.0011627430567285205
3.2409999999999997	0.0011775727219139698
3.25	0.0011929964755733457
3.259	0.001209005242910932
3.268	0.001225589747739251
3.2769999999999997	0.0012427405126696422
3.286	0.0012604478611887115
3.295	0.0012787019215775585
3.304	0.00129749263284399
3.3129999999999997	0.0013168097527453773
3.3219999999999996	0.0013366428675008993
3.331	0.0014942449424766935
3.34	0.001515478944102469
3.3489999999999998	0.0015372707822143255
3.3579999999999997	0.0015596094648832718
3.367	0.001582483795874494
3.376	0.0016058823943233737
3.385	0.0017747437746175182
3.3939999999999997	0.001800564655059015
3.403	0.0018269315230926805
3.412	0.0018538313719359313
3.421	0.0018812510067463138
3.4299999999999997	0.0019091770722846665
3.4389999999999996	0.0019375960701901677
3.448	0.0019664943865597686
3.457	0.0019958583156215104
3.4659999999999997	0.0020256740862589413
3.4749999999999996	0.002055927889479436
3.484	0.0020866059064055917
3.493	0.002117694337257066
3.502	0.0021491794308847807
3.5109999999999997	0.0023597625816087786
3.52	0.0023934509950093792
3.529	0.002427538719606167
3.538	0.0024620112312112364
3.5469999999999997	0.0021757271808521485
3.5559999999999996	0.0022069649377908815
3.565	0.0020908740562958664
3.574	0.0021207801233995814
3.5829999999999997	0.0021510317973123883
3.5919999999999996	0.002181622103832765
3.601	0.0022125443250217963
3.61	0.0022437920144261015
3.6189999999999998	0.002206431388760847
3.6279999999999997	0.002237269887724312
3.637	0.002268414807206384
3.646	0.0022998618461050634
3.655	0.00233160702889533
3.6639999999999997	0.0023636467136200876
3.6729999999999996	0.0023959775987606774
3.682	0.0024285967288707366
3.691	0.002461501499018892
3.6999999999999997	0.0024946896579437806
3.7089999999999996	0.002528159309919746
3.718	0.0025619089153013793
3.727	0.002595937289754395
3.7359999999999998	0.002630243602116956
3.7449999999999997	0.0026648273708539606
3.754	0.0026996884591775332
3.763	0.002734827068796751
3.772	0.0027702437323047233
3.7809999999999997	0.0028059393041897822
3.7899999999999996	0.0028419149505260286
3.799	0.0028781721372714637
3.808	0.002914712617335474
3.8169999999999997	0.0029515384163495144
3.8259999999999996	0.0029886518171795187
3.835	0.0030260553432489437
3.844	0.003063751740619422
3.8529999999999998	0.0031017439590222406
3.8619999999999997	0.0031400351317819653
3.871	0.003178628554679523
3.88	0.0032175276638509464
3.889	0.0032732348603868792
3.8979999999999997	0.003312847520838487
3.9069999999999996	0.0033527634904328314
3.916	0.003392985163764872
3.925	0.0031953759190612254
3.9339999999999997	0.003235676872860016
3.9429999999999996	0.00318120766732174
3.952	0.003220358218711376
3.961	0.0032598719565798285
3.9699999999999998	0.00315574466076757
3.9789999999999996	0.003195177258152979
3.988	0.0032349949185472068
3.997	0.003275200083525382
4.006	0.0031896067262099028
4.015	0.0032305917616134877
4.023999999999999	0.003272004211158502
4.0329999999999995	0.0033138453631492053
4.042	0.0033561162319229753
4.051	0.0033988175338187407
4.06	0.003441949663420595
4.069	0.003548274454753298
4.077999999999999	0.0035907580677416876
4.087	0.003510080319331836
4.096	0.003551287013575872
4.105	0.003592899826522481
4.114	0.003634916536095238
4.122999999999999	0.0036773344426591224
4.132	0.003720150351041202
4.141	0.0037633605537401565
4.15	0.0038069608147043715
4.159	0.003850946354048907
4.167999999999999	0.00389531183347021
4.177	0.003940051342659548
4.186	0.003985158386696035
4.195	0.004030625874310273
4.204	0.004075519694704889
4.212999999999999	0.0041482712956160935
4.2219999999999995	0.00448143534397587
4.231	0.00436188606313528
4.24	0.004405724172996826
4.249	0.004449943864414058
4.257999999999999	0.004494536144723416
4.2669999999999995	0.004539491228056375
4.276	0.004584798526042351
4.285	0.004630446645157139
4.294	0.004676423382728448
4.303	0.004722715726554792
4.311999999999999	0.004615633627200943
4.321	0.004661315696369131
4.33	0.004921528035841467
4.339	0.0051994586363290855
4.348	0.005247974185793809
4.356999999999999	0.005296794521607588
4.366	0.005345901990742759
4.375	0.005395277979738814
4.384	0.0054449029297524475
4.393	0.005665623306087276
4.401999999999999	0.005575824631710723
4.411	0.005627641273025439
4.42	0.005863780421200775
4.429	0.00591682573554152
4.438	0.005970007108238035
4.446999999999999	0.00602330222435169
4.4559999999999995	0.006076687916680086
4.465	0.0061301401929027095
4.474	0.006183634252066591
4.483	0.006237144505770169
4.491999999999999	0.006290644601846284
4.5009999999999994	0.006344107449086299
4.51	0.00639750524484685
4.519	0.006450809503783173
4.528	0.006503991088721521
4.537	0.00655702024332455
4.545999999999999	0.006621541891446938
4.555	0.00667184977598936
4.564	0.006721929687773394
4.5729999999999995	0.006771750406945536
4.582	0.006821280242869804
4.590999999999999	0.006855337196351246
4.6	0.006901837099381797
4.609	0.006947969617698758
4.618	0.0067658325056072
4.627	0.006808144822727091
4.635999999999999	0.006849997843515165
4.645	0.006891360067274996
4.654	0.00693219987102786
4.663	0.006972485557906033
4.672	0.007240353193946828
4.680999999999999	0.007281023293438682
4.6899999999999995	0.007321093668464114
4.699	0.007360532493109526
4.708	0.007399307948339719
4.717	0.007437388277327449
4.725999999999999	0.0074747418327027314
4.734999999999999	0.007491601669222783
4.744	0.007525656596952158
4.753	0.007558999014983525
4.762	0.007591599466912389
4.771	0.00762342857424585
4.779999999999999	0.007654457102872361
4.789	0.007905407749081305
4.798	0.007935360166957482
4.8069999999999995	0.00796444517017681
4.816	0.007992634521971433
4.824999999999999	0.008227595152100075
4.834	0.008253999666475565
4.843	0.007970550379832518
4.852	0.007994568457492558
4.861	0.008017615610862602
4.869999999999999	0.008039667036832433
4.879	0.008060698461245347
4.888	0.008080686181736824
4.897	0.00809960710954255
4.906	0.007804809073573123
4.914999999999999	0.008056843569351674
4.9239999999999995	0.008072975434048425
4.933	0.00808804746690579
4.942	0.008344299302590707
4.951	0.008357514730445966
4.959999999999999	0.008369590706479331
4.968999999999999	0.008380508623252871
4.978	0.008667657088819353
4.987	0.008676634205454777
4.9959999999999996	0.00868443187408878
5.005	0.008691034764422364
5.013999999999999	0.008950777077939932
5.023	0.008954785340798412
5.032	0.008957614328881354
5.0409999999999995	0.00895925333170523
5.05	0.008959692346343773
5.058999999999999	0.008958922103359792
5.068	0.008956934077611396
5.077	0.0089537205224123
5.085999999999999	0.008949274484127898
5.095	0.008943589824024118
5.104	0.008936661235256573
5.1129999999999995	0.008928484260013081
5.122	0.008919055305866366
5.130999999999999	0.008908371660324833
5.14	0.009213482940400206
5.149	0.009200357405056809
5.1579999999999995	0.009186010660572536
5.167	0.008906564411635008
5.175999999999999	0.00912609353173188
5.185	0.009109009867708098
5.194	0.009090675613154183
5.202999999999999	0.00907109460983341
5.212	0.009050271690773522
5.221	0.00902821266586025
5.2299999999999995	0.009237622778566934
5.239	0.009212646692097603
5.247999999999999	0.009186479509453657
5.257	0.00884818152843329
5.266	0.008822013642581204
5.2749999999999995	0.008794728783110838
5.284	0.008766337512399141
5.292999999999999	0.008736851177968425
5.302	0.008706281899038576
5.311	0.00867464255705748
5.319999999999999	0.008641946784809217
5.329	0.008608208952132216
5.338	0.008573444153782413
5.3469999999999995	0.008247019963084376
5.356	0.008209026754882411
5.364999999999999	0.008170124078627553
5.374	0.008130329182603618
5.383	0.008089659917528693
5.3919999999999995	0.008316905576301199
5.401	0.008273972037880927
5.409999999999999	0.008230290254049123
5.419	0.008490942548771791
5.428	0.008211893266096915
5.436999999999999	0.00816789362772762
5.446	0.007768534410141349
5.455	0.007725065050771621
5.4639999999999995	0.0076810621725747034
5.473	0.007593129743718433
5.481999999999999	0.00754682340005377
5.491	0.007296834570108841
5.5	0.007252370618231569
5.5089999999999995	0.007207426214683326
5.518	0.00716201832733129
5.526999999999999	0.007354971401244038
5.536	0.0073075085707470944
5.545	0.007479864253113087
5.553999999999999	0.007734922338125904
5.563	0.00813701153882358
5.572	0.008370048475567578
5.5809999999999995	0.008316263812122183
5.59	0.00797413681129083
5.598999999999999	0.007920735589265891
5.608	0.00762793202837104
5.617	0.007574025614446779
5.6259999999999994	0.00751991546334718
5.635	0.007465621705164507
5.643999999999999	0.007411164384788012
5.653	0.00759381754281822
5.662	0.007860434277690212
5.670999999999999	0.007801650015821793
5.68	0.007942068608192748
5.689	0.007883459970654306
5.6979999999999995	0.007824921410258147
5.707	0.007766474514394003
5.715999999999999	0.007708140255486283
5.725	0.007925035201745959
5.734	0.007865735684505534
5.742999999999999	0.007806637404747402
5.752	0.007747758523900424
5.760999999999999	0.008498611201267513
5.77	0.008436103197190601
5.779	0.008374076939589414
5.787999999999999	0.008595136743122163
5.797	0.0085325574288892
5.806	0.008573656254830473
5.8149999999999995	0.008509273586066627
5.824	0.008445514776017973
5.832999999999999	0.008382385385971044
5.842	0.008319889888149457
5.851	0.008258031713164684
5.859999999999999	0.007980709961726385
5.869	0.008113230962203705
5.877999999999999	0.008054936463283511
5.887	0.007997244009034597
5.896	0.007940153155847708
5.904999999999999	0.00788366278102345
5.914	0.007827771119743488
5.923	0.008116827572603149
5.9319999999999995	0.008060415925242861
5.941	0.007675475003873131
5.949999999999999	0.007838283093664616
5.959	0.007783282676106257
5.968	0.007728962431689883
5.976999999999999	0.007675317280837448
5.986	0.007622341599875571
5.994999999999999	0.007406590668401809
6.004	0.007353189003522703
6.013	0.007570423693769221
6.021999999999999	0.0075168709498082825
6.031	0.007464025952954527
6.04	0.007411880098975469
6.0489999999999995	0.007360424435897967
6.058	0.007309649714343894
6.066999999999999	0.007259546426860348
6.076	0.007210104851537689
6.085	0.007161315092101134
6.093999999999999	0.007113167117642245
6.103	0.007342230027255627
6.111999999999999	0.007102198071437514
6.1209999999999996	0.0067307707296554225
6.13	0.006685114602226438
6.138999999999999	0.006640101535806247
6.148	0.006595723438040084
6.157	0.00655197219703512
6.1659999999999995	0.0065088397113113984
6.175	0.0064663179136484
6.183999999999999	0.006661855525101004
6.193	0.006619644202172151
6.202	0.006578067399296972
6.210999999999999	0.006537116650215268
6.22	0.006496783562150006
6.228999999999999	0.006457059839332478
6.2379999999999995	0.006417937302896366
6.247	0.006379407910862165
6.255999999999999	0.0063414637756130775
6.265	0.0061002454763890756
6.274	0.006066360524995467
6.2829999999999995	0.006033002237573115
6.292	0.006000162682300913
6.300999999999999	0.006212005434907548
6.31	0.006178904659844877
6.319	0.006146334900816608
6.327999999999999	0.0061142890712612185
6.337	0.006082760367877591
6.345999999999999	0.006051742279327529
6.3549999999999995	0.006325936474959191
6.364	0.006294463802111008
6.372999999999999	0.006579320924717214
6.382	0.006547436973701924
6.391	0.006516181124121157
6.3999999999999995	0.006485544764667812
6.409	0.006455519451163281
6.417999999999999	0.006426096926028888
6.427	0.0063972691206349895
6.436	0.006369028168365262
6.444999999999999	0.006341366408468222
6.454	0.006314276392703545
6.462999999999999	0.00628775089064441
6.4719999999999995	0.006261782894062386
6.481	0.006009256248793456
6.489999999999999	0.005985582136506055
6.499	0.005962457932785297
6.508	0.005939877198814485
6.5169999999999995	0.005917833703442121
6.526	0.005896321424887533
6.534999999999999	0.006179915941385452
6.544	0.006158396662376326
6.553	0.006137464467397942
6.561999999999999	0.006117112990640757
6.571	0.006097335978027114
6.579999999999999	0.006078127295405428
6.5889999999999995	0.0060594809270621015
6.598	0.005797953700508612
6.606999999999999	0.0056902711891555
6.616	0.005672576195571183
6.625	0.005713822171577098
6.6339999999999995	0.0056948237637319925
6.643	0.0056764414556122736
6.651999999999999	0.0056586726045025305
6.661	0.00564151440908132
6.67	0.005624963926890845
6.678999999999999	0.005609018069594124
6.688	0.005593673607340494
6.696999999999999	0.005578927170869522
6.7059999999999995	0.005357842009863573
6.715	0.00534560789577679
6.723999999999999	0.0055295241777242096
6.733	0.005518752737650047
6.742	0.005508602530566789
6.7509999999999994	0.005280097692348084
6.76	0.0052722799796715136
6.768999999999999	0.0052650793057978165
6.778	0.005258489386008911
6.787	0.005252503747925178
6.795999999999999	0.0052471157407938855
6.805	0.005242318542581316
6.813999999999999	0.0052381051680882446
6.8229999999999995	0.00523446847699054
6.832	0.005231401181908757
6.840999999999999	0.0052288958565784634
6.85	0.0052269449441361745
6.859	0.005225540765253766
6.867999999999999	0.00522467552639137
6.877	0.005224341328035494
6.885999999999999	0.005224530172983869
6.895	0.005225233974491541
6.904	0.00522644456445312
6.912999999999999	0.00522815370153282
6.922	0.00523035307921445
6.930999999999999	0.005233034333780156
6.9399999999999995	0.005236189052184889
6.949	0.005239808779859303
6.957999999999999	0.005243885028372052
6.967	0.005406034461822337
6.976	0.005300815453765248
6.984999999999999	0.005306887328859279
6.994	0.005313382300431772
7.002999999999999	0.005320293396421989
7.012	0.005583641869599761
7.021	0.005591781644114118
7.029999999999999	0.005455183675433315
7.039	0.005463294888841348
7.047999999999999	0.005471865974950768
7.0569999999999995	0.005480885935080079
7.066	0.005490343663091578
7.074999999999999	0.0055002279614778105
7.084	0.005510527550269609
7.093	0.005521231079159787
7.101999999999999	0.005822854650798987
7.111	0.005833738758017772
7.119999999999999	0.005845058987889316
7.129	0.0058568023689257375
7.138	0.005868955821944114
7.146999999999999	0.005881506178314972
7.156	0.005894440190159519
7.164999999999999	0.0059077445457936355
7.1739999999999995	0.005921405881200651
7.183	0.005935410792956412
7.191999999999999	0.006265227054164913
7.201	0.006279670982228323
7.21	0.0062944904661383924
7.218999999999999	0.00654061122382981
7.228	0.006555496096018978
7.236999999999999	0.006570828222932123
7.2459999999999996	0.006586592420909293
7.255	0.006602773198146101
7.263999999999999	0.006619354764633847
7.273	0.006636321054296851
7.281999999999999	0.006653655739463445
7.2909999999999995	0.00667134224842554
7.3	0.006689363783388127
7.308999999999999	0.006707703338496284
7.318	0.006726343717944655
7.327	0.006745267554707573
7.335999999999999	0.006764457329244155
7.345	0.006579873501756743
7.353999999999999	0.006600226733387937
7.3629999999999995	0.006620795008719543
7.372	0.006523597854613753
7.380999999999999	0.006545296199501626
7.39	0.006567132076943897
7.398999999999999	0.006589087289738086
7.4079999999999995	0.006611143636539609
7.417	0.006895002672556541
7.425999999999999	0.006917986201215209
7.435	0.006941061841620142
7.444	0.006964207705085094
7.452999999999999	0.006987401984105927
7.462	0.006770006007584764
7.470999999999999	0.006634968405435414
7.4799999999999995	0.006821677233385567
7.489	0.00684032982603039
7.497999999999999	0.006858988872076401
7.507	0.006877636898974491
7.515999999999999	0.006896256579174687
7.5249999999999995	0.006914830754371846
7.534	0.006933342451974941
7.542999999999999	0.006951774905771713
7.552	0.0069701115730008666
7.561	0.006988336152119478
7.569999999999999	0.007006432599788422
7.579	0.007024385147284531
7.587999999999999	0.007042178316247524
7.5969999999999995	0.006851991046193637
7.606	0.007114116672672911
7.614999999999999	0.0073848963073884786
7.624	0.007402207261365386
7.632999999999999	0.007419378580868535
7.6419999999999995	0.007436395591082011
7.651	0.007453243811089914
7.659999999999999	0.007469908971125527
7.669	0.007486377022651859
7.678	0.007502634153856282
7.686999999999999	0.007518666799819182
7.696	0.007804534094529817
7.704999999999999	0.007819521931384542
7.7139999999999995	0.007700075739661515
7.723	0.007712829727951008
7.731999999999999	0.007725291589885376
7.741	0.007737449470487503
7.749999999999999	0.008026462921352093
7.7589999999999995	0.00803788157765436
7.768	0.0080490062361174
7.776999999999999	0.008059825809055296
7.786	0.008070329461756816
7.795	0.008080506620466651
7.803999999999999	0.00809034698151701
7.813	0.008099840516920661
7.821999999999999	0.008108977482041757
7.8309999999999995	0.008117748420688903
7.84	0.008506536240575121
7.848999999999999	0.008513169774952733
7.858	0.008519485160838398
7.866999999999999	0.00881914640950766
7.8759999999999994	0.008824873308447905
7.885	0.00883026903773273
7.893999999999999	0.008835322578731717
7.903	0.009112019814113683
7.911999999999999	0.008808358743622003
7.920999999999999	0.008813659354288468
7.93	0.008818604340886547
7.938999999999999	0.00882318177692158
7.9479999999999995	0.008827379986538523
7.957	0.0088311875596793
7.965999999999999	0.008834593366246353
7.975	0.008837586570432253
7.983999999999999	0.008840156644187958
7.992999999999999	0.008842293380580783
8.001999999999999	0.008843986906633877
8.011	0.00884522769573272
8.02	0.00859868216060312
8.029	0.008597758106330289
8.038	0.00859638806054321
8.047	0.00859456458389727
8.056	0.008592280620455306
8.065	0.00858952950634911
8.074	0.008586304978005492
8.082999999999998	0.008582601179758774
8.091999999999999	0.008578412670778851
8.100999999999999	0.008660553129785037
8.11	0.008653478232892186
8.119	0.008871777354845505
8.128	0.008863996705958284
8.137	0.009195553153102729
8.145999999999999	0.009186096238100334
8.155	0.009176243941757077
8.164	0.009165994936054321
8.172999999999998	0.009155348112053641
8.181999999999999	0.009144302568830582
8.190999999999999	0.009132857614475827
8.2	0.009374474895740446
8.209	0.009360243551986914
8.218	0.009345685762864275
8.227	0.009330804979083231
8.236	0.009315604585355554
8.245	0.009300087913185593
8.254	0.009284258233430808
8.262999999999998	0.009268118754138164
8.271999999999998	0.009251672620185721
8.280999999999999	0.009234922911195298
8.29	0.009217872642372156
8.299	0.009200524764677705
8.308	0.009182882166059095
8.317	0.00916494767336011
8.326	0.00914672405445637
8.334999999999999	0.009128214021145923
8.344	0.009109420232690152
8.353	0.009090345299577142
8.361999999999998	0.00907099178799783
8.370999999999999	0.008774996876187649
8.379999999999999	0.008755371843006843
8.389	0.008464026162607044
8.398	0.008444285967010622
8.407	0.008650301443124262
8.416	0.00889157152636136
8.425	0.008870528439459503
8.434	0.008702898926005662
8.443	0.00868067949787863
8.451999999999998	0.00865824229456983
8.460999999999999	0.008635594775570538
8.469999999999999	0.008612744380991827
8.479	0.008589698522526062
8.488	0.008566464577738176
8.497	0.00854304988115467
8.506	0.008519461718585685
8.515	0.008495707320394105
8.524	0.00847179385557428
8.533	0.008847311731188164
8.542	0.0088209473211879
8.550999999999998	0.008794534719574889
8.559999999999999	0.008579831467152813
8.568999999999999	0.00855253425680739
8.578	0.008525208744442528
8.587	0.008497858865932606
8.596	0.008470488366065109
8.605	0.00844310080320522
8.613999999999999	0.008415699556903411
8.623	0.008388287835344902
8.632	0.008360868683070332
8.640999999999998	0.008202097949377313
8.649999999999999	0.008175706556854862
8.658999999999999	0.008149315010349694
8.668	0.008122925172506634
8.677	0.008096538777217013
8.686	0.008070157440187868
8.695	0.007833571487140572
8.704	0.007807874880710053
8.713	0.007782168201825753
8.722	0.007592687292775785
8.730999999999998	0.0075671032491033165
8.739999999999998	0.007541504759768232
8.748999999999999	0.007791003560844378
8.758	0.007764544064792359
8.767	0.007738117238027884
8.776	0.007926949658976412
8.785	0.007899892224631644
8.794	0.007872906181058851
8.802999999999999	0.007845991602440034
8.812	0.007819148514845761
8.821	0.007792376914354459
8.829999999999998	0.007765676778624899
8.838999999999999	0.00773904808055283
8.847999999999999	0.007712490800640747
8.857	0.007686004939125441
8.866	0.007659590528200738
8.875	0.0076332476432444
8.884	0.007606976413944754
8.893	0.007580777034949696
8.902	0.00734345189186549
8.911	0.007318983971684078
8.919999999999998	0.007294592252119361
8.928999999999998	0.007270276723335564
8.937999999999999	0.007246037488328284
8.947	0.007221874770635494
8.956	0.00719778892149476
8.965	0.0071737804264934875
8.974	0.007149849911567347
8.983	0.0071259981485874415
8.991999999999999	0.007418846273758441
9.001	0.0073937821449331104
9.01	0.0073688704146549645
9.019	0.007344110690082042
9.027999999999999	0.007873793082885971
9.036999999999999	0.007847685645882774
9.046	0.007821873279438325
9.055	0.007796354620752329
9.064	0.007771128124456401
9.072999999999999	0.007746192083721805
9.081999999999999	0.0077215446367491225
9.091	0.007697183787330074
9.1	0.007673107414308395
9.109	0.00764931328761885
9.117999999999999	0.0076257990800503
9.126999999999999	0.007731152824716734
9.136	0.0077076790495880215
9.145	0.007501446022587471
9.154	0.00747831619406928
9.163	0.007455489283863977
9.171999999999999	0.007432961753693728
9.181	0.007410729996252989
9.19	0.0073887903498141335
9.199	0.0073671391106324
9.208	0.007345772545813474
9.216999999999999	0.0073246869056279
9.225999999999999	0.007303878435461096
9.235	0.007283343387328894
9.244	0.007263078031145612
9.253	0.0072430786653346225
9.261999999999999	0.007223341627137993
9.270999999999999	0.007203863302481757
9.28	0.007184640135336044
9.289	0.00716566863674584
9.298	0.007418739027422946
9.306999999999999	0.007399454109626611
9.315999999999999	0.007380460871926451
9.325	0.007361755548004333
9.334	0.007343334379373851
9.343	0.007325193639592984
9.351999999999999	0.007307329616298625
9.360999999999999	0.007289738641685896
9.37	0.007272417090222723
9.379	0.007255361389802429
9.388	0.007238568027186753
9.397	0.007222033556509929
9.405999999999999	0.007205754604740525
9.415	0.00718972787792824
9.424	0.007173950166934153
9.433	0.007158418352550088
9.442	0.007143129410381852
9.450999999999999	0.007128080415388109
9.459999999999999	0.006981502501383503
9.469	0.0069667999779278325
9.478	0.00695231619937818
9.487	0.006938048857839298
9.495999999999999	0.006923995761347755
9.504999999999999	0.006910154835867582
9.514	0.006896524126952489
9.523	0.006883101801008267
9.532	0.006869886146206318
9.540999999999999	0.0066502768802267935
9.549999999999999	0.006638955666502164
9.559	0.006627839685244974
9.568	0.006616927209170522
9.577	0.006606216632339105
9.585999999999999	0.006595706469278754
9.594999999999999	0.0062973041754354805
9.604	0.006288189865844172
9.613	0.006279302883016731
9.622	0.006270641736101872
9.631	0.00626220498949328
9.639999999999999	0.006253991262742593
9.649	0.006245999230233035
9.658	0.006238227620719477
9.667	0.006230675216697372
9.676	0.006223340853548106
9.684999999999999	0.006078824632579696
9.693999999999999	0.005820182450479472
9.703	0.005813165676178316
9.712	0.0058063721027147965
9.721	0.005799802232106587
9.729999999999999	0.005793456560907463
9.738999999999999	0.005655597857400012
9.748	0.005503077800852883
9.757	0.005496957140593533
9.766	0.005491051825191894
9.774999999999999	0.005485362430167011
9.783999999999999	0.005479889505712693
9.793	0.005474633573395097
9.802	0.005469595122891903
9.811	0.005464774608795251
9.819999999999999	0.005460172447474942
9.828999999999999	0.00545578901398924
9.838	0.005648701999320495
9.847	0.0056451451738875405
9.856	0.005858271182192119
9.865	0.006049898310942522
9.873999999999999	0.006046379125561099
9.883	0.0060431538654282515
9.892	0.006040227002798779
9.901	0.006037602745904975
9.91	0.006035285027420572
9.918999999999999	0.0060332774865136315
9.927999999999999	0.006031583468786873
9.937	0.006030206016684645
9.946	0.005818672035617211
9.955	0.005818585054851439
9.963999999999999	0.005818756618535232
9.972999999999999	0.005819186583125953
9.982	0.005819874645411432
9.991	0.005820820340114807
10.0	0.0058220230375849915
10.09	0.005671349892076875
10.18	0.005730011463874802
10.27	0.0058702194845127705
10.36	0.006053484340239115
10.45	0.005911506933416934
10.54	0.006013511155557665
10.63	0.006629999227695502
10.72	0.006969501049020229
10.81	0.007358946071755374
10.9	0.007881528372450663
10.99	0.008177597074679435
11.08	0.008806951810296358
11.17	0.008361134803443027
11.26	0.00790131602431673
11.35	0.0079967666101758
11.44	0.00783545995673831
11.53	0.00771631121028892
11.62	0.007546442341846703
11.71	0.00707519540187622
11.8	0.007217609216460449
11.89	0.007320839834675031
11.98	0.006981228703020938
12.07	0.007367812579015603
12.16	0.007630205472427941
12.25	0.008092752006806099
12.34	0.008550890300677823
12.43	0.008866707957314856
12.52	0.008658809031203639
12.61	0.008643520032097894
12.7	0.008582480366676215
12.79	0.008184828209824215
12.879999999999999	0.007642420859046537
12.969999999999999	0.007384525637011783
13.06	0.008059064558150099
13.15	0.007413390752540675
13.24	0.007400567550967348
13.33	0.007184859705220238
13.42	0.007371276955119703
13.51	0.007143859528062351
13.6	0.007092933211881234
13.69	0.007311407358581821
13.78	0.006932641427105017
13.87	0.007206188990456988
13.96	0.007401570502320901
14.05	0.0073240916904083716
14.14	0.007821153301929364
14.23	0.007740461285982509
14.32	0.007652562885238677
14.41	0.0075813194331185605
14.5	0.007438157103733957
14.59	0.007641673626678836
14.68	0.007651231669296161
14.77	0.008126662088499626
14.86	0.00797139283193667
14.95	0.007919042346578413
15.04	0.00787680606134299
15.129999999999999	0.007969939284254605
15.219999999999999	0.007952533835705157
15.309999999999999	0.008502670342288418
15.399999999999999	0.008136682809704754
15.49	0.008229190304076166
15.58	0.008318577201739277
15.67	0.008565304125555045
15.76	0.008897546391043695
15.85	0.008840473850608736
15.94	0.009096926207537057
16.03	0.008810051925762846
16.12	0.009385280985618305
16.21	0.009470368984893007
16.3	0.009266989707016083
16.39	0.009028912481921897
16.48	0.009195418440681986
16.57	0.009084873911992702
16.66	0.009053592505598935
16.75	0.008336687861140564
16.84	0.00783394114153689
16.93	0.007714854806542789
17.02	0.007730807974027714
17.11	0.008137254750220464
17.2	0.008044791865954333
17.29	0.007286156368542697
17.38	0.0070596872406607355
17.47	0.007007489820267667
17.56	0.006975184714235471
17.65	0.007021138379185991
17.74	0.006677568122196645
17.83	0.006913163811483919
17.92	0.006973942881338674
18.009999999999998	0.006712060008222001
18.1	0.00713133646505908
18.189999999999998	0.007159679073049115
18.28	0.007284997738152421
18.369999999999997	0.007044823193734109
18.46	0.007306316475293362
18.549999999999997	0.007679532129092697
18.64	0.007727446515728348
18.73	0.007152191436361418
18.82	0.007172662998168677
18.91	0.007468699217352702
19.0	0.007703510055117634
19.09	0.008320038073960418
19.18	0.008216515533567921
19.27	0.008179064849335263
19.36	0.008309688259371673
19.45	0.009383719065667746
19.54	0.009263695448966942
19.63	0.009198126639661044
19.72	0.008927052010064197
19.810000000000002	0.009143063221013732
19.9	0.008985149902411798
19.990000000000002	0.008900191192374644
20.08	0.008083028607253172
20.17	0.007676783111951819
20.259999999999998	0.007545914865005258
20.35	0.007756223004999945
20.439999999999998	0.007392684758042856
20.53	0.007281778553856057
20.619999999999997	0.007184400917151688
20.71	0.00720692095486457
20.799999999999997	0.00713308185636314
20.89	0.006776537256639557
20.98	0.006568541209485949
21.07	0.006617537555081474
21.16	0.006663078743978444
21.25	0.006716884533888363
21.34	0.006879000146616769
21.43	0.006869402349833671
21.52	0.006826257251541969
21.61	0.006805336245948324
21.7	0.006748033620090972
21.79	0.006842289646183715
21.88	0.006849797889171574
21.97	0.006693176692490694
22.06	0.006531554347736608
22.15	0.006368268533293759
22.240000000000002	0.006869332336401439
22.33	0.006664376156756878
22.42	0.0067947177220168626
22.509999999999998	0.006939372077993734
22.6	0.007048723451207302
22.689999999999998	0.006676411243087099
22.78	0.006795486173824046
22.869999999999997	0.006753079846114973
22.96	0.007195497497443328
23.049999999999997	0.0073418844461517205
23.14	0.007829917517966757
23.229999999999997	0.007976018668600976
23.32	0.007387107526089364
23.41	0.007836822589532513
23.5	0.008076570005158318
23.59	0.008682675323840573
23.68	0.00854364496585539
23.77	0.009146568137758436
23.86	0.008356387908864008
23.95	0.008214585127802529
24.04	0.008724589546608447
24.13	0.008823711817970483
24.22	0.008136675365270065
24.31	0.008028483335005483
24.4	0.0086746937826625
24.490000000000002	0.008545407116239492
24.58	0.00824627809619619
24.67	0.007907146060110398
24.759999999999998	0.008088618385171921
24.85	0.008316657355265674
24.939999999999998	0.008914242350678472
25.03	0.009144318313917163
25.119999999999997	0.009730115252621662
25.21	0.009267968136571264
25.299999999999997	0.008796247203745375
25.39	0.008700269621859831
25.479999999999997	0.008584996209233997
25.57	0.008530493086069305
25.66	0.00800962717831433
25.75	0.007850994231497085
25.84	0.007159183567884566
25.93	0.006741577960421151
26.02	0.006779601878764484
26.11	0.006302678005926551
26.2	0.00624828274762064
26.29	0.0064161840601709074
26.38	0.006763599635740322
26.47	0.0067693240383568404
26.56	0.006646490608789649
26.65	0.00693865962236492
26.74	0.007219778577615458
26.83	0.007258340332931687
26.919999999999998	0.0072861575240817855
27.009999999999998	0.007297278017460653
27.099999999999998	0.007288663369938354
27.189999999999998	0.006740237749444942
27.28	0.007228563985929642
27.37	0.007499137627575406
27.46	0.007517005598949317
27.55	0.007867397954671472
27.64	0.00765705385136577
27.73	0.007762003056851919
27.82	0.0077233553989985975
27.91	0.007381560201687361
28.0	0.007067209163203933
28.09	0.0069758026023953
28.18	0.007032373123047176
28.27	0.006737170141265478
28.36	0.006623468117155229
28.45	0.006198982933689796
28.54	0.006125899783003
28.63	0.0060638132978443875
28.72	0.00651850260296437
28.81	0.006598612689143324
28.9	0.006274738983771311
28.99	0.006542288745144834
29.08	0.007088500434985701
29.169999999999998	0.006781041650058884
29.259999999999998	0.006467560947102717
29.349999999999998	0.00646954632733356
29.439999999999998	0.006832834150154647
29.529999999999998	0.007047195928293162
29.62	0.0068378394256701745
29.71	0.007419874938987473
29.8	0.007379904720681393
29.89	0.007730620804348768
29.98	0.008243518623090033
30.07	0.008003168287172017
30.16	0.007929287825370394
30.25	0.007651499933306874
30.34	0.007550420757018188
30.43	0.006857572621365735
30.52	0.0067314487054978426
30.61	0.007152942839431502
30.7	0.0073664946410938285
30.79	0.007427510728046242
30.88	0.006929266117166953
30.97	0.00757416255252973
31.06	0.00815146043922933
31.15	0.008184728645043734
31.24	0.008234077859610257
31.33	0.008455842327390451
31.419999999999998	0.008475716631912577
31.509999999999998	0.00849174165868361
31.599999999999998	0.008422529554755502
31.689999999999998	0.008168124047930722
31.779999999999998	0.007918187134085338
31.869999999999997	0.007105324532304268
31.96	0.007234959115405252
32.05	0.006932891360275534
32.14	0.007287568125083512
32.230000000000004	0.0070145438861040745
32.32	0.0071380884124835195
32.41	0.00711501864067206
32.5	0.006984437759712648
32.59	0.0067084221680468
32.68	0.006691533432194321
32.769999999999996	0.006776718024361528
32.86	0.007015248925941576
32.95	0.007000869009162636
33.04	0.007050183032712503
33.129999999999995	0.006981853946207969
33.22	0.007187535300628966
33.31	0.006696622124604753
33.4	0.006475530745419019
33.489999999999995	0.006408004822673984
33.58	0.00659620589980174
33.67	0.006318356571539096
33.76	0.006292002591891325
33.849999999999994	0.006390440615206705
33.94	0.006636026923699811
34.03	0.00632726110756639
34.12	0.006574159645064076
34.21	0.006839939543316064
34.3	0.007428149352408991
34.39	0.007521162635797174
34.480000000000004	0.007526537751792675
34.57	0.007629224804823573
34.66	0.0077597568778574755
34.75	0.0079198531307614
34.84	0.007873382020193888
34.93	0.007837298215415432
35.019999999999996	0.008022725651312563
35.11	0.008053315637776004
35.2	0.008258271534214814
35.29	0.007940157048361774
35.379999999999995	0.007629880769616004
35.47	0.007829558339486498
35.56	0.007827562486932073
35.65	0.007664679818397981
35.739999999999995	0.007508592282924036
35.83	0.0076983803462236655
35.92	0.007823011206440756
36.01	0.00860778879739083
36.099999999999994	0.008315505128056878
36.19	0.008372048245557843
36.28	0.007460401638010522
36.37	0.007503032253260381
36.459999999999994	0.0077519828506789805
36.55	0.008185889701561769
36.64	0.008166715169548991
36.730000000000004	0.008578787410121998
36.82	0.008487984361606152
36.91	0.008555658672287697
37.0	0.008582761098182939
37.09	0.00827605736986893
37.18	0.008123972696908921
37.269999999999996	0.008413785745022707
37.36	0.008378776484336962
37.45	0.008324501957599048
37.54	0.008249491900062638
37.629999999999995	0.008154583645337027
37.72	0.007889771237793084
37.81	0.008089514951682898
37.9	0.0077912701462524775
37.989999999999995	0.007499130203172693
38.08	0.007184889622798587
38.17	0.006927186233013254
38.26	0.006841712661205229
38.349999999999994	0.006848079702634385
38.44	0.007028736587499193
38.53	0.0074828343178677086
38.62	0.0077933368478499175
38.709999999999994	0.007770273113748456
38.8	0.007588330204069083
38.89	0.007243983964735841
38.980000000000004	0.007496674755539454
39.07	0.007771268932723316
39.16	0.007703394158745937
39.25	0.007375231925522274
39.34	0.007038628508462373
39.43	0.006981974282798922
39.519999999999996	0.0069164384141353254
39.61	0.006292224087935446
39.7	0.006602871445292948
39.79	0.006095441048841308
39.879999999999995	0.0062860015710577664
39.97	0.006276813805179922
40.06	0.006073515893762226
40.15	0.006574719839328853
40.239999999999995	0.006601428668652465
40.33	0.007043507368610525
40.42	0.007098754745214703
40.51	0.007125043616677827
40.599999999999994	0.007429372168460479
40.69	0.00735082286041164
40.78	0.007372376387684726
40.87	0.007442865210472493
40.959999999999994	0.007544296174282106
41.05	0.0077636803391532136
41.14	0.008188466939629515
41.230000000000004	0.008499725822084754
41.32	0.008847625469252508
41.41	0.008804890382457402
41.5	0.009142016571099145
41.59	0.009056039320596015
41.68	0.009279703840455735
41.769999999999996	0.010197098081632045
41.86	0.00961479915372322
41.95	0.009116522313376861
42.04	0.008742028081974105
42.129999999999995	0.008800361131914472
42.22	0.008426627806400192
42.31	0.008276595354384016
42.4	0.008059836541697793
42.49	0.008159467726971735
42.58	0.007968980940584874
42.67	0.007459445284968151
42.76	0.007327182896635107
42.85	0.008120076771700855
42.94	0.00787016749178834
43.03	0.00838615452939556
43.12	0.008085203645004575
43.21	0.007734987266377386
43.3	0.007753779197944556
43.39	0.007945637285131283
43.48	0.008226598579033198
43.57	0.007679318167146479
43.66	0.007701501808663941
43.75	0.008059989236481623
43.839999999999996	0.00793405728062809
43.93	0.007652755934970251
44.019999999999996	0.007423144343600286
44.11	0.007287762370183829
44.199999999999996	0.0070908390175160796
44.29	0.007538602602891362
44.379999999999995	0.007581233472452747
44.47	0.00770304258065443
44.56	0.007155148178377466
44.65	0.007278465569339238
44.74	0.007220507888711456
44.83	0.007143527571049467
44.92	0.007244185006304958
45.01	0.007337047322715235
45.1	0.007065834166030608
45.19	0.006613872857434242
45.28	0.0071074868059914555
45.37	0.00722420968273654
45.46	0.007446742824893508
45.55	0.007401387469179067
45.64	0.006772664310069911
45.73	0.006741938824598553
45.82	0.006709819233873141
45.91	0.006502364901953063
46.0	0.0063427891017548334
46.089999999999996	0.00631003731997176
46.18	0.005791609446584616
46.269999999999996	0.005910923429056717
46.36	0.005855101164042877
46.449999999999996	0.006118339420437148
46.54	0.006296268122440745
46.629999999999995	0.006386979992159237
46.72	0.007512728996797469
46.809999999999995	0.007446029189066562
46.9	0.007980033012543816
46.99	0.0083187465481021
47.08	0.008645389714817328
47.17	0.008657410851255291
47.26	0.008631326990182053
47.35	0.008885831889299322
47.44	0.008859038373464785
47.53	0.008694262509368353
47.62	0.009072644664339827
47.71	0.008614379508579682
47.8	0.008761794649617682
47.89	0.008395097690513763
47.98	0.008281258519260823
48.07	0.008150700793698559
48.16	0.007697645685448795
48.25	0.007359936947817539
48.339999999999996	0.007266841525849473
48.43	0.007460478504474719
48.519999999999996	0.0073620280733058
48.61	0.0075891664717932525
48.699999999999996	0.0075218136404909845
48.79	0.007293542966204955
48.879999999999995	0.007464488152880864
48.97	0.007834483487387628
49.059999999999995	0.008133329422542152
49.15	0.008145571121314534
49.24	0.008744856126898572
49.33	0.008910068636257625
49.42	0.008763446912350793
49.51	0.00879658346143126
49.6	0.009546937734588042
49.69	0.009819336250886667
49.78	0.008946006872394352
49.87	0.008930252295745043
49.96	0.008665561415047382
50.05	0.00857056566681046
50.14	0.008457032496388505
50.23	0.00857755118248777
50.32	0.008266845776533494
50.41	0.008123672057014489
50.5	0.0077962888459963365
50.589999999999996	0.0076115957705101345
50.68	0.008058306208967221
50.769999999999996	0.007769511710495065
50.86	0.007689493929550705
50.949999999999996	0.007633753225927327
51.04	0.007596750667921913
51.129999999999995	0.007116096392889315
51.22	0.007523222318689015
51.309999999999995	0.007421822424314575
51.4	0.007738058793716088
51.49	0.008309707861385204
51.58	0.008314735397009053
51.67	0.00833057098201096
51.76	0.007850556387734116
51.85	0.007868528501264549
51.94	0.007589522780568731
52.03	0.007909565247451044
52.12	0.008465449091551535
52.21	0.0082527146833681
52.3	0.00804473210483467
52.39	0.008016206930732092
52.48	0.007981662015857698
52.57	0.007939910954341323
52.66	0.007708435890968653
52.75	0.007133977397835385
52.839999999999996	0.006732861097012421
52.93	0.006196362880949991
53.019999999999996	0.006476042289670332
53.11	0.005997123105286103
53.199999999999996	0.006066687565629386
53.29	0.005462829408707687
53.379999999999995	0.005459794230072765
53.47	0.005336747061342996
53.559999999999995	0.005961947783223044
53.65	0.00579105116851905
53.739999999999995	0.006048212197222346
53.83	0.006265193928793856
53.92	0.006641093316806848
54.01	0.006299912773756028
54.1	0.0070569103709182774
54.19	0.007119972565456539
54.28	0.0074389655001514685
54.37	0.0074927738644149635
54.46	0.007789670979543007
54.55	0.007553392159611551
54.64	0.007839341406026285
54.73	0.008039409996876353
54.82	0.008065348179051366
54.91	0.00807122978681681
55.0	0.008080667730199517
55.089999999999996	0.007735851353191256
55.18	0.007878924799605362
55.269999999999996	0.0076984312524900995
55.36	0.007998564845754683
55.449999999999996	0.007490862154842069
55.54	0.007466516157990528
55.629999999999995	0.007317580972978578
55.72	0.007549930180058585
55.809999999999995	0.007088200148165954
55.9	0.00700016087144239
55.989999999999995	0.007233359868576583
56.08	0.007546181569536009
56.17	0.007024713243385824
56.26	0.00729393315442373
56.35	0.006969915920856286
56.44	0.007364022033120141
56.53	0.00734592959226635
56.62	0.007644384775002408
56.71	0.007653314167210114
56.8	0.007504568729533467
56.89	0.007247510697047428
56.98	0.00706554877263602
57.07	0.007404978211913507
57.16	0.007662966227574737
57.25	0.007393574363221837
57.339999999999996	0.00760632988928602
57.43	0.007556023639978661
57.519999999999996	0.007509500121725673
57.61	0.00721829976967857
57.699999999999996	0.007517187789358221
57.79	0.008320578146940672
57.879999999999995	0.008607424872453136
57.97	0.008191333568541698
58.059999999999995	0.008019115947276842
58.15	0.008255176454453273
58.239999999999995	0.008194886341545537
58.33	0.00825598775738654
58.42	0.008246425118032905
58.51	0.008201733775009542
58.6	0.008100121335047098
58.69	0.008004141612134962
58.78	0.00827145137231934
58.87	0.007854700785599484
58.96	0.008074539002390775
59.05	0.008262425922960231
59.14	0.007995831570396848
59.23	0.007196423822494388
59.32	0.007387476923689948
59.41	0.007068835749306693
59.5	0.0071977153736389
59.589999999999996	0.007246110525361405
59.68	0.007720837607385497
59.769999999999996	0.008274815118434272
59.86	0.00864575591804278
59.949999999999996	0.00851417548756446
60.04	0.009258596607418752
60.129999999999995	0.009456442883887134
60.22	0.009134418219795498
60.309999999999995	0.00979666952358319
60.4	0.009629300460771269
60.489999999999995	0.009647709409869736
60.58	0.009301584599876633
60.669999999999995	0.009211627429231697
60.76	0.009090558946667694
60.85	0.008752014163197968
60.94	0.008584719659936457
61.03	0.008404077954323508
61.12	0.008053160885812467
61.21	0.007860516303153832
61.3	0.007692656951221883
61.39	0.0075247803135010515
61.48	0.007482447535364769
61.57	0.0073566854353891474
61.66	0.007255152744684496
61.75	0.007002409075449739
61.839999999999996	0.006696244071612308
61.93	0.007175974182419834
62.019999999999996	0.006985424013449389
62.11	0.0071092747442870596
62.199999999999996	0.006977015723807247
62.29	0.006947629279908482
62.379999999999995	0.007024095681726423
62.47	0.0065175067122075735
62.559999999999995	0.006429119776890223
62.65	0.006499509547853398
62.739999999999995	0.006396476258219125
62.83	0.006441895392525203
62.919999999999995	0.00656577192592876
63.01	0.006484582270386707
63.1	0.006759541186893987
63.19	0.006821260458322569
63.28	0.007275459979918032
63.37	0.007269437730853742
63.46	0.0075847310632489685
63.55	0.007843129453623362
63.64	0.00873789399818837
63.73	0.008481353474253788
63.82	0.008236667738319449
63.91	0.008717455668119024
64.0	0.008423115351314474
64.09	0.008913938174795468
64.18	0.007925353865752017
64.27	0.00734620711727577
64.36	0.007828053465309516
64.44999999999999	0.007993670519769085
64.53999999999999	0.007554462049266109
64.63	0.0075659868990942455
64.72	0.007517313043670107
64.81	0.007937371321027264
64.9	0.008134402778467437
64.99	0.00811079955301905
65.08	0.008092674715559939
65.16999999999999	0.007948364301495913
65.25999999999999	0.007650721411148644
65.35	0.007457376078727857
65.44	0.007223795576448773
65.53	0.0076338124612434465
65.62	0.007802637718845441
65.71000000000001	0.007716002334653415
65.8	0.007627257242143219
65.89	0.007536178765153479
65.97999999999999	0.007847017073265829
66.07	0.008548209502272634
66.16	0.008295856625274265
66.25	0.008809964738257398
66.34	0.008378247883040436
66.43	0.008576590534835777
66.52	0.00879652613584148
66.61	0.008901948747882612
66.69999999999999	0.00866708072137562
66.78999999999999	0.008584141411726044
66.88	0.008419063170605777
66.97	0.007908858410051645
67.06	0.00775861211883107
67.15	0.007610735916481011
67.24	0.007380027526852355
67.33	0.007076504387504859
67.41999999999999	0.006700119851393687
67.50999999999999	0.006894421767763299
67.6	0.006707271770794712
67.69	0.007033215941332738
67.78	0.006857844298721293
67.87	0.006797763770584329
67.96000000000001	0.006829377292921812
68.05	0.0065971661809590765
68.14	0.006750970833250555
68.22999999999999	0.006857992294427801
68.32	0.006545026368036995
68.41	0.006981152735320891
68.5	0.0067994567854110805
68.59	0.006820891316906078
68.68	0.007115782977133961
68.77	0.007720913452575808
68.86	0.007588571248791266
68.94999999999999	0.007945873047139427
69.03999999999999	0.008568728645051463
69.13	0.008867604277846795
69.22	0.008970445189895003
69.31	0.009032809155279703
69.4	0.00879233045126949
69.49	0.008364940533381892
69.58	0.007901428938853079
69.66999999999999	0.007478669667525698
69.75999999999999	0.006635088678841318
69.85	0.006486400965454505
69.94	0.006848503278109099
70.03	0.006665556533065711
70.12	0.006134116985480163
70.21000000000001	0.006042441560545376
70.3	0.00625470512546648
70.39	0.006187011659166955
70.47999999999999	0.00635284850863034
70.57	0.006365292435818499
70.66	0.006638721677682572
70.75	0.00646185259829134
70.84	0.006334435049164377
70.93	0.006530987177805625
71.02	0.0070157636694654826
71.11	0.007042937749168569
71.19999999999999	0.007068907967381763
71.28999999999999	0.008027946462949222
71.38	0.008108712450524679
71.47	0.008430556280072686
71.56	0.008453513193969493
71.65	0.008863992529010989
71.74	0.008753783899792728
71.83	0.008993553601653647
71.91999999999999	0.008906608234502697
72.00999999999999	0.00915189755556348
72.1	0.009399209214348609
72.19	0.009223463342239986
72.28	0.008836329612511445
72.37	0.0084410247667225
72.46000000000001	0.007931639798921171
72.55	0.007570506927578665
72.64	0.007927610950735362
72.72999999999999	0.007704620136898785
72.82	0.007323236019908299
72.91	0.006982979106864733
73.0	0.006838623660436128
73.09	0.006718257995577557
73.18	0.0068898956921857775
73.27	0.006826688922280104
73.36	0.006900059530335158
73.44999999999999	0.006730287004265081
73.53999999999999	0.0068333603926877245
73.63	0.00697065425211073
73.72	0.007169587984099525
73.81	0.0072555494972982495
73.9	0.007517517233008746
73.99	0.007849720448833836
74.08	0.008784431720160782
74.17	0.008298556786455857
74.25999999999999	0.008170181513951926
74.35	0.008058518544767105
74.44	0.008346363432910151
74.53	0.008289799472897874
74.62	0.00860941660862566
74.71	0.007685790869946956
74.8	0.007923741832540075
74.89	0.007875149250794487
74.98	0.007840548926846908
75.07	0.007931102974555968
75.16	0.007961819197544708
75.25	0.008317714715700024
75.34	0.008511126902184838
75.42999999999999	0.008231721463309673
75.52	0.006989347765965191
75.61	0.007370850726019046
75.7	0.007115295835875054
75.78999999999999	0.0072503673867972684
75.88	0.006987162816116817
75.97	0.007004900860149841
76.06	0.006919258426614795
76.14999999999999	0.006703865395034795
76.24	0.006617735408637677
76.33	0.007285141414489772
76.42	0.007040144735466592
76.50999999999999	0.006662909668978927
76.6	0.006351104425350975
76.69	0.00629653606655097
76.78	0.005881748379143988
76.87	0.0062901326614996506
76.96	0.006098511500512854
77.05	0.00607240608977612
77.14	0.0058800279395686125
77.23	0.006160035928371866
77.32	0.006796316905859301
77.41	0.0066622473760921605
77.5	0.006627486996960272
77.59	0.006935893443611541
77.67999999999999	0.007087305393367191
77.77	0.007157797554444185
77.86	0.008031892751483471
77.95	0.008138518509996683
78.03999999999999	0.008184736251230576
78.13	0.008410727008367681
78.22	0.008241918307478781
78.31	0.008282325925034821
78.39999999999999	0.008477004874166747
78.49	0.008365719787024328
78.58	0.008228079285113162
78.67	0.008352335677813474
78.75999999999999	0.00803329860530017
78.85	0.007701274729091565
78.94	0.007631014805014176
79.03	0.007446818747113513
79.12	0.007146921516961329
79.21	0.007322467736329288
79.3	0.0073597439838502835
79.39	0.007071456443405375
79.48	0.00718904378129015
79.57	0.007483530188753533
79.66	0.007276193636527822
79.75	0.007848958420508877
79.84	0.00782989149485988
79.92999999999999	0.007484696407861967
80.02	0.008721519479337265
80.11	0.008305187357095314
80.2	0.008115899830774882
80.28999999999999	0.008062041209503766
80.38	0.00828999975939657
80.47	0.008084451610378946
80.56	0.008043793664295024
80.64999999999999	0.007982842112754294
80.74	0.0077209090441992655
80.83	0.007707706768185238
80.92	0.007582195367008758
81.00999999999999	0.007118031110720037
81.1	0.007496144125489996
81.19	0.0073718945545491734
81.28	0.007257498549582448
81.36999999999999	0.007253771013795209
81.46	0.006923784348994034
81.55	0.006867731538853295
81.64	0.007087874304924882
81.73	0.00727683800436454
81.82	0.007480659805659677
81.91	0.007284201122395455
82.0	0.007249437311242281
82.09	0.0074797965225917645
82.17999999999999	0.007831217078730194
82.27	0.007605542086548123
82.36	0.008187716568527044
82.45	0.007852757435554367
82.53999999999999	0.008055110980268947
82.63	0.007760948087194615
82.72	0.0075599524337380845
82.81	0.007637862207198764
82.89999999999999	0.007725285367588837
82.99	0.007411100780416309
83.08	0.00751921768206719
83.17	0.007434309677828408
83.25999999999999	0.008012982073770271
83.35	0.007798745902694817
83.44	0.007473457592232036
83.53	0.00789068748818538
83.61999999999999	0.0077103808921230865
83.71	0.008209930219069841
83.8	0.008187932076249323
83.89	0.007966229008563532
83.98	0.007953326436690457
84.07	0.00793942497305193
84.16	0.008393976536504748
84.25	0.008380460110326787
84.34	0.008901817149544133
84.42999999999999	0.00855459101608766
84.52	0.008788458259334733
84.61	0.008601111752901925
84.7	0.009029474978664378
84.78999999999999	0.009209699253710148
84.88	0.008620549064458997
84.97	0.008509054701812211
85.06	0.008388105631313644
85.14999999999999	0.00795764960499371
85.24	0.007802524256125965
85.33	0.007919667283253594
85.42	0.007750329537679811
85.50999999999999	0.007588220921005373
85.6	0.007604069999979876
85.69	0.007567647678568413
85.78	0.00763973100254677
85.86999999999999	0.008157983052810054
85.96	0.008383787620110227
86.05	0.008289244492962566
86.14	0.008108636222249782
86.23	0.008122848631769607
86.32	0.00795638232501489
86.41	0.007963669556831606
86.5	0.008234511747687676
86.59	0.007759874260438467
86.67999999999999	0.0077687711693404235
86.77	0.007855841650427924
86.86	0.007860095372470174
86.95	0.00819657843570468
87.03999999999999	0.008053518207974649
87.13	0.007865247713585358
87.22	0.007368108690960359
87.31	0.007320189809827295
87.39999999999999	0.007112768137148773
87.49	0.007071240921429671
87.58	0.006932874098642654
87.67	0.0071120152343333255
87.75999999999999	0.007279526898198543
87.85	0.007233416737308194
87.94	0.006857907421517234
88.03	0.006820254647582015
88.11999999999999	0.007092554469296093
88.21	0.0073064578229786615
88.3	0.007584742922901963
88.39	0.007793878904534884
88.48	0.0075579559223983355
88.57	0.007576442152018758
88.66	0.007504247398509848
88.75	0.007943457519945973
88.84	0.007865383926972874
88.92999999999999	0.007888376840355206
89.02	0.007806750842338818
89.11	0.00798029773135277
89.2	0.007898238545921813
89.28999999999999	0.007822543315604934
89.38	0.008469464220366275
89.47	0.00804167962144207
89.56	0.00798491802199243
89.64999999999999	0.007839502348665832
89.74	0.007830384621784304
89.83	0.008049516458338117
89.92	0.007427174195069688
90.00999999999999	0.007403607303061461
90.1	0.007250580682209203
90.19	0.006924195810174532
90.28	0.006697047995240042
90.36999999999999	0.006786920680069707
90.46	0.007270263330716691
90.55	0.007752974241072105
90.64	0.008098402033311842
90.73	0.007573805001955703
90.82	0.007416713997119016
90.91	0.008193911921159907
91.0	0.008544963736484877
91.09	0.008517300760050188
91.17999999999999	0.009094405108447029
91.27	0.009311631552535678
91.36	0.009030992209632834
91.45	0.008917332920692352
91.53999999999999	0.008776455677822625
91.63	0.008610833894886323
91.72	0.008153639021598496
91.81	0.008281315465463329
91.89999999999999	0.008396903209481383
91.99	0.008237825826152862
92.08	0.008091337033848815
92.17	0.00802417043780225
92.25999999999999	0.008178297645163812
92.35	0.008379661989231995
92.44	0.008420749709251331
92.53	0.008684918556654944
92.61999999999999	0.008468136784268679
92.71	0.008448083138947687
92.8	0.008437196948946091
92.89	0.008428788506640012
92.98	0.008418040050431749
93.07	0.008041952146793334
93.16	0.008736491275154096
93.25	0.008707947785963925
93.34	0.008497771386739142
93.42999999999999	0.00849522960618837
93.52	0.008496822247388725
93.61	0.008159099519048777
93.7	0.008334787621986618
93.78999999999999	0.0084205635925212
93.88	0.008572504095904756
93.97	0.008380505904013574
94.06	0.008204220399697119
94.14999999999999	0.00803494793993536
94.24	0.0074968530640487935
94.33	0.00770376870870611
94.42	0.007474450205750563
94.50999999999999	0.007407146720200368
94.6	0.0073486511065115456
94.69	0.007286360936396902
94.78	0.006684178572021987
94.86999999999999	0.006538334973396382
94.96	0.006146892580514294
95.05	0.006069833721743826
95.14	0.006027271074094542
95.22999999999999	0.006061759544862428
95.32	0.006050928128409689
95.41	0.006049728902158769
95.5	0.00628598376376269
95.59	0.0064828233435080766
95.67999999999999	0.006792097075919574
95.77	0.007008389926551717
95.86	0.007028899817298772
95.95	0.006671758939051746
96.03999999999999	0.006692910398355486
96.13	0.006699788570969025
96.22	0.006680498849733791
96.31	0.00669078885184359
96.39999999999999	0.006686854630474194
96.49	0.006699302846412275
96.58	0.00635145176581696
96.67	0.0059669748760511725
96.75999999999999	0.006221148539048929
96.85	0.005866206297047697
96.94	0.005982312295119187
97.03	0.0062629603989071215
97.11999999999999	0.0065733787709360446
97.21	0.007611161519331271
97.3	0.007353947356172586
97.39	0.006847980371051936
97.47999999999999	0.006203909975780958
97.57	0.0067087088306074195
97.66	0.006653709356998692
97.75	0.00657959061992424
97.84	0.007437517085311299
97.92999999999999	0.007331376466378256
98.02	0.007293450635008641
98.11	0.007602086343964159
98.2	0.007760280779279966
98.28999999999999	0.007648892398453972
98.38	0.007537053470001388
98.47	0.007673107549213254
98.56	0.007538112761990213
98.64999999999999	0.007609919518210095
98.74	0.0074362529601501035
98.83	0.007238977974189652
98.92	0.007620290935276962
99.00999999999999	0.007466190325015131
99.1	0.0077015712342628885
99.19	0.008436777154714553
99.28	0.008319921056339457
99.36999999999999	0.008259796507054117
99.46	0.00852546600016559
99.55	0.008504498144918878
99.64	0.009078283021021294
99.72999999999999	0.009087362893635854
99.82	0.008736459019097058
99.91	0.008049551643749176
100.0	0.00801960054556217
100.90090090090091	0.007992187768855382
101.8018018018018	0.007184431169193676
102.70270270270271	0.008383591157364556
103.6036036036036	0.007213610712872921
104.50450450450451	0.00693403118393587
105.4054054054054	0.008344123634774374
106.30630630630631	0.008335645506037439
107.2072072072072	0.007415016611109031
108.10810810810811	0.005990415150539694
109.009009009009	0.006994718979598171
109.90990990990991	0.0077612604785865175
110.8108108108108	0.007932744444761936
111.71171171171171	0.007497470266019085
112.61261261261261	0.006578054982937878
113.51351351351352	0.006156092183177002
114.41441441441441	0.0055730832285470705
115.31531531531532	0.008611857259889576
116.21621621621622	0.007144884537224736
117.11711711711712	0.008142655529535373
118.01801801801801	0.007923951624394158
118.91891891891892	0.006522031638762712
119.81981981981983	0.008901614021511016
120.72072072072072	0.007536094210866758
121.62162162162161	0.008103480249769802
122.52252252252252	0.006975948393277798
123.42342342342343	0.007462624079049664
124.32432432432432	0.006969909177743811
125.22522522522523	0.006710785769787341
126.12612612612612	0.009329681562308534
127.02702702702703	0.00746432717499652
127.92792792792793	0.006686789914216698
128.82882882882882	0.007885250825198729
129.72972972972974	0.006381863734730765
130.63063063063063	0.007773863906965878
131.53153153153153	0.008624426043733615
132.43243243243245	0.008642771295305508
133.33333333333334	0.008369766495468695
134.23423423423424	0.009446394943817434
135.13513513513513	0.008258317590229665
136.03603603603602	0.008444288396723941
136.93693693693695	0.007748915577907465
137.83783783783784	0.007603029307738911
138.73873873873873	0.00619511006327567
139.63963963963965	0.005086969500837916
140.54054054054055	0.00669594603635934
141.44144144144144	0.007862790740206507
142.34234234234233	0.007421541970688393
143.24324324324323	0.0074553830376176584
144.14414414414415	0.008566337224158688
145.04504504504504	0.007501114821396426
145.94594594594594	0.008458718254112409
146.84684684684686	0.008135199109874668
147.74774774774775	0.00738065138909169
148.64864864864865	0.008175337621698524
149.54954954954957	0.00789114613690886
150.45045045045046	0.00695050120921318
151.35135135135135	0.007732231705823534
152.25225225225225	0.006082744281466255
153.15315315315314	0.006981179797795114
154.05405405405406	0.009606079676657322
154.95495495495496	0.0077819378211619735
155.85585585585585	0.007672143426314054
156.75675675675677	0.007314681606228749
157.65765765765767	0.008290386944427403
158.55855855855856	0.007917020051992142
159.45945945945945	0.006792776745333878
160.36036036036035	0.0064140614650580845
161.26126126126127	0.006494515888714296
162.16216216216216	0.00627288503295488
163.06306306306305	0.007047422834883174
163.96396396396398	0.008114703438713112
164.86486486486487	0.007978309867545831
165.76576576576576	0.00733453922172099
166.66666666666669	0.007576874613586656
167.56756756756755	0.008132289372399737
168.46846846846847	0.007017451520381196
169.36936936936937	0.008249208960876275
170.27027027027026	0.0073821679619230736
171.17117117117118	0.008497838242520324
172.07207207207207	0.007734547463277962
172.97297297297297	0.007402316431060046
173.8738738738739	0.008117058321475508
174.77477477477476	0.0077737450046660266
175.67567567567568	0.006948909747306568
176.57657657657657	0.008557451611998236
177.47747747747746	0.007209137363057017
178.3783783783784	0.007737473288036553
179.27927927927928	0.007292917553384105
180.18018018018017	0.007337477248519774
181.0810810810811	0.009231983946612211
181.981981981982	0.007799556414021221
182.88288288288288	0.007475327222436184
183.7837837837838	0.007608113039623456
184.68468468468467	0.008813266612057105
185.5855855855856	0.00852872143851823
186.48648648648648	0.007865545292591694
187.38738738738738	0.008125356952172974
188.2882882882883	0.007361109698668351
189.1891891891892	0.007540720091948335
190.0900900900901	0.0066164559258772866
190.990990990991	0.007567379151377643
191.89189189189187	0.007951627445517325
192.7927927927928	0.007227069734624538
193.6936936936937	0.0071540952541130996
194.59459459459458	0.005969890979125344
195.4954954954955	0.006946658158364556
196.3963963963964	0.00879291976067503
197.2972972972973	0.007494240190447388
198.1981981981982	0.007504360479694666
199.0990990990991	0.008170660021664769
200.0	0.007861707668205882
200.90090090090092	0.007393560272086198
201.8018018018018	0.00872210100834785
202.7027027027027	0.008415134884550203
203.6036036036036	0.007880544737811322
204.5045045045045	0.008218470289843209
205.40540540540542	0.007985266204967017
206.3063063063063	0.00735901924885576
207.2072072072072	0.007146648784236259
208.10810810810813	0.0078767793093265
209.009009009009	0.007149902836455743
209.9099099099099	0.007287917935566049
210.8108108108108	0.008262276100287926
211.7117117117117	0.008028288940249973
212.61261261261262	0.008422459043111404
213.51351351351352	0.008197079975571654
214.4144144144144	0.007418079641601891
215.31531531531533	0.008075996286843587
216.21621621621622	0.007424396930195435
217.11711711711712	0.008609265954528182
218.01801801801804	0.007528847917317455
218.9189189189189	0.006913429727613297
219.81981981981983	0.007043775347540098
220.72072072072072	0.007851091427562979
221.6216216216216	0.007484233360036859
222.52252252252254	0.008000705323659334
223.42342342342343	0.008908511951472964
224.32432432432432	0.0072395593922318525
225.22522522522524	0.006542594090022289
226.1261261261261	0.007470405108000522
227.02702702702703	0.007205495167090933
227.92792792792793	0.006706901667229888
228.82882882882882	0.00621016536162144
229.72972972972974	0.0059432572345867775
230.63063063063063	0.006291885968121522
231.53153153153153	0.010130815867419447
232.43243243243242	0.008477901396466207
233.33333333333334	0.007325363878208188
234.23423423423424	0.007519724690359353
235.13513513513513	0.008637729936059489
236.03603603603605	0.007790077413163294
236.93693693693695	0.006832084674654306
237.83783783783784	0.007900795764485744
238.73873873873873	0.007320081577218479
239.63963963963965	0.00808412993980276
240.54054054054055	0.007562689739658238
241.44144144144144	0.007233004435217659
242.34234234234233	0.007665023067437108
243.24324324324326	0.00848252096515805
244.14414414414415	0.008461904037088078
245.04504504504504	0.007485922259217069
245.94594594594594	0.008501453175315548
246.84684684684686	0.006978861629438432
247.74774774774775	0.007519314162140245
248.64864864864865	0.007252663203406117
249.54954954954954	0.00721623879570025
250.45045045045046	0.007783442049367987
251.35135135135135	0.007328224095385765
252.25225225225225	0.006963739876536336
253.15315315315314	0.00800019057099027
254.05405405405406	0.007227408060043923
254.95495495495496	0.006789969307366258
255.85585585585585	0.006247368390622785
256.7567567567568	0.005570080500908602
257.65765765765764	0.0067924643305881105
258.55855855855856	0.007217259294063526
259.4594594594595	0.007446867717576171
260.36036036036035	0.007720826920419256
261.26126126126127	0.008241999064901624
262.1621621621622	0.00823373229482024
263.06306306306305	0.007443294436663406
263.963963963964	0.007312432277034782
264.8648648648649	0.007800548742625578
265.76576576576576	0.008598281996557744
266.66666666666663	0.007989001991095764
267.5675675675676	0.007664877478355754
268.4684684684685	0.007600734602181165
269.36936936936934	0.00815410085406121
270.27027027027026	0.008220826913749807
271.1711711711712	0.008138847286239263
272.07207207207205	0.008970886703596312
272.97297297297297	0.008674989908652356
273.8738738738739	0.008029679540345818
274.77477477477476	0.00847702757999306
275.6756756756757	0.008158276593537161
276.5765765765766	0.008920561993831464
277.47747747747746	0.007094386937256411
278.3783783783784	0.008609522395187811
279.2792792792793	0.006142100059907104
280.1801801801802	0.007996232680671232
281.0810810810811	0.008099009546422743
281.981981981982	0.007536830286697524
282.8828828828829	0.007281118950099456
283.78378378378375	0.006232500305860265
284.6846846846847	0.007077325599758111
285.5855855855856	0.007830472924973004
286.48648648648646	0.006167887062236688
287.3873873873874	0.005385349663780785
288.2882882882883	0.007507964241844824
289.18918918918916	0.00687686171149349
290.0900900900901	0.006176470186494773
290.990990990991	0.008013187254296032
291.8918918918919	0.008291025782860768
292.7927927927928	0.008651556946134764
293.6936936936937	0.007241493820645881
294.5945945945946	0.006926148827740351
295.4954954954955	0.00779054881656408
296.3963963963964	0.007936394319982403
297.2972972972973	0.007417808372317245
298.1981981981982	0.007905239907028176
299.09909909909913	0.005804604443080398
300.0	0.0067398938321180475
300.90090090090087	0.008149572424376764
301.80180180180184	0.007649981304670831
302.7027027027027	0.008240326626780538
303.6036036036036	0.007616806317326364
304.5045045045045	0.007625124468262728
305.4054054054054	0.0072847771322094475
306.3063063063063	0.007658323575139833
307.2072072072072	0.008388603065865986
308.1081081081081	0.008512701104932022
309.009009009009	0.007560125054480425
309.9099099099099	0.00885184470593525
310.81081081081084	0.007711114954359147
311.7117117117117	0.006863088003257301
312.6126126126126	0.0074173105241996055
313.51351351351354	0.008655648044339999
314.4144144144144	0.007480772034685657
315.31531531531533	0.00795604897649008
316.21621621621625	0.008374546223825812
317.1171171171171	0.007738088254220802
318.018018018018	0.007751678779535341
318.91891891891896	0.006782694060803522
319.8198198198198	0.007142241839385725
320.7207207207207	0.007454500601539238
321.6216216216216	0.008407065067832594
322.52252252252254	0.008257672019373155
323.4234234234234	0.009422399737891728
324.3243243243243	0.007552068463797381
325.22522522522524	0.006134813612058425
326.1261261261261	0.007107901273751627
327.02702702702703	0.010054958114621468
327.92792792792795	0.008248457179550311
328.8288288288288	0.0071988754491219015
329.72972972972974	0.007609660169823121
330.63063063063066	0.007225750806326471
331.5315315315315	0.008103577777099346
332.43243243243245	0.0074143549380071595
333.33333333333337	0.007219345570022769
334.23423423423424	0.006399057485261399
335.1351351351351	0.007711679861852004
336.0360360360361	0.007679415195779569
336.93693693693695	0.00691359788941532
337.8378378378378	0.007118284390172799
338.73873873873873	0.007385458823772977
339.63963963963965	0.008433431113528619
340.5405405405405	0.0071561925988057684
341.44144144144144	0.007927495846801517
342.34234234234236	0.007072087586479621
343.2432432432432	0.007087927745085901
344.14414414414415	0.006507219966633959
345.0450450450451	0.006361371047234107
345.94594594594594	0.006106061624829199
346.84684684684686	0.007855633602960207
347.7477477477478	0.007830050270299002
348.64864864864865	0.007237487167704005
349.5495495495495	0.0076118891047502356
350.4504504504505	0.005916044734754291
351.35135135135135	0.007616819328255752
352.2522522522522	0.007185883650050764
353.1531531531532	0.007101289767339759
354.05405405405406	0.0070828347134549285
354.9549549549549	0.007968138823757888
355.85585585585585	0.008762920591294113
356.7567567567568	0.008311308418263236
357.65765765765764	0.008144522047938895
358.55855855855856	0.0068001525863008614
359.4594594594595	0.008363747049082014
360.36036036036035	0.0075575710748002
361.26126126126127	0.005843191046201775
362.1621621621622	0.0063563841709896795
363.06306306306305	0.006587451851877901
363.963963963964	0.007024704118894374
364.86486486486484	0.0065566335156824265
365.76576576576576	0.006828982433445447
366.6666666666667	0.006677162195990513
367.56756756756755	0.008339311702626227
368.4684684684685	0.008296295003089173
369.3693693693694	0.007926930262438363
370.27027027027026	0.007536554422924407
371.1711711711712	0.008084470527111493
372.0720720720721	0.007907415667444281
372.97297297297297	0.006933170242344593
373.8738738738739	0.0075804749021002316
374.77477477477476	0.006496459640857297
375.6756756756757	0.007163504764141763
376.5765765765766	0.00902043301188243
377.47747747747746	0.007266848474873782
378.3783783783784	0.0065072030863972475
379.2792792792793	0.0064114005402659486
380.1801801801802	0.008485234542205396
381.0810810810811	0.006661003764166541
381.98198198198196	0.006680161278219735
382.8828828828829	0.008393920956619606
383.7837837837838	0.006639083744955843
384.68468468468467	0.006473054193167482
385.5855855855856	0.008041595842687904
386.4864864864865	0.007591339642649461
387.3873873873874	0.00791416019484503
388.2882882882883	0.007579661913466051
389.1891891891892	0.007344992794775021
390.0900900900901	0.008605602292139894
390.990990990991	0.00788770476196009
391.8918918918919	0.006787154228128526
392.7927927927928	0.006749570349912671
393.6936936936937	0.007353769978478251
394.5945945945946	0.00840113266727042
395.4954954954955	0.007953487171982897
396.3963963963964	0.0077901649455769904
397.2972972972973	0.007977639895047156
398.1981981981982	0.007643033779365629
399.0990990990991	0.006684160344448571
400.0	0.009192941398677542
400.9009009009009	0.00749107117819742
401.8018018018018	0.007418487414785325
402.7027027027027	0.007183613683113562
403.60360360360363	0.006531323893350775
404.5045045045045	0.007568332511730782
405.4054054054054	0.00672901097135871
406.3063063063063	0.006543263945771164
407.2072072072072	0.007747011946081314
408.1081081081081	0.007012166843818022
409.009009009009	0.006316401580821389
409.9099099099099	0.006624219453280509
410.81081081081084	0.008679705239314727
411.7117117117117	0.007590838471177969
412.6126126126126	0.006474722304017912
413.51351351351354	0.006632450354965458
414.4144144144144	0.008794490856146937
415.31531531531533	0.007811999069045913
416.2162162162162	0.006846619927797586
417.1171171171171	0.007973921063923837
418.01801801801804	0.007484717528389302
418.9189189189189	0.006160248924054409
419.8198198198198	0.006739762553768079
420.72072072072075	0.006624019942844722
421.6216216216216	0.009328829759325152
422.52252252252254	0.008285146706749198
423.4234234234234	0.006978141354941244
424.3243243243243	0.0074259658477420385
425.22522522522524	0.00841562614571164
426.1261261261261	0.00810673453104935
427.02702702702703	0.00719350263321862
427.92792792792795	0.009117051553883372
428.8288288288288	0.0074600750908139935
429.72972972972974	0.007980328886119274
430.63063063063066	0.007502497420118105
431.5315315315315	0.008025134734869974
432.43243243243245	0.008930042921499818
433.3333333333333	0.008920899764677397
434.23423423423424	0.007531106397888242
435.13513513513516	0.008044579467284563
436.036036036036	0.007238173062724792
436.93693693693695	0.00794588339140138
437.83783783783787	0.007030396448075627
438.73873873873873	0.0060136397933772965
439.63963963963965	0.005582780473257453
440.5405405405405	0.007406910065393706
441.44144144144144	0.007654053537400867
442.34234234234236	0.006788359370961387
443.2432432432432	0.006946114672356722
444.14414414414415	0.007483627173614712
445.0450450450451	0.00708684234390812
445.94594594594594	0.0074849556444142405
446.84684684684686	0.007169354523643295
447.7477477477478	0.007279553902036387
448.64864864864865	0.006730411108525501
449.54954954954957	0.007222342736873727
450.45045045045043	0.0070281110421674415
451.35135135135135	0.007488725720226912
452.2522522522523	0.008955546719881474
453.15315315315314	0.007551043649466104
454.05405405405406	0.007969552996425466
454.954954954955	0.008139665144971222
455.85585585585585	0.0075800340484185776
456.7567567567568	0.006536610848682427
457.65765765765764	0.008866067364137977
458.55855855855856	0.006226223195952278
459.4594594594595	0.006193267748251925
460.36036036036035	0.005918425545316998
461.26126126126127	0.006668192891269587
462.1621621621622	0.007273000719046658
463.06306306306305	0.0063486570856521735
463.963963963964	0.006907084417156404
464.86486486486484	0.008192362767644932
465.76576576576576	0.008213345568420195
466.6666666666667	0.00858325345809542
467.56756756756755	0.006917906902981451
468.4684684684685	0.008448712855759545
469.3693693693694	0.00827830190389603
470.27027027027026	0.007326824773242075
471.1711711711712	0.007309814949397267
472.0720720720721	0.007306507232090094
472.97297297297297	0.00777742511164713
473.8738738738739	0.008234049634782688
474.77477477477476	0.008341849764142886
475.6756756756757	0.008565495512120904
476.5765765765766	0.006284178025556801
477.47747747747746	0.006736773839267401
478.3783783783784	0.006456010059937611
479.2792792792793	0.009376190844641372
480.1801801801802	0.007624185772774217
481.0810810810811	0.008147207701880172
481.98198198198196	0.00663636821025076
482.8828828828829	0.006781328147135573
483.7837837837838	0.008258935553034728
484.68468468468467	0.006691012194609412
485.5855855855856	0.007791257238445999
486.4864864864865	0.007812738007460995
487.3873873873874	0.007650419852269927
488.2882882882883	0.007085953009462364
489.1891891891892	0.007165046459493185
490.0900900900901	0.007994227753408177
490.990990990991	0.007675843421141056
491.8918918918919	0.007884146265325881
492.7927927927928	0.006857216222032002
493.6936936936937	0.006137848706221147
494.5945945945946	0.007270671308571722
495.4954954954955	0.00766779652518075
496.3963963963964	0.007683521255031072
497.2972972972973	0.006810124336918415
498.1981981981982	0.0069392130217855435
499.0990990990991	0.007453796589108265
500.0	0.007710796931950458
500.9009009009009	0.008405639128176122
501.8018018018018	0.00652443861479061
502.7027027027027	0.007350037150258578
503.60360360360363	0.00734745174156994
504.5045045045045	0.0071019050743139035
505.4054054054054	0.008597187763532469
506.30630630630634	0.008138503255266794
507.2072072072072	0.007651191003166747
508.1081081081081	0.0076109494338328955
509.009009009009	0.00772732808001854
509.9099099099099	0.008491408002183537
510.81081081081084	0.008257114322796221
511.7117117117117	0.006925601399908149
512.6126126126126	0.006312669861084858
513.5135135135135	0.006800374817407707
514.4144144144144	0.0076935639778442835
515.3153153153153	0.007765381082059117
516.2162162162163	0.006634867715378737
517.1171171171171	0.008734129209179133
518.018018018018	0.007605193743184242
518.918918918919	0.00635378662504827
519.8198198198198	0.006818768430760127
520.7207207207207	0.0075010953138811304
521.6216216216217	0.006836764255906961
522.5225225225225	0.007850226659604892
523.4234234234234	0.009044458937426274
524.3243243243244	0.007926479701840409
525.2252252252252	0.007979214871355075
526.1261261261261	0.00787410721881427
527.0270270270271	0.008711890027677048
527.927927927928	0.007287528211281516
528.8288288288288	0.007975945562276583
529.7297297297298	0.007641612897362635
530.6306306306307	0.007924725529593954
531.5315315315315	0.007192164958719115
532.4324324324325	0.007580307803095876
533.3333333333333	0.008946187755487984
534.2342342342342	0.008590278117960207
535.1351351351352	0.0060417301830242055
536.036036036036	0.006346621878825455
536.936936936937	0.006408842810093008
537.8378378378379	0.00847613212979136
538.7387387387387	0.007281101224111538
539.6396396396397	0.006927975640921382
540.5405405405405	0.00749401274392294
541.4414414414414	0.007295872267512841
542.3423423423424	0.00669795531665128
543.2432432432432	0.006576060196552506
544.1441441441441	0.007822705619360546
545.0450450450451	0.00836186780855167
545.9459459459459	0.007833854280501613
546.8468468468468	0.00672423647048652
547.7477477477478	0.007722455738432718
548.6486486486486	0.007836228134993595
549.5495495495495	0.007678152894043558
550.4504504504505	0.007532669911922215
551.3513513513514	0.007521154540579467
552.2522522522522	0.007780318442203708
553.1531531531532	0.006660267573500214
554.0540540540541	0.007512790532018187
554.9549549549549	0.007395386687949445
555.8558558558559	0.007026172136131166
556.7567567567568	0.008105955927669481
557.6576576576576	0.007637131126820011
558.5585585585586	0.0073406945659564345
559.4594594594595	0.007511408922730603
560.3603603603603	0.006289251480493367
561.2612612612613	0.008401297940571222
562.1621621621622	0.00876375259719976
563.063063063063	0.007370689034155245
563.963963963964	0.007306583177309688
564.8648648648649	0.007700892956626303
565.7657657657658	0.00866557350687362
566.6666666666667	0.0072137042428389335
567.5675675675675	0.007199919756462737
568.4684684684685	0.007293016195960123
569.3693693693695	0.0071670793772944524
570.2702702702702	0.0076430477151655666
571.1711711711712	0.00893032471792638
572.0720720720722	0.007282987217278372
572.9729729729729	0.006516804227075918
573.8738738738739	0.007224733124646876
574.7747747747748	0.00665011007736567
575.6756756756756	0.007560088517863858
576.5765765765766	0.007552816865464203
577.4774774774775	0.006041889481854614
578.3783783783783	0.007697687582552269
579.2792792792793	0.007794012456861369
580.1801801801802	0.007431754874544408
581.081081081081	0.0064999293925293656
581.981981981982	0.008081183209778553
582.8828828828829	0.006589956990433412
583.7837837837837	0.007254005499821871
584.6846846846847	0.007492587186729687
585.5855855855856	0.008974381051675919
586.4864864864865	0.0075308502860911295
587.3873873873874	0.005691188748906392
588.2882882882883	0.007725469846669783
589.1891891891892	0.008310045496692437
590.0900900900901	0.006708888205157721
590.990990990991	0.0067541576110038935
591.8918918918919	0.007392815132086984
592.7927927927929	0.007908780490346774
593.6936936936937	0.006681623832225422
594.5945945945946	0.006402929248070225
595.4954954954956	0.007305916463085585
596.3963963963964	0.007468334387095131
597.2972972972973	0.009501854163039093
598.1981981981983	0.008478013287442476
599.099099099099	0.008498224896099098
600.0	0.007410765361488741
600.900900900901	0.007663439201742549
601.8018018018017	0.006417975546415644
602.7027027027027	0.005745451089522414
603.6036036036037	0.007913435208055892
604.5045045045044	0.00766669822694589
605.4054054054054	0.0063578383305358055
606.3063063063064	0.006674165874012479
607.2072072072071	0.009228849632001069
608.1081081081081	0.008599663764878387
609.009009009009	0.007082020285886564
609.9099099099099	0.007636213701540909
610.8108108108108	0.006977926546695539
611.7117117117117	0.007553255164075915
612.6126126126126	0.008446534144800592
613.5135135135135	0.008380005897849643
614.4144144144144	0.007412477456276651
615.3153153153153	0.006770842092799302
616.2162162162163	0.006493457047334596
617.1171171171171	0.006127428291924768
618.018018018018	0.00800245676045967
618.918918918919	0.007213148789842674
619.8198198198198	0.007804422890473884
620.7207207207207	0.007548905291152118
621.6216216216217	0.006609103952364652
622.5225225225225	0.007281646902987338
623.4234234234234	0.008828093405388837
624.3243243243244	0.008012661075264086
625.2252252252252	0.007154792436021719
626.1261261261261	0.007268875642044047
627.0270270270271	0.006560617319958752
627.927927927928	0.007216726187536432
628.8288288288288	0.007963321477930997
629.7297297297297	0.007586343987158823
630.6306306306307	0.008342302046400019
631.5315315315315	0.008878100533559141
632.4324324324324	0.008721147296595967
633.3333333333334	0.00703502742623794
634.2342342342342	0.006879365198586462
635.1351351351351	0.007249178144559854
636.0360360360361	0.00841847864735882
636.936936936937	0.00830489404953935
637.8378378378378	0.007590559599568586
638.7387387387388	0.0063173252632412
639.6396396396397	0.007312968528616157
640.5405405405405	0.007962739018738379
641.4414414414415	0.007477240619416886
642.3423423423424	0.008632253969237239
643.2432432432432	0.0059813941036578715
644.1441441441442	0.008007815455341042
645.0450450450451	0.007577428886040883
645.9459459459459	0.007932971263106468
646.8468468468468	0.0082345206675007
647.7477477477478	0.008547947813590464
648.6486486486486	0.008350636911913432
649.5495495495495	0.006483758180441018
650.4504504504505	0.005850797002310618
651.3513513513514	0.007240149051286238
652.2522522522522	0.008859284537577915
653.1531531531532	0.007045914401683855
654.0540540540541	0.0070982646234207065
654.9549549549549	0.006896363476272542
655.8558558558559	0.00770633637279848
656.7567567567568	0.008782368823497146
657.6576576576576	0.00745584046882837
658.5585585585586	0.006104053035787542
659.4594594594595	0.007803730500688941
660.3603603603603	0.006670660963152045
661.2612612612613	0.0071202773384534904
662.1621621621622	0.008006995499723803
663.063063063063	0.007865858631327874
663.9639639639639	0.007255928912885539
664.8648648648649	0.007700100789145868
665.7657657657658	0.00863486149141964
666.6666666666666	0.007721172235066793
667.5675675675676	0.007142783114837817
668.4684684684685	0.0072192420254774976
669.3693693693693	0.006768936859666391
670.2702702702703	0.005478098425006904
671.1711711711712	0.0073667120962372275
672.072072072072	0.007482086747133146
672.972972972973	0.008018097331777095
673.8738738738739	0.007262673677524486
674.7747747747748	0.008976624100363978
675.6756756756757	0.007359936965107721
676.5765765765766	0.0068570504927665185
677.4774774774775	0.007379010818611331
678.3783783783784	0.006785051900553744
679.2792792792793	0.007377945158473804
680.1801801801802	0.008012274449911582
681.081081081081	0.007635100432030749
681.981981981982	0.005649532574837461
682.8828828828829	0.005701868499034679
683.7837837837837	0.00564298168720009
684.6846846846847	0.006779889924723846
685.5855855855856	0.007976096608064814
686.4864864864865	0.006731600826306261
687.3873873873874	0.007787611149528612
688.2882882882883	0.006739358275764002
689.1891891891892	0.008279705132040013
690.0900900900901	0.007753165173855433
690.990990990991	0.007805527487627845
691.8918918918919	0.0069073666365168625
692.7927927927929	0.00717818625599023
693.6936936936937	0.0066944838168774045
694.5945945945946	0.007151918106818531
695.4954954954954	0.008070845839818012
696.3963963963964	0.008248562412934797
697.2972972972973	0.008562914291759153
698.1981981981982	0.0068374059366041635
699.0990990990991	0.007481692364226419
700.0	0.009238157974022145
700.9009009009009	0.008136618209181289
701.8018018018018	0.008051096704338376
702.7027027027027	0.007999454031709983
703.6036036036036	0.006759947287745631
704.5045045045046	0.008576824979946863
705.4054054054054	0.007862823778531602
706.3063063063063	0.006269718516901559
707.2072072072073	0.007412178831035803
708.1081081081081	0.006771928582404383
709.009009009009	0.00879507772329769
709.90990990991	0.008174688456480382
710.8108108108108	0.006715337447904816
711.7117117117117	0.006638690977181681
712.6126126126126	0.0084704971520236
713.5135135135135	0.007525910839895375
714.4144144144144	0.007607032687830768
715.3153153153153	0.008142107842900688
716.2162162162163	0.007492738849020145
717.1171171171171	0.00767001806026767
718.018018018018	0.0075587886039093525
718.918918918919	0.00786167100945787
719.8198198198198	0.006933572389843064
720.7207207207207	0.007777831939263567
721.6216216216217	0.008243967152415385
722.5225225225225	0.008340072094500989
723.4234234234234	0.008506372590986938
724.3243243243244	0.008230369634245631
725.2252252252252	0.006594192722356046
726.1261261261261	0.008420622092297894
727.0270270270271	0.00817410959492268
727.927927927928	0.006745324257928934
728.8288288288288	0.007250544047253757
729.7297297297297	0.007923453638800228
730.6306306306307	0.008459302589011071
731.5315315315315	0.008912963954781665
732.4324324324324	0.008488219022039275
733.3333333333334	0.00848813341300567
734.2342342342342	0.008053769063874882
735.1351351351351	0.008168843003040325
736.0360360360361	0.008200707354871224
736.936936936937	0.007663074108505482
737.8378378378378	0.006398728399126644
738.7387387387388	0.00700153455848736
739.6396396396397	0.007768146187936113
740.5405405405405	0.008595331155565907
741.4414414414415	0.007778541816025883
742.3423423423424	0.007981746744434344
743.2432432432432	0.007037794960644473
744.1441441441442	0.006437802318321609
745.0450450450451	0.007346625210106379
745.9459459459459	0.006488663182044203
746.8468468468468	0.007165756313431597
747.7477477477478	0.007602135136541391
748.6486486486486	0.0069148147804675335
749.5495495495495	0.0074108883180565915
750.4504504504505	0.008209096671692935
751.3513513513514	0.008018879049615447
752.2522522522522	0.007502685311772039
753.1531531531532	0.007330841367343332
754.0540540540541	0.007934448006159748
754.9549549549549	0.007392724410853449
755.8558558558559	0.00800473320369307
756.7567567567568	0.008875020905672097
757.6576576576576	0.007609008209483893
758.5585585585586	0.00755630010871169
759.4594594594595	0.00805667088085213
760.3603603603603	0.008441306120948896
761.2612612612613	0.00804900501001224
762.1621621621622	0.007723711732951908
763.063063063063	0.007882005410067392
763.9639639639639	0.007787484342094446
764.8648648648649	0.007368019643783627
765.7657657657658	0.007319450520715359
766.6666666666666	0.007818363671263547
767.5675675675676	0.006581807255519068
768.4684684684685	0.005731199353458931
769.3693693693693	0.006340326019934323
770.2702702702703	0.006236130888057679
771.1711711711712	0.007493192708253435
772.072072072072	0.006076671602960116
772.972972972973	0.007051826026692516
773.8738738738739	0.008240944953442844
774.7747747747748	0.006459432978590875
775.6756756756757	0.00725806633239849
776.5765765765766	0.006674989361341757
777.4774774774775	0.007342925753359828
778.3783783783784	0.007454018633051796
779.2792792792793	0.006618147995377169
780.1801801801802	0.006969535564930106
781.081081081081	0.006170130778508388
781.981981981982	0.006487372735046643
782.8828828828829	0.007649140995219605
783.7837837837837	0.00795412304055095
784.6846846846847	0.007805250684144807
785.5855855855856	0.007698170090855621
786.4864864864865	0.008193968323776666
787.3873873873874	0.00686593154681035
788.2882882882883	0.007890367541205524
789.1891891891892	0.008346281716656578
790.0900900900901	0.007312939919886345
790.990990990991	0.008046983189003454
791.8918918918919	0.006864997174091834
792.7927927927929	0.007335041713735673
793.6936936936937	0.006371983275096951
794.5945945945946	0.006542257464518656
795.4954954954956	0.007437611546496471
796.3963963963964	0.007022096156640429
797.2972972972973	0.0073973844106663186
798.1981981981982	0.008615002661040705
799.0990990990991	0.008016142832783233
800.0	0.008045110361403743
800.9009009009009	0.007127472128966497
801.8018018018018	0.008713638721758322
802.7027027027027	0.008181981463194805
803.6036036036036	0.007687984260889356
804.5045045045046	0.007271237514309286
805.4054054054054	0.008119305770483422
806.3063063063063	0.007984879171200766
807.2072072072073	0.007829994381267467
808.1081081081081	0.007493653363682715
809.009009009009	0.008529860910623454
809.90990990991	0.006635467571625427
810.8108108108108	0.0073501927165669665
811.7117117117117	0.007687310122686921
812.6126126126127	0.007845462650010205
813.5135135135135	0.007550921402893248
814.4144144144144	0.006832494421948138
815.3153153153153	0.006577016859567723
816.2162162162163	0.008021060525719466
817.1171171171171	0.008418399580425203
818.018018018018	0.007624700965928348
818.918918918919	0.007834046769278234
819.8198198198198	0.006344078805029004
820.7207207207207	0.008775567964756283
821.6216216216217	0.0092719316923139
822.5225225225225	0.007696112190910509
823.4234234234234	0.006588005686487744
824.3243243243244	0.007932617722879965
825.2252252252252	0.008309010097036546
826.1261261261261	0.007318685901408037
827.0270270270271	0.007766683969452656
827.927927927928	0.007715971712733566
828.8288288288288	0.008075340398141697
829.7297297297297	0.00815799694698763
830.6306306306307	0.007587781317827273
831.5315315315315	0.007722029600975157
832.4324324324324	0.007602975403805371
833.3333333333334	0.008013038378486305
834.2342342342342	0.007566967098255208
835.1351351351351	0.006843021132352839
836.0360360360361	0.007740099493336992
836.936936936937	0.0067709384707729725
837.8378378378378	0.007050211446175607
838.7387387387388	0.008650559576893375
839.6396396396397	0.007241838320144437
840.5405405405405	0.006188050407199652
841.4414414414415	0.007268507537234812
842.3423423423424	0.008462881158939393
843.2432432432432	0.008273000096330108
844.1441441441442	0.007362986681098392
845.0450450450451	0.007887265960222135
845.9459459459459	0.007851632660170806
846.8468468468468	0.007251926959024113
847.7477477477478	0.007419148182844062
848.6486486486486	0.0077110691225839535
849.5495495495495	0.008328259099395876
850.4504504504505	0.007015898505765479
851.3513513513514	0.0067382769327174324
852.2522522522522	0.007573887211854081
853.1531531531532	0.00646386402631085
854.0540540540541	0.00787018862187861
854.9549549549549	0.008950880460678616
855.8558558558559	0.009242512922223653
856.7567567567568	0.0076717022031914375
857.6576576576576	0.007812111559911337
858.5585585585586	0.007462139835055764
859.4594594594595	0.0074292767521729475
860.3603603603603	0.00710905533374526
861.2612612612613	0.008151929226768604
862.1621621621622	0.006388388500916168
863.063063063063	0.007980478433968997
863.9639639639639	0.007547013292195442
864.8648648648649	0.006628423338135467
865.7657657657658	0.007823809484660011
866.6666666666666	0.0070801324260808636
867.5675675675676	0.008254867880777358
868.4684684684685	0.008015282112201975
869.3693693693693	0.006341838195111174
870.2702702702703	0.007728652300439116
871.1711711711712	0.008111893114828442
872.072072072072	0.00786240694139898
872.972972972973	0.007594850914922735
873.8738738738739	0.007151216496833419
874.7747747747748	0.007034271047064932
875.6756756756757	0.007550995193299176
876.5765765765766	0.007759644254259521
877.4774774774775	0.007530256463759903
878.3783783783784	0.008008439817161638
879.2792792792793	0.006975351598445311
880.1801801801802	0.006354045314681149
881.081081081081	0.007995667273255975
881.981981981982	0.0068666754545989505
882.8828828828829	0.006990636678187376
883.7837837837837	0.006755943441157134
884.6846846846847	0.005973574832116658
885.5855855855856	0.008229697810955033
886.4864864864865	0.00818573259834149
887.3873873873874	0.008003348506063199
888.2882882882883	0.008090666862930878
889.1891891891892	0.008846645143281338
890.0900900900901	0.007545238397348565
890.990990990991	0.007222153386157476
891.8918918918919	0.008472533708570882
892.7927927927929	0.008341968587665812
893.6936936936937	0.008881680263744628
894.5945945945946	0.008570627304890931
895.4954954954956	0.007518934612018445
896.3963963963964	0.00760734723655865
897.2972972972973	0.008390414094129514
898.1981981981982	0.007732498463369067
899.0990990990991	0.007208764947413608
900.0	0.00728875568004951
900.9009009009009	0.006880669992091983
901.8018018018018	0.0067643806186093135
902.7027027027027	0.008773036738193787
903.6036036036036	0.0060949447702883675
904.5045045045046	0.006462081851868847
905.4054054054054	0.007464699605356012
906.3063063063063	0.0074709246945048055
907.2072072072073	0.00631356931277828
908.1081081081081	0.006996157038739763
909.009009009009	0.009084008760902498
909.90990990991	0.0069301686924868175
910.8108108108108	0.006404267175301457
911.7117117117117	0.008620483036104758
912.6126126126127	0.00809402415566453
913.5135135135135	0.006967174118191952
914.4144144144144	0.0073575394031882135
915.3153153153153	0.008325178446085893
916.2162162162163	0.007055765450703697
917.1171171171171	0.006829398756276954
918.018018018018	0.008022592291220853
918.918918918919	0.007240433299370834
919.8198198198198	0.008224077139581154
920.7207207207207	0.0072036981056844565
921.6216216216217	0.007200248481475493
922.5225225225225	0.006288630253775761
923.4234234234234	0.008779637977338809
924.3243243243244	0.007994694546058792
925.2252252252252	0.005968837090761605
926.1261261261261	0.008369567611404661
927.0270270270271	0.00685268004249807
927.927927927928	0.007139206351085525
928.8288288288288	0.007118089829578782
929.7297297297298	0.006860582538098085
930.6306306306307	0.008103895701784243
931.5315315315315	0.006239188307891661
932.4324324324324	0.006392105050087689
933.3333333333334	0.0062992650129853715
934.2342342342342	0.007358245788136198
935.1351351351351	0.008174737305505038
936.0360360360361	0.007208989189081129
936.936936936937	0.007005408229769284
937.8378378378378	0.008914410560318707
938.7387387387388	0.007550312214010433
939.6396396396397	0.008031805654318134
940.5405405405405	0.008007799872164795
941.4414414414415	0.007642351160611815
942.3423423423424	0.00798570573214577
943.2432432432432	0.008574995532543228
944.1441441441442	0.007600949579945557
945.0450450450451	0.007581513120098374
945.9459459459459	0.006929362207088111
946.8468468468469	0.008132533002059754
947.7477477477478	0.007504958844728776
948.6486486486486	0.007574213277241871
949.5495495495495	0.006113510414726567
950.4504504504505	0.007152230024679821
951.3513513513514	0.007622733443161202
952.2522522522522	0.00711973163463239
953.1531531531532	0.008020816055052327
954.0540540540541	0.00672529620597052
954.9549549549549	0.0075448807960591495
955.8558558558559	0.0072915004069311
956.7567567567568	0.008407719499416379
957.6576576576576	0.0082250503519733
958.5585585585586	0.0086644926632544
959.4594594594595	0.00826055072610387
960.3603603603603	0.007514705983036519
961.2612612612613	0.00732110940403575
962.1621621621622	0.007444405684246506
963.063063063063	0.009173710294517703
963.9639639639639	0.008284170008411893
964.8648648648649	0.008607074455213845
965.7657657657658	0.00816349963846218
966.6666666666666	0.007790173105040978
967.5675675675676	0.007953911323837517
968.4684684684685	0.007743864636725851
969.3693693693693	0.0074015919394491425
970.2702702702703	0.00831830288782021
971.1711711711712	0.007340263589804509
972.072072072072	0.007164934865392177
972.972972972973	0.008941103113416329
973.8738738738739	0.007589542480835821
974.7747747747748	0.007152060441975174
975.6756756756757	0.0072766856141749615
976.5765765765766	0.006974433085276466
977.4774774774775	0.0068988754883818
978.3783783783784	0.007686248684654578
979.2792792792793	0.0077859281834958246
980.1801801801802	0.008637703496424443
981.081081081081	0.009099598569431789
981.981981981982	0.00811792731990924
982.8828828828829	0.009128219453416849
983.7837837837837	0.0071367628480681015
984.6846846846847	0.0073210668169286985
985.5855855855856	0.007331736083635252
986.4864864864865	0.007831686401603852
987.3873873873874	0.009178032407499403
988.2882882882883	0.008441799909948793
989.1891891891892	0.0076148116199746515
990.0900900900901	0.008012337861418589
990.990990990991	0.0073955582982463885
991.8918918918919	0.007136203952457967
992.7927927927929	0.007374088911249061
993.6936936936937	0.007134081845187072
994.5945945945946	0.0077520920272258565
995.4954954954956	0.007830300978453867
996.3963963963964	0.006700658763394911
997.2972972972973	0.007022036957252384
998.1981981981982	0.006391526158491343
999.0990990990991	0.005696979793300556
1000.0	0.007172416076547774
