0.0	0.9999999999999998
0.0001	0.9999999083976835
0.0002	0.9999996335848822
0.00030000000000000003	0.9999991755594148
0.0004	0.9999985343191858
0.0005	0.9999977098622086
0.0006000000000000001	0.9999967021865637
0.0007	0.9999955112904849
0.0008	0.9999941371722615
0.0009000000000000001	0.9999925798303004
0.001	0.9999908392631052
0.0011	0.9999889154692808
0.0012000000000000001	0.9999868084475145
0.0013000000000000002	0.9999845181966145
0.0014	0.99998204471547
0.0015	0.9999793880030882
0.0016	0.9999765480585594
0.0017000000000000001	0.9999735248810738
0.0018000000000000002	0.9999703184699267
0.0019	0.9999669288245185
0.002	0.9999633559443287
0.0021000000000000003	0.9999595998289427
0.0022	0.9999556604780583
0.0023	0.9999515378914757
0.0024000000000000002	0.9999472320690532
0.0025	0.9999427430107997
0.0026000000000000003	0.9999380707167839
0.0027	0.9999332151872029
0.0028	0.9999281764223263
0.0029000000000000002	0.999922954422541
0.003	0.9999175491883375
0.0031000000000000003	0.999911960720277
0.0032	0.9999061890190544
0.0033	0.9999002340854318
0.0034000000000000002	0.9998940959203044
0.0035	0.9998877745246323
0.0036000000000000003	0.9998812698994889
0.0037	0.9998745820460664
0.0038	0.9998677109656163
0.0039000000000000003	0.9998606566595222
0.004	0.9998534191292461
0.0041	0.9998459983763682
0.004200000000000001	0.999838394402554
0.0043	0.999830607209573
0.0044	0.9998226367992852
0.0045000000000000005	0.9998144831736635
0.0046	0.9998061463347646
0.0047	0.9997976262847661
0.0048000000000000004	0.9997889230259227
0.0049	0.9997800365605982
0.005	0.9997709668912514
0.0051	0.9997617140204442
0.005200000000000001	0.999752277950842
0.0053	0.9997426586852014
0.0054	0.9997328562263816
0.0055000000000000005	0.9997228705773282
0.0056	0.9997127017411208
0.0057	0.9997023497208944
0.0058000000000000005	0.9996918145199031
0.0059	0.9996810961415138
0.006	0.9996701945891785
0.0061	0.9996591098664412
0.006200000000000001	0.9996478419769513
0.0063	0.9996363909244688
0.0064	0.9996247567128344
0.006500000000000001	0.9996129393460094
0.0066	0.9996009388280189
0.0067	0.9995887551630346
0.0068000000000000005	0.9995763883552907
0.006900000000000001	0.9995638384091331
0.007	0.9995511053290105
0.0071	0.9995381891194688
0.007200000000000001	0.9995250897851373
0.0073	0.9995118073307693
0.0074	0.9994983417612049
0.007500000000000001	0.9994846930813789
0.0076	0.9994708612963435
0.0077	0.999456846411228
0.0078000000000000005	0.9994426484312603
0.0079	0.9994282673618039
0.008	0.9994137032082765
0.0081	0.9993989559762217
0.0082	0.9993840256712672
0.0083	0.9993689122991537
0.008400000000000001	0.9993536158657196
0.0085	0.9993381363768854
0.0086	0.9993224738386803
0.008700000000000001	0.999306628257249
0.0088	0.9992905996388229
0.0089	0.9992743879897092
0.009000000000000001	0.9992579933163686
0.0091	0.9992414156252994
0.0092	0.9992246549231504
0.009300000000000001	0.9992077112166338
0.0094	0.9991905845125815
0.0095	0.9991732748179232
0.009600000000000001	0.9991557821396733
0.0097	0.9991381064849597
0.0098	0.9991202478610077
0.0099	0.999102206275125
0.01	0.9990839817347522
0.010100000000000001	0.999065574247401
0.0102	0.9990469838206898
0.0103	0.9990282104623454
0.010400000000000001	0.9990092541801718
0.0105	0.9989901149820917
0.0106	0.9989707928761198
0.010700000000000001	0.998951287870389
0.0108	0.9989315999730866
0.0109	0.9989117291925427
0.011000000000000001	0.9988916755371783
0.0111	0.9988714390154848
0.0112	0.9988510196360912
0.011300000000000001	0.9988304174076934
0.0114	0.9988096323391212
0.0115	0.9987886644392694
0.011600000000000001	0.9987675137171508
0.0117	0.9987461801818661
0.0118	0.9987246638426374
0.0119	0.9987029647087626
0.012	0.9986810827896497
0.012100000000000001	0.9986590180948082
0.0122	0.9986367706338232
0.0123	0.9986143404164132
0.012400000000000001	0.9985917274523871
0.0125	0.9985689317516246
0.0126	0.9985459533241534
0.012700000000000001	0.9985227921800506
0.0128	0.9984994483295218
0.0129	0.998475921782876
0.013000000000000001	0.9984522125505031
0.0131	0.998428320642896
0.0132	0.9984042460706554
0.013300000000000001	0.9983799888444806
0.0134	0.9983555489751604
0.0135	0.9983309264735823
0.013600000000000001	0.9983061213507551
0.0137	0.9982811336177609
0.013800000000000002	0.9982559632857962
0.013900000000000001	0.9982306103661456
0.014	0.9982050748701953
0.014100000000000001	0.9981793568094498
0.0142	0.9981534561954799
0.0143	0.9981273730399833
0.014400000000000001	0.9981011073547386
0.0145	0.9980746591516354
0.0146	0.99804802844266
0.014700000000000001	0.9980212152399004
0.0148	0.9979942195555285
0.0149	0.9979670414018356
0.015000000000000001	0.997939680791196
0.0151	0.9979121377360882
0.0152	0.9780265146529415
0.015300000000000001	0.9779991621138941
0.0154	0.9779716307983064
0.0155	0.9582872600971919
0.015600000000000001	0.9195463945963626
0.015700000000000002	0.9195200023178066
0.0158	0.9194934419814974
0.0159	0.9194667135996721
0.016	0.9194398171846563
0.0161	0.919412752748861
0.0162	0.9193855203047986
0.016300000000000002	0.9193581198650608
0.0164	0.9193305514423487
0.0165	0.9193028150494232
0.0166	0.9192749106991808
0.0167	0.9192468384045593
0.016800000000000002	0.9192185981786365
0.016900000000000002	0.9191901900345361
0.017	0.9191616139855101
0.0171	0.9191328700448885
0.0172	0.9191039582260794
0.0173	0.919074878542592
0.017400000000000002	0.9190456310080423
0.0175	0.9190162156361181
0.0176	0.9189866324405997
0.0177	0.918956881435369
0.0178	0.9189269626343883
0.0179	0.9188968760517238
0.018000000000000002	0.9188666217015065
0.0181	0.9188361995979999
0.0182	0.9188056097555182
0.0183	0.9187748521884972
0.0184	0.9187439269114405
0.018500000000000003	0.9187128339389614
0.018600000000000002	0.9186815732857541
0.0187	0.9186501449666127
0.0188	0.9186185489964045
0.0189	0.9185867853901009
0.019	0.9185548541627748
0.019100000000000002	0.9185227553295634
0.019200000000000002	0.9184904889057223
0.0193	0.9184580549065832
0.0194	0.918425453347572
0.0195	0.9183926842442035
0.0196	0.9183597476120907
0.019700000000000002	0.9183266434669353
0.0198	0.9182933718245064
0.0199	0.9182599327007115
0.02	0.9182263261115134
0.0201	0.9181925520729776
0.020200000000000003	0.9181586106012534
0.020300000000000002	0.9181245017125834
0.0204	0.9180902254233185
0.0205	0.9180557817498824
0.0206	0.8989953435212765
0.0207	0.8989612859050703
0.020800000000000003	0.8989270644224893
0.020900000000000002	0.8988926790899834
0.021	0.8988581299240815
0.0211	0.8988234169414138
0.0212	0.8987885401586841
0.0213	0.8987534995926919
0.021400000000000002	0.8987182952603332
0.021500000000000002	0.898682927178586
0.0216	0.8986473953645157
0.0217	0.8986116998352773
0.0218	0.8985758406081231
0.0219	0.8985398177003805
0.022000000000000002	0.898503631129476
0.0221	0.8984672809129234
0.0222	0.8984307670683191
0.0223	0.8983940896133684
0.0224	0.8983572485658338
0.022500000000000003	0.8983202439435894
0.022600000000000002	0.8982830757646014
0.0227	0.8982457440469138
0.0228	0.8982082488086505
0.0229	0.8981705900680507
0.023	0.8981327678434282
0.023100000000000002	0.8980947821531678
0.023200000000000002	0.8980566330157834
0.0233	0.8980183204498351
0.0234	0.8979798444740161
0.0235	0.8979412051070621
0.0236	0.8979024023678296
0.023700000000000002	0.8978634362752536
0.0238	0.8978243068483623
0.0239	0.897785014106262
0.024	0.8977455580681684
0.0241	0.8977059387533578
0.024200000000000003	0.8976661561812149
0.024300000000000002	0.8976262103712109
0.0244	0.8975861013429108
0.0245	0.8975458291159423
0.0246	0.8975053937100623
0.0247	0.8974647951450795
0.024800000000000003	0.897424033440915
0.024900000000000002	0.8973831086175623
0.025	0.8973420206951191
0.0251	0.8973007696937618
0.0252	0.8972593556337575
0.0253	0.8972177785354639
0.025400000000000002	0.8971760384193309
0.025500000000000002	0.8971341353058812
0.0256	0.8970920692157446
0.0257	0.8970498401696309
0.0258	0.8970074481883373
0.025900000000000003	0.896964893292756
0.026000000000000002	0.8969221755038607
0.0261	0.8968792948427211
0.0262	0.8968362513304836
0.0263	0.8967930449883965
0.0264	0.896749675837797
0.026500000000000003	0.8967061439000917
0.026600000000000002	0.8966624491967983
0.0267	0.8966185917495112
0.0268	0.8777986630681308
0.0269	0.8777554054678475
0.027	0.8777119885956841
0.027100000000000003	0.8776684124731196
0.027200000000000002	0.8776246771217415
0.0273	0.8775807825632138
0.0274	0.8775367288192857
0.0275	0.8774925159117924
0.027600000000000003	0.8774481438626609
0.027700000000000002	0.8774036126939082
0.027800000000000002	0.8773589224276191
0.0279	0.8773140730859902
0.028	0.8772690646912776
0.0281	0.8772238972658488
0.028200000000000003	0.8771785708321398
0.028300000000000002	0.8771330854126814
0.0284	0.8770874410300964
0.0285	0.8770416377070733
0.0286	0.8769956754664155
0.0287	0.8769495543309928
0.028800000000000003	0.8769032743237654
0.028900000000000002	0.8768568354677861
0.029	0.8768102377861815
0.0291	0.8767634813021756
0.0292	0.8767165660390804
0.029300000000000003	0.8766694920202821
0.029400000000000003	0.8766222592692587
0.029500000000000002	0.8765748678095905
0.0296	0.8765273176649145
0.0297	0.8764796088589712
0.0298	0.8764317414155969
0.029900000000000003	0.8763837153586871
0.030000000000000002	0.8763355307122492
0.030100000000000002	0.8762871875003604
0.0302	0.876238685747203
0.0303	0.8761900254770162
0.0304	0.8761412067141463
0.030500000000000003	0.8760922294830319
0.030600000000000002	0.8760430938081781
0.0307	0.8759937997141779
0.0308	0.8759443472257372
0.0309	0.8758947363676143
0.031	0.8758449671646665
0.031100000000000003	0.8757950396418483
0.031200000000000002	0.8757449538241783
0.0313	0.8756947097367862
0.031400000000000004	0.875644307404867
0.0315	0.8755937468537061
0.0316	0.8755430281086836
0.0317	0.8754921511952571
0.0318	0.8754411161389768
0.031900000000000005	0.8753899229654708
0.032	0.8753385717004669
0.032100000000000004	0.8752870623697551
0.0322	0.8752353949992315
0.0323	0.8751835696148754
0.0324	0.875131586242745
0.0325	0.8750794449089827
0.032600000000000004	0.8750271456398344
0.0327	0.8749746884616059
0.0328	0.8749220734007148
0.0329	0.8748693004836434
0.033	0.8748163697369726
0.033100000000000004	0.8747632811873606
0.0332	0.8747100348615476
0.0333	0.8746566307863824
0.0334	0.8746030689887816
0.0335	0.8745493494957415
0.033600000000000005	0.8744954723343582
0.0337	0.8744414375318081
0.033800000000000004	0.8743872451153483
0.0339	0.8743328951123324
0.034	0.8742783875501887
0.0341	0.8742237224564329
0.0342	0.8741688998586709
0.034300000000000004	0.874113919784596
0.0344	0.8740587822619796
0.0345	0.8740034873186865
0.0346	0.8739480349826505
0.0347	0.8738924252819193
0.034800000000000005	0.873836658244597
0.0349	0.8737807338988811
0.035	0.87372465227308
0.0351	0.873668413395547
0.0352	0.8736120172947432
0.035300000000000005	0.873555463999217
0.0354	0.8734987535375985
0.035500000000000004	0.8734418859385972
0.0356	0.8733848612310128
0.0357	0.8733276794437246
0.0358	0.8732703406057165
0.0359	0.873212844746029
0.036000000000000004	0.8731551918938055
0.0361	0.8730973820782758
0.0362	0.8730394153287387
0.0363	0.8729812916746116
0.0364	0.872923011145352
0.036500000000000005	0.8728645737705386
0.0366	0.8728059795798162
0.0367	0.8727472286029263
0.0368	0.872688320869683
0.0369	0.8726292564099967
0.037000000000000005	0.8725700352538541
0.0371	0.8725106574313308
0.037200000000000004	0.8724511229725939
0.0373	0.8723914319078839
0.0374	0.8723315842675247
0.0375	0.8722715800819449
0.0376	0.872211419381637
0.037700000000000004	0.8721511021971899
0.0378	0.8720906285592692
0.0379	0.8720299984986332
0.038	0.8719692120461146
0.0381	0.871908269232643
0.038200000000000005	0.8718471700892254
0.0383	0.8717859146469625
0.038400000000000004	0.8717245029370142
0.0385	0.8716629349906662
0.0386	0.8716012108392474
0.038700000000000005	0.871539330514203
0.0388	0.8714772940470488
0.038900000000000004	0.8714151014693764
0.039	0.8713527528128767
0.0391	0.8712902481093242
0.0392	0.8712275873905624
0.0393	0.8711647706885416
0.039400000000000004	0.8711017980352853
0.0395	0.8710386694629001
0.0396	0.8709753850035831
0.0397	0.870911944689599
0.0398	0.8708483485533172
0.039900000000000005	0.8707845966271891
0.04	0.8707206889437316
0.040100000000000004	0.8706566255355724
0.0402	0.8705924064354057
0.0403	0.8705280316760159
0.040400000000000005	0.8704635012902674
0.0405	0.8703988153111107
0.040600000000000004	0.8703339737715851
0.0407	0.8702689767048084
0.0408	0.8702038241439829
0.0409	0.8701385161224064
0.041	0.8700730526734434
0.041100000000000005	0.8700074338305533
0.0412	0.8699416596272748
0.0413	0.8698757300972279
0.0414	0.8698096452741324
0.0415	0.8697434051917756
0.041600000000000005	0.8696770098840326
0.0417	0.8696104593848687
0.041800000000000004	0.8695437537283164
0.0419	0.8694768929485204
0.042	0.8694098770796802
0.042100000000000005	0.8693427061560979
0.0422	0.8692753802121483
0.042300000000000004	0.8692078992823019
0.0424	0.8691402634011024
0.0425	0.8690724726031849
0.0426	0.8690045269232625
0.0427	0.8689364263961237
0.042800000000000005	0.8688681710566655
0.0429	0.8687997609398477
0.043000000000000003	0.8687311960807239
0.0431	0.8686624765144171
0.0432	0.8685936022761557
0.043300000000000005	0.8685245734012389
0.0434	0.8684553899250389
0.043500000000000004	0.8683860518830365
0.0436	0.8683165593107746
0.0437	0.8682469122438871
0.0438	0.8681771107180966
0.0439	0.8681071547692094
0.044000000000000004	0.8680370444330927
0.0441	0.8679667797457287
0.0442	0.8678963607431655
0.0443	0.8678257874615393
0.0444	0.8677550599370574
0.044500000000000005	0.8676841782060364
0.0446	0.8676131423048525
0.044700000000000004	0.8675419522699672
0.0448	0.867470608137943
0.0449	0.8673991099454063
0.045000000000000005	0.8673274577290797
0.0451	0.8672556515257502
0.045200000000000004	0.8671836913723153
0.0453	0.8671115773057362
0.0454	0.8670393093630591
0.0455	0.8669668875814219
0.0456	0.8668943119980341
0.045700000000000005	0.8668215826501919
0.0458	0.8667486995752844
0.0459	0.8666756628107728
0.046	0.866602472394192
0.0461	0.8665291283631908
0.046200000000000005	0.8664556307554685
0.0463	0.8663819796088262
0.046400000000000004	0.8663081749611297
0.0465	0.8662342168503582
0.0466	0.8661601053145367
0.046700000000000005	0.8660858403918102
0.0468	0.8660114221203662
0.046900000000000004	0.8659368505385049
0.047	0.8658621256846064
0.0471	0.8657872475971196
0.0472	0.8657122163145844
0.0473	0.8656370318756198
0.047400000000000005	0.8655616943189334
0.0475	0.8654862036833134
0.0476	0.8654105600076166
0.0477	0.8653347633308105
0.0478	0.8652588136919169
0.047900000000000005	0.8651827111300505
0.048	0.8651064556844137
0.048100000000000004	0.8650300473942855
0.0482	0.8649534862990249
0.0483	0.8648767724380841
0.048400000000000006	0.8647999058509823
0.0485	0.8647228865773366
0.048600000000000004	0.8646457146568304
0.0487	0.8645683901292346
0.0488	0.8644909130344136
0.0489	0.8644132834123
0.049	0.8643355013029126
0.049100000000000005	0.8642575667463491
0.0492	0.8641794797827945
0.049300000000000004	0.8641012404525233
0.0494	0.8640228487958657
0.0495	0.8639443048532679
0.049600000000000005	0.8638656086652275
0.0497	0.8637867602723429
0.049800000000000004	0.8637077597152821
0.0499	0.8636286070348125
0.05	0.8635493022717613
0.050100000000000006	0.8634698454670503
0.0502	0.8633902366616846
0.050300000000000004	0.8633104758967396
0.0504	0.8632305632133869
0.0505	0.8631504986528674
0.0506	0.8630702822565113
0.0507	0.8629899140657189
0.050800000000000005	0.8629093941219933
0.0509	0.8628287224669008
0.051000000000000004	0.8627478991420897
0.0511	0.8626669241893012
0.0512	0.8625857976503464
0.051300000000000005	0.8625045195671227
0.0514	0.8624230899816149
0.051500000000000004	0.86234150893587
0.0516	0.8622597764720472
0.0517	0.8621778926323479
0.051800000000000006	0.8620958574590949
0.0519	0.8620136709946512
0.052000000000000005	0.8619313332815037
0.0521	0.8618488443621805
0.0522	0.8617662042793267
0.0523	0.8616834130756387
0.0524	0.8433660582402992
0.052500000000000005	0.8432847234620222
0.0526	0.843203240887042
0.052700000000000004	0.8431216105574657
0.0528	0.8430398325155093
0.0529	0.8429579068034451
0.053000000000000005	0.8428758334636373
0.0531	0.8427936125385175
0.053200000000000004	0.842711244070602
0.0533	0.8426287281024899
0.0534	0.8425460646768518
0.053500000000000006	0.8424632538364503
0.0536	0.8423802956241127
0.053700000000000005	0.8422971900827478
0.0538	0.8422139372553414
0.0539	0.8421305371849767
0.054	0.8420469899147949
0.0541	0.8419632954880163
0.054200000000000005	0.8418794539479548
0.0543	0.841795465337992
0.054400000000000004	0.8417113297015886
0.0545	0.8416270470822842
0.0546	0.8415426175236939
0.054700000000000006	0.8414580410695313
0.0548	0.8413733177635557
0.054900000000000004	0.8412884476496284
0.055	0.8412034307716916
0.0551	0.8411182671737498
0.055200000000000006	0.8410329568998902
0.0553	0.8409474999942832
0.055400000000000005	0.8408618965011747
0.0555	0.8407761464648934
0.055600000000000004	0.8406902499298406
0.0557	0.840604206940497
0.0558	0.8405180175414293
0.055900000000000005	0.8404316817772621
0.056	0.8403451996927197
0.056100000000000004	0.8402585713325956
0.0562	0.8401717967417628
0.0563	0.840084875965161
0.056400000000000006	0.839997809047836
0.0565	0.8399105960348777
0.056600000000000004	0.8398232369714824
0.0567	0.8397357319028966
0.0568	0.8396480808744713
0.056900000000000006	0.8395602839316266
0.057	0.8394723411198439
0.057100000000000005	0.8393842524847053
0.0572	0.8392960180718606
0.057300000000000004	0.8392076379270349
0.0574	0.8391191120960388
0.0575	0.8390304406247424
0.057600000000000005	0.8389416235591224
0.0577	0.8388526609452146
0.057800000000000004	0.8387635528291225
0.0579	0.8386742992570521
0.058	0.8385849002752699
0.058100000000000006	0.8384953559301198
0.0582	0.8384056662680307
0.058300000000000005	0.838315831335503
0.0584	0.8382258511791181
0.0585	0.8381357258455371
0.058600000000000006	0.8380454553814838
0.0587	0.8379550398337848
0.058800000000000005	0.8378644792493143
0.0589	0.8377737736750387
0.059000000000000004	0.8376829231580161
0.0591	0.8375919277453502
0.0592	0.8375007874842424
0.059300000000000005	0.8374095024219663
0.0594	0.8373180726058718
0.059500000000000004	0.8372264980833908
0.0596	0.8371347789020176
0.0597	0.8370429151093491
0.059800000000000006	0.8369509067530247
0.0599	0.8368587538807923
0.060000000000000005	0.8367664565404612
0.0601	0.8366740147799122
0.060200000000000004	0.8186871580733961
0.0603	0.818596411097875
0.0604	0.8185055229323042
0.060500000000000005	0.8184144936238316
0.0606	0.8183233232197062
0.060700000000000004	0.8182320117672274
0.0608	0.8181405593137928
0.0609	0.8180489659068647
0.061000000000000006	0.8179572315939764
0.0611	0.8178653564227406
0.061200000000000004	0.8177733404408458
0.0613	0.8176811836960509
0.0614	0.8175888862361885
0.061500000000000006	0.8174964481091782
0.0616	0.8174038693629908
0.061700000000000005	0.8173111500456989
0.0618	0.8172182902054232
0.061900000000000004	0.8171252898903829
0.062	0.8170321491488571
0.0621	0.8169388680291955
0.062200000000000005	0.8168454465798332
0.0623	0.8167518848492769
0.062400000000000004	0.816658182886098
0.0625	0.8165643407389626
0.0626	0.8164703584565882
0.0627	0.8163762360877744
0.06280000000000001	0.8162819736814052
0.0629	0.8161875712864224
0.063	0.8160930289518472
0.0631	0.815998346726787
0.0632	0.815903524660406
0.06330000000000001	0.8158085628019525
0.0634	0.8157134612007433
0.0635	0.8156182199061707
0.0636	0.8155228389676987
0.0637	0.8154273184348709
0.06380000000000001	0.8153316583572957
0.0639	0.8152358587846705
0.064	0.8151399197667395
0.0641	0.7974217944065283
0.06420000000000001	0.7973276569697363
0.06430000000000001	0.7972333832490814
0.0644	0.7971389732935356
0.0645	0.7970444271521337
0.0646	0.7969497448740018
0.06470000000000001	0.7968549265083215
0.0648	0.7967599721043602
0.0649	0.7966648817114393
0.065	0.7965696553789663
0.0651	0.7964742931564118
0.06520000000000001	0.7963787950933315
0.0653	0.7962831612393321
0.0654	0.796187391644102
0.0655	0.7960914863574067
0.0656	0.7959954454290763
0.06570000000000001	0.7958992689090177
0.0658	0.795802956847193
0.0659	0.7957065092936618
0.066	0.7956099262985302
0.0661	0.795513207911992
0.06620000000000001	0.7954163541842989
0.0663	0.8009766877765576
0.0664	0.8008789825953969
0.0665	0.8007811412866978
0.0666	0.8006831639013192
0.06670000000000001	0.8005850504901951
0.0668	0.800486801104337
0.0669	0.8003884157948239
0.067	0.8002898946128255
0.0671	0.8001912376095555
0.06720000000000001	0.8000924448363043
0.0673	0.7999935163444535
0.0674	0.7998944521854341
0.0675	0.7997952524107559
0.06760000000000001	0.7996959170719962
0.06770000000000001	0.7995964462208176
0.0678	0.7994968399089336
0.0679	0.7993970981881351
0.068	0.7992972211102908
0.06810000000000001	0.7991972087273455
0.0682	0.7990970610912886
0.0683	0.798996778254207
0.0684	0.7988963602682504
0.0685	0.7987958071856247
0.06860000000000001	0.7986951190586369
0.0687	0.7985942959396344
0.0688	0.798493337881049
0.0689	0.7983922449353844
0.069	0.7982910171552144
0.06910000000000001	0.7981896545931737
0.0692	0.798088157301984
0.0693	0.7979865253344193
0.0694	0.797884758743332
0.0695	0.7977828575816552
0.06960000000000001	0.7976808219023788
0.0697	0.7975786517585592
0.0698	0.7974763472033407
0.0699	0.7973739082899214
0.07	0.7972713350715713
0.07010000000000001	0.7971686276016487
0.0702	0.7970657859335536
0.0703	0.79696281012078
0.0704	0.7968597002168798
0.07050000000000001	0.7967564562754698
0.07060000000000001	0.7966530783502552
0.0707	0.7965495664949923
0.0708	0.7964459207635205
0.0709	0.7963421412097376
0.07100000000000001	0.7962382278876141
0.0711	0.7961341808512026
0.0712	0.7960300001546089
0.0713	0.7959256858520171
0.0714	0.7958212379976711
0.07150000000000001	0.7957166566458987
0.0716	0.7956119418510911
0.0717	0.7955070936677047
0.0718	0.7954021121502706
0.0719	0.7952969973533829
0.07200000000000001	0.7951917493317102
0.0721	0.795086368139995
0.0722	0.7949808538330372
0.0723	0.7948752064657086
0.0724	0.7947694260929575
0.07250000000000001	0.7946635127698011
0.0726	0.7945574665513179
0.0727	0.7944512874926544
0.0728	0.7943449756490361
0.0729	0.7942385310757514
0.07300000000000001	0.7941319538281572
0.0731	0.7940252439616776
0.0732	0.793918401531805
0.0733	0.793811426594111
0.0734	0.7937043192042297
0.07350000000000001	0.7935970794178471
0.0736	0.7934897072907495
0.0737	0.7933822028787665
0.0738	0.7932745662378088
0.07390000000000001	0.7931667974238452
0.07400000000000001	0.7930588964929195
0.0741	0.7929508635011525
0.0742	0.7928426985047136
0.0743	0.7927344015598634
0.07440000000000001	0.7926259727229068
0.0745	0.792517412050234
0.0746	0.7924087195982932
0.0747	0.7922998954236107
0.0748	0.7921909395827744
0.07490000000000001	0.7920818521324356
0.075	0.7919726331293323
0.0751	0.7918632826302427
0.0752	0.7917538006920348
0.0753	0.7916441873716319
0.07540000000000001	0.791534442726039
0.0755	0.791424566812315
0.0756	0.7913145596875909
0.0757	0.7912044214090623
0.0758	0.7910941520340041
0.07590000000000001	0.7909837516197471
0.076	0.7908732202236903
0.0761	0.7907625579033043
0.0762	0.7906517647161306
0.0763	0.7905408407197638
0.07640000000000001	0.7904297859718846
0.0765	0.790318600530227
0.0766	0.7902072844525998
0.0767	0.7900958377968729
0.07680000000000001	0.789984260620989
0.07690000000000001	0.7898725529829542
0.077	0.7897607149408347
0.0771	0.7896487465527869
0.0772	0.7895366478770119
0.07730000000000001	0.7894244189717835
0.07740000000000001	0.78931205989544
0.0775	0.7891995707063987
0.0776	0.789086951463137
0.0777	0.7889742022241847
0.07780000000000001	0.788861323048157
0.0779	0.7887483139937298
0.078	0.788635175119654
0.0781	0.7885219064847208
0.0782	0.7884085081478165
0.07830000000000001	0.7882949801678826
0.0784	0.7881813226039247
0.0785	0.7880675355150222
0.0786	0.7879536189603054
0.0787	0.7878395729989897
0.07880000000000001	0.7877253976903417
0.0789	0.7876110930937115
0.079	0.7874966592684934
0.0791	0.7702327846155668
0.0792	0.7701205917678959
0.07930000000000001	0.7700082726812263
0.0794	0.7698958274139172
0.0795	0.7697832560244026
0.0796	0.7696705585711885
0.07970000000000001	0.7695577351128252
0.07980000000000001	0.7694447857079544
0.0799	0.7693317104152546
0.08	0.769218509293488
0.0801	0.7691051824014763
0.08020000000000001	0.7689917297980876
0.08030000000000001	0.7688781515422894
0.0804	0.7687644476930853
0.0805	0.7686506183095441
0.0806	0.7685366634508177
0.08070000000000001	0.7684225831761031
0.08080000000000001	0.7683083775446636
0.0809	0.7681940466158391
0.081	0.7680795904490187
0.0811	0.7679650091036656
0.08120000000000001	0.7678503026392945
0.0813	0.767735471115499
0.0814	0.7676205145919167
0.0815	0.7675054331282811
0.0816	0.7673902267843481
0.08170000000000001	0.7672748956199672
0.0818	0.7671594396950412
0.0819	0.7670438590695352
0.082	0.7669281538034776
0.0821	0.7668123239569611
0.08220000000000001	0.7666963695901463
0.0823	0.7665802907632494
0.0824	0.7664640875365505
0.0825	0.7663477599703963
0.0826	0.7662313081251959
0.08270000000000001	0.766114732061429
0.0828	0.7659980318396129
0.0829	0.7658812075203567
0.083	0.7657642591643138
0.08310000000000001	0.7656471868322073
0.08320000000000001	0.7655299905848268
0.0833	0.7654126704830191
0.0834	0.7652952265876914
0.0835	0.7651776589598179
0.08360000000000001	0.7650599676604398
0.08370000000000001	0.7649421527506424
0.0838	0.764824214291597
0.0839	0.7647061523445238
0.084	0.7645879669707056
0.08410000000000001	0.7644696582314899
0.08420000000000001	0.7643512261882921
0.0843	0.7642326709025756
0.0844	0.7641139924358775
0.0845	0.763995190849795
0.08460000000000001	0.7638762662059828
0.0847	0.7469393878954965
0.0848	0.746822842708026
0.0849	0.7467061773540299
0.085	0.7465893918940476
0.08510000000000001	0.7464724863886815
0.0852	0.7463554608985906
0.0853	0.746238315484508
0.0854	0.7461210502072136
0.0855	0.746003665127543
0.08560000000000001	0.7458861603064098
0.0857	0.7457685358047701
0.0858	0.7456507916836524
0.0859	0.7455329280041372
0.08600000000000001	0.7454149448273714
0.08610000000000001	0.7452968422145491
0.0862	0.728587242366628
0.0863	0.7284715372036071
0.0864	0.7283557154438793
0.08650000000000001	0.7282397771475037
0.08660000000000001	0.7281237223746184
0.0867	0.7280075511854179
0.0868	0.7278912636401496
0.0869	0.7277748597991155
0.08700000000000001	0.7276583397226914
0.08710000000000001	0.727541703471288
0.0872	0.7274249511054033
0.0873	0.7273080826855631
0.0874	0.7271910982723694
0.08750000000000001	0.7270739979264776
0.0876	0.7269567817086047
0.0877	0.7268394496795197
0.0878	0.7267220019000505
0.0879	0.7266044384310838
0.08800000000000001	0.7264867593335709
0.0881	0.7263689646685052
0.0882	0.7262510544969482
0.0883	0.7261330288800154
0.0884	0.7260148878788902
0.08850000000000001	0.7258966315547976
0.0886	0.7257782599690262
0.0887	0.725659773182926
0.0888	0.7255411712579001
0.0889	0.7254224542554091
0.08900000000000001	0.7253036222369756
0.0891	0.7251846752641717
0.0892	0.7250656133986295
0.0893	0.7249464367020417
0.08940000000000001	0.7248271452361551
0.08950000000000001	0.7247077390627646
0.0896	0.7245882182437434
0.0897	0.724468582841006
0.0898	0.7243488329165158
0.08990000000000001	0.7242289685323199
0.09000000000000001	0.724108989750492
0.0901	0.7239888966331858
0.0902	0.7238686892425994
0.0903	0.7237483676409863
0.09040000000000001	0.7236279318906638
0.09050000000000001	0.7235073820540083
0.0906	0.7233867181934367
0.0907	0.7232659403714335
0.0908	0.7231450486505431
0.09090000000000001	0.7230240430933624
0.091	0.7229029237625338
0.0911	0.7227816907207761
0.0912	0.7226603440308429
0.0913	0.7225388837555619
0.09140000000000001	0.7224173099578065
0.0915	0.7222956227005091
0.0916	0.7221738220466544
0.0917	0.7220519080592966
0.0918	0.7219298808015249
0.09190000000000001	0.7218077403364968
0.092	0.7216854867274207
0.0921	0.7215631200375722
0.0922	0.7214406403302654
0.09230000000000001	0.721318047668879
0.09240000000000001	0.7211953421168532
0.0925	0.7210725237376685
0.0926	0.7209495925948698
0.0927	0.7208265487520559
0.09280000000000001	0.7207033922728902
0.09290000000000001	0.720580123221073
0.093	0.7204567416603709
0.0931	0.7203332476546099
0.0932	0.7202096412676577
0.09330000000000001	0.7200859225634486
0.09340000000000001	0.7199620916059704
0.0935	0.7198381484592522
0.0936	0.7197140931874059
0.0937	0.7195899258545656
0.09380000000000001	0.7194656465249446
0.09390000000000001	0.7193412552628031
0.094	0.7192167521324511
0.0941	0.7190921371982587
0.0942	0.7189674105246465
0.09430000000000001	0.7026574938307852
0.0944	0.7025353584858546
0.0945	0.7024131141068097
0.0946	0.7022907607568366
0.0947	0.7021682984991701
0.09480000000000001	0.702045727397101
0.0949	0.7019230475139707
0.095	0.7018002589131858
0.0951	0.7016773616581847
0.0952	0.7015543558124779
0.09530000000000001	0.701431241439621
0.0954	0.7013080186032152
0.0955	0.7011846873669313
0.0956	0.7010612477944753
0.09570000000000001	0.7009376999496165
0.09580000000000001	0.7008140438961695
0.0959	0.7006902796980131
0.096	0.7005664074190664
0.0961	0.7004424271232982
0.09620000000000001	0.7003183388747519
0.09630000000000001	0.7001941427374975
0.0964	0.7000698387756664
0.0965	0.6999454270534529
0.0966	0.6998209076350838
0.09670000000000001	0.6996962805848548
0.09680000000000001	0.6995715459671041
0.0969	0.6994467038462235
0.097	0.6993217542866614
0.0971	0.6991966973529138
0.09720000000000001	0.6990715331095222
0.09730000000000001	0.6989462616210977
0.0974	0.6988208829522871
0.0975	0.6986953971677915
0.0976	0.6985698043323686
0.09770000000000001	0.6984441045108274
0.0978	0.6983182977680257
0.0979	0.6981923841688672
0.098	0.6980663637783193
0.0981	0.6979402366613936
0.09820000000000001	0.6978140028831479
0.0983	0.6976876625087051
0.0984	0.6975612156032239
0.0985	0.6974346622319305
0.09860000000000001	0.6973080024600838
0.09870000000000001	0.6971812363530101
0.0988	0.6970543639760732
0.0989	0.6969273853946983
0.099	0.696800300674358
0.09910000000000001	0.6966731098805746
0.09920000000000001	0.6965458130789215
0.0993	0.6964184103350187
0.0994	0.6962909017145466
0.0995	0.6961632872832282
0.09960000000000001	0.6960355671068361
0.09970000000000001	0.6959077412512076
0.0998	0.6957798097822095
0.0999	0.6956517727657727
0.1	0.6955236302678743
0.1009	0.6785537294815597
0.1018	0.6774137963385581
0.1027	0.6762656137774089
0.10360000000000001	0.6751092296489075
0.10450000000000001	0.6739446921165537
0.10540000000000001	0.6727720496534203
0.1063	0.671591351038981
0.1072	0.6704026453559339
0.1081	0.6692059819869853
0.109	0.6680014106116303
0.1099	0.6667889812029197
0.11080000000000001	0.6655687440241833
0.11170000000000001	0.6643407496257416
0.1126	0.663105048841613
0.1135	0.6618616927861921
0.1144	0.6606107328509029
0.1153	0.6441649296708643
0.1162	0.6429280907069747
0.11710000000000001	0.6416839752326676
0.11800000000000001	0.6404326345048496
0.1189	0.6391741200345107
0.1198	0.6379084835833443
0.1207	0.6366357771603754
0.12160000000000001	0.6205510680065339
0.1225	0.6192943737220591
0.12340000000000001	0.6180309280250752
0.12430000000000001	0.6167607826452209
0.1252	0.6154839895369527
0.1261	0.6142006008761736
0.127	0.6129106690568215
0.1279	0.5971945823067375
0.1288	0.5959224520132883
0.1297	0.5946440875515009
0.1306	0.5980493582225209
0.1315	0.5967500815302833
0.13240000000000002	0.5954446754096355
0.1333	0.5941331927753716
0.1342	0.5928156867387514
0.1351	0.5914922105907044
0.136	0.590162817802761
0.13690000000000002	0.5888275620236941
0.1378	0.5874864970759521
0.1387	0.5861396769522019
0.1396	0.584787155811813
0.1405	0.5834289879773576
0.1414	0.5820652279310884
0.1423	0.580695930311399
0.1432	0.5793211499093224
0.1441	0.5779409416649574
0.14500000000000002	0.576555360663937
0.1459	0.5751644621338771
0.1468	0.5737683014408014
0.1477	0.5723669340855928
0.1486	0.570960415700395
0.1495	0.5695488020450628
0.1504	0.5681321490035579
0.1513	0.5667105125803713
0.1522	0.5652839488969196
0.1531	0.5638525141879578
0.154	0.5624162647979745
0.1549	0.5609752571775957
0.1558	0.5595295478799502
0.1567	0.558079193557101
0.15760000000000002	0.5566242509563929
0.1585	0.5551647769168514
0.15940000000000001	0.540543462608642
0.1603	0.5391100217500169
0.1612	0.5376723240340948
0.1621	0.5362304252708606
0.163	0.5390550255674684
0.1639	0.5375925056276246
0.1648	0.5361259342079673
0.16570000000000001	0.5346553678199981
0.1666	0.5331808630324043
0.1675	0.5317024764673483
0.1684	0.530220264796975
0.1693	0.528734284739852
0.17020000000000002	0.5272445930574094
0.1711	0.5257512465503995
0.172	0.5242543020553452
0.1729	0.5227538164409999
0.1738	0.5212498466048076
0.17470000000000002	0.5197424494693516
0.1756	0.5182316819788417
0.1765	0.5043409317531077
0.1774	0.5028599644902514
0.17830000000000001	0.5013758745142939
0.1792	0.48777008884608697
0.1801	0.4743818539303888
0.181	0.4729607325443442
0.1819	0.47153685087302466
0.18280000000000002	0.47011026185715615
0.1837	0.4686810184281933
0.1846	0.4633645144496051
0.1855	0.4619408449940655
0.1864	0.4605147021913079
0.18730000000000002	0.4590861385096847
0.1882	0.45765520639234114
0.1891	0.45622195825404693
0.19	0.45478644647802957
0.19090000000000001	0.4533487234128345
0.1918	0.4519088413691639
0.19269999999999998	0.4504668526167544
0.1936	0.44902280938123396
0.1945	0.4475767638410211
0.19540000000000002	0.44612876812420993
0.1963	0.44467887430546904
0.1972	0.4432271344029602
0.1981	0.44177360037526003
0.199	0.4403183241182936
0.19990000000000002	0.43886135746227445
0.2008	0.4264907243216248
0.2017	0.4250669746266486
0.2026	0.42364172797266986
0.20350000000000001	0.4222150346099731
0.2044	0.4101569049371051
0.20529999999999998	0.40876359455503924
0.2062	0.40736902054926494
0.2071	0.4059732315753592
0.20800000000000002	0.4045762762008199
0.2089	0.40317820290229717
0.2098	0.40177906006279834
0.2107	0.4003788959689463
0.2116	0.3989777588082317
0.21250000000000002	0.3975756966662734
0.2134	0.3860366554242286
0.2143	0.38466881895038746
0.2152	0.3833002211617146
0.21610000000000001	0.38193090848905215
0.217	0.3740080058734348
0.21789999999999998	0.37266041734751754
0.2188	0.37131227569916503
0.2197	0.3699636260552131
0.22060000000000002	0.3686145134213778
0.2215	0.35766436944631425
0.2224	0.3563497632540715
0.2233	0.35503483714434636
0.2242	0.3537196344482619
0.2251	0.3430701052172685
0.226	0.3417893369633766
0.2269	0.3405084254382857
0.2278	0.3392274123040586
0.22870000000000001	0.33794633908731986
0.2296	0.3366652471770503
0.2305	0.33538417782241203
0.2314	0.33721565916535085
0.2323	0.3359235609193911
0.2332	0.3346316059201817
0.2341	0.3333398351949409
0.23500000000000001	0.3320482896286699
0.2359	0.3307570099478418
0.2368	0.32946603672309194
0.2377	0.3281754103671038
0.2386	0.32688517113259563
0.2395	0.3255953591103005
0.2404	0.3243060142269412
0.24130000000000001	0.32301717624327236
0.2422	0.32172888475209327
0.2431	0.31187968528726384
0.244	0.31062701868693804
0.2449	0.30099730854767054
0.2458	0.29977988470128347
0.2467	0.29036733963497763
0.24760000000000001	0.28918476418400213
0.2485	0.2880029430884589
0.2494	0.2868219115033682
0.25029999999999997	0.28564170441355513
0.2512	0.2844623566320108
0.2521	0.28328390279827553
0.253	0.28210637737684935
0.2539	0.280929814655602
0.2548	0.27975424874422344
0.25570000000000004	0.27857971357267675
0.2566	0.2774062428896809
0.2575	0.268545810647137
0.25839999999999996	0.26740719629892346
0.2593	0.26626971424816437
0.2602	0.26513339658269036
0.2611	0.26399827520700786
0.262	0.26286438184093364
0.2629	0.2617317480182461
0.26380000000000003	0.2606004050853572
0.2647	0.25947038420000457
0.2656	0.25834171632995534
0.2665	0.25721443225173485
0.26739999999999997	0.2560885625493806
0.2683	0.2549641376132025
0.2692	0.25384118763857083
0.2701	0.2527197426247251
0.271	0.2515998323735971
0.27190000000000003	0.2504814864886554
0.27280000000000004	0.24232705676161645
0.2737	0.24124343174836818
0.2746	0.24255735897535755
0.27549999999999997	0.24146565894515334
0.2764	0.24037565092753263
0.2773	0.23247124885334125
0.2782	0.23141568463043818
0.2791	0.2303618448089375
0.28	0.2293097557771892
0.28090000000000004	0.22166363030974368
0.2818	0.22290954691192208
0.2827	0.22188221027327487
0.28359999999999996	0.22085670688324133
0.2845	0.21983306155317758
0.2854	0.21881129889410592
0.2863	0.21779144331575168
0.2872	0.21677351902587536
0.2881	0.21575755002956742
0.28900000000000003	0.21474356012850204
0.2899	0.21373157292029837
0.2908	0.21272161179783852
0.29169999999999996	0.2117136999486303
0.29259999999999997	0.21070786035417519
0.2935	0.2097041157893659
0.2944	0.20870248882190268
0.2953	0.20770300181171555
0.2962	0.2067056769104248
0.29710000000000003	0.20571053606080722
0.298	0.2047176009962853
0.2989	0.20372689324043436
0.2998	0.20273843410651043
0.30069999999999997	0.20175224469699946
0.3016	0.20076834590317597
0.3025	0.19978675840469137
0.3034	0.1988075026691772
0.3043	0.19783059895186408
0.3052	0.19685606729522562
0.30610000000000004	0.19588392752863518
0.307	0.19491419926804662
0.3079	0.19394690191568864
0.30879999999999996	0.19298205465978485
0.3097	0.19201967647428458
0.3106	0.19105978611861957
0.3115	0.19010240213747398
0.3124	0.189147542860575
0.3133	0.18819522640250366
0.31420000000000003	0.18724547066252126
0.3151	0.18629829332441808
0.316	0.18535371185637328
0.31689999999999996	0.18441174351084563
0.31779999999999997	0.18347240532446957
0.3187	0.18253571411797337
0.3196	0.18160168649612562
0.3205	0.18067033884768272
0.3214	0.17974168734536813
0.32230000000000003	0.178815747945864
0.3232	0.17789253638982186
0.3241	0.17697206820188993
0.325	0.1760543586907622
0.32589999999999997	0.17513942294923984
0.3268	0.17422727585431438
0.3277	0.17331793206726812
0.3286	0.17241140603378868
0.3295	0.17150771198410908
0.3304	0.1656316140550779
0.33130000000000004	0.16475985731375886
0.3322	0.16389089028222817
0.3331	0.16302472593616307
0.33399999999999996	0.16216137704299774
0.3349	0.1613008561621538
0.3358	0.1556953593815115
0.3367	0.15021432593814127
0.3376	0.14941249767964
0.3385	0.14861337681768044
0.33940000000000003	0.14781697419017803
0.3403	0.14702330044093692
0.3412	0.14623236601997244
0.34209999999999996	0.1454441811838537
0.34299999999999997	0.14465875599605799
0.3439	0.13948913158391532
0.3448	0.13873308383586008
0.3457	0.13797973978310904
0.3466	0.13298018713920737
0.34750000000000003	0.1322554844675927
0.3484	0.13153342745261415
0.3493	0.1308140242813786
0.35019999999999996	0.13157356288847855
0.35109999999999997	0.13085149022199768
0.352	0.13162330987372753
0.3529	0.13089813889758145
0.3538	0.13017572472473724
0.3547	0.1294560746170719
0.3556	0.12873919565724296
0.35650000000000004	0.12802509474910612
0.35740000000000005	0.12731377861831064
0.35829999999999995	0.1266052538128914
0.35919999999999996	0.12589952670382873
0.3601	0.12519660348566547
0.361	0.12449649017711427
0.3619	0.1199502058891986
0.3628	0.11927737405236784
0.3637	0.1186072812241539
0.36460000000000004	0.11793993255676315
0.36550000000000005	0.11727533303520382
0.36639999999999995	0.11661348747794684
0.36729999999999996	0.11595440053759777
0.36819999999999997	0.11529807670158099
0.3691	0.1146445202928313
0.37	0.11399373547050008
0.3709	0.11334572623067059
0.3718	0.1127004964070819
0.37270000000000003	0.11205804967186733
0.37360000000000004	0.11141838953629912
0.37449999999999994	0.11078151935154584
0.37539999999999996	0.11014744230943903
0.37629999999999997	0.10951616144324879
0.3772	0.10888767962847298
0.3781	0.10826199958363017
0.379	0.10763912387106628
0.3799	0.10701905489777043
0.3808	0.10640179491619968
0.38170000000000004	0.10578734602511135
0.38260000000000005	0.10517571017040651
0.38349999999999995	0.10126576272843783
0.38439999999999996	0.10067894784179864
0.3853	0.10009486181950183
0.3862	0.09951350595902625
0.3871	0.0989348814140698
0.388	0.09835898919541405
0.3889	0.09778583017179991
0.38980000000000004	0.09103050904229028
0.39070000000000005	0.09049905267779902
0.39159999999999995	0.08997015693292232
0.39249999999999996	0.08944382209171027
0.39339999999999997	0.08892004830949056
0.3943	0.08839883561373126
0.3952	0.08788018390490863
0.3961	0.08736409295737914
0.397	0.08685056242026162
0.39790000000000003	0.08633959181832343
0.39880000000000004	0.0858311805528724
0.39969999999999994	0.08532532790265826
0.40059999999999996	0.0848220330247735
0.40149999999999997	0.08432129495556653
0.4024	0.08382311261155743
0.4033	0.08332748479035858
0.4042	0.08283441017160237
0.4051	0.08234388731787326
0.406	0.08185591467564406
0.40690000000000004	0.08137049057622185
0.40780000000000005	0.08088761323669084
0.40869999999999995	0.08136222768115971
0.40959999999999996	0.08087846133815504
0.4105	0.08039726588049279
0.4114	0.0799186390657056
0.4123	0.08028679797034956
0.4132	0.07980828140911364
0.4141	0.07933234703247484
0.41500000000000004	0.07885899219581567
0.41590000000000005	0.07838821414565905
0.41679999999999995	0.07792001002126203
0.41769999999999996	0.07745437685560812
0.41859999999999997	0.06955384500928967
0.4195	0.06913799960506828
0.4204	0.06872446703389254
0.4213	0.06831324423957977
0.4222	0.06790432807466162
0.42310000000000003	0.06832948323652094
0.42400000000000004	0.06791980806100545
0.42489999999999994	0.06751245911045319
0.42579999999999996	0.06710743284109197
0.42669999999999997	0.06670472562445873
0.4276	0.06630433374360695
0.4285	0.06590625339567206
0.4294	0.06551048069276626
0.4303	0.06511701166297343
0.4312	0.06472584225131302
0.43210000000000004	0.0643369683206902
0.43300000000000005	0.06395038565287416
0.43389999999999995	0.06356608994945981
0.43479999999999996	0.06318407683283549
0.4357	0.0628043418471521
0.4366	0.06242688045929213
0.4375	0.062051688059842056
0.4384	0.061678759964061566
0.4393	0.06130809141285897
0.44020000000000004	0.06093967757376048
0.44110000000000005	0.06057351354188769
0.44199999999999995	0.060209594340927326
0.44289999999999996	0.059847914924109256
0.4438	0.05948847017517809
0.4447	0.059131254909368366
0.4456	0.058776263874379085
0.4465	0.058423491751348366
0.4474	0.05807293315582617
0.44830000000000003	0.05772458263874904
0.44920000000000004	0.05737843468741289
0.45009999999999994	0.0570344837264454
0.45099999999999996	0.05669272411877841
0.45189999999999997	0.05635315016661875
0.4528	0.056015756112418415
0.4537	0.05568053613984503
0.4546	0.05534748437474813
0.4555	0.05501659488612819
0.45640000000000003	0.054687861687101345
0.45730000000000004	0.05436127873586433
0.45819999999999994	0.054036839936657886
0.45909999999999995	0.05371453914072618
0.45999999999999996	0.053394370147279505
0.4609	0.053076326704450144
0.4618	0.05276040251024889
0.4627	0.05244659121352027
0.4636	0.05035257790416148
0.4645	0.048312738512994315
0.46540000000000004	0.04802616083263907
0.46630000000000005	0.04774152784464467
0.46719999999999995	0.047458833415163715
0.46809999999999996	0.04717807136984951
0.469	0.04689923549472868
0.4699	0.044972371362577215
0.4708	0.04470714672952269
0.4717	0.04444376144876692
0.4726	0.04418220938328435
0.47350000000000003	0.043922484362019086
0.47440000000000004	0.043664580180712315
0.47529999999999994	0.04340849060272533
0.47619999999999996	0.043154209359859724
0.47709999999999997	0.04290173015317595
0.478	0.041114845959773445
0.4789	0.04087496021317084
0.4798	0.04063679276121149
0.4807	0.04040033742288177
0.48160000000000003	0.040165587991442146
0.48250000000000004	0.039932538235195845
0.48339999999999994	0.03970118189825412
0.48429999999999995	0.039471512701297166
0.48519999999999996	0.039243524342331984
0.4861	0.039017210497446726
0.487	0.03879256482156144
0.4879	0.03856958094917355
0.4888	0.03834825249510187
0.4897	0.038660028493511
0.49060000000000004	0.03843878943882204
0.49150000000000005	0.038219214934706314
0.49239999999999995	0.038001298372964946
0.49329999999999996	0.037785033129633876
0.4942	0.03757041256562821
0.4951	0.037357430027501075
0.496	0.037146078848166654
0.4969	0.03693635234760223
0.4978	0.036728243833575196
0.49870000000000003	0.03652174660234568
0.49960000000000004	0.03631685393936923
0.5005	0.03611355911999469
0.5014	0.03591185541015801
0.5023	0.035711736067069795
0.5032	0.03422056341369152
0.5041	0.03403079829876505
0.505	0.033842539987269646
0.5059	0.03365578195604933
0.5068	0.03347051767679844
0.5077	0.033286740616695655
0.5085999999999999	0.03310444423903223
0.5095	0.03292362200383589
0.5104	0.03274426736848917
0.5113	0.03256637378834268
0.5122	0.03238993471732318
0.5131	0.0322149436085366
0.514	0.03204139391486465
0.5149	0.0320786879119288
0.5158	0.031906505569373106
0.5167	0.031735754668116054
0.5176	0.031566428630251234
0.5185	0.031398520881621955
0.5194	0.031232024850549933
0.5203	0.031066933968925604
0.5212	0.03090324167276332
0.5221	0.03074094140275623
0.523	0.0305800266048237
0.5239	0.030420490730652675
0.5248	0.030262327238234073
0.5257	0.03010552959239385
0.5266	0.029950091265316125
0.5275	0.029796005737063157
0.5284	0.02964326649608714
0.5293	0.029491867039737885
0.5302	0.029341800874763374
0.5311	0.02919306151780508
0.532	0.029045642495887095
0.5329	0.02889953734689876
0.5337999999999999	0.028754739620072564
0.5347	0.028611242876454505
0.5356	0.0284690406893694
0.5365	0.028328126644879683
0.5374	0.028188494342238333
0.5383	0.02805013739433519
0.5392	0.027913049428138288
0.5401	0.027777224085127276
0.541	0.02764265502172221
0.5419	0.027509335909705272
0.5428	0.02737726043663699
0.5437	0.027246422306265082
0.5446	0.027116815238928605
0.5455	0.026988432971954426
0.5464	0.026861269260048615
0.5473	0.026735317875680113
0.5482	0.02661057260946003
0.5491	0.02648702727051283
0.55	0.02636467568684251
0.5509	0.02624351170569169
0.5518	0.026123529193894504
0.5527	0.026004722038223863
0.5536	0.025887084145731456
0.5545	0.02577060944408155
0.5554	0.025655291881879292
0.5563	0.025541125428991864
0.5572	0.025428104076863408
0.5581	0.02531622183882359
0.5589999999999999	0.025205472750390298
0.5599	0.02509585086956555
0.5608	0.024987350277124946
0.5617	0.02396190462867993
0.5626	0.02437487632831389
0.5635	0.02427032464518034
0.5644	0.024166862620939797
0.5653	0.024064484458142698
0.5662	0.02396318438403502
0.5670999999999999	0.02297530645805995
0.568	0.022879828303605743
0.5689	0.022785371469895226
0.5698	0.02269193049519784
0.5707	0.02174289429028292
0.5716	0.021654927872057264
0.5725	0.021567923053695925
0.5734	0.02148187467649415
0.5743	0.021396777606206292
0.5752	0.02158459564917202
0.5761	0.021500039959139256
0.577	0.021416436990969782
0.5779	0.02133378159874195
0.5788	0.0212520686625704
0.5797	0.021171293088743017
0.5806	0.021091449809865638
0.5815	0.021012533784991586
0.5824	0.020934539999760672
0.5833	0.020857463466520624
0.5841999999999999	0.020781299224447818
0.5851	0.020706042339660054
0.586	0.020631687905324984
0.5869	0.02055823104176279
0.5878	0.02048566689654266
0.5887	0.020413990644574102
0.5896	0.01956190241009622
0.5905	0.019494658732073674
0.5914	0.0194282550383394
0.5922999999999999	0.019362686794126564
0.5932	0.01929794949131887
0.5941	0.019234038648507267
0.595	0.019170949811040224
0.5959	0.019108678551069402
0.5968	0.01904722046758963
0.5977	0.01898657118647486
0.5986	0.01892672636050776
0.5995	0.01886768166940485
0.6003999999999999	0.018809432819836786
0.6013	0.018751975545443243
0.6022	0.018410871483582794
0.6031	0.018355623753088912
0.604	0.018301142394894655
0.6049	0.018247423322538512
0.6058	0.018194462475903353
0.6067	0.018142255821205457
0.6075999999999999	0.018090799350978855
0.6084999999999999	0.01804008908405469
0.6093999999999999	0.017990121065536647
0.6103	0.017940891366770795
0.6112	0.017892396085311863
0.6121	0.017844631344883996
0.613	0.01779759329533809
0.6139	0.017751278112603592
0.6148	0.01770568199863656
0.6156999999999999	0.017660801181363137
0.6165999999999999	0.017616631914618736
0.6174999999999999	0.017573170478082534
0.6184	0.017530413177208392
0.6193	0.017488356343150442
0.6202	0.01744699633268609
0.6211	0.017524471959919467
0.622	0.017483764337645313
0.6229	0.017443750946145916
0.6237999999999999	0.01740442818682678
0.6246999999999999	0.01736579248688502
0.6255999999999999	0.01732784029897952
0.6265	0.017290568101200672
0.6274	0.017253972396942673
0.6283	0.017218049714798705
0.6292	0.0171827966084434
0.6301	0.01714820965650775
0.631	0.01711428546245677
0.6319	0.017081020654458882
0.6327999999999999	0.01704841188525326
0.6336999999999999	0.01701645583201296
0.6345999999999999	0.016985149196204773
0.6355	0.016954488703445292
0.6364	0.016257818538550992
0.6373	0.016229565880059863
0.6382	0.016201924612324718
0.6391	0.01617489167972706
0.64	0.016148464049113544
0.6408999999999999	0.01612263870963776
0.6417999999999999	0.016097412672600037
0.6426999999999999	0.01607278297128342
0.6436	0.016048746660786872
0.6445	0.016025300817855588
0.6454	0.016002442540708418
0.6463	0.01598016894886189
0.6472	0.01602483729426484
0.6481	0.016003317292103546
0.6489999999999999	0.01598237841839849
0.6498999999999999	0.01596201784409522
0.6507999999999999	0.015942232760970995
0.6517	0.015923020381264138
0.6526	0.015904377937541982
0.6535	0.01588630268249422
0.6544	0.015868791888737206
0.6553	0.015851842848611658
0.6562	0.01583545287397554
0.6571	0.015819619295998726
0.6579999999999999	0.01580433946495201
0.6588999999999999	0.015789610749995308
0.6597999999999999	0.01577543053896359
0.6607	0.01576179623815028
0.6616	0.01574870527208873
0.6625	0.01573615508333165
0.6634	0.01572414313222866
0.6643	0.015951996507099612
0.6652	0.015941103584655517
0.6660999999999999	0.015930751866238907
0.6669999999999999	0.015920938831644322
0.6678999999999999	0.015911661977804095
0.6688	0.015902918818533396
0.6697	0.015894706884292436
0.6706	0.015887023721941142
0.6715	0.0158798668944909
0.6724	0.01587323398085827
0.6733	0.01586712257561452
0.6741999999999999	0.015861530288735014
0.6750999999999999	0.015856454745346606
0.6759999999999999	0.015851893585474047
0.6769	0.015847844463784726
0.6778	0.015603145289409216
0.6787	0.015599910941460488
0.6796	0.015597171896287104
0.6805	0.01559492590778578
0.6814	0.015593170742854155
0.6822999999999999	0.015591904181137277
0.6831999999999999	0.01559112401477397
0.6840999999999999	0.014963702652623022
0.6849999999999999	0.01496384268408606
0.6859	0.014964443284345099
0.6868	0.01496550237833703
0.6877	0.014967017901778365
0.6886	0.01500342086846042
0.6895	0.01500572566642608
0.6904	0.015008483789783632
0.6912999999999999	0.015011693203163923
0.6921999999999999	0.015015351880877438
0.6930999999999999	0.015019457806748645
0.694	0.01502400897383658
0.6949	0.015029003384177488
0.6958	0.014417465579520772
0.6967	0.01442305911697835
0.6976	0.01442907207191747
0.6985	0.014435502558930306
0.6993999999999999	0.014442348700029688
0.7002999999999999	0.014449608624405677
0.7011999999999999	0.014457280468182747
0.7021	0.014465362374176529
0.703	0.014473852491651026
0.7039	0.01448274897607593
0.7048	0.014492049988884079
0.7057	0.014501753697229152
0.7066	0.014511858273744
0.7074999999999999	0.014522361896298483
0.7083999999999999	0.014533262747758994
0.7092999999999999	0.014544559015746998
0.7101999999999999	0.014556248892399083
0.7111	0.014568330574127096
0.712	0.014580802261378891
0.7129	0.014593662158399584
0.7138	0.014606908472993611
0.7147	0.014620539416287241
0.7156	0.014634553202492203
0.7164999999999999	0.01464894804866948
0.7173999999999999	0.014663722174494631
0.7182999999999999	0.014062882705227868
0.7192	0.01407772040531258
0.7201	0.014092916423738706
0.721	0.014108469061735008
0.7219	0.014124376621947378
0.7228	0.014140637408219138
0.7237	0.014157249725372238
0.7245999999999999	0.014174211878989372
0.7254999999999999	0.014191522175197573
0.7263999999999999	0.014209178920452445
0.7273	0.014227180421324015
0.7282	0.014245524984283515
0.7291	0.014264210915491347
0.73	0.014283236520586735
0.7309	0.014302600104478105
0.7318	0.014322299971135382
0.7326999999999999	0.014342334423382978
0.7335999999999999	0.014362701762695029
0.7344999999999999	0.01438340028899123
0.7353999999999999	0.014404428300434941
0.7363	0.014425784093231978
0.7372	0.014447465961431592
0.7381	0.01446947219672891
0.739	0.014491801088268455
0.7399	0.014514450922450114
0.7408	0.013302983928169594
0.7416999999999999	0.013324224124710614
0.7425999999999999	0.013345753414815255
0.7434999999999999	0.013367570217814458
0.7444	0.01338967294971189
0.7453	0.0134120600230153
0.7462	0.013434729846569802
0.7471	0.013457680825392912
0.748	0.013480911360511074
0.7489	0.013504419848798344
0.7497999999999999	0.013528204682816377
0.7506999999999999	0.013552264250656537
0.7515999999999999	0.013576596935783718
0.7525	0.013601201116882141
0.7534	0.013626075167702973
0.7543	0.01365121745691361
0.7552	0.01367662634794931
0.7561	0.013702300198866433
0.757	0.013728237362197849
0.7578999999999999	0.013754436184810115
0.7587999999999999	0.01378089500776313
0.7596999999999999	0.013807612166171029
0.7605999999999999	0.01383458598906597
0.7615	0.01395003153226116
0.7624	0.013977810018583075
0.7633	0.014005844701829369
0.7642	0.014034133869444224
0.7651	0.014062675802421879
0.766	0.014091468774870873
0.7668999999999999	0.01412051105388969
0.7677999999999999	0.0141498008994432
0.7686999999999999	0.014179336564241566
0.7696	0.014209116293621636
0.7705	0.014239138325430216
0.7714	0.01426940088990985
0.7723	0.014299902209587266
0.7732	0.01433064049916344
0.7741	0.014037229300946604
0.7749999999999999	0.014067845797525345
0.7758999999999999	0.014098690999320289
0.7767999999999999	0.014129763126595314
0.7777	0.014161060391404877
0.7786	0.014192580997498429
0.7795	0.014224323140227252
0.7804	0.014256285006453968
0.7813	0.014288464774464169
0.7822	0.014320860613880887
0.7830999999999999	0.014136017748720715
0.7839999999999999	0.014168573192907074
0.7848999999999999	0.014201336329578405
0.7857999999999999	0.014234305317762149
0.7867	0.014267478307453856
0.7876	0.01430085343954711
0.7885	0.0143344288457662
0.7894	0.014368202648601242
0.7903	0.014402172961245858
0.7912	0.014436337887537362
0.7920999999999999	0.014470695521899444
0.7929999999999999	0.014505243949287417
0.7938999999999999	0.014539981245135938
0.7948	0.01457490547530939
0.7957	0.01461001469605484
0.7966	0.014645306953957316
0.7975	0.014680780285897909
0.7984	0.014716432719014298
0.7993	0.014752262270664007
0.8001999999999999	0.01478826694839002
0.8010999999999999	0.01482444474988894
0.8019999999999999	0.014860793662982279
0.8029	0.014897311665589533
0.8038	0.014933996725704385
0.8047	0.014970846801373398
0.8056	0.015007859840677195
0.8065	0.015045033781714207
0.8074	0.015082366552587207
0.8082999999999999	0.015119856071392386
0.8091999999999999	0.015157500246210601
0.8100999999999999	0.015195296975101991
0.8109999999999999	0.015233244146102559
0.8119	0.015271339637223498
0.8128	0.015309581316453104
0.8137	0.015347967041761695
0.8146	0.01538649466110806
0.8155	0.015425162012449856
0.8163999999999999	0.015463966923755467
0.8172999999999999	0.014908693393050482
0.8181999999999999	0.014946518373819953
0.8190999999999999	0.014984469982655717
0.82	0.015022546099167047
0.8209	0.015060744593452328
0.8218	0.015099063326077626
0.8227	0.015137500148112716
0.8236	0.015176052901159755
0.8245	0.01521471941738682
0.8253999999999999	0.015253497519565618
0.8262999999999999	0.015292385021108842
0.8271999999999999	0.0153313797261119
0.8281	0.01537047942939625
0.829	0.015409681916555491
0.8299	0.015448984964003598
0.8308	0.015488386339025698
0.8317	0.015527883799830909
0.8326	0.015567475095607798
0.8334999999999999	0.015607157966582333
0.8343999999999999	0.01564693014407763
0.8352999999999999	0.015686789350576595
0.8361999999999999	0.01572673329978635
0.8371	0.015766759696705608
0.838	0.01580686623769364
0.8389	0.015847050610541907
0.8398	0.01588731049454814
0.8407	0.01592764356059192
0.8415999999999999	0.015968047471213494
0.8424999999999999	0.016008519880694048
0.8433999999999999	0.016049058435138534
0.8442999999999999	0.0160896607725607
0.8452	0.01613032452297007
0.8461	0.016171047308461313
0.847	0.016211826743305822
0.8479	0.01625266043404521
0.8488	0.016293545979587026
0.8497	0.016334480971302648
0.8505999999999999	0.016375462993127275
0.8514999999999999	0.016416489621661836
0.8523999999999999	0.016457558426277146
0.8533	0.016498666969219828
0.8542	0.015017505182091148
0.8551	0.015054915124110335
0.856	0.015092355035639413
0.8569	0.015129822680545834
0.8578	0.015167315816737886
0.8586999999999999	0.015204832196271358
0.8595999999999999	0.015242369565458219
0.8604999999999999	0.015279925664976596
0.8613999999999999	0.0145693321179112
0.8623	0.0146050951041437
0.8632	0.014640869726481123
0.8641	0.014676653816699069
0.865	0.014851691902172243
0.8659	0.014888235570510961
0.8667999999999999	0.014924784136533165
0.8676999999999999	0.015188011625559172
0.8685999999999999	0.015225377774795549
0.8694999999999999	0.015262742472508676
0.8704	0.015300103457802352
0.8713	0.015337458465645517
0.8722	0.01537480522686623
0.8731	0.015412141468295552
0.874	0.015449464912895053
0.8749	0.015486773279885018
0.8757999999999999	0.01552406428488162
0.8766999999999999	0.015561335640029676
0.8775999999999999	0.01559858505413938
0.8785	0.015635810232824284
0.8794	0.01567300887863976
0.8803	0.015710178691223462
0.8812	0.0157473173674367
0.8821	0.01578442260150702
0.883	0.015821492085172063
0.8838999999999999	0.015858523507824854
0.8847999999999999	0.015895514556659638
0.8856999999999999	0.015932462916819736
0.8865999999999999	0.015969366271545535
0.8875	0.016006222302324687
0.8884	0.0160430286890422
0.8893	0.016190197038116846
0.8902	0.015428566086977177
0.8911	0.015464066088974784
0.8919999999999999	0.015499511552753151
0.8928999999999999	0.015534900241917485
0.8937999999999999	0.015570229919562325
0.8946999999999999	0.01560549834814781
0.8956	0.015640703289667397
0.8965	0.01567584250579349
0.8974	0.01571091375803081
0.8983	0.015745914807873917
0.8992	0.015780843416959785
0.9001	0.0158156973472252
0.9009999999999999	0.01585047436106366
0.9018999999999999	0.015885172221482963
0.9027999999999999	0.015919788692263685
0.9037	0.015149738966307665
0.9046	0.015182501446990241
0.9055	0.01521518072073919
0.9064	0.015358608877940525
0.9073	0.015391703997747273
0.9082	0.01601585616814324
0.9090999999999999	0.016049328057444863
0.9099999999999999	0.01608270163995172
0.9108999999999999	0.016115974753677657
0.9117999999999999	0.016149145239109357
0.9127	0.016182210939376693
0.9136	0.01621516970040577
0.9145	0.01624801937107918
0.9154	0.016280757803397647
0.9163	0.01631338285263908
0.9171999999999999	0.016345892377520026
0.9180999999999999	0.016378284240356467
0.9189999999999999	0.01641055630722537
0.9198999999999999	0.016442706448126183
0.9208	0.01564207497899507
0.9217	0.014859827293967938
0.9226	0.014888531566924981
0.9235	0.014917119376472984
0.9244	0.014945588827639963
0.9252999999999999	0.014973938029821986
0.9261999999999999	0.015002165096928822
0.9270999999999999	0.015030268147529717
0.9279999999999999	0.015058245304999133
0.9289	0.0150860946976622
0.9298	0.015113814458940772
0.9307	0.015342179363132301
0.9316	0.015370164985552931
0.9325	0.015560020612914718
0.9334	0.015588469002759005
0.9342999999999999	0.015616776773496948
0.9351999999999999	0.01564494203953416
0.9360999999999999	0.01567296292089271
0.9369999999999999	0.015700837544148107
0.9379	0.015728564042305736
0.9388	0.01575614055497131
0.9397	0.01578356522848646
0.9406	0.01581083621607612
0.9415	0.015837951678000103
0.9423999999999999	0.015864909781695847
0.9432999999999999	0.015891708701926736
0.9441999999999999	0.015918346620928264
0.9450999999999999	0.01613769761621452
0.946	0.016164525392243893
0.9469	0.01619118555019533
0.9478	0.01621767628694454
0.9487	0.01624399580785819
0.9496	0.016270142326564537
0.9504999999999999	0.016296114065220284
0.9513999999999999	0.01632190925465914
0.9522999999999999	0.0163475261345325
0.9531999999999999	0.016372962953452055
0.9541	0.016398217969132885
0.955	0.016423289448534332
0.9559	0.016448175668000917
0.9568	0.016472874913402876
0.9577	0.016497385480275812
0.9586	0.016521705673959716
0.9594999999999999	0.016545833809737138
0.9603999999999999	0.016569768212970903
0.9612999999999999	0.016593507219240966
0.9621999999999999	0.016617049174480657
0.9631	0.01664039243511183
0.964	0.016663535368179702
0.9649	0.016686476351486575
0.9658	0.01670921377372471
0.9667	0.016731746034608655
0.9675999999999999	0.016754071545006542
0.9684999999999999	0.01677618872707042
0.9693999999999999	0.016798096014365976
0.9702999999999999	0.01681979185200109
0.9712	0.01684127469675354
0.9721	0.01686254301719807
0.973	0.016883595293831957
0.9739	0.016904430019200164
0.9748	0.016925045698019017
0.9756999999999999	0.0169454408472995
0.9765999999999999	0.01696561399646869
0.9774999999999999	0.016985563687491073
0.9783999999999999	0.0170052884749882
0.9793	0.01702478692635738
0.9802	0.017044057621889565
0.9811	0.017063099154885936
0.982	0.017081910131773285
0.9829	0.01710048917221858
0.9838	0.017118834909242056
0.9846999999999999	0.017136945989329553
0.9855999999999999	0.017154821072543205
0.9864999999999999	0.01717245883263139
0.9873999999999999	0.01718985795713728
0.9883	0.01720701714750623
0.9892	0.017223935119191926
0.9901	0.017240610601761287
0.991	0.017257042338998104
0.9919	0.017273229089005766
0.9927999999999999	0.017289169624308046
0.9936999999999999	0.017304862731949245
0.9945999999999999	0.01732030721359262
0.9954999999999999	0.017335501885617853
0.9964	0.017350445579216767
0.9973	0.0173651371404883
0.9982	0.017379575430531386
0.9991	0.017393759325537266
1.0	0.017407687716879908
1.009	0.016857134491432384
1.018	0.016957406674669464
1.027	0.01643375789872631
1.036	0.016484181261122704
1.045	0.01650795515300189
1.054	0.017103339988985104
1.063	0.017378526150812063
1.072	0.017317275921220836
1.081	0.016898881106172343
1.09	0.016794400539720672
1.099	0.016663399755361
1.108	0.01650650319806237
1.117	0.016324479351662095
1.126	0.016118232599398506
1.135	0.01620843141348914
1.144	0.015955301297459985
1.153	0.015680855254221672
1.162	0.01538646154546337
1.171	0.015413365075143981
1.18	0.01507829552947699
1.189	0.014727370188689826
1.198	0.014362252338495736
1.207	0.0139846379151551
1.216	0.014047385633356268
1.225	0.013643221043993
1.234	0.013231642690816437
1.2429999999999999	0.012814360812019676
1.252	0.011823206113687914
1.261	0.011423222730158162
1.27	0.010621702758531828
1.279	0.010228112708806946
1.288	0.009836469745320082
1.297	0.00944806851722869
1.306	0.00906412666258449
1.315	0.008685779926983874
1.3239999999999998	0.008314078266127092
1.333	0.00794998292127216
1.342	0.007594364454106874
1.351	0.007248001712955312
1.3599999999999999	0.006731592295702399
1.369	0.006412700504124553
1.378	0.006508539967618732
1.387	0.0062742983128334755
1.396	0.005835463781357016
1.405	0.005553156806148192
1.414	0.005283115492345894
1.423	0.005352006067923418
1.432	0.005095093637266631
1.4409999999999998	0.004851138129049003
1.45	0.004620063642868864
1.459	0.004401741133832252
1.468	0.004195994221465248
1.4769999999999999	0.004002604963006804
1.486	0.0037211252177492553
1.4949999999999999	0.0034537988967926654
1.504	0.00330674627127356
1.513	0.0031700627284913857
1.5219999999999998	0.0030434353991073896
1.531	0.0029265420825180504
1.54	0.002819055146904973
1.549	0.0027206451697724403
1.5579999999999998	0.00288861697017282
1.567	0.0028005362678298305
1.576	0.002893265727090204
1.585	0.0027250572169248435
1.5939999999999999	0.0026587326698787822
1.603	0.0028400735909870135
1.612	0.002543573505040719
1.621	0.0024989035822275594
1.63	0.0024299322501493484
1.6389999999999998	0.0025484599445081964
1.648	0.0025240002037964916
1.657	0.0025063902143630185
1.666	0.002495408391667251
1.6749999999999998	0.002388687169438634
1.684	0.0023895886471842335
1.693	0.0023963939792737373
1.702	0.002408928126419915
1.7109999999999999	0.002427023628489324
1.72	0.002450518796332355
1.729	0.002479255848997546
1.738	0.002513079028197622
1.7469999999999999	0.0027267143894043827
1.7559999999999998	0.0027652455808097488
1.765	0.0028085573805528108
1.774	0.0028564720693516218
1.783	0.002991836963506277
1.7919999999999998	0.0030507792500421484
1.801	0.003113808287949537
1.81	0.0031807142043450793
1.819	0.0034488495573374548
1.8279999999999998	0.003524600192885846
1.837	0.0036038664419363767
1.846	0.0039041637308208136
1.855	0.003991808086983936
1.8639999999999999	0.004082433410738556
1.8729999999999998	0.0042263386623471
1.882	0.0043210810619880476
1.891	0.004418041753795069
1.9	0.004516856504906155
1.9089999999999998	0.004617149655659839
1.918	0.004923476662810916
1.927	0.005030451429855293
1.936	0.005137896551754506
1.9449999999999998	0.005477596249719812
1.954	0.005590262394450423
1.963	0.005702184845673972
1.972	0.005812898185712559
1.9809999999999999	0.005921937242731859
1.9899999999999998	0.006252402559937212
1.9989999999999999	0.006360097455669665
2.008	0.006464818812777651
2.017	0.00656610183686143
2.026	0.006663493795427981
2.035	0.006756556518747529
2.0439999999999996	0.00684486887983055
2.053	0.006928029205699752
2.062	0.0070056575439432205
2.0709999999999997	0.007077397787039547
2.08	0.007142919683184265
2.089	0.007201920689419617
2.098	0.007254127570618727
2.107	0.007620514837493728
2.1159999999999997	0.0076574058447128465
2.125	0.007686826173395815
2.134	0.007708627387251497
2.143	0.007722695607971787
2.152	0.007728951813545351
2.1609999999999996	0.0077273519080291245
2.17	0.007717886553599964
2.179	0.0077005807697336495
2.1879999999999997	0.007675493310120797
2.197	0.007642715822765639
2.206	0.007602371805449035
2.215	0.007554615369256572
2.224	0.007499629823083173
2.2329999999999997	0.007488343636423847
2.242	0.007601738818920294
2.251	0.007526476073971613
2.26	0.007812660190223222
2.269	0.007720539006765152
2.2779999999999996	0.00787993407713172
2.287	0.007402001530656276
2.296	0.007295875047951212
2.3049999999999997	0.007185236419350895
2.314	0.0070704622640150785
2.323	0.006951935236395788
2.332	0.006830041842004167
2.341	0.0067051702949588
2.3499999999999996	0.006577708469449723
2.359	0.006448041914892564
2.368	0.0063165519800233265
2.377	0.006183614039061808
2.386	0.006049595834231494
2.3949999999999996	0.00591485594269161
2.404	0.005596625053295174
2.413	0.005465988248591889
2.4219999999999997	0.005678086148752548
2.431	0.005543521944414809
2.44	0.005410066602880236
2.449	0.005277988318221674
2.458	0.005228415026793997
2.4669999999999996	0.005097738030150394
2.476	0.004969136378221363
2.485	0.004949976101995819
2.4939999999999998	0.004824412008730596
2.503	0.004582051887169406
2.5119999999999996	0.004465125582374405
2.521	0.004351143079547858
2.53	0.00424023291409353
2.5389999999999997	0.004132507618897454
2.548	0.004050241140932811
2.557	0.004086537429508417
2.566	0.0039865105324794516
2.575	0.003792388534129402
2.5839999999999996	0.0037021908200789004
2.593	0.003562605173693866
2.602	0.0034806427005338457
2.6109999999999998	0.0036386536373736052
2.62	0.0036757977785689443
2.6289999999999996	0.0037584905419869204
2.638	0.0036832108377135853
2.647	0.0036118044809558773
2.6559999999999997	0.0035442551895885858
2.665	0.0034805394832479767
2.674	0.0034206274197332806
2.683	0.0034795792290117453
2.692	0.003426380712575754
2.7009999999999996	0.0033770031279911346
2.71	0.0033313990354837206
2.719	0.003289517526766284
2.7279999999999998	0.0032513047477921563
2.737	0.003216704351830072
2.7459999999999996	0.0031856579318419944
2.755	0.0031581053851709472
2.764	0.0031339852350632633
2.7729999999999997	0.0031132349025543853
2.782	0.0032648709842466135
2.791	0.0033277320723817147
2.8	0.002958363442132333
2.809	0.002949536287357725
2.8179999999999996	0.0029028220899549708
2.827	0.0029014210163780417
2.836	0.002903099594199798
2.8449999999999998	0.0029077983066101228
2.854	0.002810672531626497
2.8629999999999995	0.0028191629006368304
2.872	0.00306904527919338
2.881	0.0030832940825842228
2.8899999999999997	0.003302261974135858
2.899	0.0035317308762149017
2.908	0.0035533523418981097
2.917	0.003577925655405973
2.926	0.0036053766467452966
2.9349999999999996	0.004258827615785425
2.944	0.004294658674454324
2.953	0.004333265864183367
2.9619999999999997	0.0043745556204743945
2.971	0.004418432356618397
2.9799999999999995	0.004260415034817876
2.989	0.004304835104889851
2.9979999999999998	0.004351418141351794
3.0069999999999997	0.004400064917780221
3.016	0.0044506744905008526
3.025	0.004549074175023446
3.034	0.004603617283817573
3.0429999999999997	0.004659949071365576
3.052	0.004717954429461129
3.061	0.004777516946339294
3.07	0.004838519079319452
3.0789999999999997	0.004900842351586565
3.0879999999999996	0.004964367571499774
3.097	0.005028975073124375
3.106	0.00509454497510761
3.1149999999999998	0.005160957457627061
3.1239999999999997	0.005516523822536178
3.133	0.005589777183122683
3.142	0.005412438128242305
3.151	0.0054827733100714995
3.1599999999999997	0.005430819236593543
3.169	0.005859922657048018
3.178	0.005932370229320842
3.187	0.006004952352093779
3.1959999999999997	0.006077554469743952
3.2049999999999996	0.0061500646194408365
3.214	0.006222373779292696
3.223	0.006294376191432201
3.2319999999999998	0.006365969682104848
3.2409999999999997	0.006742157095914884
3.25	0.00681270544144717
3.259	0.0068825063272570045
3.268	0.006704568953872202
3.2769999999999997	0.006768820720842698
3.286	0.00726747687181891
3.295	0.007913498580621712
3.304	0.007981435492906249
3.3129999999999997	0.008048714167836566
3.3219999999999996	0.00791687546799981
3.331	0.007980162810223568
3.34	0.008042662574925565
3.3489999999999998	0.008104344066930095
3.3579999999999997	0.008165181373632525
3.367	0.008225153368883931
3.376	0.008284243696514992
3.385	0.008342440737949954
3.3939999999999997	0.008399737563616108
3.403	0.00845613186854695
3.412	0.008511625891737512
3.421	0.008566226321824553
3.4299999999999997	0.00861994418837531
3.4389999999999996	0.008486387486722443
3.448	0.008536623150654702
3.457	0.008586024803939954
3.4659999999999997	0.00863461879270671
3.4749999999999996	0.008682435014893795
3.484	0.008729506749220475
3.493	0.008775870476219104
3.502	0.008821565692861156
3.5109999999999997	0.00886663472154652
3.52	0.00938653211143869
3.529	0.009430773778178284
3.538	0.009474588462108776
3.5469999999999997	0.009518027183797568
3.5559999999999996	0.00956114258879355
3.565	0.009396538710383586
3.574	0.009436638051603583
3.5829999999999997	0.009772963588621201
3.5919999999999996	0.009812414617703576
3.601	0.009851853687900354
3.61	0.009891343409707397
3.6189999999999998	0.00993094637272484
3.6279999999999997	0.009970724960986605
3.637	0.01001074118317128
3.646	0.009456388479421967
3.655	0.00864010602811651
3.6639999999999997	0.008670759166454559
3.6729999999999996	0.008702127786070178
3.682	0.008375441129875484
3.691	0.008411044449672967
3.6999999999999997	0.0084476287435607
3.7089999999999996	0.008485256198513777
3.718	0.008232441255311534
3.727	0.00826711587884024
3.7359999999999998	0.008302895910076697
3.7449999999999997	0.00833983327723185
3.754	0.008377977501535917
3.763	0.008417375612701616
3.772	0.008630078194707323
3.7809999999999997	0.008673422414634696
3.7899999999999996	0.008718285988679284
3.799	0.00876470066032752
3.808	0.008812695215697613
3.8169999999999997	0.008862295446040268
3.8259999999999996	0.008913524109254195
3.835	0.008621302441416468
3.844	0.008678778625713826
3.8529999999999998	0.008737938488401412
3.8619999999999997	0.008798790251814867
3.871	0.009136847178774474
3.88	0.009201905317849817
3.889	0.00926889669616451
3.8979999999999997	0.009337811096923243
3.9069999999999996	0.009875510380288067
3.916	0.009948769021121373
3.925	0.010024051899547684
3.9339999999999997	0.010101331694226471
3.9429999999999996	0.010180577463200636
3.952	0.010261754713174316
3.961	0.01034482546030165
3.9699999999999998	0.010059346521101376
3.9789999999999996	0.010598955783564486
3.988	0.010690481172783988
3.997	0.010783812879252046
4.006	0.010878893939067812
4.015	0.010975664330227787
4.023999999999999	0.011074061095965296
4.0329999999999995	0.01117401846631835
4.042	0.012111633678510926
4.051	0.011988502267945967
4.06	0.012736300742395925
4.069	0.012843109291136547
4.077999999999999	0.013384721551747001
4.087	0.013291813783687122
4.096	0.013395766945550946
4.105	0.013501422903360183
4.114	0.013608700073099275
4.122999999999999	0.013717513500253653
4.132	0.013827775284397329
4.141	0.013827881307400397
4.15	0.0139369634835899
4.159	0.014047126538235939
4.167999999999999	0.014158270514266715
4.177	0.013965487476323254
4.186	0.014082494755910169
4.195	0.014200181070143054
4.204	0.014318433421731364
4.212999999999999	0.014437137511069661
4.2219999999999995	0.01423276788774829
4.231	0.014021424904220753
4.24	0.014129905288729108
4.249	0.013353196940836694
4.257999999999999	0.013459931530903949
4.2669999999999995	0.013234373624620453
4.276	0.013335122622926838
4.285	0.01298180552912536
4.294	0.013404855628167296
4.303	0.013495450632686442
4.311999999999999	0.013585388919556659
4.321	0.013674588140092937
4.33	0.01376296763833981
4.339	0.014304202364737152
4.348	0.014387278704345778
4.356999999999999	0.014468826007947829
4.366	0.014548793805914789
4.375	0.01462713546702459
4.384	0.014305036792091485
4.393	0.014374956036944116
4.401999999999999	0.014443151385926918
4.411	0.014509593612476552
4.42	0.014981139595516814
4.429	0.015043960661968265
4.438	0.014676478236148292
4.446999999999999	0.014730692449872854
4.4559999999999995	0.014783037998261844
4.465	0.014833513042893395
4.474	0.015388608380075249
4.483	0.01549399046687448
4.491999999999999	0.015536043479146127
4.5009999999999994	0.015576523757179635
4.51	0.015615443793252077
4.519	0.01619046921610995
4.528	0.01622750166027982
4.537	0.01675952778552871
4.545999999999999	0.01678367177367823
4.555	0.016806980038761146
4.564	0.016829484429854703
4.5729999999999995	0.016851216142268713
4.582	0.016872205590659054
4.590999999999999	0.016892482295439788
4.6	0.016385419184445554
4.609	0.016400193493987626
4.618	0.016897403001959868
4.627	0.01690801933637295
4.635999999999999	0.016313174585064545
4.645	0.016322296106673278
4.654	0.016331134616530314
4.663	0.016786725835339324
4.672	0.017010513394146592
4.680999999999999	0.017022394689600016
4.6899999999999995	0.017033833640578054
4.699	0.017044861451969186
4.708	0.01705550730640015
4.717	0.017065798307956497
4.725999999999999	0.01707575939166074
4.734999999999999	0.01708541326502503
4.744	0.01769107782463822
4.753	0.017699218733573906
4.762	0.01770726146547796
4.771	0.017715219583872257
4.779999999999999	0.01812710865432361
4.789	0.018623730510193105
4.798	0.018628733759426738
4.8069999999999995	0.019312788411422265
4.816	0.01931834113069141
4.824999999999999	0.018632179586840544
4.834	0.018634697115226494
4.843	0.018637774019487182
4.852	0.019307613539796053
4.861	0.01931149854524897
4.869999999999999	0.019316026946858654
4.879	0.019321182537243024
4.888	0.019326944667819652
4.897	0.019333288344202466
4.906	0.019340184361103904
4.914999999999999	0.01934759942358755
4.9239999999999995	0.019355496285637
4.933	0.01936383389892574
4.942	0.01937256756939125
4.951	0.019381649124057
4.959999999999999	0.019391027085982813
4.968999999999999	0.018760048244934574
4.978	0.01877234501812997
4.987	0.018784831434358912
4.9959999999999996	0.018797444215640335
5.005	0.018810117760988395
5.013999999999999	0.018822784357546606
5.023	0.018128930207768235
5.032	0.01759568298948967
5.0409999999999995	0.01692102518772934
5.05	0.016930651340814003
5.058999999999999	0.01694009666567845
5.068	0.01694929121106803
5.077	0.017644967306857523
5.085999999999999	0.01695741800798646
5.095	0.016962971469194038
5.104	0.01754413397411093
5.1129999999999995	0.017547118331768072
5.122	0.017549745829583564
5.130999999999999	0.018051038758143685
5.14	0.018050736246049578
5.149	0.01805016092372118
5.1579999999999995	0.018049241319017164
5.167	0.01804790618282561
5.175999999999999	0.018046084713150907
5.185	0.01779758628973424
5.194	0.017791840494819116
5.202999999999999	0.018185623506270194
5.212	0.018178196745017597
5.221	0.01816998646730057
5.2299999999999995	0.018853702401394595
5.239	0.01821864579340364
5.247999999999999	0.01820316747375838
5.257	0.018187125073764545
5.266	0.018170462684695344
5.2749999999999995	0.018153125587169795
5.284	0.018135060421608815
5.292999999999999	0.01811621534813517
5.302	0.018096540202739382
5.311	0.01807598664521138
5.319999999999999	0.018054508303142567
5.329	0.01853806187528705
5.338	0.01909423667839371
5.3469999999999995	0.018336527281246916
5.356	0.01881622883295211
5.364999999999999	0.018779815646971513
5.374	0.018466150957448243
5.383	0.018424549178293316
5.3919999999999995	0.01838241519515477
5.401	0.018339747694667854
5.409999999999999	0.01829654606466356
5.419	0.018252810410220442
5.428	0.01820854156455048
5.436999999999999	0.018163741099190753
5.446	0.018042823182695858
5.455	0.018642290660359998
5.4639999999999995	0.018589578111054102
5.473	0.018536425513272087
5.481999999999999	0.0179825678174937
5.491	0.01792398481393597
5.5	0.01786501083165463
5.5089999999999995	0.018337871057042352
5.518	0.018276853668586123
5.526999999999999	0.01821527912927183
5.536	0.018153161350619992
5.545	0.01809051519998473
5.553999999999999	0.017572182243270527
5.563	0.017065036700573695
5.572	0.017002250947470262
5.5809999999999995	0.017588412567810144
5.59	0.01752169799188507
5.598999999999999	0.017454433149940687
5.608	0.01738664542327817
5.617	0.017318363091287706
5.6259999999999994	0.017249615288939143
5.635	0.0171804319375006
5.643999999999999	0.017110843687587692
5.653	0.017040881854005804
5.662	0.01749334407595715
5.670999999999999	0.01741928015562267
5.68	0.01734495912140685
5.689	0.017270419692961718
5.6979999999999995	0.017195700720279095
5.707	0.017120841126323536
5.715999999999999	0.01636750826831253
5.725	0.016846973422025506
5.734	0.016771564540319733
5.742999999999999	0.016696517955980657
5.752	0.01662187269562715
5.760999999999999	0.016547666386914787
5.77	0.016473935248640627
5.779	0.01640071405377793
5.787999999999999	0.01632803611159504
5.797	0.016255933246309064
5.806	0.016184435782666474
5.8149999999999995	0.015500786173474673
5.824	0.015434206370641669
5.832999999999999	0.015368472759443124
5.842	0.01530360290221734
5.851	0.015239612656072482
5.859999999999999	0.015176516202719535
5.869	0.015114326081300873
5.877999999999999	0.01505305322390184
5.887	0.014992706993913963
5.896	0.014933295226517892
5.904999999999999	0.014441754917967
5.914	0.014384666284424643
5.923	0.014328401529993361
5.9319999999999995	0.014169429572572848
5.941	0.013818534801407482
5.949999999999999	0.013769697424058154
5.959	0.013721904864025344
5.968	0.013675143346782373
5.976999999999999	0.013629398090721865
5.986	0.013584653386600538
5.994999999999999	0.013540892682889157
6.004	0.01404601658148582
6.013	0.014001315973227233
6.021999999999999	0.013957755967156244
6.031	0.013915315616483277
6.04	0.013873973100429966
6.0489999999999995	0.0138337057990001
6.058	0.013794490390656266
6.066999999999999	0.013756302919976579
6.076	0.013719118896602503
6.085	0.014338073036482574
6.093999999999999	0.01430087328426026
6.103	0.014264839838218761
6.111999999999999	0.01422994365368178
6.1209999999999996	0.014196155049393467
6.13	0.014163443786825174
6.138999999999999	0.014131779156374178
6.148	0.01410113006103186
6.157	0.014561996471083615
6.1659999999999995	0.0140088706484641
6.175	0.01397304437287967
6.183999999999999	0.014455349452949035
6.193	0.014420897490957166
6.202	0.01438780143870129
6.210999999999999	0.0143560337737082
6.22	0.014325565940306022
6.228999999999999	0.014296368447641818
6.2379999999999995	0.014834460635396505
6.247	0.014806079400141878
6.255999999999999	0.01477906358955687
6.265	0.014753376695759128
6.274	0.014314596851618877
6.2829999999999995	0.014287481004220266
6.292	0.01426159280494548
6.300999999999999	0.013664995231505925
6.31	0.013641006737310994
6.319	0.013618174339798304
6.327999999999999	0.01359645980011819
6.337	0.013575824666488476
6.345999999999999	0.013556230355333331
6.3549999999999995	0.013537638231782698
6.364	0.013520009688211408
6.372999999999999	0.013503306222682313
6.382	0.013487489515610202
6.391	0.012932638690823896
6.3999999999999995	0.0134211054252826
6.409	0.013406861406739435
6.417999999999999	0.0133931993472644
6.427	0.013380088406035424
6.436	0.013367498717334834
6.444999999999999	0.013355401419379884
6.454	0.013343768703437233
6.462999999999999	0.013888863720030387
6.4719999999999995	0.013877359317770316
6.481	0.014426916782269813
6.489999999999999	0.014415552965069885
6.499	0.01440502694813144
6.508	0.014395306765083856
6.5169999999999995	0.014767779348774032
6.526	0.014762419450553772
6.534999999999999	0.014757938347503765
6.544	0.014754291302639472
6.553	0.014751434076586516
6.561999999999999	0.014749323010263991
6.571	0.01474791510195938
6.579999999999999	0.014747168081502372
6.5889999999999995	0.014747040484338187
6.598	0.014747491721546664
6.606999999999999	0.014748482146191172
6.616	0.014749973117965763
6.625	0.014751927063420569
6.6339999999999995	0.014580934254791254
6.643	0.014585143026260863
6.651999999999999	0.014589688205095751
6.661	0.014594542685303153
6.67	0.014599680729303385
6.678999999999999	0.014605077994054529
6.688	0.014610711558445937
6.696999999999999	0.014616559929026255
6.7059999999999995	0.01462260305723133
6.715	0.014628822344927147
6.723999999999999	0.014635200649128653
6.733	0.014641722281794778
6.742	0.014648373005864392
6.7509999999999994	0.01465514002738457
6.76	0.01466201198411578
6.768999999999999	0.014668978930049092
6.778	0.015266343920167985
6.787	0.015272445688465223
6.795999999999999	0.015815793981787406
6.805	0.015822179710652397
6.813999999999999	0.015828865835618044
6.8229999999999995	0.015835847179565498
6.832	0.01584311925521245
6.840999999999999	0.01585067825650308
6.85	0.015858521020908383
6.859	0.01586664500278155
6.867999999999999	0.01587504823877464
6.877	0.01588372931500461
6.885999999999999	0.015892687331811227
6.895	0.015901921867617224
6.904	0.015911432941984476
6.912999999999999	0.015921220977674743
6.922	0.01593128676203531
6.930999999999999	0.015941631407844766
6.9399999999999995	0.015952256313617866
6.949	0.015963163123367187
6.957999999999999	0.016459851872900295
6.967	0.01647211814528245
6.976	0.016484782063028905
6.984999999999999	0.017325217140992933
6.994	0.017336160914443
7.002999999999999	0.01734805239873986
7.012	0.017360888317287246
7.021	0.016799064264489284
7.029999999999999	0.016812454856159884
7.039	0.016826744043778676
7.047999999999999	0.016841927028584395
7.0569999999999995	0.01639457968285865
7.066	0.01641162242840028
7.074999999999999	0.0164294624222946
7.084	0.016448091018436882
7.093	0.01646749830413468
7.101999999999999	0.016487673101450318
7.111	0.016508602971576292
7.119999999999999	0.016530274223023573
7.129	0.016552671921026003
7.138	0.016575779901119674
7.146999999999999	0.016599580785048307
7.156	0.01662405599969896
7.164999999999999	0.01612438282984906
7.1739999999999995	0.016147391444796648
7.183	0.01617097168414887
7.191999999999999	0.016195105735735835
7.201	0.01621977481791373
7.21	0.016244959204069
7.218999999999999	0.016270638249619215
7.228	0.016296790421347386
7.236999999999999	0.01632339332912149
7.2459999999999996	0.01635042375981704
7.255	0.015861021660038603
7.263999999999999	0.015884403870255834
7.273	0.015908156431456898
7.281999999999999	0.01593226002647174
7.2909999999999995	0.015688140902285333
7.3	0.015710371512374748
7.308999999999999	0.014974213199238301
7.318	0.014992076463856308
7.327	0.014615319445712302
7.335999999999999	0.013805903716397588
7.345	0.013823299686424298
7.353999999999999	0.013840958417883797
7.3629999999999995	0.013858869747276018
7.372	0.013877023037436407
7.380999999999999	0.013895407191653933
7.39	0.013313646075612355
7.398999999999999	0.01333312014580011
7.4079999999999995	0.013352875129323285
7.417	0.013372896992522322
7.425999999999999	0.013054333454962194
7.435	0.013072562755227378
7.444	0.013091009140718287
7.452999999999999	0.013109657452554657
7.462	0.013128492107579208
7.470999999999999	0.013147497126823737
7.4799999999999995	0.013166656164623638
7.489	0.013185952538340314
7.497999999999999	0.01320536925861534
7.507	0.013224889060045888
7.515999999999999	0.013605314242012627
7.5249999999999995	0.013626082161387247
7.534	0.013646797786665442
7.542999999999999	0.013667446892758143
7.552	0.01368801538095311
7.561	0.013708489298478562
7.569999999999999	0.013728854845977294
7.579	0.013381106155384787
7.587999999999999	0.01340313123407571
7.5969999999999995	0.014004550954677487
7.606	0.01402411787998485
7.614999999999999	0.014107339901477582
7.624	0.01412874857410751
7.632999999999999	0.01415021311681019
7.6419999999999995	0.014171719292380952
7.651	0.01419325244580285
7.659999999999999	0.01464305303906902
7.669	0.014663343364201433
7.678	0.015224542398425038
7.686999999999999	0.015240206496481747
7.696	0.015255924895739717
7.704999999999999	0.015271698999255635
7.7139999999999995	0.015965652271668726
7.723	0.01597995709274472
7.731999999999999	0.01599455075090334
7.741	0.016009430665040764
7.749999999999999	0.01602459286904509
7.7589999999999995	0.01604003199819389
7.768	0.01605574124049443
7.776999999999999	0.015621685019304872
7.786	0.015636047375000645
7.795	0.015650673382187886
7.803999999999999	0.01566555123886692
7.813	0.015680667748682802
7.821999999999999	0.015696008334681887
7.8309999999999995	0.015711557054703354
7.84	0.0157272966212188
7.848999999999999	0.015743208425471902
7.858	0.015288161078451412
7.866999999999999	0.015304841442602897
7.8759999999999994	0.015226669900911954
7.885	0.015242687721538284
7.893999999999999	0.015258724441616483
7.903	0.014871385025120943
7.911999999999999	0.014885810852453208
7.920999999999999	0.014900201031410099
7.93	0.01491453457318137
7.938999999999999	0.01555649544176293
7.9479999999999995	0.015569657163507547
7.957	0.015582852270045506
7.965999999999999	0.015596055327691271
7.975	0.014697566506896933
7.983999999999999	0.0142554526046397
7.992999999999999	0.01426483782251774
8.001999999999999	0.014274223235310132
8.011	0.014283582153841162
8.02	0.01478011323672074
8.029	0.014790117875817233
8.038	0.01538514153891842
8.047	0.015392711303550773
8.056	0.015400494465140838
8.065	0.015898850937137343
8.074	0.015908671188508264
8.082999999999998	0.015918876520559053
8.091999999999999	0.015929418099706
8.100999999999999	0.015940245648175273
8.11	0.01595130757997435
8.119	0.015962551145711372
8.128	0.0159739225597571
8.137	0.015985367157936314
8.145999999999999	0.01599682954011907
8.155	0.01600825371439789
8.164	0.016019583248195947
8.172999999999998	0.016030761408655118
8.181999999999999	0.016041731327106297
8.190999999999999	0.015654998923894565
8.2	0.01529659279944
8.209	0.015302237380058311
8.218	0.015307452223264292
8.227	0.01531218534067957
8.236	0.014817120256649045
8.245	0.014821185387278106
8.254	0.015422770708258107
8.262999999999998	0.015423995890337154
8.271999999999998	0.015424727284117512
8.280999999999999	0.015424915924827568
8.29	0.015424513938546635
8.299	0.015845764321163087
8.308	0.015843203021287146
8.317	0.0154380274907069
8.326	0.01599503090714821
8.334999999999999	0.015990175315589883
8.344	0.01598436812269835
8.353	0.015618850582429279
8.361999999999998	0.015610299790305752
8.370999999999999	0.015600690124649092
8.379999999999999	0.015589992158074942
8.389	0.01523917924709238
8.398	0.015226336242277346
8.407	0.014818476137772676
8.416	0.014804944877527633
8.425	0.01431332410393605
8.434	0.01385777393029589
8.443	0.013841747380736194
8.451999999999998	0.013824667091239962
8.460999999999999	0.013806531000279591
8.469999999999999	0.014267501009776301
8.479	0.014836328350961884
8.488	0.014813605999870517
8.497	0.014790003331018708
8.506	0.014765521874239296
8.515	0.014740165098065649
8.524	0.014713938376241869
8.533	0.014686848949389193
8.542	0.01465890588337336
8.550999999999998	0.014630120019420087
8.559999999999999	0.014600503922926838
8.568999999999999	0.014570071827130176
8.578	0.014538839573655484
8.587	0.014506824549593131
8.596	0.014474045621674899
8.605	0.014440523067133665
8.613999999999999	0.014881648446318467
8.623	0.014847063261586689
8.632	0.014811973805910476
8.640999999999998	0.014776401072332298
8.649999999999999	0.01474036667603929
8.658999999999999	0.014703892819044353
8.668	0.014667002212080183
8.677	0.01571862076238507
8.686	0.01567521648516756
8.695	0.015631657501124514
8.704	0.015143556133463772
8.713	0.015099256573512767
8.722	0.01505492473731281
8.730999999999998	0.015010591680246405
8.739999999999998	0.014966287794168403
8.748999999999999	0.014922042757471658
8.758	0.015580197933741017
8.767	0.015533033224874034
8.776	0.015486256947610995
8.785	0.015439893546543598
8.794	0.015393965953887496
8.802999999999999	0.01534849556638737
8.812	0.015303502192510726
8.821	0.014751735576922949
8.829999999999998	0.014708997075439335
8.838999999999999	0.015213667942795531
8.847999999999999	0.01517279909447926
8.857	0.015132707875750403
8.866	0.015093393807457063
8.875	0.015054854573708571
8.884	0.01560977673125633
8.893	0.01601869555306671
8.902	0.01540392854828914
8.911	0.015362858306742512
8.919999999999998	0.015322495701115645
8.928999999999998	0.015282845658499562
8.937999999999999	0.015243911481953996
8.947	0.015205694899463553
8.956	0.01516819608213274
8.965	0.015131413683328878
8.974	0.015095344870384452
8.983	0.015059985365291982
8.991999999999999	0.015606796225254111
9.001	0.01503630152813952
9.01	0.015004621289882097
9.019	0.014973781369154232
9.027999999999999	0.014943763959567454
9.036999999999999	0.014914549932723562
9.046	0.01547347196006665
9.055	0.01602388381807721
9.064	0.01599505696881177
9.072999999999999	0.015967424000186574
9.081999999999999	0.015443055582158695
9.091	0.015834711158087402
9.1	0.016605003172370625
9.109	0.01657375665701011
9.117999999999999	0.01614627871958991
9.126999999999999	0.016119816318042594
9.136	0.016094730022770103
9.145	0.01607098621470781
9.154	0.0160485490739392
9.163	0.016605619397655362
9.171999999999999	0.01658445315105128
9.181	0.016564655801729274
9.19	0.016546183371775394
9.199	0.0165289898227478
9.208	0.016156040084887052
9.216999999999999	0.016142730782736547
9.225999999999999	0.016130517436326708
9.235	0.016119347482351314
9.244	0.01610916698513155
9.253	0.016099920771710307
9.261999999999999	0.016091552564911564
9.270999999999999	0.016084005119150875
9.28	0.016535116611501057
9.289	0.01594598130817525
9.298	0.015935312537969155
9.306999999999999	0.01592511433233283
9.315999999999999	0.015915343345896865
9.325	0.015905956180145644
9.334	0.015896909527705855
9.343	0.015888160148059084
9.351999999999999	0.01587966512664958
9.360999999999999	0.016409990351671098
9.37	0.016402392835864497
9.379	0.016395041960606847
9.388	0.016387893702057073
9.397	0.016763131989618364
9.405999999999999	0.016754308452586138
9.415	0.017387759665291543
9.424	0.01737903298642603
9.433	0.01737065201516889
9.442	0.017362570298341585
9.450999999999999	0.01791421497752604
9.459999999999999	0.01719986584446586
9.469	0.01719266488402588
9.478	0.017086764307932642
9.487	0.01761035065283674
9.495999999999999	0.01760099305680418
9.504999999999999	0.017118707582679613
9.514	0.01711057742424902
9.523	0.017103131761152916
9.532	0.01774357425981331
9.540999999999999	0.01773628017918954
9.549999999999999	0.01772969750605518
9.559	0.01772377291531769
9.568	0.017170579944659058
9.577	0.017164106192477588
9.585999999999999	0.017158047045218568
9.594999999999999	0.017152354685771358
9.604	0.017146981583313965
9.613	0.017777913980824473
9.622	0.01777196681636318
9.631	0.01838792376777252
9.639999999999999	0.018382133521370872
9.649	0.018376756480150608
9.658	0.018371744176423094
9.667	0.018367048382945502
9.676	0.018362621217190036
9.684999999999999	0.01835841523956963
9.693999999999999	0.018354383549895187
9.703	0.01790916536559859
9.712	0.01790288002548385
9.721	0.01789663831842551
9.729999999999999	0.017890397736062328
9.738999999999999	0.017884116768826563
9.748	0.01805663499346148
9.757	0.018049930250623684
9.766	0.018043257367402758
9.774999999999999	0.018036575019900906
9.783999999999999	0.01802984287656856
9.793	0.018023021676451798
9.802	0.01801607328609259
9.811	0.018008960778739192
9.819999999999999	0.018001648487471357
9.828999999999999	0.017994102071006983
9.838	0.018566320424666116
9.847	0.018552457790952135
9.856	0.017942606059485677
9.865	0.017927174854540255
9.873999999999999	0.01791144639772131
9.883	0.01746253368257428
9.892	0.01744704612958536
9.901	0.017431255500114234
9.91	0.017415160171520304
9.918999999999999	0.017398759455888972
9.927999999999999	0.017382053605334742
9.937	0.017365043729073992
9.946	0.017347731794885305
9.955	0.0173301205852977
9.963999999999999	0.017312213661894456
9.972999999999999	0.01729401532711091
9.982	0.0169645330215695
9.991	0.017689104015683504
10.0	0.01766630161414659
10.09	0.01614196384999911
10.18	0.015630092562079513
10.27	0.015063152885584078
10.36	0.014349695810693319
10.45	0.014850101407879394
10.54	0.015192532109837143
10.63	0.013974859010837337
10.72	0.013256622568783653
10.81	0.012738502676979452
10.9	0.013281390085570602
10.99	0.014028275045804334
11.08	0.015002343890733736
11.17	0.015507945695375346
11.26	0.01687693258179721
11.35	0.016550387858164876
11.44	0.017213872591990916
11.53	0.01736662671926014
11.62	0.01741724101126949
11.71	0.016264011476174154
11.8	0.015408041387625623
11.89	0.016263698284426652
11.98	0.017207733866106283
12.07	0.01714181341246075
12.16	0.016440119256270612
12.25	0.01624879150797997
12.34	0.016932015201077243
12.43	0.016328789923120663
12.52	0.016217682978561132
12.61	0.016666070295724842
12.7	0.016481352100816946
12.79	0.016737059477499504
12.879999999999999	0.017459509523859544
12.969999999999999	0.01782928023071269
13.06	0.01648944238086815
13.15	0.0176593695559086
13.24	0.01748324586159817
13.33	0.018960045082954454
13.42	0.019433675543831908
13.51	0.018793181725725583
13.6	0.01929215226002344
13.69	0.020204693042292284
13.78	0.019660843270904612
13.87	0.019260238523969967
13.96	0.018255058214966566
14.05	0.017648166466202726
14.14	0.01728787377439168
14.23	0.018148289028103677
14.32	0.016712782120160165
14.41	0.01637047281306354
14.5	0.015911633989333693
14.59	0.017164757765137047
14.68	0.01703067475890525
14.77	0.016407391645054916
14.86	0.016494851810808498
14.95	0.01637327048503639
15.04	0.016099913011438947
15.129999999999999	0.016791035563066808
15.219999999999999	0.01710285232975126
15.309999999999999	0.0176418089020378
15.399999999999999	0.01871116371926623
15.49	0.017027951127505065
15.58	0.018564418176976166
15.67	0.017595468940791024
15.76	0.017518884642742004
15.85	0.018838044000852837
15.94	0.018691840234570396
16.03	0.018139617900411874
16.12	0.018024960988426986
16.21	0.017787565459254043
16.3	0.016968689217328786
16.39	0.017290450121276592
16.48	0.016971171900176205
16.57	0.016511532139648094
16.66	0.01600188586026508
16.75	0.015562075733592954
16.84	0.015529423965434665
16.93	0.015865637858530082
17.02	0.01812325800607452
17.11	0.01726490471559313
17.2	0.01687849564902929
17.29	0.015445092005832241
17.38	0.015390053460652519
17.47	0.016042403271882152
17.56	0.015531817957088537
17.65	0.014847407621596496
17.74	0.015408259952897662
17.83	0.014982390348932683
17.92	0.014326870219981566
18.009999999999998	0.013907102726078136
18.1	0.013805928028226739
18.189999999999998	0.013715987591033511
18.28	0.014372212554289533
18.369999999999997	0.014913923976295264
18.46	0.014650970018178394
18.549999999999997	0.016609187996592098
18.64	0.01581624632927408
18.73	0.015901083818367044
18.82	0.016141695070156552
18.91	0.01627766925971635
19.0	0.014477420487163866
19.09	0.014568971183366298
19.18	0.014174778734431731
19.27	0.014572191657250043
19.36	0.01519546988906893
19.45	0.01564212455491764
19.54	0.016328241164654048
19.63	0.016913496534157163
19.72	0.01805071635456702
19.810000000000002	0.01870862243980279
19.9	0.019478042375522333
19.990000000000002	0.0196788782710039
20.08	0.02236372558973917
20.17	0.02180600754371659
20.259999999999998	0.022318798892322102
20.35	0.022047822901041757
20.439999999999998	0.02172136532736037
20.53	0.020508849738990323
20.619999999999997	0.020733005565719383
20.71	0.022247238793357212
20.799999999999997	0.020635656918704524
20.89	0.019719185994119558
20.98	0.018957562471233685
21.07	0.01826946841884206
21.16	0.0187286445660522
21.25	0.017791085017527332
21.34	0.01666780414825526
21.43	0.0160958972975037
21.52	0.015146027784375802
21.61	0.015042418648088363
21.7	0.014752848631184437
21.79	0.015218044702179658
21.88	0.015393184791215401
21.97	0.015162246363037018
22.06	0.015250843841659555
22.15	0.015532911943525183
22.240000000000002	0.016837872504569813
22.33	0.015845504417118905
22.42	0.016733081864609277
22.509999999999998	0.016740448719419144
22.6	0.016412822242613576
22.689999999999998	0.016966037149668625
22.78	0.01780094427849264
22.869999999999997	0.01794269164217581
22.96	0.01837322561845713
23.049999999999997	0.017496285078629475
23.14	0.015998160178082803
23.229999999999997	0.015116448205822466
23.32	0.01540289165163711
23.41	0.014950890200522175
23.5	0.016107641852658883
23.59	0.017340333672810973
23.68	0.017347781075921873
23.77	0.017376818042201283
23.86	0.017058494923368365
23.95	0.01671401843688466
24.04	0.017148162566319052
24.13	0.01843227233224693
24.22	0.017533292211083285
24.31	0.01849417660954449
24.4	0.019464221802435677
24.490000000000002	0.019382839747989846
24.58	0.018771688490530933
24.67	0.021545135514214015
24.759999999999998	0.02016736163428022
24.85	0.02005509200168734
24.939999999999998	0.020856677074673723
25.03	0.01967222557484265
25.119999999999997	0.019427944632665006
25.21	0.019928010018977104
25.299999999999997	0.019373535888570843
25.39	0.019814847223927762
25.479999999999997	0.019174505660164088
25.57	0.018392510506602018
25.66	0.018105643727556416
25.75	0.01648378507832264
25.84	0.015437944620423274
25.93	0.01521692988117894
26.02	0.015144823693010446
26.11	0.014563349634759179
26.2	0.01432074931904224
26.29	0.014136150477991135
26.38	0.014622950875778253
26.47	0.014957172715997582
26.56	0.013837652232345949
26.65	0.013045865805795968
26.74	0.01236181878143468
26.83	0.011189340464712056
26.919999999999998	0.011092453344263275
27.009999999999998	0.01189747313377424
27.099999999999998	0.012570137146221905
27.189999999999998	0.013939533095712822
27.28	0.013969183418753871
27.37	0.015019594690080575
27.46	0.015140894360972558
27.55	0.015225749001746726
27.64	0.015854701188996387
27.73	0.016280531792684415
27.82	0.016865838856270462
27.91	0.016527584155770294
28.0	0.017773861145406942
28.09	0.017689454292654845
28.18	0.0169844757718341
28.27	0.01699087587713628
28.36	0.017939181153858508
28.45	0.01758392586854159
28.54	0.017853082958802433
28.63	0.01899866890338767
28.72	0.019968114966609045
28.81	0.01988660359841264
28.9	0.01884269533350443
28.99	0.018150925224253302
29.08	0.01673595131819475
29.169999999999998	0.015662495043227875
29.259999999999998	0.01573856628017923
29.349999999999998	0.01605893686906228
29.439999999999998	0.01758067268781199
29.529999999999998	0.017203166711256355
29.62	0.01703075395188677
29.71	0.016574732069213272
29.8	0.016319858877664486
29.89	0.016912191119696104
29.98	0.016499680797235395
30.07	0.016350832057459602
30.16	0.016369989369422133
30.25	0.015525258562483895
30.34	0.015860478553105836
30.43	0.015453400776503097
30.52	0.015051321885729246
30.61	0.016380802429449403
30.7	0.015654092659829488
30.79	0.015723294943623803
30.88	0.014690050208906773
30.97	0.013403892151634532
31.06	0.014180017596219383
31.15	0.014092238517148192
31.24	0.013412302806917707
31.33	0.013547529759736854
31.419999999999998	0.013530731424766728
31.509999999999998	0.014240280065646477
31.599999999999998	0.01366367237545703
31.689999999999998	0.014368015354654418
31.779999999999998	0.01532034479798818
31.869999999999997	0.01548065634303806
31.96	0.014513291794152691
32.05	0.015525923533951911
32.14	0.016166615612735136
32.230000000000004	0.015536797752366882
32.32	0.014889428230304005
32.41	0.01523190443555912
32.5	0.01573621628388185
32.59	0.015204280775303806
32.68	0.013561420922756652
32.769999999999996	0.013993170273894793
32.86	0.013915835183653559
32.95	0.014331361807208794
33.04	0.01386082002340748
33.129999999999995	0.01340803123008992
33.22	0.013480713192920149
33.31	0.013619331761218384
33.4	0.014092872538282368
33.489999999999995	0.014506291126400022
33.58	0.013271916390702585
33.67	0.012032300352020618
33.76	0.011733042622437193
33.849999999999994	0.011875106956794982
33.94	0.013343202670277011
34.03	0.013792306288740586
34.12	0.01389697003999566
34.21	0.014652917860086049
34.3	0.0151866970920786
34.39	0.015421945623610015
34.480000000000004	0.01710399488986175
34.57	0.017229074177664207
34.66	0.01742636725809939
34.75	0.01661386253891665
34.84	0.015719302140631105
34.93	0.015741471000633066
35.019999999999996	0.01724926824105623
35.11	0.01818693667606287
35.2	0.017283377190527496
35.29	0.016943899869688236
35.379999999999995	0.016798828223787417
35.47	0.01625004507325804
35.56	0.015096445461367469
35.65	0.015094569968095824
35.739999999999995	0.014455641489017288
35.83	0.01376195496938957
35.92	0.013542831083384487
36.01	0.014063951191751321
36.099999999999994	0.014956483229984193
36.19	0.015366216699911051
36.28	0.014857364998231617
36.37	0.01483800777294304
36.459999999999994	0.015336426835741865
36.55	0.014391199317017607
36.64	0.0141836746288605
36.730000000000004	0.015500652544830934
36.82	0.016011091881542237
36.91	0.01706919676288465
37.0	0.01771246435220995
37.09	0.01859563031290493
37.18	0.01892091035849094
37.269999999999996	0.01771456682196245
37.36	0.01715721001021173
37.45	0.018031038619318374
37.54	0.018602270418574516
37.629999999999995	0.017191159229660653
37.72	0.016243611300162927
37.81	0.015664499836762512
37.9	0.013839588508793023
37.989999999999995	0.01431515693365081
38.08	0.014127754857997353
38.17	0.01299582662619695
38.26	0.013052999200814687
38.349999999999994	0.013583459309570485
38.44	0.013315414761705962
38.53	0.013579163318266781
38.62	0.014233549357129028
38.709999999999994	0.014665572744870636
38.8	0.015432770832204484
38.89	0.014980078594332319
38.980000000000004	0.014709682235515963
39.07	0.015972457918623947
39.16	0.01680008902360522
39.25	0.016077924010434286
39.34	0.016265916798619686
39.43	0.015336230825141727
39.519999999999996	0.01289834921866005
39.61	0.013482932282140595
39.7	0.01489493151038039
39.79	0.015234868042804477
39.879999999999995	0.015610570994805244
39.97	0.015189310755458114
40.06	0.01518237175145937
40.15	0.015682809306168183
40.239999999999995	0.015674894004464344
40.33	0.01617165283588333
40.42	0.015822665521674384
40.51	0.016172374228714783
40.599999999999994	0.01592808640947106
40.69	0.015699816436486772
40.78	0.015630047821875246
40.87	0.014414847048086992
40.959999999999994	0.014724808381118962
41.05	0.01406350038910177
41.14	0.014952959416820068
41.230000000000004	0.01572871180423727
41.32	0.015738368101599773
41.41	0.015811016465747955
41.5	0.016231669191618007
41.59	0.018528135442438615
41.68	0.020407392536318066
41.769999999999996	0.020394031608465576
41.86	0.020010107480223114
41.95	0.020094881506699896
42.04	0.0213444824435283
42.129999999999995	0.022072167650352064
42.22	0.021049004720894944
42.31	0.02202759048604497
42.4	0.023183725011542325
42.49	0.02193245232736274
42.58	0.021414716524873666
42.67	0.020810381092103505
42.76	0.021024444002109406
42.85	0.01989681690973248
42.94	0.02014052053100392
43.03	0.020062301589348044
43.12	0.019414825976060063
43.21	0.019066644545702886
43.3	0.018402581760899206
43.39	0.018871677174377252
43.48	0.019150089642039604
43.57	0.019708874402220425
43.66	0.020896152842730706
43.75	0.019637982574585676
43.839999999999996	0.020303783047061007
43.93	0.02074542174523244
44.019999999999996	0.02015110434804692
44.11	0.02003278354997006
44.199999999999996	0.017991984049646352
44.29	0.01692396131039357
44.379999999999995	0.016891978452399387
44.47	0.015026408417972835
44.56	0.015367476635850601
44.65	0.01526045388788587
44.74	0.015666404737423752
44.83	0.016355923541789115
44.92	0.015449190114236776
45.01	0.01600148895704078
45.1	0.01660572590498111
45.19	0.016830258571236118
45.28	0.015924437940291032
45.37	0.016113015108820638
45.46	0.015855741428756395
45.55	0.01577955170089831
45.64	0.014940400313263394
45.73	0.01479405331601472
45.82	0.01524431221832379
45.91	0.014343525746777474
46.0	0.014572162410514572
46.089999999999996	0.01507944209570019
46.18	0.015115914176618287
46.269999999999996	0.016444323752362086
46.36	0.017070156671741516
46.449999999999996	0.017003062026737348
46.54	0.01869752839091514
46.629999999999995	0.017214771282667667
46.72	0.016254904149649557
46.809999999999995	0.016085359964646512
46.9	0.015955276305940364
46.99	0.015725211802885688
47.08	0.016162936070812386
47.17	0.015777790054374206
47.26	0.017276540252510388
47.35	0.017029831618483517
47.44	0.01623893431694708
47.53	0.016530020749830905
47.62	0.016211897869255577
47.71	0.016702699828956804
47.8	0.01618662997941669
47.89	0.017169539932150348
47.98	0.01701486419872671
48.07	0.018141024504429414
48.16	0.017251645534183062
48.25	0.01751373746328287
48.339999999999996	0.017623873374726887
48.43	0.017911325381478653
48.519999999999996	0.018305917204309793
48.61	0.01793612668801666
48.699999999999996	0.017228735416120175
48.79	0.01831979908333477
48.879999999999995	0.016976466457043725
48.97	0.017046335152235862
49.059999999999995	0.01761194091726012
49.15	0.017384473151027452
49.24	0.016754803598298642
49.33	0.018322651867017578
49.42	0.01775427785923998
49.51	0.01721771632634229
49.6	0.0180094660294183
49.69	0.019525966057473493
49.78	0.018413584577642216
49.87	0.018403801552098593
49.96	0.018951082386462204
50.05	0.018762720838854864
50.14	0.018083273545632803
50.23	0.0176391675160393
50.32	0.017259233243119506
50.41	0.016887438893841426
50.5	0.01531622473154109
50.589999999999996	0.015429074427891135
50.68	0.015750548431216732
50.769999999999996	0.01664677177515133
50.86	0.01641729183864462
50.949999999999996	0.01675313871754965
51.04	0.017948094703324657
51.129999999999995	0.017587114122560185
51.22	0.018112103188436184
51.309999999999995	0.018093741280509997
51.4	0.019331089589507668
51.49	0.018628203518830985
51.58	0.01856673842051002
51.67	0.019227244484143258
51.76	0.019183884567613527
51.85	0.019334055160664908
51.94	0.01870678705167233
52.03	0.017920046470543592
52.12	0.016805379573992887
52.21	0.01684376236782677
52.3	0.015692986433836154
52.39	0.01609296103249017
52.48	0.01599394018745326
52.57	0.016467203447834377
52.66	0.0169265868843031
52.75	0.018358004748658688
52.839999999999996	0.017864477421268905
52.93	0.018205914901738313
53.019999999999996	0.017682490526109373
53.11	0.01663542735268058
53.199999999999996	0.01588099108018389
53.29	0.015491700389345641
53.379999999999995	0.013524331917843337
53.47	0.0134963512860223
53.559999999999995	0.014059659424805233
53.65	0.013370836022715426
53.739999999999995	0.013724411908399323
53.83	0.01454829913032557
53.92	0.01520754203326434
54.01	0.014936225346587966
54.1	0.015660201628670857
54.19	0.015844333571457866
54.28	0.01597011506518625
54.37	0.015128132534970957
54.46	0.015202800135115312
54.55	0.014553640855002787
54.64	0.015054034236944864
54.73	0.015606991093597478
54.82	0.016032469688246734
54.91	0.017066761949725614
55.0	0.017591494999025143
55.089999999999996	0.01815255151530518
55.18	0.017155427910250206
55.269999999999996	0.017987170931399794
55.36	0.01761698050067202
55.449999999999996	0.018036305967990406
55.54	0.017083031601787403
55.629999999999995	0.017311537294428848
55.72	0.015378872663431423
55.809999999999995	0.016269014763077468
55.9	0.015553342412764699
55.989999999999995	0.015623226995641419
56.08	0.015134149128899241
56.17	0.014643445523481355
56.26	0.014850003460331098
56.35	0.015275359231427603
56.44	0.015247921464651492
56.53	0.014318259737223771
56.62	0.0137585136479029
56.71	0.013675309353502077
56.8	0.01333045881173308
56.89	0.012345426265252039
56.98	0.013220175128933923
57.07	0.014002193354698475
57.16	0.01377743457406551
57.25	0.013573841203215972
57.339999999999996	0.015166452233843029
57.43	0.014794583026313542
57.519999999999996	0.015421660690443014
57.61	0.01571062863603566
57.699999999999996	0.015331290014035335
57.79	0.015741900719806565
57.879999999999995	0.0130786230875587
57.97	0.013851092377196264
58.059999999999995	0.015121282329061451
58.15	0.01563603829374285
58.239999999999995	0.018044018942124113
58.33	0.017599338947498013
58.42	0.018468369758358655
58.51	0.017917635221007523
58.6	0.017951750975735765
58.69	0.017423176953955805
58.78	0.01712200082758676
58.87	0.017541818302381006
58.96	0.01881875501489529
59.05	0.018926759845566726
59.14	0.01906524456788145
59.23	0.019149944070886465
59.32	0.02005733745736301
59.41	0.018091580015411887
59.5	0.017673775337185768
59.589999999999996	0.016778418046821376
59.68	0.01686898061876438
59.769999999999996	0.016634418117106895
59.86	0.015441351402462857
59.949999999999996	0.015571083145584457
60.04	0.016258278052616242
60.129999999999995	0.015816370768654407
60.22	0.015458485531861053
60.309999999999995	0.01529059606060456
60.4	0.015149878743654465
60.489999999999995	0.015801997791193442
60.58	0.015942320825665518
60.669999999999995	0.016642440523935372
60.76	0.016186062664011014
60.85	0.015782221978394156
60.94	0.015776072936613397
61.03	0.0151769412265368
61.12	0.014712243304680026
61.21	0.013527519095953733
61.3	0.014376818569726953
61.39	0.015813061219401733
61.48	0.01586820957968765
61.57	0.015876176432575276
61.66	0.016515447824803672
61.75	0.01714202319391528
61.839999999999996	0.017308053567538107
61.93	0.019420290345919685
62.019999999999996	0.02010761162790633
62.11	0.019451875534392718
62.199999999999996	0.01929142477703322
62.29	0.018640783921372913
62.379999999999995	0.016494653280456607
62.47	0.016778939710597147
62.559999999999995	0.016831216884191848
62.65	0.016473921321245574
62.739999999999995	0.0163160755945228
62.83	0.01765748576321929
62.919999999999995	0.01756751253655644
63.01	0.017879321750507254
63.1	0.017699918021923288
63.19	0.017494131503748695
63.28	0.017739549691036603
63.37	0.01597181642585242
63.46	0.01594905026935123
63.55	0.01642513906701892
63.64	0.015576808833414451
63.73	0.016103291346467468
63.82	0.01650790683556447
63.91	0.015772818311587736
64.0	0.016679899380035345
64.09	0.018515774900795524
64.18	0.01909025633148204
64.27	0.019804276504521663
64.36	0.01863306523761505
64.44999999999999	0.019976804213772858
64.53999999999999	0.020496418701076526
64.63	0.020319302746216624
64.72	0.02023482683153274
64.81	0.01924603785237857
64.9	0.018448472610065613
64.99	0.018457959713112034
65.08	0.018012227301551255
65.16999999999999	0.017151738525889075
65.25999999999999	0.017769097464678207
65.35	0.017489897921774848
65.44	0.017180964865177107
65.53	0.016542406794027395
65.62	0.016311622166250244
65.71000000000001	0.015542293389234518
65.8	0.01617151513396158
65.89	0.01618174751517515
65.97999999999999	0.0170428665428504
66.07	0.017050453575674848
66.16	0.01669434620535656
66.25	0.017902513764798986
66.34	0.017706776290446945
66.43	0.017119139126506252
66.52	0.0172346518966746
66.61	0.018485282289095607
66.69999999999999	0.019122851840010714
66.78999999999999	0.019191148437256556
66.88	0.019225256996678475
66.97	0.018549749159684433
67.06	0.019312108605348648
67.15	0.018750288577904985
67.24	0.01862813627228365
67.33	0.01892548652390394
67.41999999999999	0.019490412239563496
67.50999999999999	0.019917345856973228
67.6	0.01981706378988134
67.69	0.01960810259690511
67.78	0.019438858209473338
67.87	0.021043157953344317
67.96000000000001	0.020238169193751803
68.05	0.020124463281033945
68.14	0.019288168161091992
68.22999999999999	0.01953061961321894
68.32	0.018845670728069766
68.41	0.01771969470038947
68.5	0.018018000667785885
68.59	0.017716362337173195
68.68	0.017374768294507483
68.77	0.017821072994034442
68.86	0.01837079851871991
68.94999999999999	0.02013121880849408
69.03999999999999	0.020274894400037633
69.13	0.01992459107589483
69.22	0.020195820342321206
69.31	0.019885995520921147
69.4	0.020360255987448152
69.49	0.020103520137786813
69.58	0.02048814691903414
69.66999999999999	0.020666751031268332
69.75999999999999	0.020531712428567876
69.85	0.019481984318446076
69.94	0.01877331960378503
70.03	0.019186010567455804
70.12	0.018993096478503054
70.21000000000001	0.019657790320182625
70.3	0.01944583538739801
70.39	0.01854972982839368
70.47999999999999	0.018755841304220748
70.57	0.018053475913831968
70.66	0.01781693941748302
70.75	0.018117540612560695
70.84	0.017837560635293587
70.93	0.016837252896208424
71.02	0.01728266739394375
71.11	0.015983044990891173
71.19999999999999	0.015343819271986381
71.28999999999999	0.016500744187795912
71.38	0.01582096417466333
71.47	0.015040895022077852
71.56	0.01411756211057656
71.65	0.013980704319872422
71.74	0.01353498205497803
71.83	0.014592881211083908
71.91999999999999	0.01422229742576279
72.00999999999999	0.013949428321704881
72.1	0.01321370025585894
72.19	0.014273409220879147
72.28	0.014508502752135242
72.37	0.01317066498920933
72.46000000000001	0.014348508433311662
72.55	0.014408548899396726
72.64	0.014694563468753107
72.72999999999999	0.015094414297416687
72.82	0.01568777271468557
72.91	0.017513557824440005
73.0	0.01810529971536212
73.09	0.01970189923121282
73.18	0.019728225265434947
73.27	0.020599384882530963
73.36	0.02095409155211406
73.44999999999999	0.02045854310298546
73.53999999999999	0.021404680713322684
73.63	0.021132221014843616
73.72	0.019762225277213236
73.81	0.018421104613226307
73.9	0.018043647622212236
73.99	0.017237613058559424
74.08	0.016457281457227756
74.17	0.01619869306478497
74.25999999999999	0.016342888676449344
74.35	0.016213066653544037
74.44	0.015736547667472796
74.53	0.01572696560312775
74.62	0.015460704872143717
74.71	0.01608228913352285
74.8	0.014441097011041137
74.89	0.014038239987472991
74.98	0.014796686421311978
75.07	0.014665459579877374
75.16	0.0150861584513164
75.25	0.014823661987936618
75.34	0.014910081576404851
75.42999999999999	0.014978788032567962
75.52	0.015085179302106738
75.61	0.014631722095314229
75.7	0.013766252844543901
75.78999999999999	0.013372128441330117
75.88	0.013509717695463283
75.97	0.013589930909135016
76.06	0.013989464628428577
76.14999999999999	0.015082164618939667
76.24	0.015962068039242574
76.33	0.01563659329718917
76.42	0.015407638586109024
76.50999999999999	0.015823835070654862
76.6	0.01715807383293324
76.69	0.018132792397778354
76.78	0.018079007251128595
76.87	0.017439093828091817
76.96	0.016293698893134045
77.05	0.01667204260785275
77.14	0.015995855764353313
77.23	0.014361153852983165
77.32	0.015035492201588797
77.41	0.01580641327633821
77.5	0.01765829020843942
77.59	0.01927464627741906
77.67999999999999	0.017458773204504858
77.77	0.016754122084327083
77.86	0.01629684878755378
77.95	0.01672311100457273
78.03999999999999	0.01774531363761395
78.13	0.01779992342905175
78.22	0.018097752067533626
78.31	0.01991100850494861
78.39999999999999	0.021142374449257876
78.49	0.020903400708907685
78.58	0.01923139064337653
78.67	0.020011433808466872
78.75999999999999	0.019253669369377883
78.85	0.019695285691821357
78.94	0.020696572015154308
79.03	0.020354741989247326
79.12	0.020431944785297477
79.21	0.019512370773080812
79.3	0.018678505251376556
79.39	0.01880395039876789
79.48	0.01861043689258319
79.57	0.017557404758786047
79.66	0.016323641008856447
79.75	0.01589579021574667
79.84	0.015301203404303241
79.92999999999999	0.015176455862615875
80.02	0.014314963160344025
80.11	0.013973485855681332
80.2	0.013568081219682674
80.28999999999999	0.015023857935532415
80.38	0.013875041328425602
80.47	0.013453496508131397
80.56	0.013003313082124072
80.64999999999999	0.012742939141901336
80.74	0.014037673324529792
80.83	0.013769317951277223
80.92	0.013922030228517977
81.00999999999999	0.014980306113994535
81.1	0.01712050018668355
81.19	0.017045512660800417
81.28	0.016607935604341775
81.36999999999999	0.016577006936951938
81.46	0.01639748727234275
81.55	0.01638371860822862
81.64	0.01686926816225175
81.73	0.014975549441968323
81.82	0.015739235751798506
81.91	0.01557241815878244
82.0	0.015606433502856683
82.09	0.016416400407032797
82.17999999999999	0.016259037965310117
82.27	0.015675148899377937
82.36	0.013690527243359469
82.45	0.014071818086552012
82.53999999999999	0.014420858707136682
82.63	0.015227678995214652
82.72	0.015460285358419097
82.81	0.015288883035423721
82.89999999999999	0.014847767284338289
82.99	0.014381938183493795
83.08	0.01491316008184034
83.17	0.015014445339820595
83.25999999999999	0.015095233719092724
83.35	0.015380696892985697
83.44	0.016885252246313296
83.53	0.017687706596221195
83.61999999999999	0.017207664394895048
83.71	0.018066928401685743
83.8	0.01814444001605059
83.89	0.018332233565103117
83.98	0.017204792096363407
84.07	0.018014322367985683
84.16	0.01904701489600416
84.25	0.018524163569003008
84.34	0.017347309436605222
84.42999999999999	0.015759043945394225
84.52	0.01618065387772103
84.61	0.015170016260885997
84.7	0.014832598826637115
84.78999999999999	0.014521356298902319
84.88	0.015124473440993826
84.97	0.01606215948490541
85.06	0.01615229926056487
85.14999999999999	0.016503913877686346
85.24	0.016694837620749622
85.33	0.016811895102136286
85.42	0.01648361608054641
85.50999999999999	0.016091366775941814
85.6	0.017722602714344858
85.69	0.01604967869515556
85.78	0.015813881078077494
85.86999999999999	0.016263161443456926
85.96	0.016362407575625133
86.05	0.01563157626359754
86.14	0.01665691959560453
86.23	0.015284043753523631
86.32	0.015694125904503503
86.41	0.016225525295968747
86.5	0.01612563723963829
86.59	0.015628128347987963
86.67999999999999	0.014919465997816279
86.77	0.01479433565173475
86.86	0.015085285816933743
86.95	0.014565057855090215
87.03999999999999	0.014110262066304582
87.13	0.014132754207384357
87.22	0.015023072901490653
87.31	0.015119434817606824
87.39999999999999	0.014043193105207142
87.49	0.014414352490091549
87.58	0.015085960505437465
87.67	0.01613759972204854
87.75999999999999	0.016335510135313005
87.85	0.015854854549647353
87.94	0.014734229060782528
88.03	0.016118847529727556
88.11999999999999	0.016584235027827597
88.21	0.017992313998449125
88.3	0.01782912193334166
88.39	0.018165941653330953
88.48	0.018788331137868385
88.57	0.01840243224949461
88.66	0.01936057702032203
88.75	0.019765345607279876
88.84	0.018314909193185472
88.92999999999999	0.017979292253978787
89.02	0.016780496212286698
89.11	0.016428132113471623
89.2	0.016081762555587683
89.28999999999999	0.01551281946211391
89.38	0.015177118294385328
89.47	0.01610279311720927
89.56	0.01646118884881451
89.64999999999999	0.01549209415688757
89.74	0.015753608157688316
89.83	0.014851210266336934
89.92	0.014865682763469605
90.00999999999999	0.014910013783759222
90.1	0.013608309173467205
90.19	0.015331891939723829
90.28	0.015081086812713909
90.36999999999999	0.016264240365325176
90.46	0.015994101437615843
90.55	0.014942960677482211
90.64	0.015055515255841362
90.73	0.014750103378349656
90.82	0.015172997392291063
90.91	0.01572215438974212
91.0	0.016036790434083924
91.09	0.016104679275287817
91.17999999999999	0.01596103027913032
91.27	0.015086635804570203
91.36	0.01569305045651592
91.45	0.01582998499801512
91.53999999999999	0.01612336865143872
91.63	0.015619213775925947
91.72	0.01542385177015232
91.81	0.0152313866733003
91.89999999999999	0.016422745467961623
91.99	0.017230732891152952
92.08	0.01621739989283533
92.17	0.015751540015488626
92.25999999999999	0.016020728759271734
92.35	0.015771679975583867
92.44	0.016007618383630472
92.53	0.01639950009836805
92.61999999999999	0.016758816805907392
92.71	0.016600591757268426
92.8	0.017475835328024623
92.89	0.018306880460990507
92.98	0.01701915474446265
93.07	0.017977632059772077
93.16	0.018819849580657834
93.25	0.01956868697077138
93.34	0.019345551913860795
93.42999999999999	0.01861732881754709
93.52	0.017881844982946073
93.61	0.016675141345587518
93.7	0.017369475326266533
93.78999999999999	0.017680647692953744
93.88	0.0186828191089069
93.97	0.01961464569931451
94.06	0.017734334639709616
94.14999999999999	0.017181807774946895
94.24	0.017294177279407644
94.33	0.017622854637406007
94.42	0.017631883372949846
94.50999999999999	0.01752284614560878
94.6	0.016228836113555155
94.69	0.016334971693613448
94.78	0.01608765101871226
94.86999999999999	0.015863061010427008
94.96	0.016665245202971905
95.05	0.016008432698405302
95.14	0.015449666635275389
95.22999999999999	0.015001535713040966
95.32	0.015455248553538794
95.41	0.016046227982672207
95.5	0.017128334490067
95.59	0.017065664901806808
95.67999999999999	0.016603365912378303
95.77	0.017777366858906976
95.86	0.017682452385008672
95.95	0.01687224748583737
96.03999999999999	0.017250145263845888
96.13	0.016681830861507204
96.22	0.016924463361567492
96.31	0.016637291303125648
96.39999999999999	0.016457136529649447
96.49	0.015160530755648981
96.58	0.015507676491790925
96.67	0.017198744940833413
96.75999999999999	0.017278042586096
96.85	0.01767254992820765
96.94	0.01714459940084788
97.03	0.018294960472101048
97.11999999999999	0.01717858249369701
97.21	0.018039380922954477
97.3	0.017984772305058315
97.39	0.017273017617173703
97.47999999999999	0.018200777048499983
97.57	0.017746430059004697
97.66	0.018338441215675554
97.75	0.018205002574300848
97.84	0.01806028115417225
97.92999999999999	0.018421761383335216
98.02	0.017915640338138465
98.11	0.01734400197321239
98.2	0.017911826126228443
98.28999999999999	0.018375278354961902
98.38	0.018387860292374332
98.47	0.01851645407418137
98.56	0.018012006216796893
98.64999999999999	0.016883760888576016
98.74	0.01702479031331396
98.83	0.01763515328724027
98.92	0.017533652142220673
99.00999999999999	0.017997374011391027
99.1	0.018352077232937806
99.19	0.01829308645646585
99.28	0.018649255363119847
99.36999999999999	0.01811853433534932
99.46	0.017547749336574676
99.55	0.01750146833166281
99.64	0.017440389793888008
99.72999999999999	0.017776848733240744
99.82	0.016708061620673637
99.91	0.01713012749599749
100.0	0.0174798370369253
100.90090090090091	0.01951616838886479
101.8018018018018	0.016417539252345056
102.70270270270271	0.01629143840485094
103.6036036036036	0.01682496546758963
104.50450450450451	0.013399255648219388
105.4054054054054	0.014468943884345045
106.30630630630631	0.02293903720195998
107.2072072072072	0.016209910751770324
108.10810810810811	0.014845930262895567
109.009009009009	0.016712403606018375
109.90990990990991	0.020986511869020386
110.8108108108108	0.014690820605722982
111.71171171171171	0.011043183203617517
112.61261261261261	0.018392410985711753
113.51351351351352	0.018100671870002215
114.41441441441441	0.016660215569336428
115.31531531531532	0.02071902664048961
116.21621621621622	0.016490452484421655
117.11711711711712	0.014447625387654853
118.01801801801801	0.017046602372544795
118.91891891891892	0.014363254506120924
119.81981981981983	0.018146037707206752
120.72072072072072	0.01953828237352138
121.62162162162161	0.017359929385764823
122.52252252252252	0.01671495247412917
123.42342342342343	0.01728041756495666
124.32432432432432	0.017767204026851755
125.22522522522523	0.019824160231648708
126.12612612612612	0.01914984935632327
127.02702702702703	0.014534909553230032
127.92792792792793	0.014965677279028818
128.82882882882882	0.02059278186412201
129.72972972972974	0.0179692527578019
130.63063063063063	0.016237020716123866
131.53153153153153	0.01614846172694573
132.43243243243245	0.014276137968536612
133.33333333333334	0.018097007471879454
134.23423423423424	0.01916681111164599
135.13513513513513	0.015451249916916248
136.03603603603602	0.015408046521684805
136.93693693693695	0.016893939645945055
137.83783783783784	0.013277246082061038
138.73873873873873	0.016128327548711758
139.63963963963965	0.015300471537360713
140.54054054054055	0.015767528207021174
141.44144144144144	0.018007498047192212
142.34234234234233	0.019549972057828005
143.24324324324323	0.017425051782656457
144.14414414414415	0.01758672545850801
145.04504504504504	0.019175157063218283
145.94594594594594	0.017054895966102674
146.84684684684686	0.017164579504524626
147.74774774774775	0.015034512219746025
148.64864864864865	0.015185030678397562
149.54954954954957	0.014318854078433816
150.45045045045046	0.01744050170140053
151.35135135135135	0.01779966190590538
152.25225225225225	0.014738350610135833
153.15315315315314	0.01546300644378317
154.05405405405406	0.016368918979903842
154.95495495495496	0.017786339531103756
155.85585585585585	0.01797857032517724
156.75675675675677	0.018703745089889322
157.65765765765767	0.013404805275746166
158.55855855855856	0.01462091086465162
159.45945945945945	0.011701314856501712
160.36036036036035	0.017890708090434037
161.26126126126127	0.017566563533922063
162.16216216216216	0.013352090400925895
163.06306306306305	0.016302881132532105
163.96396396396398	0.01356918810981845
164.86486486486487	0.015183547945756725
165.76576576576576	0.013988095244583132
166.66666666666669	0.01872854607081667
167.56756756756755	0.018452886291472067
168.46846846846847	0.019873749276134167
169.36936936936937	0.01723203988643098
170.27027027027026	0.01973127587231844
171.17117117117118	0.019983261549433338
172.07207207207207	0.01943034482833895
172.97297297297297	0.01858283361444302
173.8738738738739	0.017894454398468825
174.77477477477476	0.016536207807424763
175.67567567567568	0.015443949386523317
176.57657657657657	0.016081643341008308
177.47747747747746	0.017178763158728412
178.3783783783784	0.016328668213486934
179.27927927927928	0.01784214864419318
180.18018018018017	0.014713561999605615
181.0810810810811	0.01762360190897085
181.981981981982	0.014970200841401217
182.88288288288288	0.016217091489432026
183.7837837837838	0.017847128957452902
184.68468468468467	0.016647878826171508
185.5855855855856	0.014576399498586402
186.48648648648648	0.014261876877454416
187.38738738738738	0.016835574881602113
188.2882882882883	0.01454611284338852
189.1891891891892	0.014737705926627312
190.0900900900901	0.01726627572312311
190.990990990991	0.016755499255581903
191.89189189189187	0.015598116782963696
192.7927927927928	0.018277139536181465
193.6936936936937	0.01739397337736101
194.59459459459458	0.01693749130465252
195.4954954954955	0.016899940661757918
196.3963963963964	0.017090459517220782
197.2972972972973	0.017249818543689885
198.1981981981982	0.01677466927689004
199.0990990990991	0.016863394427943833
200.0	0.014337044653078347
200.90090090090092	0.016411052403845897
201.8018018018018	0.018845877675261635
202.7027027027027	0.018552275500311615
203.6036036036036	0.015814895367796202
204.5045045045045	0.014145605911452216
205.40540540540542	0.01587281602942211
206.3063063063063	0.0151487137939645
207.2072072072072	0.015312201737624346
208.10810810810813	0.01483064391034272
209.009009009009	0.014277446805383393
209.9099099099099	0.014615144542585034
210.8108108108108	0.017238334369365567
211.7117117117117	0.015445124760937323
212.61261261261262	0.014231806783249893
213.51351351351352	0.016016553697216152
214.4144144144144	0.015875939542502333
215.31531531531533	0.015701761226280683
216.21621621621622	0.016992483876269025
217.11711711711712	0.014973275892681862
218.01801801801804	0.01932495676996963
218.9189189189189	0.016554204780816147
219.81981981981983	0.016276538948643626
220.72072072072072	0.01856531392839367
221.6216216216216	0.01522929772567473
222.52252252252254	0.016553870913502727
223.42342342342343	0.013659938172713534
224.32432432432432	0.015550695839804613
225.22522522522524	0.015857741920053042
226.1261261261261	0.018447726728671496
227.02702702702703	0.011072843937076306
227.92792792792793	0.018888932016601415
228.82882882882882	0.016529429918583426
229.72972972972974	0.01326152444704133
230.63063063063063	0.014514755592820762
231.53153153153153	0.019035330789007366
232.43243243243242	0.014010487258932875
233.33333333333334	0.01897185473032906
234.23423423423424	0.019750486945522425
235.13513513513513	0.015733870680850835
236.03603603603605	0.016222294276025236
236.93693693693695	0.01941922581908867
237.83783783783784	0.017115701068142333
238.73873873873873	0.015586541039770141
239.63963963963965	0.01944081709045756
240.54054054054055	0.016321665537291186
241.44144144144144	0.021123895499912195
242.34234234234233	0.017410155054590808
243.24324324324326	0.01625429035363095
244.14414414414415	0.019062521910945117
245.04504504504504	0.019108954768133474
245.94594594594594	0.020102853759069166
246.84684684684686	0.02063054035398762
247.74774774774775	0.014251017706670727
248.64864864864865	0.01377248069357022
249.54954954954954	0.017603781962877936
250.45045045045046	0.020987507434469154
251.35135135135135	0.019946812026756064
252.25225225225225	0.015825769599890707
253.15315315315314	0.01657235528650345
254.05405405405406	0.0179325216860569
254.95495495495496	0.019187590326657875
255.85585585585585	0.018534429741307902
256.7567567567568	0.020758142431556346
257.65765765765764	0.01276087539311885
258.55855855855856	0.01260736315030981
259.4594594594595	0.017806031821574163
260.36036036036035	0.014695068964378513
261.26126126126127	0.01630563035626124
262.1621621621622	0.01660907253172405
263.06306306306305	0.016614694379304126
263.963963963964	0.01590324935327077
264.8648648648649	0.021926734387077262
265.76576576576576	0.016482726586492556
266.66666666666663	0.017001095428580613
267.5675675675676	0.016491966546657966
268.4684684684685	0.015900363115285296
269.36936936936934	0.01601050644600785
270.27027027027026	0.01819460311080248
271.1711711711712	0.02126563344170253
272.07207207207205	0.020638819548355024
272.97297297297297	0.019209578099658953
273.8738738738739	0.016787620235660442
274.77477477477476	0.01349814806672106
275.6756756756757	0.01616960972490299
276.5765765765766	0.01653096749489847
277.47747747747746	0.018274947730035088
278.3783783783784	0.017671646862441326
279.2792792792793	0.017764742206501052
280.1801801801802	0.012736597302357731
281.0810810810811	0.015396425224170042
281.981981981982	0.01342736624089658
282.8828828828829	0.015381488550665944
283.78378378378375	0.01697988494828772
284.6846846846847	0.01593484669329562
285.5855855855856	0.014339776898701964
286.48648648648646	0.01993052741883666
287.3873873873874	0.015822912594960582
288.2882882882883	0.016485699753821772
289.18918918918916	0.015633410991780335
290.0900900900901	0.02022486235166165
290.990990990991	0.01830822117148748
291.8918918918919	0.017295218693510844
292.7927927927928	0.013602270713198755
293.6936936936937	0.02066143127304374
294.5945945945946	0.016278465568366682
295.4954954954955	0.014669005290373724
296.3963963963964	0.015692757405229674
297.2972972972973	0.013371469939397265
298.1981981981982	0.016768069494596
299.09909909909913	0.019557204815838704
300.0	0.018468724961410766
300.90090090090087	0.016625012038414037
301.80180180180184	0.01787193972855821
302.7027027027027	0.015283102294337337
303.6036036036036	0.01704071467047882
304.5045045045045	0.01643700234866309
305.4054054054054	0.014819911854650033
306.3063063063063	0.011702048291613334
307.2072072072072	0.013586161854709755
308.1081081081081	0.015316610652678288
309.009009009009	0.01938684947721114
309.9099099099099	0.019039797664624544
310.81081081081084	0.017205769631862388
311.7117117117117	0.017492289657421493
312.6126126126126	0.014475375266208235
313.51351351351354	0.016877068840116062
314.4144144144144	0.020240090876406533
315.31531531531533	0.014595731438049028
316.21621621621625	0.01704620940918987
317.1171171171171	0.018667921894312885
318.018018018018	0.015923751217127906
318.91891891891896	0.016921330210055707
319.8198198198198	0.014397387159171864
320.7207207207207	0.010575093389528218
321.6216216216216	0.01574969528643421
322.52252252252254	0.019791794065316087
323.4234234234234	0.018906600277880565
324.3243243243243	0.016257599644308868
325.22522522522524	0.014692092572149595
326.1261261261261	0.01854445594685128
327.02702702702703	0.017912818909698227
327.92792792792795	0.012275275352057828
328.8288288288288	0.016197583257371927
329.72972972972974	0.014552719161561199
330.63063063063066	0.017408009138350396
331.5315315315315	0.014651330108095455
332.43243243243245	0.01893121407050801
333.33333333333337	0.017610958987587553
334.23423423423424	0.014092675906077932
335.1351351351351	0.013678833047379215
336.0360360360361	0.01578665593786952
336.93693693693695	0.019748026020553203
337.8378378378378	0.02192010086910022
338.73873873873873	0.018948318178516055
339.63963963963965	0.016863235884914764
340.5405405405405	0.016525668274547316
341.44144144144144	0.017585665761983654
342.34234234234236	0.01777590073838304
343.2432432432432	0.014191686134411798
344.14414414414415	0.013884085630269497
345.0450450450451	0.013816984602506275
345.94594594594594	0.018687640859756067
346.84684684684686	0.017847490958869523
347.7477477477478	0.01504163761452604
348.64864864864865	0.015764458984033874
349.5495495495495	0.017280870505168543
350.4504504504505	0.01604755654095017
351.35135135135135	0.016161587676428644
352.2522522522522	0.016189758745795632
353.1531531531532	0.01864112490913225
354.05405405405406	0.015554089311498908
354.9549549549549	0.011967739402549797
355.85585585585585	0.013328337439447665
356.7567567567568	0.015817367140896148
357.65765765765764	0.01676109809057468
358.55855855855856	0.014753997955018139
359.4594594594595	0.016268227573541353
360.36036036036035	0.015524199450024131
361.26126126126127	0.013538783567525582
362.1621621621622	0.017316667124207666
363.06306306306305	0.01529789884812385
363.963963963964	0.01555923639811203
364.86486486486484	0.02032121149958728
365.76576576576576	0.015202373135262902
366.6666666666667	0.01677265920269783
367.56756756756755	0.01517263070438351
368.4684684684685	0.01916718423035038
369.3693693693694	0.017885195517640222
370.27027027027026	0.017310242310859706
371.1711711711712	0.01756705911261214
372.0720720720721	0.01414477259667411
372.97297297297297	0.014611667535922614
373.8738738738739	0.01680638407259484
374.77477477477476	0.018663837175948633
375.6756756756757	0.018017778165364585
376.5765765765766	0.016421452461102173
377.47747747747746	0.015631466488398842
378.3783783783784	0.017639700597258796
379.2792792792793	0.016044143600125554
380.1801801801802	0.019044760493165124
381.0810810810811	0.018944379624482376
381.98198198198196	0.015000633941985413
382.8828828828829	0.016149618585256056
383.7837837837838	0.021887114864815396
384.68468468468467	0.024198312708862895
385.5855855855856	0.015924782941621998
386.4864864864865	0.01663067900867125
387.3873873873874	0.016319621229104738
388.2882882882883	0.015318822237856366
389.1891891891892	0.020720807494523923
390.0900900900901	0.018722757758465314
390.990990990991	0.014428679673299546
391.8918918918919	0.017420073775992986
392.7927927927928	0.01498775763966967
393.6936936936937	0.015147173939255047
394.5945945945946	0.014648159738199553
395.4954954954955	0.015846335770478337
396.3963963963964	0.01986749360307589
397.2972972972973	0.015469629860293394
398.1981981981982	0.01597536521937228
399.0990990990991	0.013759873607412104
400.0	0.016599582190281636
400.9009009009009	0.01753873164755211
401.8018018018018	0.016286023636989687
402.7027027027027	0.01746479612488066
403.60360360360363	0.013471010220098263
404.5045045045045	0.014519037495618456
405.4054054054054	0.013724790436812132
406.3063063063063	0.01647443838131832
407.2072072072072	0.016730341358253242
408.1081081081081	0.014350500936478485
409.009009009009	0.017583025847238403
409.9099099099099	0.016396854265533427
410.81081081081084	0.017447671776197705
411.7117117117117	0.014786837948062417
412.6126126126126	0.015708429508727334
413.51351351351354	0.0169337671051936
414.4144144144144	0.015489947634075725
415.31531531531533	0.015285052650896589
416.2162162162162	0.016467159739386426
417.1171171171171	0.017376643385537047
418.01801801801804	0.015160761467638202
418.9189189189189	0.01654974847171882
419.8198198198198	0.017275755577285633
420.72072072072075	0.01936941237745305
421.6216216216216	0.016608269050317592
422.52252252252254	0.016820091258491446
423.4234234234234	0.015691719688437068
424.3243243243243	0.015349180843277308
425.22522522522524	0.0156640265249721
426.1261261261261	0.015517971365112675
427.02702702702703	0.017344091424032985
427.92792792792795	0.01536693604333086
428.8288288288288	0.01612821060862885
429.72972972972974	0.016986770743344322
430.63063063063066	0.011766282133038024
431.5315315315315	0.013249397931671575
432.43243243243245	0.01586760423572617
433.3333333333333	0.013584820962987966
434.23423423423424	0.01662519256649761
435.13513513513516	0.0156929879890485
436.036036036036	0.01442494625027453
436.93693693693695	0.015491378274864846
437.83783783783787	0.015979997587099518
438.73873873873873	0.015119252731181131
439.63963963963965	0.017253700006926005
440.5405405405405	0.017571202049828965
441.44144144144144	0.014188832094280705
442.34234234234236	0.02037295166995645
443.2432432432432	0.014729984928053066
444.14414414414415	0.014775904406944701
445.0450450450451	0.015275690433899263
445.94594594594594	0.013553016845593794
446.84684684684686	0.015481476618143527
447.7477477477478	0.015683899348487802
448.64864864864865	0.01751255308994876
449.54954954954957	0.01673692369546567
450.45045045045043	0.01638373177407256
451.35135135135135	0.016958503491684488
452.2522522522523	0.014950162327906958
453.15315315315314	0.01720202236129203
454.05405405405406	0.011289877688547145
454.954954954955	0.0222458006389463
455.85585585585585	0.0167351676028728
456.7567567567568	0.017354796572267947
457.65765765765764	0.016763397451122465
458.55855855855856	0.015979556641939976
459.4594594594595	0.019750320348593697
460.36036036036035	0.01545259668766432
461.26126126126127	0.015981264328952517
462.1621621621622	0.017541304176376435
463.06306306306305	0.01739754911255063
463.963963963964	0.017909293454312886
464.86486486486484	0.014374239737617442
465.76576576576576	0.01714262639177741
466.6666666666667	0.01495231392724998
467.56756756756755	0.017560671628734977
468.4684684684685	0.016342951666397248
469.3693693693694	0.012762267653923057
470.27027027027026	0.013497356718937313
471.1711711711712	0.016502897430579064
472.0720720720721	0.01706662310519391
472.97297297297297	0.019287175715773517
473.8738738738739	0.01714500968132279
474.77477477477476	0.016654639384029425
475.6756756756757	0.016315397494439502
476.5765765765766	0.01385245691025988
477.47747747747746	0.015117474849373851
478.3783783783784	0.016523513706591064
479.2792792792793	0.017164753977954205
480.1801801801802	0.015782112813622396
481.0810810810811	0.015092886418884377
481.98198198198196	0.017589396323716977
482.8828828828829	0.014679803403478185
483.7837837837838	0.012554547732046933
484.68468468468467	0.01865992809616144
485.5855855855856	0.016183682034817765
486.4864864864865	0.016010346963611886
487.3873873873874	0.015702753689646538
488.2882882882883	0.014699495869494544
489.1891891891892	0.015262424016451306
490.0900900900901	0.017363621631324575
490.990990990991	0.015050198743005944
491.8918918918919	0.01740874945861626
492.7927927927928	0.016535679899246054
493.6936936936937	0.016092520213686883
494.5945945945946	0.016377547679903504
495.4954954954955	0.01654164586235317
496.3963963963964	0.01640950249233717
497.2972972972973	0.016080047497765416
498.1981981981982	0.014604390623778175
499.0990990990991	0.01913325761923231
500.0	0.01403640105155775
500.9009009009009	0.012652289613166195
501.8018018018018	0.019764409921065002
502.7027027027027	0.016091757428370247
503.60360360360363	0.01702989174416471
504.5045045045045	0.01630222886888278
505.4054054054054	0.0212715058346228
506.30630630630634	0.014942167224663912
507.2072072072072	0.013324934260822718
508.1081081081081	0.01593714404051969
509.009009009009	0.018672038343533814
509.9099099099099	0.017742204948701067
510.81081081081084	0.01698555375333069
511.7117117117117	0.01845469160965058
512.6126126126126	0.016909969234204843
513.5135135135135	0.019133096930604727
514.4144144144144	0.016944985693322055
515.3153153153153	0.013921972020283434
516.2162162162163	0.01777143878568535
517.1171171171171	0.01984064616105998
518.018018018018	0.01522710026731493
518.918918918919	0.016331519850865322
519.8198198198198	0.016344755195390446
520.7207207207207	0.018486311892334982
521.6216216216217	0.015467678747343134
522.5225225225225	0.019996875733941582
523.4234234234234	0.015768991791623218
524.3243243243244	0.01797881558092534
525.2252252252252	0.020165196066793525
526.1261261261261	0.016918506353663102
527.0270270270271	0.01844626472971436
527.927927927928	0.01852213230181359
528.8288288288288	0.02088089300266245
529.7297297297298	0.014918400927128624
530.6306306306307	0.013972671470436937
531.5315315315315	0.01474629787910018
532.4324324324325	0.018717091221552032
533.3333333333333	0.016380622097270488
534.2342342342342	0.014850028244062629
535.1351351351352	0.0216235147854001
536.036036036036	0.018893184703124503
536.936936936937	0.02177037340148792
537.8378378378379	0.015222728074706333
538.7387387387387	0.015420815169339745
539.6396396396397	0.014531532852210201
540.5405405405405	0.013579198222789884
541.4414414414414	0.015902454646813575
542.3423423423424	0.012745166642113486
543.2432432432432	0.01381927882478116
544.1441441441441	0.019475179032280354
545.0450450450451	0.01685750283516177
545.9459459459459	0.01771785811271271
546.8468468468468	0.016514271030622696
547.7477477477478	0.01659623390123784
548.6486486486486	0.016220861149005512
549.5495495495495	0.012065240561936695
550.4504504504505	0.014761669299326294
551.3513513513514	0.016002605980271516
552.2522522522522	0.01455971662268192
553.1531531531532	0.015934324840365676
554.0540540540541	0.01367203767723649
554.9549549549549	0.018992733093627062
555.8558558558559	0.015986703994627722
556.7567567567568	0.017332789330827877
557.6576576576576	0.014617597816558086
558.5585585585586	0.015537949139959801
559.4594594594595	0.01629270704202264
560.3603603603603	0.017743864641921372
561.2612612612613	0.01540045524117888
562.1621621621622	0.014968385348081011
563.063063063063	0.017389749551347294
563.963963963964	0.01764276782435718
564.8648648648649	0.01654331351227592
565.7657657657658	0.018646533376865847
566.6666666666667	0.017534637966524404
567.5675675675675	0.020431108773097235
568.4684684684685	0.014663462927184661
569.3693693693695	0.01940169010921937
570.2702702702702	0.017295121138996346
571.1711711711712	0.016597280943390944
572.0720720720722	0.019446213638675564
572.9729729729729	0.015176391672400997
573.8738738738739	0.014531590256760226
574.7747747747748	0.01840627075980617
575.6756756756756	0.019196434037263125
576.5765765765766	0.016322512140750648
577.4774774774775	0.012702542110454853
578.3783783783783	0.01431241463146226
579.2792792792793	0.015603573014909555
580.1801801801802	0.01466516215564914
581.081081081081	0.0188926056324114
581.981981981982	0.01847963987243897
582.8828828828829	0.01849139765444861
583.7837837837837	0.017060472991441412
584.6846846846847	0.017281081914077324
585.5855855855856	0.015929457234781872
586.4864864864865	0.015573089977915204
587.3873873873874	0.015758285057751502
588.2882882882883	0.015033584280121744
589.1891891891892	0.014447599897946447
590.0900900900901	0.015474188010573329
590.990990990991	0.014125733258050312
591.8918918918919	0.013642374640453148
592.7927927927929	0.01637473811850185
593.6936936936937	0.016505399967407228
594.5945945945946	0.014211967922668042
595.4954954954956	0.01493575497850765
596.3963963963964	0.015229721408464807
597.2972972972973	0.015289235259407652
598.1981981981983	0.019653497020846598
599.099099099099	0.0179646949808682
600.0	0.01610592687208861
600.900900900901	0.016037545915923507
601.8018018018017	0.017137470465217117
602.7027027027027	0.018415511388995286
603.6036036036037	0.017592981936833358
604.5045045045044	0.016197464288861874
605.4054054054054	0.018291791817720997
606.3063063063064	0.01752904977526615
607.2072072072071	0.018077050346777854
608.1081081081081	0.018503054753208015
609.009009009009	0.014400222809338779
609.9099099099099	0.021457588583334467
610.8108108108108	0.01701970269363223
611.7117117117117	0.016145407380832453
612.6126126126126	0.015893088659576265
613.5135135135135	0.013942869900666694
614.4144144144144	0.015932071668969313
615.3153153153153	0.02011656182813797
616.2162162162163	0.014783770275898509
617.1171171171171	0.017213381166590748
618.018018018018	0.015202989706771473
618.918918918919	0.0170923195223685
619.8198198198198	0.01773804371865468
620.7207207207207	0.01369486869853542
621.6216216216217	0.01617025285900726
622.5225225225225	0.018468996664825026
623.4234234234234	0.0188999916358336
624.3243243243244	0.015597857535188208
625.2252252252252	0.01724950037790395
626.1261261261261	0.01667883111165843
627.0270270270271	0.01596107838628303
627.927927927928	0.018320892128970256
628.8288288288288	0.014505626023197535
629.7297297297297	0.016885151476372623
630.6306306306307	0.016897858681494883
631.5315315315315	0.016377069936816382
632.4324324324324	0.020571925288790132
633.3333333333334	0.01610094825165903
634.2342342342342	0.018982141009489
635.1351351351351	0.01742647197739639
636.0360360360361	0.018161897740828003
636.936936936937	0.015311274964924178
637.8378378378378	0.017001532454603296
638.7387387387388	0.015189301048702844
639.6396396396397	0.015295902371551755
640.5405405405405	0.01758850655497313
641.4414414414415	0.017351330962766563
642.3423423423424	0.017023874208436745
643.2432432432432	0.01312184081241916
644.1441441441442	0.012217577140112248
645.0450450450451	0.01584752882569822
645.9459459459459	0.014886786167263593
646.8468468468468	0.017930248330172607
647.7477477477478	0.020791119760849377
648.6486486486486	0.01767074936441584
649.5495495495495	0.018069783647772536
650.4504504504505	0.01859503043825341
651.3513513513514	0.019035131764337323
652.2522522522522	0.013833761426199066
653.1531531531532	0.017117071001038157
654.0540540540541	0.017930053036391017
654.9549549549549	0.014931533382528022
655.8558558558559	0.01720525356410439
656.7567567567568	0.014931651753773988
657.6576576576576	0.0185483219669569
658.5585585585586	0.01667935951229933
659.4594594594595	0.016550378940618195
660.3603603603603	0.017272742429937548
661.2612612612613	0.017572824603272696
662.1621621621622	0.015238768064935241
663.063063063063	0.01791943229275853
663.9639639639639	0.015616032867872477
664.8648648648649	0.014492859066283404
665.7657657657658	0.013420122663930854
666.6666666666666	0.018598132600426802
667.5675675675676	0.016614951290015417
668.4684684684685	0.015117058761312098
669.3693693693693	0.012213342242031074
670.2702702702703	0.01393470124719429
671.1711711711712	0.013515021088616061
672.072072072072	0.014057726747944645
672.972972972973	0.01921815631708698
673.8738738738739	0.019026959513853057
674.7747747747748	0.017198325861120013
675.6756756756757	0.01487047806616559
676.5765765765766	0.016589999930193493
677.4774774774775	0.0163672235051291
678.3783783783784	0.020761034434937386
679.2792792792793	0.021640414005127166
680.1801801801802	0.017721667279554543
681.081081081081	0.014229470991020655
681.981981981982	0.015056292153412731
682.8828828828829	0.018453802495610124
683.7837837837837	0.014928240747198104
684.6846846846847	0.019225482365831572
685.5855855855856	0.01888492081684001
686.4864864864865	0.015455368816339094
687.3873873873874	0.01565627681754568
688.2882882882883	0.01714766528119903
689.1891891891892	0.01946817443034311
690.0900900900901	0.017051092310089604
690.990990990991	0.019347925307867907
691.8918918918919	0.01941477325829984
692.7927927927929	0.015242260655480344
693.6936936936937	0.01158095003027056
694.5945945945946	0.01409715654272049
695.4954954954954	0.017657269215483926
696.3963963963964	0.01790758206319791
697.2972972972973	0.01767831971230172
698.1981981981982	0.01610075725204818
699.0990990990991	0.013266696208893288
700.0	0.015974812670473907
700.9009009009009	0.01751138324472146
701.8018018018018	0.016037851495733824
702.7027027027027	0.019241578213782095
703.6036036036036	0.015861286150625188
704.5045045045046	0.015338896820980136
705.4054054054054	0.015250577420022633
706.3063063063063	0.0157710540725465
707.2072072072073	0.015493171779833807
708.1081081081081	0.014950949426281827
709.009009009009	0.015128581735635702
709.90990990991	0.012800864257966347
710.8108108108108	0.01372777926533703
711.7117117117117	0.015578210378191027
712.6126126126126	0.017157903893461494
713.5135135135135	0.014983840686723815
714.4144144144144	0.013855637300547397
715.3153153153153	0.016282308860230278
716.2162162162163	0.013823996503267608
717.1171171171171	0.015572911818640614
718.018018018018	0.01549020139703817
718.918918918919	0.01599151709225319
719.8198198198198	0.01712578143663599
720.7207207207207	0.014791026553546884
721.6216216216217	0.015407287540344466
722.5225225225225	0.01771607823721047
723.4234234234234	0.01609417027512926
724.3243243243244	0.01657438024896847
725.2252252252252	0.012395062247207612
726.1261261261261	0.014313084758894855
727.0270270270271	0.017718349498094255
727.927927927928	0.01693727767169768
728.8288288288288	0.015373571529799818
729.7297297297297	0.013300573166776868
730.6306306306307	0.013603318371365034
731.5315315315315	0.01781288992066536
732.4324324324324	0.017760559997784267
733.3333333333334	0.017194270571720127
734.2342342342342	0.01600823296783309
735.1351351351351	0.015434776795398954
736.0360360360361	0.01854014407084815
736.936936936937	0.01722886920872338
737.8378378378378	0.01691964622733437
738.7387387387388	0.01353157471896618
739.6396396396397	0.01646479914400423
740.5405405405405	0.01722264097642358
741.4414414414415	0.01843933840210993
742.3423423423424	0.017949477903034416
743.2432432432432	0.01986765178801069
744.1441441441442	0.015915083480168155
745.0450450450451	0.015162627574208805
745.9459459459459	0.01805774923801897
746.8468468468468	0.014771253705030216
747.7477477477478	0.014906618080221225
748.6486486486486	0.01557443695716519
749.5495495495495	0.015573374037572816
750.4504504504505	0.01661549724790837
751.3513513513514	0.01703623766552269
752.2522522522522	0.017132776711491087
753.1531531531532	0.01777216420756002
754.0540540540541	0.019250995993611575
754.9549549549549	0.017524266528734237
755.8558558558559	0.0115149823805086
756.7567567567568	0.014780830692970991
757.6576576576576	0.01970648050938548
758.5585585585586	0.016479459213855796
759.4594594594595	0.01952138163568876
760.3603603603603	0.02019665877189579
761.2612612612613	0.01843323010389707
762.1621621621622	0.014825893268168707
763.063063063063	0.017005505634814993
763.9639639639639	0.01793661856310045
764.8648648648649	0.01580301069195172
765.7657657657658	0.01803307157742081
766.6666666666666	0.01844784624880234
767.5675675675676	0.01867178034063721
768.4684684684685	0.01584461888206011
769.3693693693693	0.016064871817251664
770.2702702702703	0.016485072671635743
771.1711711711712	0.01704992562435141
772.072072072072	0.015885077302749562
772.972972972973	0.018649138586717004
773.8738738738739	0.015542276829780247
774.7747747747748	0.015335645840952806
775.6756756756757	0.016322839707386357
776.5765765765766	0.018135364631214932
777.4774774774775	0.019265929920816483
778.3783783783784	0.01618583702552544
779.2792792792793	0.018910941761159705
780.1801801801802	0.01756937471130213
781.081081081081	0.017509515500887318
781.981981981982	0.019134798821716665
782.8828828828829	0.019087423343353158
783.7837837837837	0.01678168802624644
784.6846846846847	0.014477511783962308
785.5855855855856	0.016721935820685575
786.4864864864865	0.015176704094613058
787.3873873873874	0.01829927874258657
788.2882882882883	0.019064730320465406
789.1891891891892	0.01829887418764072
790.0900900900901	0.01692906004668454
790.990990990991	0.015295420597599044
791.8918918918919	0.021756404965470058
792.7927927927929	0.015168515627093001
793.6936936936937	0.015074190917918985
794.5945945945946	0.01504757182677036
795.4954954954956	0.017465851934973867
796.3963963963964	0.018445838808862698
797.2972972972973	0.015214582220801224
798.1981981981982	0.015521676394695446
799.0990990990991	0.016113019237490117
800.0	0.01693653902524775
800.9009009009009	0.01762298912842337
801.8018018018018	0.014672102779661021
802.7027027027027	0.019194104729854923
803.6036036036036	0.01839945552992386
804.5045045045046	0.017845719681095287
805.4054054054054	0.01992789559236944
806.3063063063063	0.012396279471237193
807.2072072072073	0.015158197987769672
808.1081081081081	0.014345571288788213
809.009009009009	0.015594561480472726
809.90990990991	0.017913149093338843
810.8108108108108	0.01934711383223522
811.7117117117117	0.015183049338787712
812.6126126126127	0.014470456651652665
813.5135135135135	0.01327144221893695
814.4144144144144	0.013507314531688417
815.3153153153153	0.01467151158863969
816.2162162162163	0.015815352244007302
817.1171171171171	0.015124584856597702
818.018018018018	0.01563905147077427
818.918918918919	0.013123966349114148
819.8198198198198	0.013389871171288864
820.7207207207207	0.0144603810812983
821.6216216216217	0.017756954483897806
822.5225225225225	0.015908484825126166
823.4234234234234	0.016538636383116513
824.3243243243244	0.020509637780277857
825.2252252252252	0.017367521569266412
826.1261261261261	0.01931769367299111
827.0270270270271	0.016529782885763122
827.927927927928	0.014140645371039689
828.8288288288288	0.014566824466867533
829.7297297297297	0.015739292931971526
830.6306306306307	0.0194751265482278
831.5315315315315	0.016920521886771414
832.4324324324324	0.01658185444058716
833.3333333333334	0.013565959902578575
834.2342342342342	0.015722580756670525
835.1351351351351	0.013680518334394421
836.0360360360361	0.020912866477909575
836.936936936937	0.015048687847060486
837.8378378378378	0.017135425920861723
838.7387387387388	0.01578729516055708
839.6396396396397	0.018081896666254222
840.5405405405405	0.017446832580476888
841.4414414414415	0.013999494785235711
842.3423423423424	0.011840155962012308
843.2432432432432	0.01927805415916905
844.1441441441442	0.016963530672656206
845.0450450450451	0.016008966125292224
845.9459459459459	0.016780905160329842
846.8468468468468	0.017667393466209783
847.7477477477478	0.016750600204057546
848.6486486486486	0.015690020799796704
849.5495495495495	0.017409504388101526
850.4504504504505	0.01695182732220847
851.3513513513514	0.013714723236205165
852.2522522522522	0.01905239323185257
853.1531531531532	0.020011764710886285
854.0540540540541	0.01851072343590372
854.9549549549549	0.017980200682299288
855.8558558558559	0.01691701750363636
856.7567567567568	0.01401789179325753
857.6576576576576	0.01549625322380542
858.5585585585586	0.016848404693329273
859.4594594594595	0.015600256917254404
860.3603603603603	0.018806182068269638
861.2612612612613	0.016464247712399332
862.1621621621622	0.011209953826788454
863.063063063063	0.01749347791675864
863.9639639639639	0.014828244473054477
864.8648648648649	0.016109137831797436
865.7657657657658	0.018488734386772503
866.6666666666666	0.02043208000570527
867.5675675675676	0.014383866850139083
868.4684684684685	0.01572371561510609
869.3693693693693	0.017701039969415612
870.2702702702703	0.021152981408608936
871.1711711711712	0.015771494658519583
872.072072072072	0.014264177276571966
872.972972972973	0.013262910687789634
873.8738738738739	0.015969597645765006
874.7747747747748	0.018465721182138493
875.6756756756757	0.018431992501855607
876.5765765765766	0.01994002416442241
877.4774774774775	0.015132852049485604
878.3783783783784	0.017753697638285305
879.2792792792793	0.01739743611921028
880.1801801801802	0.016778786427643376
881.081081081081	0.01738764201818416
881.981981981982	0.016335416415528197
882.8828828828829	0.020603668628731066
883.7837837837837	0.014775845435323398
884.6846846846847	0.013123469796323261
885.5855855855856	0.015635388737166432
886.4864864864865	0.019597610183786505
887.3873873873874	0.015195205300784529
888.2882882882883	0.014536035680910312
889.1891891891892	0.016777287407445007
890.0900900900901	0.015578088606163765
890.990990990991	0.018800456757377654
891.8918918918919	0.019815046639552716
892.7927927927929	0.01699526987240778
893.6936936936937	0.013758010333662887
894.5945945945946	0.01854154734452375
895.4954954954956	0.015101398655070578
896.3963963963964	0.015293195309246391
897.2972972972973	0.01597212245271015
898.1981981981982	0.014329836202907157
899.0990990990991	0.020359343085357147
900.0	0.021446006005954914
900.9009009009009	0.014854337326850584
901.8018018018018	0.017717004029256814
902.7027027027027	0.01518836541662599
903.6036036036036	0.015620283182379206
904.5045045045046	0.019590046292380998
905.4054054054054	0.015516767295634545
906.3063063063063	0.015734202074046258
907.2072072072073	0.016690751606237307
908.1081081081081	0.01581493305139852
909.009009009009	0.013851821760901594
909.90990990991	0.014789911262780666
910.8108108108108	0.016209353234741406
911.7117117117117	0.017765209812071935
912.6126126126127	0.015822013721141944
913.5135135135135	0.014060707135120667
914.4144144144144	0.015926461685525167
915.3153153153153	0.015299766317697085
916.2162162162163	0.014886123561560233
917.1171171171171	0.01850285143268128
918.018018018018	0.016929134793225817
918.918918918919	0.017001165863446105
919.8198198198198	0.016030904989554916
920.7207207207207	0.019539731233201473
921.6216216216217	0.017351798694495366
922.5225225225225	0.013702923177986851
923.4234234234234	0.018867453243321956
924.3243243243244	0.01559223389743414
925.2252252252252	0.015227362407686722
926.1261261261261	0.014430949570892157
927.0270270270271	0.014323291757660459
927.927927927928	0.016390125536312132
928.8288288288288	0.013151299282000671
929.7297297297298	0.01721692593065757
930.6306306306307	0.015474068967196728
931.5315315315315	0.013132237196020467
932.4324324324324	0.018988346041958034
933.3333333333334	0.016434286952897857
934.2342342342342	0.01553377015055686
935.1351351351351	0.016687110666851416
936.0360360360361	0.015887934622113135
936.936936936937	0.01523375966922378
937.8378378378378	0.014815024723896331
938.7387387387388	0.01364709777854047
939.6396396396397	0.015720348556688624
940.5405405405405	0.017971665570178992
941.4414414414415	0.018518204860603786
942.3423423423424	0.018177796226361353
943.2432432432432	0.017819185964457723
944.1441441441442	0.015604531292027811
945.0450450450451	0.01792842980392412
945.9459459459459	0.017565001745769623
946.8468468468469	0.015797520629515827
947.7477477477478	0.015553584736356565
948.6486486486486	0.01621373020612247
949.5495495495495	0.021141129026809504
950.4504504504505	0.018145852903527996
951.3513513513514	0.01577464196150025
952.2522522522522	0.018359176841063196
953.1531531531532	0.018014266570943297
954.0540540540541	0.013812085057208262
954.9549549549549	0.015395874429154764
955.8558558558559	0.018883855170430036
956.7567567567568	0.017735446854385856
957.6576576576576	0.018684157685681685
958.5585585585586	0.01461827939027963
959.4594594594595	0.01488359925604772
960.3603603603603	0.01587936380237941
961.2612612612613	0.013820925713283977
962.1621621621622	0.01917969221013254
963.063063063063	0.014413981877570417
963.9639639639639	0.014585086099127549
964.8648648648649	0.01835116555432904
965.7657657657658	0.02258653828830068
966.6666666666666	0.016979388308606708
967.5675675675676	0.013199005888840246
968.4684684684685	0.015959191079480028
969.3693693693693	0.014660907710968826
970.2702702702703	0.014827294602216977
971.1711711711712	0.0160536070609031
972.072072072072	0.016807867311524147
972.972972972973	0.013172957294557645
973.8738738738739	0.012938497796083883
974.7747747747748	0.0143295936116769
975.6756756756757	0.016057810815115495
976.5765765765766	0.017157566625586547
977.4774774774775	0.014801332682668653
978.3783783783784	0.013387480660531645
979.2792792792793	0.015839008095468246
980.1801801801802	0.018406286021771426
981.081081081081	0.012012759001473975
981.981981981982	0.013555483752895474
982.8828828828829	0.014202355123944408
983.7837837837837	0.01619259510289502
984.6846846846847	0.016564425736857104
985.5855855855856	0.014673000812916696
986.4864864864865	0.015063306720216062
987.3873873873874	0.01854289032137147
988.2882882882883	0.017285623266889705
989.1891891891892	0.018485808081601413
990.0900900900901	0.0179459317655615
990.990990990991	0.017159695447306368
991.8918918918919	0.016457141354859754
992.7927927927929	0.014198820359343493
993.6936936936937	0.014193357965222208
994.5945945945946	0.0190949779466353
995.4954954954956	0.016974167649854672
996.3963963963964	0.018000879180420065
997.2972972972973	0.015633229231833665
998.1981981981982	0.014772128223730419
999.0990990990991	0.02125226320785317
1000.0	0.01926618316974341
