0.00000000e+00 1.00000000e+00
1.00000000e-04 9.99958995e-01
2.00000000e-04 9.99835989e-01
3.00000000e-04 9.99631007e-01
4.00000000e-04 9.99344091e-01
5.00000000e-04 9.98975299e-01
6.00000000e-04 9.98524708e-01
7.00000000e-04 9.97992410e-01
8.00000000e-04 9.97378513e-01
9.00000000e-04 9.96683144e-01
1.00000000e-03 9.95906445e-01
1.10000000e-03 9.95048575e-01
1.20000000e-03 9.94109709e-01
1.30000000e-03 9.93090041e-01
1.40000000e-03 9.91989777e-01
1.50000000e-03 9.90809145e-01
1.60000000e-03 9.89548384e-01
1.70000000e-03 9.88207752e-01
1.80000000e-03 9.86787524e-01
1.90000000e-03 9.85287989e-01
2.00000000e-03 9.83709453e-01
2.10000000e-03 9.82052238e-01
2.20000000e-03 9.80316682e-01
2.30000000e-03 9.78503139e-01
2.40000000e-03 9.76611978e-01
2.50000000e-03 9.74643583e-01
2.60000000e-03 9.72598355e-01
2.70000000e-03 9.70476710e-01
2.80000000e-03 9.68279078e-01
2.90000000e-03 9.66005904e-01
3.00000000e-03 9.63657651e-01
3.10000000e-03 9.61234794e-01
3.20000000e-03 9.58737822e-01
3.30000000e-03 9.56167241e-01
3.40000000e-03 9.53523571e-01
3.50000000e-03 9.50807344e-01
3.60000000e-03 9.48019110e-01
3.70000000e-03 9.45159428e-01
3.80000000e-03 9.42228875e-01
3.90000000e-03 9.39228040e-01
4.00000000e-03 9.36157526e-01
4.10000000e-03 9.33017948e-01
4.20000000e-03 9.29809936e-01
4.30000000e-03 9.26534131e-01
4.40000000e-03 9.23191188e-01
4.50000000e-03 9.19781775e-01
4.60000000e-03 9.16306571e-01
4.70000000e-03 9.12766268e-01
4.80000000e-03 9.09161570e-01
4.90000000e-03 9.05493194e-01
5.00000000e-03 9.01761865e-01
5.10000000e-03 8.97968323e-01
5.20000000e-03 8.94113319e-01
5.30000000e-03 8.90197612e-01
5.40000000e-03 8.86221975e-01
5.50000000e-03 8.82187190e-01
5.60000000e-03 8.78094049e-01
5.70000000e-03 8.73943356e-01
5.80000000e-03 8.69735923e-01
5.90000000e-03 8.65472572e-01
6.00000000e-03 8.61154136e-01
6.10000000e-03 8.56781454e-01
6.20000000e-03 8.52355378e-01
6.30000000e-03 8.47876766e-01
6.40000000e-03 8.43346484e-01
6.50000000e-03 8.38765410e-01
6.60000000e-03 8.34134426e-01
6.70000000e-03 8.29454423e-01
6.80000000e-03 8.24726301e-01
6.90000000e-03 8.19950965e-01
7.00000000e-03 8.15129329e-01
7.10000000e-03 8.10262314e-01
7.20000000e-03 8.05350844e-01
7.30000000e-03 8.00395855e-01
7.40000000e-03 7.95398283e-01
7.50000000e-03 7.90359075e-01
7.60000000e-03 7.85279180e-01
7.70000000e-03 7.80159554e-01
7.80000000e-03 7.75001157e-01
7.90000000e-03 7.69804955e-01
8.00000000e-03 7.64571918e-01
8.10000000e-03 7.59303020e-01
8.20000000e-03 7.53999238e-01
8.30000000e-03 7.48661555e-01
8.40000000e-03 7.43290955e-01
8.50000000e-03 7.37888428e-01
8.60000000e-03 7.32454965e-01
8.70000000e-03 7.26991559e-01
8.80000000e-03 7.21499207e-01
8.90000000e-03 7.15978909e-01
9.00000000e-03 7.10431663e-01
9.10000000e-03 7.04858473e-01
9.20000000e-03 6.99260342e-01
9.30000000e-03 6.93638274e-01
9.40000000e-03 6.87993275e-01
9.50000000e-03 6.82326351e-01
9.60000000e-03 6.76638509e-01
9.70000000e-03 6.70930754e-01
9.80000000e-03 6.65204094e-01
9.90000000e-03 6.59459533e-01
1.00000000e-02 6.53698077e-01
1.01000000e-02 6.47920730e-01
1.02000000e-02 6.42128494e-01
1.03000000e-02 6.36322372e-01
1.04000000e-02 6.30503363e-01
1.05000000e-02 6.24672464e-01
1.06000000e-02 6.18830671e-01
1.07000000e-02 6.12978978e-01
1.08000000e-02 6.07118373e-01
1.09000000e-02 6.01249845e-01
1.10000000e-02 5.95374378e-01
1.11000000e-02 5.89492952e-01
1.12000000e-02 5.83606545e-01
1.13000000e-02 5.77716129e-01
1.14000000e-02 5.71822673e-01
1.15000000e-02 5.65927141e-01
1.16000000e-02 5.60030494e-01
1.17000000e-02 5.54133687e-01
1.18000000e-02 5.48237669e-01
1.19000000e-02 5.42343385e-01
1.20000000e-02 5.36451774e-01
1.21000000e-02 5.30563769e-01
1.22000000e-02 5.24680298e-01
1.23000000e-02 5.18802281e-01
1.24000000e-02 5.12930634e-01
1.25000000e-02 5.07066265e-01
1.26000000e-02 5.01210074e-01
1.27000000e-02 4.95362957e-01
1.28000000e-02 4.89525801e-01
1.29000000e-02 4.83699484e-01
1.30000000e-02 4.77884879e-01
1.31000000e-02 4.72082851e-01
1.32000000e-02 4.66294255e-01
1.33000000e-02 4.60519940e-01
1.34000000e-02 4.54760746e-01
1.35000000e-02 4.49017503e-01
1.36000000e-02 4.43291034e-01
1.37000000e-02 4.37582153e-01
1.38000000e-02 4.31891664e-01
1.39000000e-02 4.26220362e-01
1.40000000e-02 4.20569034e-01
1.41000000e-02 4.14938456e-01
1.42000000e-02 4.09329394e-01
1.43000000e-02 4.03742606e-01
1.44000000e-02 3.98178837e-01
1.45000000e-02 3.92638826e-01
1.46000000e-02 3.87123297e-01
1.47000000e-02 3.81632968e-01
1.48000000e-02 3.76168544e-01
1.49000000e-02 3.70730718e-01
1.50000000e-02 3.65320177e-01
1.51000000e-02 3.59937591e-01
1.52000000e-02 3.54583624e-01
1.53000000e-02 3.49258925e-01
1.54000000e-02 3.43964135e-01
1.55000000e-02 3.38699882e-01
1.56000000e-02 3.33466782e-01
1.57000000e-02 3.28265441e-01
1.58000000e-02 3.23096451e-01
1.59000000e-02 3.17960395e-01
1.60000000e-02 3.12857843e-01
1.61000000e-02 3.07789351e-01
1.62000000e-02 3.02755466e-01
1.63000000e-02 2.97756722e-01
1.64000000e-02 2.92793641e-01
1.65000000e-02 2.87866731e-01
1.66000000e-02 2.82976491e-01
1.67000000e-02 2.78123404e-01
1.68000000e-02 2.73307943e-01
1.69000000e-02 2.68530568e-01
1.70000000e-02 2.63791727e-01
1.71000000e-02 2.59091854e-01
1.72000000e-02 2.54431372e-01
1.73000000e-02 2.49810691e-01
1.74000000e-02 2.45230208e-01
1.75000000e-02 2.40690307e-01
1.76000000e-02 2.36191360e-01
1.77000000e-02 2.31733727e-01
1.78000000e-02 2.27317753e-01
1.79000000e-02 2.22943773e-01
1.80000000e-02 2.18612107e-01
1.81000000e-02 2.14323064e-01
1.82000000e-02 2.10076939e-01
1.83000000e-02 2.05874015e-01
1.84000000e-02 2.01714563e-01
1.85000000e-02 1.97598840e-01
1.86000000e-02 1.93527090e-01
1.87000000e-02 1.89499546e-01
1.88000000e-02 1.85516428e-01
1.89000000e-02 1.81577942e-01
1.90000000e-02 1.77684283e-01
1.91000000e-02 1.73835632e-01
1.92000000e-02 1.70032160e-01
1.93000000e-02 1.66274023e-01
1.94000000e-02 1.62561365e-01
1.95000000e-02 1.58894320e-01
1.96000000e-02 1.55273006e-01
1.97000000e-02 1.51697533e-01
1.98000000e-02 1.48167995e-01
1.99000000e-02 1.44684476e-01
2.00000000e-02 1.41247048e-01
2.01000000e-02 1.37855769e-01
2.02000000e-02 1.34510689e-01
2.03000000e-02 1.31211843e-01
2.04000000e-02 1.27959255e-01
2.05000000e-02 1.24752937e-01
2.06000000e-02 1.21592892e-01
2.07000000e-02 1.18479107e-01
2.08000000e-02 1.15411563e-01
2.09000000e-02 1.12390225e-01
2.10000000e-02 1.09415049e-01
2.11000000e-02 1.06485982e-01
2.12000000e-02 1.03602955e-01
2.13000000e-02 1.00765894e-01
2.14000000e-02 9.79747085e-02
2.15000000e-02 9.52293021e-02
2.16000000e-02 9.25295656e-02
2.17000000e-02 8.98753800e-02
2.18000000e-02 8.72666158e-02
2.19000000e-02 8.47031337e-02
2.20000000e-02 8.21847842e-02
2.21000000e-02 7.97114081e-02
2.22000000e-02 7.72828364e-02
2.23000000e-02 7.48988903e-02
2.24000000e-02 7.25593820e-02
2.25000000e-02 7.02641139e-02
2.26000000e-02 6.80128796e-02
2.27000000e-02 6.58054634e-02
2.28000000e-02 6.36416409e-02
2.29000000e-02 6.15211787e-02
2.30000000e-02 5.94438352e-02
2.31000000e-02 5.74093600e-02
2.32000000e-02 5.54174946e-02
2.33000000e-02 5.34679722e-02
2.34000000e-02 5.15605181e-02
2.35000000e-02 4.96948498e-02
2.36000000e-02 4.78706771e-02
2.37000000e-02 4.60877023e-02
2.38000000e-02 4.43456202e-02
2.39000000e-02 4.26441186e-02
2.40000000e-02 4.09828783e-02
2.41000000e-02 3.93615729e-02
2.42000000e-02 3.77798697e-02
2.43000000e-02 3.62374292e-02
2.44000000e-02 3.47339056e-02
2.45000000e-02 3.32689469e-02
2.46000000e-02 3.18421950e-02
2.47000000e-02 3.04532862e-02
2.48000000e-02 2.91018507e-02
2.49000000e-02 2.77875134e-02
2.50000000e-02 2.65098938e-02
2.51000000e-02 2.52686063e-02
2.52000000e-02 2.40632601e-02
2.53000000e-02 2.28934597e-02
2.54000000e-02 2.17588049e-02
2.55000000e-02 2.06588909e-02
2.56000000e-02 1.95933087e-02
2.57000000e-02 1.85616451e-02
2.58000000e-02 1.75634829e-02
2.59000000e-02 1.65984010e-02
2.60000000e-02 1.56659749e-02
2.61000000e-02 1.47657763e-02
2.62000000e-02 1.38973740e-02
2.63000000e-02 1.30603332e-02
2.64000000e-02 1.22542166e-02
2.65000000e-02 1.14785838e-02
2.66000000e-02 1.07329919e-02
2.67000000e-02 1.00169956e-02
2.68000000e-02 9.33014717e-03
2.69000000e-02 8.67199695e-03
2.70000000e-02 8.04209323e-03
2.71000000e-02 7.43998255e-03
2.72000000e-02 6.86520982e-03
2.73000000e-02 6.31731853e-03
2.74000000e-02 5.79585089e-03
2.75000000e-02 5.30034796e-03
2.76000000e-02 4.83034988e-03
2.77000000e-02 4.38539597e-03
2.78000000e-02 3.96502492e-03
2.79000000e-02 3.56877496e-03
2.80000000e-02 3.19618396e-03
2.81000000e-02 2.84678966e-03
2.82000000e-02 2.52012977e-03
2.83000000e-02 2.21574217e-03
2.84000000e-02 1.93316499e-03
2.85000000e-02 1.67193685e-03
2.86000000e-02 1.43159693e-03
2.87000000e-02 1.21168518e-03
2.88000000e-02 1.01174241e-03
2.89000000e-02 8.31310482e-04
2.90000000e-02 6.69932408e-04
2.91000000e-02 5.27152531e-04
2.92000000e-02 4.02516638e-04
2.93000000e-02 2.95572106e-04
2.94000000e-02 2.05868035e-04
2.95000000e-02 1.32955381e-04
2.96000000e-02 7.63870876e-05
2.97000000e-02 3.57182151e-05
2.98000000e-02 1.05060677e-05
2.99000000e-02 3.10318790e-07
3.00000000e-02 4.69313369e-06
3.01000000e-02 2.32192910e-05
3.02000000e-02 5.54563015e-05
3.03000000e-02 1.00974525e-04
3.04000000e-02 1.59347283e-04
3.05000000e-02 2.30150976e-04
3.06000000e-02 3.12965187e-04
3.07000000e-02 4.07372796e-04
3.08000000e-02 5.12960080e-04
3.09000000e-02 6.29316819e-04
3.10000000e-02 7.56036399e-04
3.11000000e-02 8.92715905e-04
3.12000000e-02 1.03895622e-03
3.13000000e-02 1.19436213e-03
3.14000000e-02 1.35854239e-03
3.15000000e-02 1.53110984e-03
3.16000000e-02 1.71168148e-03
3.17000000e-02 1.89987854e-03
3.18000000e-02 2.09532659e-03
3.19000000e-02 2.29765561e-03
3.20000000e-02 2.50650004e-03
3.21000000e-02 2.72149891e-03
3.22000000e-02 2.94229584e-03
3.23000000e-02 3.16853918e-03
3.24000000e-02 3.39988204e-03
3.25000000e-02 3.63598234e-03
3.26000000e-02 3.87650292e-03
3.27000000e-02 4.12111154e-03
3.28000000e-02 4.36948100e-03
3.29000000e-02 4.62128913e-03
3.30000000e-02 4.87621891e-03
3.31000000e-02 5.13395846e-03
3.32000000e-02 5.39420110e-03
3.33000000e-02 5.65664544e-03
3.34000000e-02 5.92099535e-03
3.35000000e-02 6.18696006e-03
3.36000000e-02 6.45425417e-03
3.37000000e-02 6.72259768e-03
3.38000000e-02 6.99171603e-03
3.39000000e-02 7.26134013e-03
3.40000000e-02 7.53120639e-03
3.41000000e-02 7.80105673e-03
3.42000000e-02 8.07063862e-03
3.43000000e-02 8.33970510e-03
3.44000000e-02 8.60801476e-03
3.45000000e-02 8.87533182e-03
3.46000000e-02 9.14142608e-03
3.47000000e-02 9.40607297e-03
3.48000000e-02 9.66905354e-03
3.49000000e-02 9.93015446e-03
3.50000000e-02 1.01891680e-02
3.51000000e-02 1.04458922e-02
3.52000000e-02 1.07001306e-02
3.53000000e-02 1.09516924e-02
3.54000000e-02 1.12003925e-02
3.55000000e-02 1.14460511e-02
3.56000000e-02 1.16884946e-02
3.57000000e-02 1.19275543e-02
3.58000000e-02 1.21630677e-02
3.59000000e-02 1.23948773e-02
3.60000000e-02 1.26228317e-02
3.61000000e-02 1.28467846e-02
3.62000000e-02 1.30665953e-02
3.63000000e-02 1.32821286e-02
3.64000000e-02 1.34932549e-02
3.65000000e-02 1.36998498e-02
3.66000000e-02 1.39017943e-02
3.67000000e-02 1.40989749e-02
3.68000000e-02 1.42912833e-02
3.69000000e-02 1.44786165e-02
3.70000000e-02 1.46608768e-02
3.71000000e-02 1.48379717e-02
3.72000000e-02 1.50098138e-02
3.73000000e-02 1.51763208e-02
3.74000000e-02 1.53374157e-02
3.75000000e-02 1.54930262e-02
3.76000000e-02 1.56430853e-02
3.77000000e-02 1.57875307e-02
3.78000000e-02 1.59263050e-02
3.79000000e-02 1.60593558e-02
3.80000000e-02 1.61866354e-02
3.81000000e-02 1.63081007e-02
3.82000000e-02 1.64237135e-02
3.83000000e-02 1.65334399e-02
3.84000000e-02 1.66372508e-02
3.85000000e-02 1.67351215e-02
3.86000000e-02 1.68270316e-02
3.87000000e-02 1.69129654e-02
3.88000000e-02 1.69929112e-02
3.89000000e-02 1.70668616e-02
3.90000000e-02 1.71348133e-02
3.91000000e-02 1.71967674e-02
3.92000000e-02 1.72527286e-02
3.93000000e-02 1.73027059e-02
3.94000000e-02 1.73467120e-02
3.95000000e-02 1.73847636e-02
3.96000000e-02 1.74168809e-02
3.97000000e-02 1.74430881e-02
3.98000000e-02 1.74634127e-02
3.99000000e-02 1.74778858e-02
4.00000000e-02 1.74865422e-02
4.01000000e-02 1.74894197e-02
4.02000000e-02 1.74865598e-02
4.03000000e-02 1.74780069e-02
4.04000000e-02 1.74638087e-02
4.05000000e-02 1.74440159e-02
4.06000000e-02 1.74186824e-02
4.07000000e-02 1.73878648e-02
4.08000000e-02 1.73516226e-02
4.09000000e-02 1.73100181e-02
4.10000000e-02 1.72631163e-02
4.11000000e-02 1.72109847e-02
4.12000000e-02 1.71536934e-02
4.13000000e-02 1.70913150e-02
4.14000000e-02 1.70239243e-02
4.15000000e-02 1.69515986e-02
4.16000000e-02 1.68744173e-02
4.17000000e-02 1.67924618e-02
4.18000000e-02 1.67058158e-02
4.19000000e-02 1.66145649e-02
4.20000000e-02 1.65187963e-02
4.21000000e-02 1.64185994e-02
4.22000000e-02 1.63140651e-02
4.23000000e-02 1.62052860e-02
4.24000000e-02 1.60923564e-02
4.25000000e-02 1.59753719e-02
4.26000000e-02 1.58544296e-02
4.27000000e-02 1.57296279e-02
4.28000000e-02 1.56010665e-02
4.29000000e-02 1.54688463e-02
4.30000000e-02 1.53330692e-02
4.31000000e-02 1.51938383e-02
4.32000000e-02 1.50512575e-02
4.33000000e-02 1.49054317e-02
4.34000000e-02 1.47564664e-02
4.35000000e-02 1.46044681e-02
4.36000000e-02 1.44495438e-02
4.37000000e-02 1.42918010e-02
4.38000000e-02 1.41313479e-02
4.39000000e-02 1.39682930e-02
4.40000000e-02 1.38027453e-02
4.41000000e-02 1.36348140e-02
4.42000000e-02 1.34646085e-02
4.43000000e-02 1.32922384e-02
4.44000000e-02 1.31178134e-02
4.45000000e-02 1.29414433e-02
4.46000000e-02 1.27632377e-02
4.47000000e-02 1.25833062e-02
4.48000000e-02 1.24017583e-02
4.49000000e-02 1.22187030e-02
4.50000000e-02 1.20342493e-02
4.51000000e-02 1.18485058e-02
4.52000000e-02 1.16615804e-02
4.53000000e-02 1.14735809e-02
4.54000000e-02 1.12846144e-02
4.55000000e-02 1.10947873e-02
4.56000000e-02 1.09042056e-02
4.57000000e-02 1.07129743e-02
4.58000000e-02 1.05211979e-02
4.59000000e-02 1.03289800e-02
4.60000000e-02 1.01364233e-02
4.61000000e-02 9.94362959e-03
4.62000000e-02 9.75069979e-03
4.63000000e-02 9.55773373e-03
4.64000000e-02 9.36483020e-03
4.65000000e-02 9.17208688e-03
4.66000000e-02 8.97960031e-03
4.67000000e-02 8.78746585e-03
4.68000000e-02 8.59577760e-03
4.69000000e-02 8.40462841e-03
4.70000000e-02 8.21410980e-03
4.71000000e-02 8.02431195e-03
4.72000000e-02 7.83532362e-03
4.73000000e-02 7.64723218e-03
4.74000000e-02 7.46012352e-03
4.75000000e-02 7.27408201e-03
4.76000000e-02 7.08919053e-03
4.77000000e-02 6.90553038e-03
4.78000000e-02 6.72318127e-03
4.79000000e-02 6.54222130e-03
4.80000000e-02 6.36272690e-03
4.81000000e-02 6.18477285e-03
4.82000000e-02 6.00843222e-03
4.83000000e-02 5.83377637e-03
4.84000000e-02 5.66087490e-03
4.85000000e-02 5.48979565e-03
4.86000000e-02 5.32060468e-03
4.87000000e-02 5.15336625e-03
4.88000000e-02 4.98814277e-03
4.89000000e-02 4.82499483e-03
4.90000000e-02 4.66398119e-03
4.91000000e-02 4.50515869e-03
4.92000000e-02 4.34858235e-03
4.93000000e-02 4.19430524e-03
4.94000000e-02 4.04237857e-03
4.95000000e-02 3.89285162e-03
4.96000000e-02 3.74577176e-03
4.97000000e-02 3.60118444e-03
4.98000000e-02 3.45913316e-03
4.99000000e-02 3.31965950e-03
5.00000000e-02 3.18280310e-03
5.01000000e-02 3.04860165e-03
5.02000000e-02 2.91709093e-03
5.03000000e-02 2.78830474e-03
5.04000000e-02 2.66227496e-03
5.05000000e-02 2.53903154e-03
5.06000000e-02 2.41860248e-03
5.07000000e-02 2.30101386e-03
5.08000000e-02 2.18628984e-03
5.09000000e-02 2.07445266e-03
5.10000000e-02 1.96552265e-03
5.11000000e-02 1.85951824e-03
5.12000000e-02 1.75645598e-03
5.13000000e-02 1.65635051e-03
5.14000000e-02 1.55921464e-03
5.15000000e-02 1.46505931e-03
5.16000000e-02 1.37389361e-03
5.17000000e-02 1.28572481e-03
5.18000000e-02 1.20055837e-03
5.19000000e-02 1.11839794e-03
5.20000000e-02 1.03924541e-03
5.21000000e-02 9.63100893e-04
5.22000000e-02 8.89962776e-04
5.23000000e-02 8.19827710e-04
5.24000000e-02 7.52690648e-04
5.25000000e-02 6.88544859e-04
5.26000000e-02 6.27381954e-04
5.27000000e-02 5.69191908e-04
5.28000000e-02 5.13963080e-04
5.29000000e-02 4.61682239e-04
5.30000000e-02 4.12334588e-04
5.31000000e-02 3.65903791e-04
5.32000000e-02 3.22371995e-04
5.33000000e-02 2.81719863e-04
5.34000000e-02 2.43926591e-04
5.35000000e-02 2.08969946e-04
5.36000000e-02 1.76826288e-04
5.37000000e-02 1.47470599e-04
5.38000000e-02 1.20876515e-04
5.39000000e-02 9.70163518e-05
5.40000000e-02 7.58611386e-05
5.41000000e-02 5.73806464e-05
5.42000000e-02 4.15434191e-05
5.43000000e-02 2.83168055e-05
5.44000000e-02 1.76669902e-05
5.45000000e-02 9.55902604e-06
5.46000000e-02 3.95686630e-06
5.47000000e-02 8.23397317e-07
5.48000000e-02 1.20471398e-07
5.49000000e-02 1.80894001e-06
5.50000000e-02 5.84868718e-06
5.51000000e-02 1.21986632e-05
5.52000000e-02 2.08169182e-05
5.53000000e-02 3.16606367e-05
5.54000000e-02 4.46861713e-05
5.55000000e-02 5.98490769e-05
5.56000000e-02 7.71041457e-05
5.57000000e-02 9.64054413e-05
5.58000000e-02 1.17706333e-04
5.59000000e-02 1.40959532e-04
5.60000000e-02 1.66117123e-04
5.61000000e-02 1.93130603e-04
5.62000000e-02 2.21950912e-04
5.63000000e-02 2.52528470e-04
5.64000000e-02 2.84813212e-04
5.65000000e-02 3.18754621e-04
5.66000000e-02 3.54301762e-04
5.67000000e-02 3.91403321e-04
5.68000000e-02 4.30007632e-04
5.69000000e-02 4.70062716e-04
5.70000000e-02 5.11516316e-04
5.71000000e-02 5.54315927e-04
5.72000000e-02 5.98408831e-04
5.73000000e-02 6.43742132e-04
5.74000000e-02 6.90262788e-04
5.75000000e-02 7.37917641e-04
5.76000000e-02 7.86653458e-04
5.77000000e-02 8.36416952e-04
5.78000000e-02 8.87154826e-04
5.79000000e-02 9.38813793e-04
5.80000000e-02 9.91340619e-04
5.81000000e-02 1.04468214e-03
5.82000000e-02 1.09878532e-03
5.83000000e-02 1.15359724e-03
5.84000000e-02 1.20906517e-03
5.85000000e-02 1.26513656e-03
5.86000000e-02 1.32175911e-03
5.87000000e-02 1.37888076e-03
5.88000000e-02 1.43644975e-03
5.89000000e-02 1.49441463e-03
5.90000000e-02 1.55272429e-03
5.91000000e-02 1.61132798e-03
5.92000000e-02 1.67017537e-03
5.93000000e-02 1.72921652e-03
5.94000000e-02 1.78840197e-03
5.95000000e-02 1.84768271e-03
5.96000000e-02 1.90701022e-03
5.97000000e-02 1.96633653e-03
5.98000000e-02 2.02561420e-03
5.99000000e-02 2.08479634e-03
6.00000000e-02 2.14383668e-03
6.01000000e-02 2.20268955e-03
6.02000000e-02 2.26130990e-03
6.03000000e-02 2.31965335e-03
6.04000000e-02 2.37767620e-03
6.05000000e-02 2.43533541e-03
6.06000000e-02 2.49258869e-03
6.07000000e-02 2.54939447e-03
6.08000000e-02 2.60571192e-03
6.09000000e-02 2.66150098e-03
6.10000000e-02 2.71672237e-03
6.11000000e-02 2.77133762e-03
6.12000000e-02 2.82530906e-03
6.13000000e-02 2.87859986e-03
6.14000000e-02 2.93117402e-03
6.15000000e-02 2.98299641e-03
6.16000000e-02 3.03403276e-03
6.17000000e-02 3.08424968e-03
6.18000000e-02 3.13361467e-03
6.19000000e-02 3.18209615e-03
6.20000000e-02 3.22966344e-03
6.21000000e-02 3.27628677e-03
6.22000000e-02 3.32193734e-03
6.23000000e-02 3.36658725e-03
6.24000000e-02 3.41020958e-03
6.25000000e-02 3.45277834e-03
6.26000000e-02 3.49426853e-03
6.27000000e-02 3.53465608e-03
6.28000000e-02 3.57391794e-03
6.29000000e-02 3.61203199e-03
6.30000000e-02 3.64897713e-03
6.31000000e-02 3.68473322e-03
6.32000000e-02 3.71928112e-03
6.33000000e-02 3.75260268e-03
6.34000000e-02 3.78468073e-03
6.35000000e-02 3.81549911e-03
6.36000000e-02 3.84504263e-03
6.37000000e-02 3.87329711e-03
6.38000000e-02 3.90024936e-03
6.39000000e-02 3.92588717e-03
6.40000000e-02 3.95019932e-03
6.41000000e-02 3.97317559e-03
6.42000000e-02 3.99480672e-03
6.43000000e-02 4.01508444e-03
6.44000000e-02 4.03400146e-03
6.45000000e-02 4.05155145e-03
6.46000000e-02 4.06772904e-03
6.47000000e-02 4.08252983e-03
6.48000000e-02 4.09595036e-03
6.49000000e-02 4.10798813e-03
6.50000000e-02 4.11864157e-03
6.51000000e-02 4.12791002e-03
6.52000000e-02 4.13579376e-03
6.53000000e-02 4.14229400e-03
6.54000000e-02 4.14741282e-03
6.55000000e-02 4.15115320e-03
6.56000000e-02 4.15351902e-03
6.57000000e-02 4.15451502e-03
6.58000000e-02 4.15414679e-03
6.59000000e-02 4.15242080e-03
6.60000000e-02 4.14934433e-03
6.61000000e-02 4.14492548e-03
6.62000000e-02 4.13917320e-03
6.63000000e-02 4.13209721e-03
6.64000000e-02 4.12370802e-03
6.65000000e-02 4.11401691e-03
6.66000000e-02 4.10303592e-03
6.67000000e-02 4.09077785e-03
6.68000000e-02 4.07725621e-03
6.69000000e-02 4.06248522e-03
6.70000000e-02 4.04647981e-03
6.71000000e-02 4.02925560e-03
6.72000000e-02 4.01082885e-03
6.73000000e-02 3.99121650e-03
6.74000000e-02 3.97043610e-03
6.75000000e-02 3.94850584e-03
6.76000000e-02 3.92544448e-03
6.77000000e-02 3.90127140e-03
6.78000000e-02 3.87600652e-03
6.79000000e-02 3.84967030e-03
6.80000000e-02 3.82228377e-03
6.81000000e-02 3.79386844e-03
6.82000000e-02 3.76444631e-03
6.83000000e-02 3.73403988e-03
6.84000000e-02 3.70267210e-03
6.85000000e-02 3.67036635e-03
6.86000000e-02 3.63714644e-03
6.87000000e-02 3.60303657e-03
6.88000000e-02 3.56806135e-03
6.89000000e-02 3.53224574e-03
6.90000000e-02 3.49561503e-03
6.91000000e-02 3.45819486e-03
6.92000000e-02 3.42001116e-03
6.93000000e-02 3.38109017e-03
6.94000000e-02 3.34145839e-03
6.95000000e-02 3.30114257e-03
6.96000000e-02 3.26016968e-03
6.97000000e-02 3.21856693e-03
6.98000000e-02 3.17636170e-03
6.99000000e-02 3.13358157e-03
7.00000000e-02 3.09025424e-03
7.01000000e-02 3.04640760e-03
7.02000000e-02 3.00206960e-03
7.03000000e-02 2.95726833e-03
7.04000000e-02 2.91203196e-03
7.05000000e-02 2.86638871e-03
7.06000000e-02 2.82036685e-03
7.07000000e-02 2.77399467e-03
7.08000000e-02 2.72730049e-03
7.09000000e-02 2.68031260e-03
7.10000000e-02 2.63305928e-03
7.11000000e-02 2.58556875e-03
7.12000000e-02 2.53786917e-03
7.13000000e-02 2.48998865e-03
7.14000000e-02 2.44195516e-03
7.15000000e-02 2.39379658e-03
7.16000000e-02 2.34554067e-03
7.17000000e-02 2.29721504e-03
7.18000000e-02 2.24884711e-03
7.19000000e-02 2.20046417e-03
7.20000000e-02 2.15209327e-03
7.21000000e-02 2.10376129e-03
7.22000000e-02 2.05549486e-03
7.23000000e-02 2.00732038e-03
7.24000000e-02 1.95926399e-03
7.25000000e-02 1.91135159e-03
7.26000000e-02 1.86360875e-03
7.27000000e-02 1.81606078e-03
7.28000000e-02 1.76873268e-03
7.29000000e-02 1.72164910e-03
7.30000000e-02 1.67483439e-03
7.31000000e-02 1.62831252e-03
7.32000000e-02 1.58210711e-03
7.33000000e-02 1.53624142e-03
7.34000000e-02 1.49073832e-03
7.35000000e-02 1.44562027e-03
7.36000000e-02 1.40090934e-03
7.37000000e-02 1.35662717e-03
7.38000000e-02 1.31279498e-03
7.39000000e-02 1.26943356e-03
7.40000000e-02 1.22656324e-03
7.41000000e-02 1.18420389e-03
7.42000000e-02 1.14237494e-03
7.43000000e-02 1.10109532e-03
7.44000000e-02 1.06038348e-03
7.45000000e-02 1.02025739e-03
7.46000000e-02 9.80734530e-04
7.47000000e-02 9.41831855e-04
7.48000000e-02 9.03565822e-04
7.49000000e-02 8.65952367e-04
7.50000000e-02 8.29006904e-04
7.51000000e-02 7.92744315e-04
7.52000000e-02 7.57178950e-04
7.53000000e-02 7.22324618e-04
7.54000000e-02 6.88194587e-04
7.55000000e-02 6.54801573e-04
7.56000000e-02 6.22157743e-04
7.57000000e-02 5.90274707e-04
7.58000000e-02 5.59163519e-04
7.59000000e-02 5.28834671e-04
7.60000000e-02 4.99298091e-04
7.61000000e-02 4.70563142e-04
7.62000000e-02 4.42638622e-04
7.63000000e-02 4.15532759e-04
7.64000000e-02 3.89253213e-04
7.65000000e-02 3.63807075e-04
7.66000000e-02 3.39200866e-04
7.67000000e-02 3.15440540e-04
7.68000000e-02 2.92531478e-04
7.69000000e-02 2.70478498e-04
7.70000000e-02 2.49285849e-04
7.71000000e-02 2.28957214e-04
7.72000000e-02 2.09495717e-04
7.73000000e-02 1.90903917e-04
7.74000000e-02 1.73183819e-04
7.75000000e-02 1.56336869e-04
7.76000000e-02 1.40363964e-04
7.77000000e-02 1.25265451e-04
7.78000000e-02 1.11041133e-04
7.79000000e-02 9.76902745e-05
7.80000000e-02 8.52116014e-05
7.81000000e-02 7.36033102e-05
7.82000000e-02 6.28630713e-05
7.83000000e-02 5.29880344e-05
7.84000000e-02 4.39748343e-05
7.85000000e-02 3.58195971e-05
7.86000000e-02 2.85179457e-05
7.87000000e-02 2.20650071e-05
7.88000000e-02 1.64554184e-05
7.89000000e-02 1.16833343e-05
7.90000000e-02 7.74243399e-06
7.91000000e-02 4.62592872e-06
7.92000000e-02 2.32656956e-06
7.93000000e-02 8.36655230e-07
7.94000000e-02 1.48040312e-07
7.95000000e-02 2.52143582e-07
7.96000000e-02 1.13995659e-06
7.97000000e-02 2.80205244e-06
7.98000000e-02 5.22859474e-06
7.99000000e-02 8.40934679e-06
8.00000000e-02 1.23336809e-05
8.01000000e-02 1.69905879e-05
8.02000000e-02 2.23686868e-05
8.03000000e-02 2.84562348e-05
8.04000000e-02 3.52411370e-05
8.05000000e-02 4.27109566e-05
8.06000000e-02 5.08529256e-05
8.07000000e-02 5.96539545e-05
8.08000000e-02 6.91006434e-05
8.09000000e-02 7.91792924e-05
8.10000000e-02 8.98759124e-05
8.11000000e-02 1.01176236e-04
8.12000000e-02 1.13065729e-04
8.13000000e-02 1.25529599e-04
8.14000000e-02 1.38552811e-04
8.15000000e-02 1.52120094e-04
8.16000000e-02 1.66215956e-04
8.17000000e-02 1.80824691e-04
8.18000000e-02 1.95930395e-04
8.19000000e-02 2.11516975e-04
8.20000000e-02 2.27568160e-04
8.21000000e-02 2.44067516e-04
8.22000000e-02 2.60998450e-04
8.23000000e-02 2.78344230e-04
8.24000000e-02 2.96087992e-04
8.25000000e-02 3.14212752e-04
8.26000000e-02 3.32701418e-04
8.27000000e-02 3.51536801e-04
8.28000000e-02 3.70701626e-04
8.29000000e-02 3.90178547e-04
8.30000000e-02 4.09950153e-04
8.31000000e-02 4.29998983e-04
8.32000000e-02 4.50307536e-04
8.33000000e-02 4.70858284e-04
8.34000000e-02 4.91633679e-04
8.35000000e-02 5.12616171e-04
8.36000000e-02 5.33788211e-04
8.37000000e-02 5.55132268e-04
8.38000000e-02 5.76630837e-04
8.39000000e-02 5.98266453e-04
8.40000000e-02 6.20021697e-04
8.41000000e-02 6.41879209e-04
8.42000000e-02 6.63821701e-04
8.43000000e-02 6.85831961e-04
8.44000000e-02 7.07892871e-04
8.45000000e-02 7.29987411e-04
8.46000000e-02 7.52098671e-04
8.47000000e-02 7.74209862e-04
8.48000000e-02 7.96304326e-04
8.49000000e-02 8.18365541e-04
8.50000000e-02 8.40377137e-04
8.51000000e-02 8.62322900e-04
8.52000000e-02 8.84186785e-04
8.53000000e-02 9.05952921e-04
8.54000000e-02 9.27605622e-04
8.55000000e-02 9.49129398e-04
8.56000000e-02 9.70508957e-04
8.57000000e-02 9.91729219e-04
8.58000000e-02 1.01277532e-03
8.59000000e-02 1.03363263e-03
8.60000000e-02 1.05428674e-03
8.61000000e-02 1.07472349e-03
8.62000000e-02 1.09492897e-03
8.63000000e-02 1.11488951e-03
8.64000000e-02 1.13459172e-03
8.65000000e-02 1.15402247e-03
8.66000000e-02 1.17316892e-03
8.67000000e-02 1.19201848e-03
8.68000000e-02 1.21055887e-03
8.69000000e-02 1.22877810e-03
8.70000000e-02 1.24666448e-03
8.71000000e-02 1.26420662e-03
8.72000000e-02 1.28139344e-03
8.73000000e-02 1.29821416e-03
8.74000000e-02 1.31465835e-03
8.75000000e-02 1.33071588e-03
8.76000000e-02 1.34637695e-03
8.77000000e-02 1.36163208e-03
8.78000000e-02 1.37647215e-03
8.79000000e-02 1.39088837e-03
8.80000000e-02 1.40487227e-03
8.81000000e-02 1.41841575e-03
8.82000000e-02 1.43151105e-03
8.83000000e-02 1.44415075e-03
8.84000000e-02 1.45632779e-03
8.85000000e-02 1.46803546e-03
8.86000000e-02 1.47926741e-03
8.87000000e-02 1.49001766e-03
8.88000000e-02 1.50028055e-03
8.89000000e-02 1.51005082e-03
8.90000000e-02 1.51932355e-03
8.91000000e-02 1.52809419e-03
8.92000000e-02 1.53635854e-03
8.93000000e-02 1.54411278e-03
8.94000000e-02 1.55135343e-03
8.95000000e-02 1.55807739e-03
8.96000000e-02 1.56428191e-03
8.97000000e-02 1.56996461e-03
8.98000000e-02 1.57512346e-03
8.99000000e-02 1.57975680e-03
9.00000000e-02 1.58386331e-03
9.01000000e-02 1.58744204e-03
9.02000000e-02 1.59049239e-03
9.03000000e-02 1.59301411e-03
9.04000000e-02 1.59500729e-03
9.05000000e-02 1.59647239e-03
9.06000000e-02 1.59741020e-03
9.07000000e-02 1.59782184e-03
9.08000000e-02 1.59770880e-03
9.09000000e-02 1.59707287e-03
9.10000000e-02 1.59591619e-03
9.11000000e-02 1.59424124e-03
9.12000000e-02 1.59205080e-03
9.13000000e-02 1.58934799e-03
9.14000000e-02 1.58613623e-03
9.15000000e-02 1.58241927e-03
9.16000000e-02 1.57820115e-03
9.17000000e-02 1.57348624e-03
9.18000000e-02 1.56827917e-03
9.19000000e-02 1.56258489e-03
9.20000000e-02 1.55640863e-03
9.21000000e-02 1.54975592e-03
9.22000000e-02 1.54263254e-03
9.23000000e-02 1.53504456e-03
9.24000000e-02 1.52699831e-03
9.25000000e-02 1.51850039e-03
9.26000000e-02 1.50955764e-03
9.27000000e-02 1.50017717e-03
9.28000000e-02 1.49036630e-03
9.29000000e-02 1.48013261e-03
9.30000000e-02 1.46948392e-03
9.31000000e-02 1.45842825e-03
9.32000000e-02 1.44697385e-03
9.33000000e-02 1.43512918e-03
9.34000000e-02 1.42290289e-03
9.35000000e-02 1.41030385e-03
9.36000000e-02 1.39734109e-03
9.37000000e-02 1.38402386e-03
9.38000000e-02 1.37036155e-03
9.39000000e-02 1.35636374e-03
9.40000000e-02 1.34204017e-03
9.41000000e-02 1.32740072e-03
9.42000000e-02 1.31245543e-03
9.43000000e-02 1.29721448e-03
9.44000000e-02 1.28168817e-03
9.45000000e-02 1.26588694e-03
9.46000000e-02 1.24982134e-03
9.47000000e-02 1.23350202e-03
9.48000000e-02 1.21693975e-03
9.49000000e-02 1.20014538e-03
9.50000000e-02 1.18312986e-03
9.51000000e-02 1.16590420e-03
9.52000000e-02 1.14847951e-03
9.53000000e-02 1.13086693e-03
9.54000000e-02 1.11307769e-03
9.55000000e-02 1.09512306e-03
9.56000000e-02 1.07701432e-03
9.57000000e-02 1.05876284e-03
9.58000000e-02 1.04037997e-03
9.59000000e-02 1.02187711e-03
9.60000000e-02 1.00326564e-03
9.61000000e-02 9.84556980e-04
9.62000000e-02 9.65762525e-04
9.63000000e-02 9.46893666e-04
9.64000000e-02 9.27961776e-04
9.65000000e-02 9.08978205e-04
9.66000000e-02 8.89954269e-04
9.67000000e-02 8.70901248e-04
9.68000000e-02 8.51830374e-04
9.69000000e-02 8.32752829e-04
9.70000000e-02 8.13679733e-04
9.71000000e-02 7.94622143e-04
9.72000000e-02 7.75591039e-04
9.73000000e-02 7.56597326e-04
9.74000000e-02 7.37651820e-04
9.75000000e-02 7.18765246e-04
9.76000000e-02 6.99948231e-04
9.77000000e-02 6.81211296e-04
9.78000000e-02 6.62564852e-04
9.79000000e-02 6.44019192e-04
9.80000000e-02 6.25584488e-04
9.81000000e-02 6.07270782e-04
9.82000000e-02 5.89087983e-04
9.83000000e-02 5.71045858e-04
9.84000000e-02 5.53154031e-04
9.85000000e-02 5.35421975e-04
9.86000000e-02 5.17859007e-04
9.87000000e-02 5.00474285e-04
9.88000000e-02 4.83276799e-04
9.89000000e-02 4.66275371e-04
9.90000000e-02 4.49478646e-04
9.91000000e-02 4.32895090e-04
9.92000000e-02 4.16532987e-04
9.93000000e-02 4.00400432e-04
9.94000000e-02 3.84505327e-04
9.95000000e-02 3.68855379e-04
9.96000000e-02 3.53458095e-04
9.97000000e-02 3.38320779e-04
9.98000000e-02 3.23450527e-04
9.99000000e-02 3.08854228e-04
1.00000000e-01 2.94538553e-04
1.00900000e-01 1.79317517e-04
1.01800000e-01 9.11066085e-05
1.02700000e-01 3.22338734e-05
1.03600000e-01 3.44226936e-06
1.04500000e-01 3.93235660e-06
1.05400000e-01 3.14799804e-05
1.06300000e-01 8.26193587e-05
1.07200000e-01 1.52879244e-04
1.08100000e-01 2.37057818e-04
1.09000000e-01 3.29520769e-04
1.09900000e-01 4.24506584e-04
1.10800000e-01 5.16423537e-04
1.11700000e-01 6.00123933e-04
1.12600000e-01 6.71143036e-04
1.13500000e-01 7.25892408e-04
1.14400000e-01 7.61800108e-04
1.15300000e-01 7.77393223e-04
1.16200000e-01 7.72321238e-04
1.17100000e-01 7.47321768e-04
1.18000000e-01 7.04132971e-04
1.18900000e-01 6.45359436e-04
1.19800000e-01 5.74300331e-04
1.20700000e-01 4.94750114e-04
1.21600000e-01 4.10783008e-04
1.22500000e-01 3.26532791e-04
1.23400000e-01 2.45979164e-04
1.24300000e-01 1.72751165e-04
1.25200000e-01 1.09956793e-04
1.26100000e-01 6.00463214e-05
1.27000000e-01 2.47147541e-05
1.27900000e-01 4.84671559e-06
1.28800000e-01 5.04788540e-07
1.29700000e-01 1.09600926e-05
1.30600000e-01 3.47618284e-05
1.31500000e-01 6.98406856e-05
1.32400000e-01 1.13639514e-04
1.33300000e-01 1.63263557e-04
1.34200000e-01 2.15641853e-04
1.35100000e-01 2.67691203e-04
1.36000000e-01 3.16474285e-04
1.36900000e-01 3.59344136e-04
1.37800000e-01 3.94068207e-04
1.38700000e-01 4.18926486e-04
1.39600000e-01 4.32779707e-04
1.40500000e-01 4.35105324e-04
1.41400000e-01 4.26000644e-04
1.42300000e-01 4.06154201e-04
1.43200000e-01 3.76788011e-04
1.44100000e-01 3.39574737e-04
1.45000000e-01 2.96534899e-04
1.45900000e-01 2.49920093e-04
1.46800000e-01 2.02088686e-04
1.47700000e-01 1.55380575e-04
1.48600000e-01 1.11997445e-04
1.49500000e-01 7.38944039e-05
1.50400000e-01 4.26881381e-05
1.51300000e-01 1.95856697e-05
1.52200000e-01 5.33662757e-06
1.53100000e-01 2.10642556e-07
1.54000000e-01 4.00014231e-06
1.54900000e-01 1.60475225e-05
1.55800000e-01 3.52944643e-05
1.56700000e-01 6.03501185e-05
1.57600000e-01 8.95740269e-05
1.58500000e-01 1.21169041e-04
1.59400000e-01 1.53279149e-04
1.60300000e-01 1.84087039e-04
1.61200000e-01 2.11906418e-04
1.62100000e-01 2.35264533e-04
1.63000000e-01 2.52970991e-04
1.63900000e-01 2.64169806e-04
1.64800000e-01 2.68372550e-04
1.65700000e-01 2.65471530e-04
1.66600000e-01 2.55732953e-04
1.67500000e-01 2.39771076e-04
1.68400000e-01 2.18505279e-04
1.69300000e-01 1.93102798e-04
1.70200000e-01 1.64910518e-04
1.71100000e-01 1.35379666e-04
1.72000000e-01 1.05987491e-04
1.72900000e-01 7.81600565e-05
1.73800000e-01 5.32000615e-05
1.74700000e-01 3.22232559e-05
1.75600000e-01 1.61064452e-05
1.76500000e-01 5.44940741e-06
1.77400000e-01 5.52255220e-07
1.78300000e-01 1.40894052e-06
1.79200000e-01 7.71674992e-06
1.80100000e-01 1.89008236e-05
1.81000000e-01 3.41519883e-05
1.81900000e-01 5.24755625e-05
1.82800000e-01 7.27482976e-05
1.83700000e-01 9.37802844e-05
1.84600000e-01 1.14378493e-04
1.85500000e-01 1.33408621e-04
1.86400000e-01 1.49852124e-04
1.87300000e-01 1.62855612e-04
1.88200000e-01 1.71770298e-04
1.89100000e-01 1.76179747e-04
1.90000000e-01 1.75914821e-04
1.90900000e-01 1.71055416e-04
1.91800000e-01 1.61919276e-04
1.92700000e-01 1.49038814e-04
1.93600000e-01 1.33127481e-04
1.94500000e-01 1.15037700e-04
1.95400000e-01 9.57127714e-05
1.96300000e-01 7.61354073e-05
1.97200000e-01 5.72756258e-05
1.98100000e-01 4.00407330e-05
1.99000000e-01 2.52299067e-05
1.99900000e-01 1.34956088e-05
2.00800000e-01 5.31363563e-06
2.01700000e-01 9.63122204e-07
2.02600000e-01 5.17268951e-07
2.03500000e-01 3.84498567e-06
2.04400000e-01 1.06230794e-05
2.05300000e-01 2.03580784e-05
2.06200000e-01 3.24163122e-05
2.07100000e-01 4.60604749e-05
2.08000000e-01 6.04906142e-05
2.08900000e-01 7.48873089e-05
2.09800000e-01 8.84547460e-05
2.10700000e-01 1.00461469e-04
2.11600000e-01 1.10276750e-04
2.12500000e-01 1.17400810e-04
2.13400000e-01 1.21487481e-04
2.14300000e-01 1.22358329e-04
2.15200000e-01 1.20007716e-04
2.16100000e-01 1.14598762e-04
2.17000000e-01 1.06450659e-04
2.17900000e-01 9.60181852e-05
2.18800000e-01 8.38646889e-05
2.19700000e-01 7.06301012e-05
2.20600000e-01 5.69957493e-05
2.21500000e-01 4.36478788e-05
2.22400000e-01 3.12418050e-05
2.23300000e-01 2.03685363e-05
2.24200000e-01 1.15255416e-05
2.25100000e-01 5.09307784e-06
2.26000000e-01 1.31717265e-06
2.26900000e-01 2.99987127e-07
2.27800000e-01 1.99788325e-06
2.28700000e-01 6.22711511e-06
2.29600000e-01 1.26766694e-05
2.30500000e-01 2.09274218e-05
2.31400000e-01 3.04764679e-05
2.32300000e-01 4.07652461e-05
2.33200000e-01 5.12099048e-05
2.34100000e-01 6.12322865e-05
2.35000000e-01 7.02899051e-05
2.35900000e-01 7.79033850e-05
2.36800000e-01 8.36799929e-05
2.37700000e-01 8.73321303e-05
2.38600000e-01 8.86899403e-05
2.39500000e-01 8.77075060e-05
2.40400000e-01 8.44624619e-05
2.41300000e-01 7.91491869e-05
2.42200000e-01 7.20660742e-05
2.43100000e-01 6.35976713e-05
2.44000000e-01 5.41927315e-05
2.44900000e-01 4.43394071e-05
2.45800000e-01 3.45389363e-05
2.46700000e-01 2.52792236e-05
2.47600000e-01 1.70096908e-05
2.48500000e-01 1.01186749e-05
2.49400000e-01 4.91449667e-06
2.50300000e-01 1.61110165e-06
2.51200000e-01 3.18923259e-07
2.52100000e-01 1.04133124e-06
2.53000000e-01 3.67673058e-06
2.53900000e-01 8.02608176e-06
2.54800000e-01 1.38053364e-05
2.55700000e-01 2.06620376e-05
2.56600000e-01 2.81951343e-05
2.57500000e-01 3.59769109e-05
2.58400000e-01 4.35758482e-05
2.59300000e-01 5.05792057e-05
2.60200000e-01 5.66141575e-05
2.61100000e-01 6.13664111e-05
2.62000000e-01 6.45953929e-05
2.62900000e-01 6.61452801e-05
2.63800000e-01 6.59513906e-05
2.64700000e-01 6.40416934e-05
2.65600000e-01 6.05334598e-05
2.66500000e-01 5.56253279e-05
2.67400000e-01 4.95852881e-05
2.68300000e-01 4.27352948e-05
2.69200000e-01 3.54333760e-05
2.70100000e-01 2.80542205e-05
2.71000000e-01 2.09692841e-05
2.71900000e-01 1.45274615e-05
2.72800000e-01 9.03731830e-06
2.73700000e-01 4.75177758e-06
2.74600000e-01 1.85601017e-06
2.75500000e-01 4.59096907e-07
2.76400000e-01 5.89822591e-07
2.77300000e-01 2.19674015e-06
2.78200000e-01 5.15241853e-06
2.79100000e-01 9.26157149e-06
2.80000000e-01 1.42725688e-05
2.80900000e-01 1.98916641e-05
2.81800000e-01 2.57991471e-05
2.82700000e-01 3.16665389e-05
2.83600000e-01 3.71739169e-05
2.84500000e-01 4.20264625e-05
2.85400000e-01 4.59693836e-05
2.86300000e-01 4.88004654e-05
2.87200000e-01 5.03796400e-05
2.88100000e-01 5.06351321e-05
2.89000000e-01 4.95659243e-05
2.89900000e-01 4.72404831e-05
2.90800000e-01 4.37918814e-05
2.91700000e-01 3.94096391e-05
2.92600000e-01 3.43287688e-05
2.93500000e-01 2.88166487e-05
2.94400000e-01 2.31584484e-05
2.95300000e-01 1.76418940e-05
2.96200000e-01 1.25421791e-05
2.97100000e-01 8.10780663e-06
2.98000000e-01 4.54808293e-06
2.98900000e-01 2.02288605e-06
2.99800000e-01 6.35201292e-07
3.00700000e-01 4.26763101e-07
3.01600000e-01 1.37697454e-06
3.02500000e-01 3.40510184e-06
3.03400000e-01 6.37557060e-06
3.04300000e-01 1.01060317e-05
3.05200000e-01 1.43777264e-05
3.06100000e-01 1.89475692e-05
3.07000000e-01 2.35612860e-05
3.07900000e-01 2.79669051e-05
3.08800000e-01 3.19278884e-05
3.09700000e-01 3.52352253e-05
3.10600000e-01 3.77178753e-05
3.11500000e-01 3.92510438e-05
3.12400000e-01 3.97618958e-05
3.13300000e-01 3.92324553e-05
3.14200000e-01 3.76995868e-05
3.15100000e-01 3.52521116e-05
3.16000000e-01 3.20252583e-05
3.16900000e-01 2.81927835e-05
3.17800000e-01 2.39572154e-05
3.18700000e-01 1.95387612e-05
3.19600000e-01 1.51634805e-05
3.20500000e-01 1.10513561e-05
3.21400000e-01 7.40488705e-06
3.22300000e-01 4.39878971e-06
3.23200000e-01 2.17132808e-06
3.24100000e-01 8.17697507e-07
3.25000000e-01 3.85773384e-07
3.25900000e-01 8.74407068e-07
3.26800000e-01 2.23431526e-06
3.27700000e-01 4.37147288e-06
3.28600000e-01 7.15279016e-06
3.29500000e-01 1.04137391e-05
3.30400000e-01 1.39674979e-05
3.31300000e-01 1.76151107e-05
3.32200000e-01 2.11561133e-05
3.33100000e-01 2.43990623e-05
3.34000000e-01 2.71714193e-05
3.34900000e-01 2.93282816e-05
3.35800000e-01 3.07595232e-05
3.36700000e-01 3.13949989e-05
3.37600000e-01 3.12075682e-05
3.38500000e-01 3.02138194e-05
3.39400000e-01 2.84724907e-05
3.40300000e-01 2.60807091e-05
3.41200000e-01 2.31682786e-05
3.42100000e-01 1.98903489e-05
3.43000000e-01 1.64188721e-05
3.43900000e-01 1.29333162e-05
3.44800000e-01 9.61113141e-06
3.45700000e-01 6.61847374e-06
3.46600000e-01 4.10166576e-06
3.47500000e-01 2.17983156e-06
3.48400000e-01 9.39071931e-07
3.49300000e-01 4.28461158e-07
3.50200000e-01 6.58046347e-07
3.51100000e-01 1.59892299e-06
3.52000000e-01 3.18535057e-06
3.52900000e-01 5.31876582e-06
3.53800000e-01 7.87345437e-06
3.54700000e-01 1.07035581e-05
3.55600000e-01 1.36510308e-05
3.56500000e-01 1.65541116e-05
3.57400000e-01 1.92558632e-05
3.58300000e-01 2.16123285e-05
3.59200000e-01 2.34998832e-05
3.60100000e-01 2.48214113e-05
3.61000000e-01 2.55109993e-05
3.61900000e-01 2.55369240e-05
3.62800000e-01 2.49028035e-05
3.63700000e-01 2.36468798e-05
3.64600000e-01 2.18394969e-05
3.65500000e-01 1.95789341e-05
3.66400000e-01 1.69858380e-05
3.67300000e-01 1.41965640e-05
3.68200000e-01 1.13557937e-05
3.69100000e-01 8.60882509e-06
3.70000000e-01 6.09394328e-06
3.70900000e-01 3.93527205e-06
3.71800000e-01 2.23647190e-06
3.72700000e-01 1.07560310e-06
3.73600000e-01 5.01405599e-07
3.74500000e-01 5.31170004e-07
3.75400000e-01 1.15028793e-06
3.76300000e-01 2.31348084e-06
3.77200000e-01 3.94761873e-06
3.78100000e-01 5.95595780e-06
3.79000000e-01 8.22355477e-06
3.79900000e-01 1.06235570e-05
3.80800000e-01 1.30240264e-05
3.81700000e-01 1.52949318e-05
3.82600000e-01 1.73149412e-05
3.83500000e-01 1.89776599e-05
3.84400000e-01 2.01969979e-05
3.85300000e-01 2.09113940e-05
3.86200000e-01 2.10866955e-05
3.87100000e-01 2.07175584e-05
3.88000000e-01 1.98273181e-05
3.88900000e-01 1.84663569e-05
3.89800000e-01 1.67090772e-05
3.90700000e-01 1.46496570e-05
3.91600000e-01 1.23968284e-05
3.92500000e-01 1.00679657e-05
3.93400000e-01 7.78280355e-06
3.94300000e-01 5.65711945e-06
3.95200000e-01 3.79671173e-06
3.96100000e-01 2.29198557e-06
3.97000000e-01 1.21342199e-06
3.97900000e-01 6.08155397e-07
3.98800000e-01 4.97823772e-07
3.99700000e-01 8.77786754e-07
4.00600000e-01 1.71773381e-06
4.01500000e-01 2.96363148e-06
4.02400000e-01 4.54088923e-06
4.03300000e-01 6.35856107e-06
4.04200000e-01 8.31434859e-06
4.05100000e-01 1.03001317e-05
4.06000000e-01 1.22077299e-05
4.06900000e-01 1.39345888e-05
4.07800000e-01 1.53890938e-05
4.08700000e-01 1.64952381e-05
4.09600000e-01 1.71964075e-05
4.10500000e-01 1.74580966e-05
4.11400000e-01 1.72694263e-05
4.12300000e-01 1.66434009e-05
4.13200000e-01 1.56159064e-05
4.14100000e-01 1.42435200e-05
4.15000000e-01 1.26002614e-05
4.15900000e-01 1.07734709e-05
4.16800000e-01 8.85904091e-06
4.17700000e-01 6.95626102e-06
4.18600000e-01 5.16255173e-06
4.19500000e-01 3.56836484e-06
4.20400000e-01 2.25251633e-06
4.21300000e-01 1.27819094e-06
4.22200000e-01 6.89819794e-07
4.23100000e-01 5.10983689e-07
4.24000000e-01 7.43438960e-07
4.24900000e-01 1.36730272e-06
4.25800000e-01 2.34237288e-06
4.26700000e-01 3.61049923e-06
4.27600000e-01 5.09886754e-06
4.28500000e-01 6.72401275e-06
4.29400000e-01 8.39634119e-06
4.30300000e-01 1.00249179e-05
4.31200000e-01 1.15222641e-05
4.32100000e-01 1.28089135e-05
4.33000000e-01 1.38174893e-05
4.33900000e-01 1.44960967e-05
4.34800000e-01 1.48108580e-05
4.35700000e-01 1.47474701e-05
4.36600000e-01 1.43117145e-05
4.37500000e-01 1.35289042e-05
4.38400000e-01 1.24423125e-05
4.39300000e-01 1.11106758e-05
4.40200000e-01 9.60491625e-06
4.41100000e-01 8.00426217e-06
4.42000000e-01 6.39198110e-06
4.42900000e-01 4.85095177e-06
4.43800000e-01 3.45931073e-06
4.44700000e-01 2.28640114e-06
4.45600000e-01 1.38923278e-06
4.46500000e-01 8.09633200e-07
4.47400000e-01 5.72231179e-07
4.48300000e-01 6.83368440e-07
4.49200000e-01 1.13098562e-06
4.50100000e-01 1.88547677e-06
4.51000000e-01 2.90145589e-06
4.51900000e-01 4.12033185e-06
4.52800000e-01 5.47354661e-06
4.53700000e-01 6.88629899e-06
4.54600000e-01 8.28155233e-06
4.55500000e-01 9.58411232e-06
4.56400000e-01 1.07245598e-05
4.57300000e-01 1.16428336e-05
4.58200000e-01 1.22912798e-05
4.59100000e-01 1.26370121e-05
4.60000000e-01 1.26634697e-05
4.60900000e-01 1.23710972e-05
4.61800000e-01 1.17771244e-05
4.62700000e-01 1.09144645e-05
4.63600000e-01 9.82980216e-06
4.64500000e-01 8.58097879e-06
4.65400000e-01 7.23382188e-06
4.66300000e-01 5.85859088e-06
4.67200000e-01 4.52623095e-06
4.68100000e-01 3.30463355e-06
4.69000000e-01 2.25510034e-06
4.69900000e-01 1.42919378e-06
4.70800000e-01 8.66135618e-07
4.71700000e-01 5.90883642e-07
4.72600000e-01 6.12980162e-07
4.73500000e-01 9.26223921e-07
4.74400000e-01 1.50917347e-06
4.75300000e-01 2.32644615e-06
4.76200000e-01 3.33073559e-06
4.77100000e-01 4.46543364e-06
4.78000000e-01 5.66771218e-06
4.78900000e-01 6.87189797e-06
4.79800000e-01 8.01295975e-06
4.80700000e-01 9.02992334e-06
4.81600000e-01 9.86903603e-06
4.82500000e-01 1.04865168e-05
4.83400000e-01 1.08507524e-05
4.84300000e-01 1.09438303e-05
4.85200000e-01 1.07623346e-05
4.86100000e-01 1.03173718e-05
4.87000000e-01 9.63383302e-06
4.87900000e-01 8.74894005e-06
4.88800000e-01 7.71015864e-06
4.89700000e-01 6.57259619e-06
4.90600000e-01 5.39602556e-06
4.91500000e-01 4.24169527e-06
4.92400000e-01 3.16909597e-06
4.93300000e-01 2.23285309e-06
4.94200000e-01 1.47990761e-06
4.95100000e-01 9.47129537e-07
4.96000000e-01 6.59484902e-07
4.96900000e-01 6.28846254e-07
4.97800000e-01 8.53502316e-07
4.98700000e-01 1.31838497e-06
4.99600000e-01 1.99599398e-06
5.00500000e-01 2.84796353e-06
5.01400000e-01 3.82718158e-06
5.02300000e-01 4.88034487e-06
5.03200000e-01 5.95081129e-06
5.04100000e-01 6.98159655e-06
5.05000000e-01 7.91835684e-06
5.05900000e-01 8.71220125e-06
5.06800000e-01 9.32218841e-06
5.07700000e-01 9.71737998e-06
5.08600000e-01 9.87834836e-06
5.09500000e-01 9.79806532e-06
5.10400000e-01 9.48213212e-06
5.11300000e-01 8.94834599e-06
5.12200000e-01 8.22563319e-06
5.13100000e-01 7.35241147e-06
5.14000000e-01 6.37447409e-06
5.14900000e-01 5.34251155e-06
5.15800000e-01 4.30940500e-06
5.16700000e-01 3.32743575e-06
5.17600000e-01 2.44555806e-06
5.18500000e-01 1.70687751e-06
5.19400000e-01 1.14646487e-06
5.20300000e-01 7.89616401e-07
5.21200000e-01 6.50646769e-07
5.22100000e-01 7.32271933e-07
5.23000000e-01 1.02560776e-06
5.23900000e-01 1.51077750e-06
5.24800000e-01 2.15808935e-06
5.25700000e-01 2.92971589e-06
5.26600000e-01 3.78178152e-06
5.27500000e-01 4.66674361e-06
5.28400000e-01 5.53593905e-06
5.29300000e-01 6.34216038e-06
5.30200000e-01 7.04212586e-06
5.31100000e-01 7.59871466e-06
5.32000000e-01 7.98285239e-06
5.32900000e-01 8.17495149e-06
5.33800000e-01 8.16583583e-06
5.34700000e-01 7.95710633e-06
5.35600000e-01 7.56093470e-06
5.36500000e-01 6.99930233e-06
5.37400000e-01 6.30273041e-06
5.38300000e-01 5.50857388e-06
5.39200000e-01 4.65897347e-06
5.40100000e-01 3.79857776e-06
5.41000000e-01 2.97215740e-06
5.41900000e-01 2.22223849e-06
5.42800000e-01 1.58687967e-06
5.43700000e-01 1.09770834e-06
5.44600000e-01 7.78316941e-07
5.45500000e-01 6.43099879e-07
5.46400000e-01 6.96587886e-07
5.47300000e-01 9.33309609e-07
5.48200000e-01 1.33818229e-06
5.49100000e-01 1.88740545e-06
5.50000000e-01 2.54980523e-06
5.50900000e-01 3.28855393e-06
5.51800000e-01 4.06317022e-06
5.52700000e-01 4.83169175e-06
5.53600000e-01 5.55290371e-06
5.54500000e-01 6.18850553e-06
5.55400000e-01 6.70510183e-06
5.56300000e-01 7.07591467e-06
5.57200000e-01 7.28212944e-06
5.58100000e-01 7.31380724e-06
5.59000000e-01 7.17031985e-06
5.59900000e-01 6.86028922e-06
5.60800000e-01 6.40103962e-06
5.61700000e-01 5.81759603e-06
5.62600000e-01 5.14128624e-06
5.63500000e-01 4.40802423e-06
5.64400000e-01 3.65636851e-06
5.65300000e-01 2.92545995e-06
5.66200000e-01 2.25294927e-06
5.67100000e-01 1.67302330e-06
5.68000000e-01 1.21463351e-06
5.68900000e-01 9.00017966e-07
5.69800000e-01 7.43592106e-07
5.70700000e-01 7.51263213e-07
5.71600000e-01 9.20200690e-07
5.72500000e-01 1.23906993e-06
5.73400000e-01 1.68871305e-06
5.74300000e-01 2.24323633e-06
5.75200000e-01 2.87144321e-06
5.76100000e-01 3.53853380e-06
5.77000000e-01 4.20797911e-06
5.77900000e-01 4.84346905e-06
5.78800000e-01 5.41083107e-06
5.79700000e-01 5.87981828e-06
5.80600000e-01 6.22567407e-06
5.81500000e-01 6.43039248e-06
5.82400000e-01 6.48361088e-06
5.83300000e-01 6.38309091e-06
5.84200000e-01 6.13476629e-06
5.85100000e-01 5.75235859e-06
5.86000000e-01 5.25658530e-06
5.86900000e-01 4.67400549e-06
5.87800000e-01 4.03556719e-06
5.88700000e-01 3.37493564e-06
5.89600000e-01 2.72669258e-06
5.90500000e-01 2.12450263e-06
5.91400000e-01 1.59934363e-06
5.92300000e-01 1.17789372e-06
5.93200000e-01 8.81158796e-07
5.94100000e-01 7.23410593e-07
5.95000000e-01 7.11488604e-07
5.95900000e-01 8.44499541e-07
5.96800000e-01 1.11392670e-06
5.97700000e-01 1.50413998e-06
5.98600000e-01 1.99327617e-06
5.99500000e-01 2.55444016e-06
6.00400000e-01 3.15716083e-06
6.01300000e-01 3.76902304e-06
6.02200000e-01 4.35738818e-06
6.03100000e-01 4.89111199e-06
6.04000000e-01 5.34216935e-06
6.04900000e-01 5.68710123e-06
6.05800000e-01 5.90820942e-06
6.06700000e-01 5.99443805e-06
6.07600000e-01 5.94189859e-06
6.08500000e-01 5.75401344e-06
6.09400000e-01 5.44127411e-06
6.10300000e-01 5.02062991e-06
6.11200000e-01 4.51454247e-06
6.12100000e-01 3.94975879e-06
6.13000000e-01 3.35586963e-06
6.13900000e-01 2.76373105e-06
6.14800000e-01 2.20383315e-06
6.15700000e-01 1.70470223e-06
6.16600000e-01 1.29142019e-06
6.17500000e-01 9.84337866e-07
6.18400000e-01 7.98048262e-07
6.19300000e-01 7.40671445e-07
6.20200000e-01 8.13485903e-07
6.21100000e-01 1.01092273e-06
6.22000000e-01 1.32091979e-06
6.22900000e-01 1.72561399e-06
6.23800000e-01 2.20233243e-06
6.24700000e-01 2.72482759e-06
6.25600000e-01 3.26468945e-06
6.26500000e-01 3.79285888e-06
6.27400000e-01 4.28116162e-06
6.28300000e-01 4.70378221e-06
6.29200000e-01 5.03860074e-06
6.30100000e-01 5.26832342e-06
6.31000000e-01 5.38134928e-06
6.31900000e-01 5.37232973e-06
6.32800000e-01 5.24239431e-06
6.33700000e-01 4.99903362e-06
6.34600000e-01 4.65564860e-06
6.35500000e-01 4.23079288e-06
6.36400000e-01 3.74715063e-06
6.37300000e-01 3.23030606e-06
6.38200000e-01 2.70737111e-06
6.39100000e-01 2.20554477e-06
6.40000000e-01 1.75068044e-06
6.40900000e-01 1.36593652e-06
6.41800000e-01 1.07058065e-06
6.42700000e-01 8.79009081e-07
6.43600000e-01 8.00030844e-07
6.44500000e-01 8.36452190e-07
6.45400000e-01 9.84980445e-07
6.46300000e-01 1.23644959e-06
6.47200000e-01 1.57635291e-06
6.48100000e-01 1.98565196e-06
6.49000000e-01 2.44181691e-06
6.49900000e-01 2.92004155e-06
6.50800000e-01 3.39456740e-06
6.51700000e-01 3.84004642e-06
6.52600000e-01 4.23287017e-06
6.53500000e-01 4.55239586e-06
6.54400000e-01 4.78200564e-06
6.55300000e-01 4.90994486e-06
6.56200000e-01 4.92989702e-06
6.57100000e-01 4.84126770e-06
6.58000000e-01 4.64916480e-06
6.58900000e-01 4.36407897e-06
6.59800000e-01 4.00128365e-06
6.60700000e-01 3.57998875e-06
6.61600000e-01 3.12229470e-06
6.62500000e-01 2.65200373e-06
6.63400000e-01 2.19335218e-06
6.64300000e-01 1.76973141e-06
6.65200000e-01 1.40246460e-06
6.66100000e-01 1.10970359e-06
6.67000000e-01 9.05502726e-07
6.67900000e-01 7.99116899e-07
6.68800000e-01 7.94558953e-07
6.69700000e-01 8.90437383e-07
6.70600000e-01 1.08008048e-06
6.71500000e-01 1.35193785e-06
6.72400000e-01 1.69023575e-06
6.73300000e-01 2.07584939e-06
6.74200000e-01 2.48734433e-06
6.75100000e-01 2.90213062e-06
6.76000000e-01 3.29766769e-06
6.76900000e-01 3.65265608e-06
6.77800000e-01 3.94815307e-06
6.78700000e-01 4.16855417e-06
6.79600000e-01 4.30238957e-06
6.80500000e-01 4.34289524e-06
6.81400000e-01 4.28833027e-06
6.82300000e-01 4.14202600e-06
6.83200000e-01 3.91216640e-06
6.84100000e-01 3.61131369e-06
6.85000000e-01 3.25570624e-06
6.85900000e-01 2.86436793e-06
6.86800000e-01 2.45807728e-06
6.87700000e-01 2.05825228e-06
6.88600000e-01 1.68581031e-06
6.89500000e-01 1.36006376e-06
6.90400000e-01 1.09770928e-06
6.91300000e-01 9.11963518e-07
6.92200000e-01 8.11889677e-07
6.93100000e-01 8.01949132e-07
6.94000000e-01 8.81799948e-07
6.94900000e-01 1.04635105e-06
6.95800000e-01 1.28606722e-06
6.96700000e-01 1.58750680e-06
6.97600000e-01 1.93406197e-06
6.98500000e-01 2.30686091e-06
6.99400000e-01 2.68578285e-06
7.00300000e-01 3.05053170e-06
7.01200000e-01 3.38171088e-06
7.02100000e-01 3.66184272e-06
7.03000000e-01 3.87627894e-06
7.03900000e-01 4.01395479e-06
7.04800000e-01 4.06794846e-06
7.05700000e-01 4.03581740e-06
7.06600000e-01 3.91969551e-06
7.07500000e-01 3.72614790e-06
7.08400000e-01 3.46579262e-06
7.09300000e-01 3.15271095e-06
7.10200000e-01 2.80367913e-06
7.11100000e-01 2.43726320e-06
7.12000000e-01 2.07282580e-06
7.12900000e-01 1.72949800e-06
7.13800000e-01 1.42517072e-06
7.14700000e-01 1.17555867e-06
7.15600000e-01 9.93385853e-07
7.16500000e-01 8.87734626e-07
7.17400000e-01 8.63591500e-07
7.18300000e-01 9.21612236e-07
7.19200000e-01 1.05811703e-06
7.20100000e-01 1.26531439e-06
7.21000000e-01 1.53174024e-06
7.21900000e-01 1.84288756e-06
7.22800000e-01 2.18199195e-06
7.23700000e-01 2.53093064e-06
7.24600000e-01 2.87118658e-06
7.25500000e-01 3.18482656e-06
7.26400000e-01 3.45544135e-06
7.27300000e-01 3.66899892e-06
7.28200000e-01 3.81456613e-06
7.29100000e-01 3.88486193e-06
7.30000000e-01 3.87661407e-06
7.30900000e-01 3.79070201e-06
7.31800000e-01 3.63207995e-06
7.32700000e-01 3.40948574e-06
7.33600000e-01 3.13495253e-06
7.34500000e-01 2.82315033e-06
7.35400000e-01 2.49059341e-06
7.36300000e-01 2.15475644e-06
7.37200000e-01 1.83314645e-06
7.38100000e-01 1.54237999e-06
7.39000000e-01 1.29731406e-06
7.39900000e-01 1.11027627e-06
7.40800000e-01 9.90434078e-07
7.41700000e-01 9.43335397e-07
7.42600000e-01 9.70643456e-07
7.43500000e-01 1.07007861e-06
7.44400000e-01 1.23556856e-06
7.45300000e-01 1.45759759e-06
7.46200000e-01 1.72373499e-06
7.47100000e-01 2.01931332e-06
7.48000000e-01 2.32821990e-06
7.48900000e-01 2.63375873e-06
7.49800000e-01 2.91953696e-06
7.50700000e-01 3.17032887e-06
7.51600000e-01 3.37287204e-06
7.52500000e-01 3.51655406e-06
7.53400000e-01 3.59395439e-06
7.54300000e-01 3.60121370e-06
7.55200000e-01 3.53821260e-06
7.56100000e-01 3.40855140e-06
7.57000000e-01 3.21933369e-06
7.57900000e-01 2.98076622e-06
7.58800000e-01 2.70559775e-06
7.59700000e-01 2.40842749e-06
7.60600000e-01 2.10492054e-06
7.61500000e-01 1.81097246e-06
7.62400000e-01 1.54186746e-06
7.63300000e-01 1.31147454e-06
7.64200000e-01 1.13152400e-06
7.65100000e-01 1.01100178e-06
7.66000000e-01 9.55692902e-07
7.66900000e-01 9.67897145e-07
7.67800000e-01 1.04633069e-06
7.68700000e-01 1.18621782e-06
7.69600000e-01 1.37956639e-06
7.70500000e-01 1.61561153e-06
7.71400000e-01 1.88140279e-06
7.72300000e-01 2.16250287e-06
7.73200000e-01 2.44376043e-06
7.74100000e-01 2.71011542e-06
7.75000000e-01 2.94739448e-06
7.75900000e-01 3.14305424e-06
7.76800000e-01 3.28683374e-06
7.77700000e-01 3.37128218e-06
7.78600000e-01 3.39213468e-06
7.79500000e-01 3.34851750e-06
7.80400000e-01 3.24297282e-06
7.81300000e-01 3.08130285e-06
7.82200000e-01 2.87224288e-06
7.83100000e-01 2.62698135e-06
7.84000000e-01 2.35855349e-06
7.84900000e-01 2.08114112e-06
7.85800000e-01 1.80931626e-06
7.86700000e-01 1.55726888e-06
7.87600000e-01 1.33805952e-06
7.88500000e-01 1.16293613e-06
7.89400000e-01 1.04075081e-06
7.90300000e-01 9.77506600e-07
7.91200000e-01 9.76057374e-07
7.92100000e-01 1.03597585e-06
7.93000000e-01 1.15359559e-06
7.93900000e-01 1.32222370e-06
7.94800000e-01 1.53251206e-06
7.95700000e-01 1.77296646e-06
7.96600000e-01 2.03056605e-06
7.97500000e-01 2.29145974e-06
7.98400000e-01 2.54170228e-06
7.99300000e-01 2.76799119e-06
8.00200000e-01 2.95836548e-06
8.01100000e-01 3.10282956e-06
8.02000000e-01 3.19387011e-06
8.02900000e-01 3.22683900e-06
8.03800000e-01 3.20018302e-06
8.04700000e-01 3.11550922e-06
8.05600000e-01 2.97748326e-06
8.06500000e-01 2.79356718e-06
8.07400000e-01 2.57361129e-06
8.08300000e-01 2.32932244e-06
8.09200000e-01 2.07363749e-06
8.10100000e-01 1.82003543e-06
8.11000000e-01 1.58182465e-06
8.11900000e-01 1.37144313e-06
8.12800000e-01 1.19980818e-06
8.13700000e-01 1.07574971e-06
8.14600000e-01 1.00555635e-06
8.15500000e-01 9.92657552e-07
8.16400000e-01 1.03745783e-06
8.17300000e-01 1.13733071e-06
8.18200000e-01 1.28677197e-06
8.19100000e-01 1.47770316e-06
8.20000000e-01 1.69990859e-06
8.20900000e-01 1.94158208e-06
8.21800000e-01 2.18995407e-06
8.22700000e-01 2.43196585e-06
8.23600000e-01 2.65495503e-06
8.24500000e-01 2.84731645e-06
8.25400000e-01 2.99910383e-06
8.26300000e-01 3.10254098e-06
8.27200000e-01 3.15241644e-06
8.28100000e-01 3.14634132e-06
8.29000000e-01 3.08485785e-06
8.29900000e-01 2.97139372e-06
8.30800000e-01 2.81206573e-06
8.31700000e-01 2.61534369e-06
8.32600000e-01 2.39159331e-06
8.33500000e-01 2.15252270e-06
8.34400000e-01 1.91056205e-06
8.35300000e-01 1.67820943e-06
8.36200000e-01 1.46737724e-06
8.37100000e-01 1.28877355e-06
8.38000000e-01 1.15135040e-06
8.38900000e-01 1.06184768e-06
8.39800000e-01 1.02445570e-06
8.40700000e-01 1.04061349e-06
8.41600000e-01 1.10895237e-06
8.42500000e-01 1.22538680e-06
8.43400000e-01 1.38334684e-06
8.44300000e-01 1.57413891e-06
8.45200000e-01 1.78741532e-06
8.46100000e-01 2.01172697e-06
8.47000000e-01 2.23512988e-06
8.47900000e-01 2.44581332e-06
8.48800000e-01 2.63271649e-06
8.49700000e-01 2.78610157e-06
8.50600000e-01 2.89805334e-06
8.51500000e-01 2.96287982e-06
8.52400000e-01 2.97739350e-06
8.53300000e-01 2.94105950e-06
8.54200000e-01 2.85600361e-06
8.55100000e-01 2.72688099e-06
8.56000000e-01 2.56061336e-06
8.56900000e-01 2.36600941e-06
8.57800000e-01 2.15328928e-06
8.58700000e-01 1.93353859e-06
8.59600000e-01 1.71812137e-06
8.60500000e-01 1.51808288e-06
8.61400000e-01 1.34357372e-06
8.62300000e-01 1.20332535e-06
8.63200000e-01 1.10420408e-06
8.64100000e-01 1.05086644e-06
8.65000000e-01 1.04553311e-06
8.65900000e-01 1.08789252e-06
8.66800000e-01 1.17513815e-06
8.67700000e-01 1.30213639e-06
8.68600000e-01 1.46171548e-06
8.69500000e-01 1.64505901e-06
8.70400000e-01 1.84218282e-06
8.71300000e-01 2.04246941e-06
8.72200000e-01 2.23523138e-06
8.73100000e-01 2.41027400e-06
8.74000000e-01 2.55842743e-06
8.74900000e-01 2.67202065e-06
8.75800000e-01 2.74527278e-06
8.76700000e-01 2.77458178e-06
8.77600000e-01 2.75869600e-06
8.78500000e-01 2.69876067e-06
8.79400000e-01 2.59823762e-06
8.80300000e-01 2.46270364e-06
8.81200000e-01 2.29953885e-06
8.82100000e-01 2.11752245e-06
8.83000000e-01 1.92635787e-06
8.83900000e-01 1.73615277e-06
8.84800000e-01 1.55688187e-06
8.85700000e-01 1.39786082e-06
8.86600000e-01 1.26725893e-06
8.87500000e-01 1.17167618e-06
8.88400000e-01 1.11580626e-06
8.89300000e-01 1.10220284e-06
8.90200000e-01 1.13116057e-06
8.91100000e-01 1.20071641e-06
8.92000000e-01 1.30677009e-06
8.92900000e-01 1.44331669e-06
8.93800000e-01 1.60277803e-06
8.94700000e-01 1.77641489e-06
8.95600000e-01 1.95479748e-06
8.96500000e-01 2.12830901e-06
8.97400000e-01 2.28765554e-06
8.98300000e-01 2.42435506e-06
8.99200000e-01 2.53118016e-06
9.00100000e-01 2.60253128e-06
9.01000000e-01 2.63472123e-06
9.01900000e-01 2.62615666e-06
9.02800000e-01 2.57740756e-06
9.03700000e-01 2.49116207e-06
9.04600000e-01 2.37206953e-06
9.05500000e-01 2.22648115e-06
9.06400000e-01 2.06210253e-06
9.07300000e-01 1.88757712e-06
9.08200000e-01 1.71202310e-06
9.09100000e-01 1.54454845e-06
9.10000000e-01 1.39377009e-06
9.10900000e-01 1.26736237e-06
9.11800000e-01 1.17165867e-06
9.12700000e-01 1.11132681e-06
9.13600000e-01 1.08913480e-06
9.14500000e-01 1.10581883e-06
9.15400000e-01 1.16005967e-06
9.16300000e-01 1.24856807e-06
9.17200000e-01 1.36627368e-06
9.18100000e-01 1.50660711e-06
9.19000000e-01 1.66185912e-06
9.19900000e-01 1.82359781e-06
9.20800000e-01 1.98312099e-06
9.21700000e-01 2.13191972e-06
9.22600000e-01 2.26212834e-06
9.23500000e-01 2.36693716e-06
9.24400000e-01 2.44094635e-06
9.25300000e-01 2.48044247e-06
9.26200000e-01 2.48358366e-06
9.27100000e-01 2.45048423e-06
9.28000000e-01 2.38319478e-06
9.28900000e-01 2.28557964e-06
9.29800000e-01 2.16309871e-06
9.30700000e-01 2.02250612e-06
9.31600000e-01 1.87148184e-06
9.32500000e-01 1.71821661e-06
9.33400000e-01 1.57097225e-06
9.34300000e-01 1.43764089e-06
9.35200000e-01 1.32532663e-06
9.36100000e-01 1.23997150e-06
9.37000000e-01 1.18604546e-06
9.37900000e-01 1.16631653e-06
9.38800000e-01 1.18171253e-06
9.39700000e-01 1.23128159e-06
9.40600000e-01 1.31225264e-06
9.41500000e-01 1.42019228e-06
9.42400000e-01 1.54924907e-06
9.43300000e-01 1.69247179e-06
9.44200000e-01 1.84218442e-06
9.45100000e-01 1.99039752e-06
9.46000000e-01 2.12923412e-06
9.46900000e-01 2.25134730e-06
9.47800000e-01 2.35030748e-06
9.48700000e-01 2.42093893e-06
9.49600000e-01 2.45958805e-06
9.50500000e-01 2.46430942e-06
9.51400000e-01 2.43496031e-06
9.52300000e-01 2.37319903e-06
9.53200000e-01 2.28238781e-06
9.54100000e-01 2.16740580e-06
9.55000000e-01 2.03438255e-06
9.55900000e-01 1.89036661e-06
9.56800000e-01 1.74294708e-06
9.57700000e-01 1.59984845e-06
9.58600000e-01 1.46852028e-06
9.59500000e-01 1.35574366e-06
9.60400000e-01 1.26727501e-06
9.61300000e-01 1.20754609e-06
9.62200000e-01 1.17943578e-06
9.63100000e-01 1.18412531e-06
9.64000000e-01 1.22104431e-06
9.64900000e-01 1.28791003e-06
9.65800000e-01 1.38085719e-06
9.66700000e-01 1.49465122e-06
9.67600000e-01 1.62297308e-06
9.68500000e-01 1.75876031e-06
9.69400000e-01 1.89458597e-06
9.70300000e-01 2.02305519e-06
9.71200000e-01 2.13719823e-06
9.72100000e-01 2.23083933e-06
9.73000000e-01 2.29892182e-06
9.73900000e-01 2.33777254e-06
9.74800000e-01 2.34529181e-06
9.75700000e-01 2.32105927e-06
9.76600000e-01 2.26635025e-06
9.77500000e-01 2.18406230e-06
9.78400000e-01 2.07855614e-06
9.79300000e-01 1.95541971e-06
9.80200000e-01 1.82116826e-06
9.81100000e-01 1.68289645e-06
9.82000000e-01 1.54790124e-06
9.82900000e-01 1.42329541e-06
9.83800000e-01 1.31563232e-06
9.84700000e-01 1.23056157e-06
9.85600000e-01 1.17253372e-06
9.86500000e-01 1.14456929e-06
9.87400000e-01 1.14810416e-06
9.88300000e-01 1.18291898e-06
9.89200000e-01 1.24715613e-06
9.90100000e-01 1.33742292e-06
9.91000000e-01 1.44897515e-06
9.91900000e-01 1.57597110e-06
9.92800000e-01 1.71178220e-06
9.93700000e-01 1.84934388e-06
9.94600000e-01 1.98152778e-06
9.95500000e-01 2.10151578e-06
9.96400000e-01 2.20315607e-06
9.97300000e-01 2.28128269e-06
9.98200000e-01 2.33198174e-06
9.99100000e-01 2.35279071e-06
1.00000000e+00 2.34282059e-06
1.00900000e+00 1.32441740e-06
1.01800000e+00 1.80044234e-06
1.02700000e+00 2.13795552e-06
1.03600000e+00 1.28287458e-06
1.04500000e+00 2.15635583e-06
1.05400000e+00 1.86637349e-06
1.06300000e+00 1.29808552e-06
1.07200000e+00 2.09148994e-06
1.08100000e+00 1.46639481e-06
1.09000000e+00 1.56055479e-06
1.09900000e+00 2.10599964e-06
1.10800000e+00 1.34574148e-06
1.11700000e+00 1.87888787e-06
1.12600000e+00 1.99536115e-06
1.13500000e+00 1.34247635e-06
1.14400000e+00 1.95904957e-06
1.15300000e+00 1.65393728e-06
1.16200000e+00 1.43361668e-06
1.17100000e+00 2.01532898e-06
1.18000000e+00 1.52430899e-06
1.18900000e+00 1.75925150e-06
1.19800000e+00 2.03949234e-06
1.20700000e+00 1.46159816e-06
1.21600000e+00 1.90936296e-06
1.22500000e+00 1.81779911e-06
1.23400000e+00 1.46312581e-06
1.24300000e+00 2.05421950e-06
1.25200000e+00 1.74435304e-06
1.26100000e+00 1.65872082e-06
1.27000000e+00 2.03991191e-06
1.27900000e+00 1.62017173e-06
1.28800000e+00 1.83538028e-06
1.29700000e+00 1.89905880e-06
1.30600000e+00 1.55807913e-06
1.31500000e+00 2.03888097e-06
1.32400000e+00 1.87350515e-06
1.33300000e+00 1.73172588e-06
1.34200000e+00 2.18871124e-06
1.35100000e+00 1.73858797e-06
1.36000000e+00 1.72540387e-06
1.36900000e+00 2.05609267e-06
1.37800000e+00 1.71936173e-06
1.38700000e+00 1.95723979e-06
1.39600000e+00 1.95851901e-06
1.40500000e+00 1.69198882e-06
1.41400000e+00 2.12671374e-06
1.42300000e+00 1.99836519e-06
1.43200000e+00 1.86269739e-06
1.44100000e+00 2.12589082e-06
1.45000000e+00 1.82457279e-06
1.45900000e+00 1.93340227e-06
1.46800000e+00 2.12503786e-06
1.47700000e+00 1.87548249e-06
1.48600000e+00 2.07429491e-06
1.49500000e+00 1.95844715e-06
1.50400000e+00 1.77667064e-06
1.51300000e+00 2.10779404e-06
1.52200000e+00 1.93230964e-06
1.53100000e+00 1.87296266e-06
1.54000000e+00 2.06936985e-06
1.54900000e+00 1.88071736e-06
1.55800000e+00 2.07517152e-06
1.56700000e+00 2.16511257e-06
1.57600000e+00 1.95609906e-06
1.58500000e+00 2.16579668e-06
1.59400000e+00 2.06519436e-06
1.60300000e+00 1.91236087e-06
1.61200000e+00 2.09806932e-06
1.62100000e+00 1.97053001e-06
1.63000000e+00 2.02192085e-06
1.63900000e+00 2.13037091e-06
1.64800000e+00 1.96832887e-06
1.65700000e+00 2.14216518e-06
1.66600000e+00 2.22257153e-06
1.67500000e+00 2.17824673e-06
1.68400000e+00 2.26551401e-06
1.69300000e+00 2.06159584e-06
1.70200000e+00 2.11356084e-06
1.71100000e+00 2.29132859e-06
1.72000000e+00 2.12938725e-06
1.72900000e+00 2.26760640e-06
1.73800000e+00 2.26498766e-06
1.74700000e+00 2.05665285e-06
1.75600000e+00 2.26202552e-06
1.76500000e+00 2.18645956e-06
1.77400000e+00 2.09773009e-06
1.78300000e+00 2.39852503e-06
1.79200000e+00 2.30971233e-06
1.80100000e+00 2.18425079e-06
1.81000000e+00 2.20629370e-06
1.81900000e+00 2.08655477e-06
1.82800000e+00 2.21169167e-06
1.83700000e+00 2.26708006e-06
1.84600000e+00 2.24709714e-06
1.85500000e+00 2.42485174e-06
1.86400000e+00 2.31944629e-06
1.87300000e+00 2.27892816e-06
1.88200000e+00 2.42732604e-06
1.89100000e+00 2.34417990e-06
1.90000000e+00 2.39828750e-06
1.90900000e+00 2.37744466e-06
1.91800000e+00 2.24851054e-06
1.92700000e+00 2.42386193e-06
1.93600000e+00 2.34765482e-06
1.94500000e+00 2.23290880e-06
1.95400000e+00 2.38254840e-06
1.96300000e+00 2.23354251e-06
1.97200000e+00 2.25972146e-06
1.98100000e+00 2.47603754e-06
1.99000000e+00 2.38483997e-06
1.99900000e+00 2.49986892e-06
2.00800000e+00 2.50837714e-06
2.01700000e+00 2.19982897e-06
2.02600000e+00 2.24106475e-06
2.03500000e+00 2.33040588e-06
2.04400000e+00 2.40481824e-06
2.05300000e+00 2.60697033e-06
2.06200000e+00 2.53287591e-06
2.07100000e+00 2.58401541e-06
2.08000000e+00 2.78217812e-06
2.08900000e+00 2.67334974e-06
2.09800000e+00 2.61647837e-06
2.10700000e+00 2.56536545e-06
2.11600000e+00 2.51206176e-06
2.12500000e+00 2.72627706e-06
2.13400000e+00 2.74399702e-06
2.14300000e+00 2.63903195e-06
2.15200000e+00 2.68068307e-06
2.16100000e+00 2.55750697e-06
2.17000000e+00 2.54606573e-06
2.17900000e+00 2.73986729e-06
2.18800000e+00 2.77295068e-06
2.19700000e+00 2.74584772e-06
2.20600000e+00 2.72572278e-06
2.21500000e+00 2.80206293e-06
2.22400000e+00 2.94138909e-06
2.23300000e+00 2.83177772e-06
2.24200000e+00 2.70528243e-06
2.25100000e+00 2.72693897e-06
2.26000000e+00 2.75664409e-06
2.26900000e+00 2.84182417e-06
2.27800000e+00 2.77191573e-06
2.28700000e+00 2.65288333e-06
2.29600000e+00 2.77639282e-06
2.30500000e+00 2.79777332e-06
2.31400000e+00 2.73483086e-06
2.32300000e+00 2.83060916e-06
2.33200000e+00 2.88515243e-06
2.34100000e+00 2.89431908e-06
2.35000000e+00 2.83803900e-06
2.35900000e+00 2.71491801e-06
2.36800000e+00 2.69950912e-06
2.37700000e+00 2.69350236e-06
2.38600000e+00 2.78505828e-06
2.39500000e+00 2.97958821e-06
2.40400000e+00 2.97022735e-06
2.41300000e+00 2.92921562e-06
2.42200000e+00 2.89859202e-06
2.43100000e+00 2.76521678e-06
2.44000000e+00 2.79645672e-06
2.44900000e+00 2.83140935e-06
2.45800000e+00 2.80170776e-06
2.46700000e+00 2.98318823e-06
2.47600000e+00 3.05131167e-06
2.48500000e+00 2.94003988e-06
2.49400000e+00 2.97030894e-06
2.50300000e+00 2.99743100e-06
2.51200000e+00 2.99087308e-06
2.52100000e+00 3.03824057e-06
2.53000000e+00 3.09598276e-06
2.53900000e+00 3.14784686e-06
2.54800000e+00 3.05498196e-06
2.55700000e+00 3.01199018e-06
2.56600000e+00 3.19520413e-06
2.57500000e+00 3.22167406e-06
2.58400000e+00 3.09463541e-06
2.59300000e+00 3.04183490e-06
2.60200000e+00 3.00870740e-06
2.61100000e+00 3.11406915e-06
2.62000000e+00 3.25874119e-06
2.62900000e+00 3.22659879e-06
2.63800000e+00 3.13515689e-06
2.64700000e+00 3.01771033e-06
2.65600000e+00 3.01515303e-06
2.66500000e+00 3.21661538e-06
2.67400000e+00 3.30388738e-06
2.68300000e+00 3.25144445e-06
2.69200000e+00 3.22729498e-06
2.70100000e+00 3.25072263e-06
2.71000000e+00 3.35302295e-06
2.71900000e+00 3.32392400e-06
2.72800000e+00 3.16572271e-06
2.73700000e+00 3.21923889e-06
2.74600000e+00 3.34877731e-06
2.75500000e+00 3.32226183e-06
2.76400000e+00 3.23069547e-06
2.77300000e+00 3.13433164e-06
2.78200000e+00 3.10740776e-06
2.79100000e+00 3.15828136e-06
2.80000000e+00 3.21799521e-06
2.80900000e+00 3.25865230e-06
2.81800000e+00 3.21340541e-06
2.82700000e+00 3.19174635e-06
2.83600000e+00 3.26214802e-06
2.84500000e+00 3.24617912e-06
2.85400000e+00 3.19283642e-06
2.86300000e+00 3.23979929e-06
2.87200000e+00 3.37160827e-06
2.88100000e+00 3.48874081e-06
2.89000000e+00 3.41008327e-06
2.89900000e+00 3.35787696e-06
2.90800000e+00 3.55733913e-06
2.91700000e+00 3.56893706e-06
2.92600000e+00 3.35130113e-06
2.93500000e+00 3.37586315e-06
2.94400000e+00 3.52179523e-06
2.95300000e+00 3.53197974e-06
2.96200000e+00 3.52803158e-06
2.97100000e+00 3.57797300e-06
2.98000000e+00 3.58613624e-06
2.98900000e+00 3.46818303e-06
2.99800000e+00 3.38060431e-06
3.00700000e+00 3.48532940e-06
3.01600000e+00 3.55562258e-06
3.02500000e+00 3.45919371e-06
3.03400000e+00 3.45905354e-06
3.04300000e+00 3.65769762e-06
3.05200000e+00 3.76575146e-06
3.06100000e+00 3.66705952e-06
3.07000000e+00 3.69815273e-06
3.07900000e+00 3.88552141e-06
3.08800000e+00 3.84793829e-06
3.09700000e+00 3.68787266e-06
3.10600000e+00 3.68033103e-06
3.11500000e+00 3.74156553e-06
3.12400000e+00 3.82527543e-06
3.13300000e+00 3.84456229e-06
3.14200000e+00 3.72455125e-06
3.15100000e+00 3.70748651e-06
3.16000000e+00 3.86095037e-06
3.16900000e+00 3.95455738e-06
3.17800000e+00 3.90539028e-06
3.18700000e+00 3.83068209e-06
3.19600000e+00 3.83379527e-06
3.20500000e+00 3.80438985e-06
3.21400000e+00 3.68805561e-06
3.22300000e+00 3.64729288e-06
3.23200000e+00 3.69102450e-06
3.24100000e+00 3.81644074e-06
3.25000000e+00 3.99530530e-06
3.25900000e+00 3.91589051e-06
3.26800000e+00 3.68754639e-06
3.27700000e+00 3.81664965e-06
3.28600000e+00 4.14829854e-06
3.29500000e+00 4.16092747e-06
3.30400000e+00 3.94366632e-06
3.31300000e+00 3.96041146e-06
3.32200000e+00 4.14417421e-06
3.33100000e+00 4.10258682e-06
3.34000000e+00 4.05245037e-06
3.34900000e+00 4.19765821e-06
3.35800000e+00 4.06318051e-06
3.36700000e+00 3.69027138e-06
3.37600000e+00 3.68733756e-06
3.38500000e+00 3.94426289e-06
3.39400000e+00 4.02902596e-06
3.40300000e+00 3.99982230e-06
3.41200000e+00 3.99939152e-06
3.42100000e+00 3.99604643e-06
3.43000000e+00 4.06306360e-06
3.43900000e+00 4.22573080e-06
3.44800000e+00 4.19900591e-06
3.45700000e+00 3.99224380e-06
3.46600000e+00 4.03843009e-06
3.47500000e+00 4.21753683e-06
3.48400000e+00 4.19066297e-06
3.49300000e+00 4.20851917e-06
3.50200000e+00 4.30697618e-06
3.51100000e+00 4.19945354e-06
3.52000000e+00 4.06828378e-06
3.52900000e+00 4.10735886e-06
3.53800000e+00 4.18596788e-06
3.54700000e+00 4.25173604e-06
3.55600000e+00 4.25933847e-06
3.56500000e+00 4.19908819e-06
3.57400000e+00 4.25717712e-06
3.58300000e+00 4.42946245e-06
3.59200000e+00 4.41985080e-06
3.60100000e+00 4.18381929e-06
3.61000000e+00 4.02374446e-06
3.61900000e+00 4.08056229e-06
3.62800000e+00 4.21620477e-06
3.63700000e+00 4.28569701e-06
3.64600000e+00 4.31580015e-06
3.65500000e+00 4.43898559e-06
3.66400000e+00 4.52097955e-06
3.67300000e+00 4.41186789e-06
3.68200000e+00 4.41006118e-06
3.69100000e+00 4.51940250e-06
3.70000000e+00 4.41546140e-06
3.70900000e+00 4.35325703e-06
3.71800000e+00 4.45828907e-06
3.72700000e+00 4.40493302e-06
3.73600000e+00 4.36555283e-06
3.74500000e+00 4.49522857e-06
3.75400000e+00 4.54882043e-06
3.76300000e+00 4.54790320e-06
3.77200000e+00 4.48818709e-06
3.78100000e+00 4.35039354e-06
3.79000000e+00 4.41452409e-06
3.79900000e+00 4.57788234e-06
3.80800000e+00 4.53650360e-06
3.81700000e+00 4.46958736e-06
3.82600000e+00 4.51595803e-06
3.83500000e+00 4.48639565e-06
3.84400000e+00 4.36427046e-06
3.85300000e+00 4.37941046e-06
3.86200000e+00 4.58021153e-06
3.87100000e+00 4.74338791e-06
3.88000000e+00 4.75489671e-06
3.88900000e+00 4.60523907e-06
3.89800000e+00 4.35321358e-06
3.90700000e+00 4.39596421e-06
3.91600000e+00 4.80948207e-06
3.92500000e+00 4.92855797e-06
3.93400000e+00 4.58055785e-06
3.94300000e+00 4.40370187e-06
3.95200000e+00 4.56254125e-06
3.96100000e+00 4.65463435e-06
3.97000000e+00 4.66904069e-06
3.97900000e+00 4.81790841e-06
3.98800000e+00 4.90763598e-06
3.99700000e+00 4.76201930e-06
4.00600000e+00 4.58873375e-06
4.01500000e+00 4.51431650e-06
4.02400000e+00 4.53966718e-06
4.03300000e+00 4.68288905e-06
4.04200000e+00 4.76884837e-06
4.05100000e+00 4.73852112e-06
4.06000000e+00 4.80222280e-06
4.06900000e+00 4.95381034e-06
4.07800000e+00 5.02655285e-06
4.08700000e+00 4.99133964e-06
4.09600000e+00 4.94080291e-06
4.10500000e+00 5.01328590e-06
4.11400000e+00 5.10803115e-06
4.12300000e+00 5.00035183e-06
4.13200000e+00 4.81519677e-06
4.14100000e+00 4.77399074e-06
4.15000000e+00 4.85068192e-06
4.15900000e+00 4.92714209e-06
4.16800000e+00 4.91122822e-06
4.17700000e+00 4.91105630e-06
4.18600000e+00 5.12458628e-06
4.19500000e+00 5.35443139e-06
4.20400000e+00 5.26545528e-06
4.21300000e+00 4.96831042e-06
4.22200000e+00 4.73727062e-06
4.23100000e+00 4.61965450e-06
4.24000000e+00 4.63570217e-06
4.24900000e+00 4.77569899e-06
4.25800000e+00 4.82631260e-06
4.26700000e+00 4.77099325e-06
4.27600000e+00 4.90472479e-06
4.28500000e+00 5.14022084e-06
4.29400000e+00 5.13040445e-06
4.30300000e+00 5.06562620e-06
4.31200000e+00 5.19283942e-06
4.32100000e+00 5.21755260e-06
4.33000000e+00 5.07650416e-06
4.33900000e+00 5.08406498e-06
4.34800000e+00 5.17522398e-06
4.35700000e+00 5.19442071e-06
4.36600000e+00 5.20407885e-06
4.37500000e+00 5.14278836e-06
4.38400000e+00 5.13591514e-06
4.39300000e+00 5.30438332e-06
4.40200000e+00 5.23807821e-06
4.41100000e+00 4.97186893e-06
4.42000000e+00 4.99871597e-06
4.42900000e+00 5.06300966e-06
4.43800000e+00 5.00572600e-06
4.44700000e+00 5.23075228e-06
4.45600000e+00 5.46620558e-06
4.46500000e+00 5.34847753e-06
4.47400000e+00 5.21183806e-06
4.48300000e+00 5.21254351e-06
4.49200000e+00 5.30391664e-06
4.50100000e+00 5.46024850e-06
4.51000000e+00 5.43172630e-06
4.51900000e+00 5.26215402e-06
4.52800000e+00 5.21145546e-06
4.53700000e+00 5.18566561e-06
4.54600000e+00 5.16375915e-06
4.55500000e+00 5.29093305e-06
4.56400000e+00 5.42397489e-06
4.57300000e+00 5.42373502e-06
4.58200000e+00 5.48117612e-06
4.59100000e+00 5.64316746e-06
4.60000000e+00 5.60321610e-06
4.60900000e+00 5.43463368e-06
4.61800000e+00 5.54306044e-06
4.62700000e+00 5.73182011e-06
4.63600000e+00 5.72580416e-06
4.64500000e+00 5.77627546e-06
4.65400000e+00 5.80064352e-06
4.66300000e+00 5.54905370e-06
4.67200000e+00 5.30222983e-06
4.68100000e+00 5.30005873e-06
4.69000000e+00 5.48623072e-06
4.69900000e+00 5.69429135e-06
4.70800000e+00 5.72548330e-06
4.71700000e+00 5.67215014e-06
4.72600000e+00 5.63451499e-06
4.73500000e+00 5.56206693e-06
4.74400000e+00 5.58715523e-06
4.75300000e+00 5.57664684e-06
4.76200000e+00 5.38852778e-06
4.77100000e+00 5.51744217e-06
4.78000000e+00 5.94981602e-06
4.78900000e+00 5.99933664e-06
4.79800000e+00 5.77384723e-06
4.80700000e+00 5.69965774e-06
4.81600000e+00 5.60860763e-06
4.82500000e+00 5.50198043e-06
4.83400000e+00 5.65758818e-06
4.84300000e+00 5.95554817e-06
4.85200000e+00 6.05962905e-06
4.86100000e+00 5.83136101e-06
4.87000000e+00 5.48657290e-06
4.87900000e+00 5.47116225e-06
4.88800000e+00 5.80302765e-06
4.89700000e+00 6.01201467e-06
4.90600000e+00 6.01449445e-06
4.91500000e+00 6.06481890e-06
4.92400000e+00 6.03513757e-06
4.93300000e+00 5.84591358e-06
4.94200000e+00 5.82973594e-06
4.95100000e+00 5.95834978e-06
4.96000000e+00 5.86219933e-06
4.96900000e+00 5.70002049e-06
4.97800000e+00 5.82871492e-06
4.98700000e+00 5.96719204e-06
4.99600000e+00 5.75728436e-06
5.00500000e+00 5.54319421e-06
5.01400000e+00 5.61397662e-06
5.02300000e+00 5.66172458e-06
5.03200000e+00 5.62645055e-06
5.04100000e+00 5.71000871e-06
5.05000000e+00 5.78784768e-06
5.05900000e+00 5.89350087e-06
5.06800000e+00 6.11899620e-06
5.07700000e+00 6.11741319e-06
5.08600000e+00 5.92428286e-06
5.09500000e+00 5.97573821e-06
5.10400000e+00 6.11260929e-06
5.11300000e+00 6.03734231e-06
5.12200000e+00 5.90710277e-06
5.13100000e+00 5.90385145e-06
5.14000000e+00 6.04862924e-06
5.14900000e+00 6.15670219e-06
5.15800000e+00 6.06107807e-06
5.16700000e+00 5.98919165e-06
5.17600000e+00 6.02330782e-06
5.18500000e+00 6.00922461e-06
5.19400000e+00 6.16022076e-06
5.20300000e+00 6.40542472e-06
5.21200000e+00 6.23469139e-06
5.22100000e+00 5.89821410e-06
5.23000000e+00 5.87413690e-06
5.23900000e+00 5.86124065e-06
5.24800000e+00 5.77485214e-06
5.25700000e+00 5.95009165e-06
5.26600000e+00 6.17781171e-06
5.27500000e+00 6.21717452e-06
5.28400000e+00 6.24410760e-06
5.29300000e+00 6.21811836e-06
5.30200000e+00 6.10364046e-06
5.31100000e+00 6.14827502e-06
5.32000000e+00 6.28703314e-06
5.32900000e+00 6.25217778e-06
5.33800000e+00 6.11755814e-06
5.34700000e+00 6.08612211e-06
5.35600000e+00 6.17440865e-06
5.36500000e+00 6.24561425e-06
5.37400000e+00 6.17853176e-06
5.38300000e+00 6.06850051e-06
5.39200000e+00 6.07828298e-06
5.40100000e+00 6.12279459e-06
5.41000000e+00 6.04578986e-06
5.41900000e+00 5.93624229e-06
5.42800000e+00 5.95393227e-06
5.43700000e+00 6.08856758e-06
5.44600000e+00 6.24634039e-06
5.45500000e+00 6.31045012e-06
5.46400000e+00 6.24968059e-06
5.47300000e+00 6.25931627e-06
5.48200000e+00 6.38807984e-06
5.49100000e+00 6.40881915e-06
5.50000000e+00 6.36548489e-06
5.50900000e+00 6.38010765e-06
5.51800000e+00 6.26178945e-06
5.52700000e+00 6.09710250e-06
5.53600000e+00 6.16951188e-06
5.54500000e+00 6.35563918e-06
5.55400000e+00 6.57490174e-06
5.56300000e+00 6.76201580e-06
5.57200000e+00 6.57473359e-06
5.58100000e+00 6.30551871e-06
5.59000000e+00 6.49226256e-06
5.59900000e+00 6.70768672e-06
5.60800000e+00 6.71565546e-06
5.61700000e+00 6.96962101e-06
5.62600000e+00 7.13117943e-06
5.63500000e+00 6.76806047e-06
5.64400000e+00 6.51676968e-06
5.65300000e+00 6.68789082e-06
5.66200000e+00 6.75978779e-06
5.67100000e+00 6.54413024e-06
5.68000000e+00 6.30484966e-06
5.68900000e+00 6.33005106e-06
5.69800000e+00 6.65284104e-06
5.70700000e+00 6.90136525e-06
5.71600000e+00 6.85835585e-06
5.72500000e+00 6.70408327e-06
5.73400000e+00 6.60295705e-06
5.74300000e+00 6.61399199e-06
5.75200000e+00 6.57997915e-06
5.76100000e+00 6.37034515e-06
5.77000000e+00 6.43756470e-06
5.77900000e+00 6.91832864e-06
5.78800000e+00 7.06543814e-06
5.79700000e+00 6.87152230e-06
5.80600000e+00 7.09248265e-06
5.81500000e+00 7.35695892e-06
5.82400000e+00 7.03656409e-06
5.83300000e+00 6.75157630e-06
5.84200000e+00 6.83977261e-06
5.85100000e+00 6.82907039e-06
5.86000000e+00 6.85938869e-06
5.86900000e+00 7.00924510e-06
5.87800000e+00 6.78908947e-06
5.88700000e+00 6.57731254e-06
5.89600000e+00 6.94614300e-06
5.90500000e+00 7.27721402e-06
5.91400000e+00 7.04404606e-06
5.92300000e+00 6.63438358e-06
5.93200000e+00 6.50361745e-06
5.94100000e+00 6.83065677e-06
5.95000000e+00 7.31998809e-06
5.95900000e+00 7.43313919e-06
5.96800000e+00 7.29473638e-06
5.97700000e+00 7.29957303e-06
5.98600000e+00 7.25722697e-06
5.99500000e+00 7.05105813e-06
6.00400000e+00 7.03251825e-06
6.01300000e+00 7.10399876e-06
6.02200000e+00 6.88892885e-06
6.03100000e+00 6.81709802e-06
6.04000000e+00 7.22461309e-06
6.04900000e+00 7.37852391e-06
6.05800000e+00 7.09826066e-06
6.06700000e+00 7.08573549e-06
6.07600000e+00 7.17554757e-06
6.08500000e+00 6.99952728e-06
6.09400000e+00 6.94549665e-06
6.10300000e+00 6.96001607e-06
6.11200000e+00 6.87827676e-06
6.12100000e+00 7.10266061e-06
6.13000000e+00 7.34077904e-06
6.13900000e+00 7.07639052e-06
6.14800000e+00 6.88779877e-06
6.15700000e+00 7.14788471e-06
6.16600000e+00 7.27005467e-06
6.17500000e+00 7.08342251e-06
6.18400000e+00 7.06396467e-06
6.19300000e+00 7.30522751e-06
6.20200000e+00 7.43255971e-06
6.21100000e+00 7.36659749e-06
6.22000000e+00 7.43397828e-06
6.22900000e+00 7.62907793e-06
6.23800000e+00 7.60002901e-06
6.24700000e+00 7.41012851e-06
6.25600000e+00 7.32239112e-06
6.26500000e+00 7.22497576e-06
6.27400000e+00 7.08439993e-06
6.28300000e+00 7.15872222e-06
6.29200000e+00 7.41648896e-06
6.30100000e+00 7.54228598e-06
6.31000000e+00 7.46727452e-06
6.31900000e+00 7.45837855e-06
6.32800000e+00 7.64374163e-06
6.33700000e+00 7.70827931e-06
6.34600000e+00 7.55730693e-06
6.35500000e+00 7.53692570e-06
6.36400000e+00 7.49357284e-06
6.37300000e+00 7.19536886e-06
6.38200000e+00 7.14919160e-06
6.39100000e+00 7.40841704e-06
6.40000000e+00 7.46438757e-06
6.40900000e+00 7.44398722e-06
6.41800000e+00 7.45319148e-06
6.42700000e+00 7.37411771e-06
6.43600000e+00 7.47655819e-06
6.44500000e+00 7.53435650e-06
6.45400000e+00 7.27380516e-06
6.46300000e+00 7.41160795e-06
6.47200000e+00 8.01905435e-06
6.48100000e+00 8.16171299e-06
6.49000000e+00 7.77789109e-06
6.49900000e+00 7.51545875e-06
6.50800000e+00 7.58749015e-06
6.51700000e+00 7.80061207e-06
6.52600000e+00 7.93167775e-06
6.53500000e+00 7.95749913e-06
6.54400000e+00 7.82582609e-06
6.55300000e+00 7.48740165e-06
6.56200000e+00 7.28040467e-06
6.57100000e+00 7.33658227e-06
6.58000000e+00 7.34900666e-06
6.58900000e+00 7.40045319e-06
6.59800000e+00 7.71182782e-06
6.60700000e+00 7.89536449e-06
6.61600000e+00 7.61053808e-06
6.62500000e+00 7.38161266e-06
6.63400000e+00 7.66720232e-06
6.64300000e+00 7.89035254e-06
6.65200000e+00 7.73942546e-06
6.66100000e+00 7.70417165e-06
6.67000000e+00 7.64528023e-06
6.67900000e+00 7.44216700e-06
6.68800000e+00 7.62359929e-06
6.69700000e+00 7.81860885e-06
6.70600000e+00 7.64641074e-06
6.71500000e+00 7.72306036e-06
6.72400000e+00 7.89121082e-06
6.73300000e+00 7.78476156e-06
6.74200000e+00 7.80867804e-06
6.75100000e+00 7.78119923e-06
6.76000000e+00 7.70349111e-06
6.76900000e+00 8.08144691e-06
6.77800000e+00 8.24384876e-06
6.78700000e+00 7.88808051e-06
6.79600000e+00 8.04170331e-06
6.80500000e+00 8.61747182e-06
6.81400000e+00 8.75249387e-06
6.82300000e+00 8.57869138e-06
6.83200000e+00 8.37429620e-06
6.84100000e+00 8.13858865e-06
6.85000000e+00 8.13663191e-06
6.85900000e+00 8.36877371e-06
6.86800000e+00 8.31556602e-06
6.87700000e+00 7.95583613e-06
6.88600000e+00 7.99049707e-06
6.89500000e+00 8.40543056e-06
6.90400000e+00 8.46997708e-06
6.91300000e+00 8.30157338e-06
6.92200000e+00 8.28915359e-06
6.93100000e+00 8.23074755e-06
6.94000000e+00 8.25547260e-06
6.94900000e+00 8.41113102e-06
6.95800000e+00 8.18557553e-06
6.96700000e+00 7.77971213e-06
6.97600000e+00 7.81832954e-06
6.98500000e+00 8.23703787e-06
6.99400000e+00 8.63993120e-06
7.00300000e+00 8.62138279e-06
7.01200000e+00 8.21080690e-06
7.02100000e+00 8.06373739e-06
7.03000000e+00 8.23888836e-06
7.03900000e+00 8.24855167e-06
7.04800000e+00 8.27192657e-06
7.05700000e+00 8.45990238e-06
7.06600000e+00 8.39368363e-06
7.07500000e+00 8.19169157e-06
7.08400000e+00 8.28868752e-06
7.09300000e+00 8.41837022e-06
7.10200000e+00 8.31619936e-06
7.11100000e+00 8.25736895e-06
7.12000000e+00 8.23814496e-06
7.12900000e+00 8.10089633e-06
7.13800000e+00 8.11559675e-06
7.14700000e+00 8.26841657e-06
7.15600000e+00 8.19658921e-06
7.16500000e+00 8.11898100e-06
7.17400000e+00 8.29545678e-06
7.18300000e+00 8.32348228e-06
7.19200000e+00 8.11844027e-06
7.20100000e+00 8.14832345e-06
7.21000000e+00 8.32010014e-06
7.21900000e+00 8.17831168e-06
7.22800000e+00 7.87963187e-06
7.23700000e+00 7.82040686e-06
7.24600000e+00 8.01232122e-06
7.25500000e+00 8.24921253e-06
7.26400000e+00 8.31823390e-06
7.27300000e+00 8.32878249e-06
7.28200000e+00 8.58163310e-06
7.29100000e+00 8.74157485e-06
7.30000000e+00 8.43606563e-06
7.30900000e+00 8.21973224e-06
7.31800000e+00 8.44105914e-06
7.32700000e+00 8.69361706e-06
7.33600000e+00 8.82325869e-06
7.34500000e+00 8.77825369e-06
7.35400000e+00 8.45188901e-06
7.36300000e+00 8.28778546e-06
7.37200000e+00 8.54001857e-06
7.38100000e+00 8.62650789e-06
7.39000000e+00 8.25998123e-06
7.39900000e+00 8.04478327e-06
7.40800000e+00 8.35630991e-06
7.41700000e+00 8.68349913e-06
7.42600000e+00 8.65479705e-06
7.43500000e+00 8.55890169e-06
7.44400000e+00 8.50519158e-06
7.45300000e+00 8.45398526e-06
7.46200000e+00 8.62990453e-06
7.47100000e+00 8.98924645e-06
7.48000000e+00 9.25280987e-06
7.48900000e+00 9.27480323e-06
7.49800000e+00 8.98432396e-06
7.50700000e+00 8.63486312e-06
7.51600000e+00 8.46393651e-06
7.52500000e+00 8.29622002e-06
7.53400000e+00 8.24693743e-06
7.54300000e+00 8.50384300e-06
7.55200000e+00 8.65872509e-06
7.56100000e+00 8.48951326e-06
7.57000000e+00 8.32712708e-06
7.57900000e+00 8.43313144e-06
7.58800000e+00 8.71342674e-06
7.59700000e+00 8.83889633e-06
7.60600000e+00 8.88358799e-06
7.61500000e+00 9.23550891e-06
7.62400000e+00 9.51740158e-06
7.63300000e+00 9.25668955e-06
7.64200000e+00 9.01052681e-06
7.65100000e+00 9.10104460e-06
7.66000000e+00 9.03034969e-06
7.66900000e+00 8.89931282e-06
7.67800000e+00 9.09535838e-06
7.68700000e+00 9.14737149e-06
7.69600000e+00 8.85815441e-06
7.70500000e+00 8.87959148e-06
7.71400000e+00 9.21711989e-06
7.72300000e+00 9.28749716e-06
7.73200000e+00 9.09160275e-06
7.74100000e+00 8.91550291e-06
7.75000000e+00 8.94598325e-06
7.75900000e+00 9.07848814e-06
7.76800000e+00 8.85100288e-06
7.77700000e+00 8.59194696e-06
7.78600000e+00 8.99235456e-06
7.79500000e+00 9.37166696e-06
7.80400000e+00 9.08004386e-06
7.81300000e+00 8.84344795e-06
7.82200000e+00 8.98936323e-06
7.83100000e+00 9.08945045e-06
7.84000000e+00 9.13483946e-06
7.84900000e+00 9.28489487e-06
7.85800000e+00 9.48127640e-06
7.86700000e+00 9.55787039e-06
7.87600000e+00 9.54123148e-06
7.88500000e+00 9.72039603e-06
7.89400000e+00 9.78968389e-06
7.90300000e+00 9.34778177e-06
7.91200000e+00 9.12021723e-06
7.92100000e+00 9.46849408e-06
7.93000000e+00 9.60898302e-06
7.93900000e+00 9.41791994e-06
7.94800000e+00 9.28468522e-06
7.95700000e+00 9.19897907e-06
7.96600000e+00 9.31505076e-06
7.97500000e+00 9.40464545e-06
7.98400000e+00 9.00071182e-06
7.99300000e+00 8.79962318e-06
8.00200000e+00 9.23846060e-06
8.01100000e+00 9.52358897e-06
8.02000000e+00 9.56299646e-06
8.02900000e+00 9.60385751e-06
8.03800000e+00 9.38064157e-06
8.04700000e+00 9.46579730e-06
8.05600000e+00 1.00393379e-05
8.06500000e+00 9.93955179e-06
8.07400000e+00 9.36853636e-06
8.08300000e+00 9.31531156e-06
8.09200000e+00 9.24869538e-06
8.10100000e+00 9.00946069e-06
8.11000000e+00 9.23597360e-06
8.11900000e+00 9.49816329e-06
8.12800000e+00 9.51081958e-06
8.13700000e+00 9.67503989e-06
8.14600000e+00 9.63566107e-06
8.15500000e+00 9.20746624e-06
8.16400000e+00 9.01761631e-06
8.17300000e+00 9.12629065e-06
8.18200000e+00 9.27115290e-06
8.19100000e+00 9.60164122e-06
8.20000000e+00 9.83136717e-06
8.20900000e+00 9.52443122e-06
8.21800000e+00 9.31000094e-06
8.22700000e+00 9.67983081e-06
8.23600000e+00 9.78564151e-06
8.24500000e+00 9.39154037e-06
8.25400000e+00 9.45496604e-06
8.26300000e+00 9.82813835e-06
8.27200000e+00 9.64211468e-06
8.28100000e+00 9.18771346e-06
8.29000000e+00 9.00723218e-06
8.29900000e+00 9.02713757e-06
8.30800000e+00 9.18833648e-06
8.31700000e+00 9.49644754e-06
8.32600000e+00 9.84736923e-06
8.33500000e+00 9.99943834e-06
8.34400000e+00 9.79011955e-06
8.35300000e+00 9.53373706e-06
8.36200000e+00 9.49948124e-06
8.37100000e+00 9.57059754e-06
8.38000000e+00 9.66405427e-06
8.38900000e+00 9.61974980e-06
8.39800000e+00 9.36759915e-06
8.40700000e+00 9.22275534e-06
8.41600000e+00 9.36374716e-06
8.42500000e+00 9.67886536e-06
8.43400000e+00 9.88400399e-06
8.44300000e+00 9.78844306e-06
8.45200000e+00 9.75345865e-06
8.46100000e+00 9.96673998e-06
8.47000000e+00 1.01296685e-05
8.47900000e+00 1.01542702e-05
8.48800000e+00 9.91372783e-06
8.49700000e+00 9.61843897e-06
8.50600000e+00 9.80607007e-06
8.51500000e+00 9.92004518e-06
8.52400000e+00 9.70918171e-06
8.53300000e+00 9.90596893e-06
8.54200000e+00 9.80351011e-06
8.55100000e+00 9.11974550e-06
8.56000000e+00 9.39329855e-06
8.56900000e+00 1.00031150e-05
8.57800000e+00 9.42831909e-06
8.58700000e+00 8.95530332e-06
8.59600000e+00 9.47672977e-06
8.60500000e+00 9.80245178e-06
8.61400000e+00 9.57271651e-06
8.62300000e+00 9.50926716e-06
8.63200000e+00 9.91992455e-06
8.64100000e+00 1.02724929e-05
8.65000000e+00 1.02086813e-05
8.65900000e+00 1.03433466e-05
8.66800000e+00 1.04700030e-05
8.67700000e+00 9.83006439e-06
8.68600000e+00 9.40535298e-06
8.69500000e+00 9.80740377e-06
8.70400000e+00 9.97150153e-06
8.71300000e+00 9.84746745e-06
8.72200000e+00 9.95289408e-06
8.73100000e+00 9.90021887e-06
8.74000000e+00 9.78336163e-06
8.74900000e+00 1.00655826e-05
8.75800000e+00 1.02933508e-05
8.76700000e+00 9.91432319e-06
8.77600000e+00 9.55348379e-06
8.78500000e+00 9.99536752e-06
8.79400000e+00 1.04447925e-05
8.80300000e+00 1.01340115e-05
8.81200000e+00 9.94816822e-06
8.82100000e+00 1.01843083e-05
8.83000000e+00 1.02567483e-05
8.83900000e+00 1.03695943e-05
8.84800000e+00 1.03631259e-05
8.85700000e+00 9.90710560e-06
8.86600000e+00 9.77948864e-06
8.87500000e+00 1.02143502e-05
8.88400000e+00 1.05826657e-05
8.89300000e+00 1.06409428e-05
8.90200000e+00 1.03426564e-05
8.91100000e+00 1.00540040e-05
8.92000000e+00 1.00849633e-05
8.92900000e+00 9.98179157e-06
8.93800000e+00 9.90796643e-06
8.94700000e+00 1.03478344e-05
8.95600000e+00 1.06982234e-05
8.96500000e+00 1.05012896e-05
8.97400000e+00 1.01037305e-05
8.98300000e+00 9.95393142e-06
8.99200000e+00 1.04261892e-05
9.00100000e+00 1.09953723e-05
9.01000000e+00 1.07415141e-05
9.01900000e+00 1.02512822e-05
9.02800000e+00 1.04278400e-05
9.03700000e+00 1.06760688e-05
9.04600000e+00 1.05024692e-05
9.05500000e+00 1.04263113e-05
9.06400000e+00 1.04612037e-05
9.07300000e+00 1.03751247e-05
9.08200000e+00 1.06086821e-05
9.09100000e+00 1.09854421e-05
9.10000000e+00 1.08034084e-05
9.10900000e+00 1.03988631e-05
9.11800000e+00 1.02448706e-05
9.12700000e+00 1.03080905e-05
9.13600000e+00 1.06661926e-05
9.14500000e+00 1.07928400e-05
9.15400000e+00 1.04605835e-05
9.16300000e+00 1.06792556e-05
9.17200000e+00 1.12543100e-05
9.18100000e+00 1.11321964e-05
9.19000000e+00 1.07914208e-05
9.19900000e+00 1.07356063e-05
9.20800000e+00 1.08473152e-05
9.21700000e+00 1.11573728e-05
9.22600000e+00 1.08752821e-05
9.23500000e+00 1.00116181e-05
9.24400000e+00 1.01522731e-05
9.25300000e+00 1.08884645e-05
9.26200000e+00 1.06348691e-05
9.27100000e+00 1.00585922e-05
9.28000000e+00 1.00844291e-05
9.28900000e+00 1.02119912e-05
9.29800000e+00 1.02475282e-05
9.30700000e+00 1.03640607e-05
9.31600000e+00 1.04333003e-05
9.32500000e+00 1.04790668e-05
9.33400000e+00 1.05965714e-05
9.34300000e+00 1.07106102e-05
9.35200000e+00 1.07824527e-05
9.36100000e+00 1.08321629e-05
9.37000000e+00 1.08527140e-05
9.37900000e+00 1.08793758e-05
9.38800000e+00 1.09732492e-05
9.39700000e+00 1.10219928e-05
9.40600000e+00 1.08628234e-05
9.41500000e+00 1.06059932e-05
9.42400000e+00 1.05305191e-05
9.43300000e+00 1.07681565e-05
9.44200000e+00 1.10229628e-05
9.45100000e+00 1.09341379e-05
9.46000000e+00 1.09185694e-05
9.46900000e+00 1.13612720e-05
9.47800000e+00 1.15537682e-05
9.48700000e+00 1.11587034e-05
9.49600000e+00 1.09101361e-05
9.50500000e+00 1.09389750e-05
9.51400000e+00 1.07172222e-05
9.52300000e+00 1.03866065e-05
9.53200000e+00 1.04325384e-05
9.54100000e+00 1.07462214e-05
9.55000000e+00 1.09668669e-05
9.55900000e+00 1.11579572e-05
9.56800000e+00 1.12938707e-05
9.57700000e+00 1.10909386e-05
9.58600000e+00 1.10197260e-05
9.59500000e+00 1.14862559e-05
9.60400000e+00 1.15984534e-05
9.61300000e+00 1.09285140e-05
9.62200000e+00 1.03146642e-05
9.63100000e+00 1.02559449e-05
9.64000000e+00 1.07710583e-05
9.64900000e+00 1.14931707e-05
9.65800000e+00 1.15276180e-05
9.66700000e+00 1.10207498e-05
9.67600000e+00 1.10882522e-05
9.68500000e+00 1.16259049e-05
9.69400000e+00 1.16823100e-05
9.70300000e+00 1.14006267e-05
9.71200000e+00 1.15241765e-05
9.72100000e+00 1.16993981e-05
9.73000000e+00 1.12079903e-05
9.73900000e+00 1.06017746e-05
9.74800000e+00 1.05524743e-05
9.75700000e+00 1.07884458e-05
9.76600000e+00 1.12137480e-05
9.77500000e+00 1.16944908e-05
9.78400000e+00 1.17480336e-05
9.79300000e+00 1.15084130e-05
9.80200000e+00 1.11883340e-05
9.81100000e+00 1.09666086e-05
9.82000000e+00 1.12763080e-05
9.82900000e+00 1.14454055e-05
9.83800000e+00 1.09161759e-05
9.84700000e+00 1.07074357e-05
9.85600000e+00 1.08474240e-05
9.86500000e+00 1.06024098e-05
9.87400000e+00 1.06799651e-05
9.88300000e+00 1.11957065e-05
9.89200000e+00 1.12981513e-05
9.90100000e+00 1.13275312e-05
9.91000000e+00 1.14914750e-05
9.91900000e+00 1.11077109e-05
9.92800000e+00 1.06387612e-05
9.93700000e+00 1.11879578e-05
9.94600000e+00 1.22466243e-05
9.95500000e+00 1.23418097e-05
9.96400000e+00 1.15152850e-05
9.97300000e+00 1.10415995e-05
9.98200000e+00 1.11430962e-05
9.99100000e+00 1.12838345e-05
1.00000000e+01 1.14962071e-05
1.00900000e+01 1.16329061e-05
1.01800000e+01 1.13583559e-05
1.02700000e+01 1.18697389e-05
1.03600000e+01 1.14192024e-05
1.04500000e+01 1.12587728e-05
1.05400000e+01 1.19420202e-05
1.06300000e+01 1.16054606e-05
1.07200000e+01 1.16719314e-05
1.08100000e+01 1.28067515e-05
1.09000000e+01 1.18919175e-05
1.09900000e+01 1.25379670e-05
1.10800000e+01 1.25151897e-05
1.11700000e+01 1.25790184e-05
1.12600000e+01 1.26466506e-05
1.13500000e+01 1.30464728e-05
1.14400000e+01 1.27715129e-05
1.15300000e+01 1.35795352e-05
1.16200000e+01 1.31591832e-05
1.17100000e+01 1.25180216e-05
1.18000000e+01 1.30061669e-05
1.18900000e+01 1.39953427e-05
1.19800000e+01 1.44256601e-05
1.20700000e+01 1.32251901e-05
1.21600000e+01 1.42291115e-05
1.22500000e+01 1.34616240e-05
1.23400000e+01 1.43992743e-05
1.24300000e+01 1.33496262e-05
1.25200000e+01 1.40397967e-05
1.26100000e+01 1.49464869e-05
1.27000000e+01 1.38620849e-05
1.27900000e+01 1.53284561e-05
1.28800000e+01 1.47624592e-05
1.29700000e+01 1.54091141e-05
1.30600000e+01 1.54276948e-05
1.31500000e+01 1.43662061e-05
1.32400000e+01 1.46772440e-05
1.33300000e+01 1.48544696e-05
1.34200000e+01 1.48981432e-05
1.35100000e+01 1.52085430e-05
1.36000000e+01 1.53879584e-05
1.36900000e+01 1.62125269e-05
1.37800000e+01 1.64647677e-05
1.38700000e+01 1.56720288e-05
1.39600000e+01 1.58823488e-05
1.40500000e+01 1.57408133e-05
1.41400000e+01 1.61030399e-05
1.42300000e+01 1.65045418e-05
1.43200000e+01 1.61807817e-05
1.44100000e+01 1.58613281e-05
1.45000000e+01 1.53105919e-05
1.45900000e+01 1.67515698e-05
1.46800000e+01 1.65079504e-05
1.47700000e+01 1.64119978e-05
1.48600000e+01 1.71001579e-05
1.49500000e+01 1.68898513e-05
1.50400000e+01 1.77238347e-05
1.51300000e+01 1.63757744e-05
1.52200000e+01 1.75974316e-05
1.53100000e+01 1.70090687e-05
1.54000000e+01 1.74773151e-05
1.54900000e+01 1.72758638e-05
1.55800000e+01 1.66829732e-05
1.56700000e+01 1.72810951e-05
1.57600000e+01 1.66482019e-05
1.58500000e+01 1.81531425e-05
1.59400000e+01 1.73130660e-05
1.60300000e+01 1.79802810e-05
1.61200000e+01 1.80569898e-05
1.62100000e+01 1.64578494e-05
1.63000000e+01 1.68268177e-05
1.63900000e+01 1.65750368e-05
1.64800000e+01 1.81768035e-05
1.65700000e+01 1.82756109e-05
1.66600000e+01 1.83783921e-05
1.67500000e+01 1.80935426e-05
1.68400000e+01 1.75885743e-05
1.69300000e+01 1.80221582e-05
1.70200000e+01 1.91123581e-05
1.71100000e+01 1.86208352e-05
1.72000000e+01 1.86495104e-05
1.72900000e+01 1.85997606e-05
1.73800000e+01 1.85280571e-05
1.74700000e+01 1.83298612e-05
1.75600000e+01 2.02853850e-05
1.76500000e+01 1.95770445e-05
1.77400000e+01 1.83619621e-05
1.78300000e+01 1.91888978e-05
1.79200000e+01 1.92690764e-05
1.80100000e+01 1.94790316e-05
1.81000000e+01 2.01619630e-05
1.81900000e+01 1.92834098e-05
1.82800000e+01 1.94361197e-05
1.83700000e+01 2.08158832e-05
1.84600000e+01 2.05319282e-05
1.85500000e+01 1.95025258e-05
1.86400000e+01 2.00608341e-05
1.87300000e+01 2.28417947e-05
1.88200000e+01 1.99502803e-05
1.89100000e+01 2.10283906e-05
1.90000000e+01 2.10720591e-05
1.90900000e+01 2.22478477e-05
1.91800000e+01 2.07228175e-05
1.92700000e+01 2.10948075e-05
1.93600000e+01 1.98674279e-05
1.94500000e+01 2.16320836e-05
1.95400000e+01 2.23205337e-05
1.96300000e+01 2.14224518e-05
1.97200000e+01 2.06423202e-05
1.98100000e+01 2.19868216e-05
1.99000000e+01 2.25224784e-05
1.99900000e+01 2.14668549e-05
2.00800000e+01 2.23446702e-05
2.01700000e+01 2.10412082e-05
2.02600000e+01 2.38061861e-05
2.03500000e+01 2.19528834e-05
2.04400000e+01 2.17729296e-05
2.05300000e+01 2.29906886e-05
2.06200000e+01 2.32157666e-05
2.07100000e+01 2.19751145e-05
2.08000000e+01 2.24329274e-05
2.08900000e+01 2.22934488e-05
2.09800000e+01 2.27914070e-05
2.10700000e+01 2.29909686e-05
2.11600000e+01 2.24587607e-05
2.12500000e+01 2.35008770e-05
2.13400000e+01 2.33444029e-05
2.14300000e+01 2.45061271e-05
2.15200000e+01 2.35210652e-05
2.16100000e+01 2.28227855e-05
2.17000000e+01 2.38681381e-05
2.17900000e+01 2.44447989e-05
2.18800000e+01 2.39576119e-05
2.19700000e+01 2.41771911e-05
2.20600000e+01 2.34787857e-05
2.21500000e+01 2.27441347e-05
2.22400000e+01 2.34368632e-05
2.23300000e+01 2.24531589e-05
2.24200000e+01 2.45714423e-05
2.25100000e+01 2.44669767e-05
2.26000000e+01 2.34765221e-05
2.26900000e+01 2.41065818e-05
2.27800000e+01 2.37787025e-05
2.28700000e+01 2.46070726e-05
2.29600000e+01 2.46864696e-05
2.30500000e+01 2.33659420e-05
2.31400000e+01 2.36090651e-05
2.32300000e+01 2.50435076e-05
2.33200000e+01 2.44856339e-05
2.34100000e+01 2.62820820e-05
2.35000000e+01 2.52054734e-05
2.35900000e+01 2.58328581e-05
2.36800000e+01 2.59143760e-05
2.37700000e+01 2.47099909e-05
2.38600000e+01 2.52514266e-05
2.39500000e+01 2.54682582e-05
2.40400000e+01 2.52909518e-05
2.41300000e+01 2.48602975e-05
2.42200000e+01 2.49100357e-05
2.43100000e+01 2.45320904e-05
2.44000000e+01 2.53843003e-05
2.44900000e+01 2.52248281e-05
2.45800000e+01 2.57990324e-05
2.46700000e+01 2.56769169e-05
2.47600000e+01 2.60362709e-05
2.48500000e+01 2.62655437e-05
2.49400000e+01 2.61953302e-05
2.50300000e+01 2.88206745e-05
2.51200000e+01 2.77396985e-05
2.52100000e+01 2.59820972e-05
2.53000000e+01 2.55263388e-05
2.53900000e+01 2.61724850e-05
2.54800000e+01 2.81525284e-05
2.55700000e+01 2.61091731e-05
2.56600000e+01 2.68671480e-05
2.57500000e+01 2.61705722e-05
2.58400000e+01 2.78956064e-05
2.59300000e+01 2.65508667e-05
2.60200000e+01 2.75211580e-05
2.61100000e+01 2.77214701e-05
2.62000000e+01 2.79018560e-05
2.62900000e+01 2.68703785e-05
2.63800000e+01 2.69024179e-05
2.64700000e+01 2.84381585e-05
2.65600000e+01 2.74699307e-05
2.66500000e+01 2.75352210e-05
2.67400000e+01 2.72043167e-05
2.68300000e+01 2.70858298e-05
2.69200000e+01 2.81939268e-05
2.70100000e+01 2.87810832e-05
2.71000000e+01 2.81567189e-05
2.71900000e+01 2.77786197e-05
2.72800000e+01 2.88578728e-05
2.73700000e+01 2.82145258e-05
2.74600000e+01 3.13850574e-05
2.75500000e+01 2.90203795e-05
2.76400000e+01 2.81036702e-05
2.77300000e+01 2.98456657e-05
2.78200000e+01 2.82991777e-05
2.79100000e+01 2.94443286e-05
2.80000000e+01 2.86193594e-05
2.80900000e+01 2.96650835e-05
2.81800000e+01 2.73996576e-05
2.82700000e+01 2.99892820e-05
2.83600000e+01 3.08363375e-05
2.84500000e+01 2.98688238e-05
2.85400000e+01 3.05071550e-05
2.86300000e+01 3.11279931e-05
2.87200000e+01 3.11730052e-05
2.88100000e+01 2.90137178e-05
2.89000000e+01 3.19108266e-05
2.89900000e+01 2.97154336e-05
2.90800000e+01 3.12806568e-05
2.91700000e+01 3.07314659e-05
2.92600000e+01 2.93237277e-05
2.93500000e+01 2.91993576e-05
2.94400000e+01 3.08342840e-05
2.95300000e+01 3.23028375e-05
2.96200000e+01 3.24198724e-05
2.97100000e+01 3.10536798e-05
2.98000000e+01 2.99173803e-05
2.98900000e+01 3.04607736e-05
2.99800000e+01 3.15863711e-05
3.00700000e+01 3.30089885e-05
3.01600000e+01 3.20083940e-05
3.02500000e+01 3.10961530e-05
3.03400000e+01 3.08701970e-05
3.04300000e+01 3.07140285e-05
3.05200000e+01 3.16620559e-05
3.06100000e+01 2.98051830e-05
3.07000000e+01 3.11150025e-05
3.07900000e+01 3.09540425e-05
3.08800000e+01 3.04988363e-05
3.09700000e+01 3.20395051e-05
3.10600000e+01 3.11676844e-05
3.11500000e+01 3.26787088e-05
3.12400000e+01 3.38381756e-05
3.13300000e+01 3.19783054e-05
3.14200000e+01 3.26504626e-05
3.15100000e+01 3.10213348e-05
3.16000000e+01 3.12194979e-05
3.16900000e+01 3.05839053e-05
3.17800000e+01 3.17606669e-05
3.18700000e+01 3.35206826e-05
3.19600000e+01 3.02699911e-05
3.20500000e+01 3.08589536e-05
3.21400000e+01 3.39806529e-05
3.22300000e+01 3.31070664e-05
3.23200000e+01 3.34366832e-05
3.24100000e+01 3.43519791e-05
3.25000000e+01 3.34491791e-05
3.25900000e+01 3.26419103e-05
3.26800000e+01 3.27559096e-05
3.27700000e+01 3.53923433e-05
3.28600000e+01 3.53143227e-05
3.29500000e+01 3.33561457e-05
3.30400000e+01 3.19595685e-05
3.31300000e+01 3.29723941e-05
3.32200000e+01 3.52008735e-05
3.33100000e+01 3.51326275e-05
3.34000000e+01 3.44161551e-05
3.34900000e+01 3.50368560e-05
3.35800000e+01 3.37792826e-05
3.36700000e+01 3.33521294e-05
3.37600000e+01 3.36134010e-05
3.38500000e+01 3.43913486e-05
3.39400000e+01 3.61336957e-05
3.40300000e+01 3.34165748e-05
3.41200000e+01 3.51333527e-05
3.42100000e+01 3.62050466e-05
3.43000000e+01 3.19847374e-05
3.43900000e+01 3.45494809e-05
3.44800000e+01 3.69684626e-05
3.45700000e+01 3.59188916e-05
3.46600000e+01 3.51371809e-05
3.47500000e+01 3.41375952e-05
3.48400000e+01 3.41202274e-05
3.49300000e+01 3.41193086e-05
3.50200000e+01 3.68898536e-05
3.51100000e+01 3.55725827e-05
3.52000000e+01 3.58673787e-05
3.52900000e+01 3.69725150e-05
3.53800000e+01 3.37680355e-05
3.54700000e+01 3.55790384e-05
3.55600000e+01 3.65528140e-05
3.56500000e+01 3.53830343e-05
3.57400000e+01 3.44930858e-05
3.58300000e+01 3.58236784e-05
3.59200000e+01 3.63569849e-05
3.60100000e+01 3.40662070e-05
3.61000000e+01 3.47061417e-05
3.61900000e+01 3.79867128e-05
3.62800000e+01 3.71398204e-05
3.63700000e+01 3.64946665e-05
3.64600000e+01 3.86866786e-05
3.65500000e+01 3.76702907e-05
3.66400000e+01 3.52493897e-05
3.67300000e+01 3.63785200e-05
3.68200000e+01 3.81774100e-05
3.69100000e+01 3.62925521e-05
3.70000000e+01 3.71641272e-05
3.70900000e+01 3.59544356e-05
3.71800000e+01 3.89830219e-05
3.72700000e+01 3.79366356e-05
3.73600000e+01 3.66988768e-05
3.74500000e+01 3.69171696e-05
3.75400000e+01 3.84915576e-05
3.76300000e+01 4.04323107e-05
3.77200000e+01 3.67460274e-05
3.78100000e+01 3.78739994e-05
3.79000000e+01 3.80049214e-05
3.79900000e+01 3.75382268e-05
3.80800000e+01 3.63703454e-05
3.81700000e+01 3.71206370e-05
3.82600000e+01 3.82602336e-05
3.83500000e+01 3.67783947e-05
3.84400000e+01 3.95726819e-05
3.85300000e+01 3.84416836e-05
3.86200000e+01 3.91696572e-05
3.87100000e+01 3.88643736e-05
3.88000000e+01 4.08311327e-05
3.88900000e+01 3.96007036e-05
3.89800000e+01 3.88065595e-05
3.90700000e+01 3.84784509e-05
3.91600000e+01 4.06250298e-05
3.92500000e+01 3.89281869e-05
3.93400000e+01 3.88733859e-05
3.94300000e+01 4.10644851e-05
3.95200000e+01 3.75751385e-05
3.96100000e+01 3.82982181e-05
3.97000000e+01 3.89721643e-05
3.97900000e+01 4.01738889e-05
3.98800000e+01 3.92200352e-05
3.99700000e+01 3.95632402e-05
4.00600000e+01 4.08610890e-05
4.01500000e+01 4.23040499e-05
4.02400000e+01 3.94363913e-05
4.03300000e+01 4.10151270e-05
4.04200000e+01 3.95532525e-05
4.05100000e+01 3.95966031e-05
4.06000000e+01 3.98010001e-05
4.06900000e+01 3.93135452e-05
4.07800000e+01 4.00555479e-05
4.08700000e+01 3.95734784e-05
4.09600000e+01 3.98664511e-05
4.10500000e+01 4.02889273e-05
4.11400000e+01 3.91907152e-05
4.12300000e+01 4.02392253e-05
4.13200000e+01 3.97965111e-05
4.14100000e+01 4.03940279e-05
4.15000000e+01 4.04357615e-05
4.15900000e+01 4.43701766e-05
4.16800000e+01 3.82774390e-05
4.17700000e+01 4.07144248e-05
4.18600000e+01 3.99297396e-05
4.19500000e+01 4.09707536e-05
4.20400000e+01 3.86203087e-05
4.21300000e+01 4.13353141e-05
4.22200000e+01 3.81584157e-05
4.23100000e+01 4.34286035e-05
4.24000000e+01 4.06035820e-05
4.24900000e+01 4.21167447e-05
4.25800000e+01 4.25779702e-05
4.26700000e+01 4.17155889e-05
4.27600000e+01 3.96704992e-05
4.28500000e+01 4.10553160e-05
4.29400000e+01 4.09555811e-05
4.30300000e+01 4.29854034e-05
4.31200000e+01 4.31321224e-05
4.32100000e+01 4.18374023e-05
4.33000000e+01 4.34084966e-05
4.33900000e+01 4.00940915e-05
4.34800000e+01 4.07055089e-05
4.35700000e+01 4.23589353e-05
4.36600000e+01 4.29215310e-05
4.37500000e+01 4.26148749e-05
4.38400000e+01 4.52186229e-05
4.39300000e+01 4.15745885e-05
4.40200000e+01 4.19739792e-05
4.41100000e+01 4.07328656e-05
4.42000000e+01 4.16871731e-05
4.42900000e+01 4.22198586e-05
4.43800000e+01 4.42351834e-05
4.44700000e+01 4.29658092e-05
4.45600000e+01 4.47380501e-05
4.46500000e+01 4.45431725e-05
4.47400000e+01 4.20793309e-05
4.48300000e+01 4.41539199e-05
4.49200000e+01 4.29307981e-05
4.50100000e+01 4.20389120e-05
4.51000000e+01 4.55454567e-05
4.51900000e+01 4.56125637e-05
4.52800000e+01 4.23882391e-05
4.53700000e+01 4.22608803e-05
4.54600000e+01 4.26852968e-05
4.55500000e+01 4.65037367e-05
4.56400000e+01 4.22447294e-05
4.57300000e+01 4.32944964e-05
4.58200000e+01 4.41085672e-05
4.59100000e+01 4.34543885e-05
4.60000000e+01 4.65889893e-05
4.60900000e+01 4.33294400e-05
4.61800000e+01 4.47064498e-05
4.62700000e+01 4.39064304e-05
4.63600000e+01 4.36564112e-05
4.64500000e+01 4.41727925e-05
4.65400000e+01 4.29967683e-05
4.66300000e+01 4.52182547e-05
4.67200000e+01 4.66686158e-05
4.68100000e+01 4.57424869e-05
4.69000000e+01 4.79242827e-05
4.69900000e+01 4.66446538e-05
4.70800000e+01 4.60068430e-05
4.71700000e+01 4.52420949e-05
4.72600000e+01 4.54888249e-05
4.73500000e+01 4.43927131e-05
4.74400000e+01 4.55725330e-05
4.75300000e+01 4.40289205e-05
4.76200000e+01 4.51427129e-05
4.77100000e+01 4.69738787e-05
4.78000000e+01 4.43811979e-05
4.78900000e+01 4.52896370e-05
4.79800000e+01 4.55883840e-05
4.80700000e+01 4.64892423e-05
4.81600000e+01 4.78561282e-05
4.82500000e+01 4.50669784e-05
4.83400000e+01 4.69431735e-05
4.84300000e+01 4.55863533e-05
4.85200000e+01 4.77399959e-05
4.86100000e+01 4.35635289e-05
4.87000000e+01 4.57383386e-05
4.87900000e+01 4.64598618e-05
4.88800000e+01 4.57403581e-05
4.89700000e+01 4.63022722e-05
4.90600000e+01 4.57164167e-05
4.91500000e+01 4.69180342e-05
4.92400000e+01 4.71096706e-05
4.93300000e+01 4.49997578e-05
4.94200000e+01 4.95517308e-05
4.95100000e+01 4.57445893e-05
4.96000000e+01 4.72390864e-05
4.96900000e+01 4.80668520e-05
4.97800000e+01 4.62561100e-05
4.98700000e+01 4.71764116e-05
4.99600000e+01 5.00992738e-05
5.00500000e+01 4.65140573e-05
5.01400000e+01 4.61645574e-05
5.02300000e+01 4.70926116e-05
5.03200000e+01 4.44749008e-05
5.04100000e+01 4.81313383e-05
5.05000000e+01 5.14141668e-05
5.05900000e+01 4.82847191e-05
5.06800000e+01 4.66126850e-05
5.07700000e+01 4.79050522e-05
5.08600000e+01 4.91428603e-05
5.09500000e+01 5.05240973e-05
5.10400000e+01 4.97256621e-05
5.11300000e+01 4.93249888e-05
5.12200000e+01 4.60776425e-05
5.13100000e+01 4.71608143e-05
5.14000000e+01 5.04285620e-05
5.14900000e+01 4.67103955e-05
5.15800000e+01 5.26468363e-05
5.16700000e+01 4.89912684e-05
5.17600000e+01 4.81989367e-05
5.18500000e+01 4.87579108e-05
5.19400000e+01 4.78456782e-05
5.20300000e+01 4.70480675e-05
5.21200000e+01 4.90418095e-05
5.22100000e+01 4.97237277e-05
5.23000000e+01 4.81577154e-05
5.23900000e+01 4.85085608e-05
5.24800000e+01 4.79765508e-05
5.25700000e+01 4.71773820e-05
5.26600000e+01 4.97498887e-05
5.27500000e+01 4.68654513e-05
5.28400000e+01 4.78532385e-05
5.29300000e+01 4.53347663e-05
5.30200000e+01 4.74870117e-05
5.31100000e+01 4.94153098e-05
5.32000000e+01 5.14313264e-05
5.32900000e+01 5.20288928e-05
5.33800000e+01 5.00315424e-05
5.34700000e+01 4.99318382e-05
5.35600000e+01 5.05626701e-05
5.36500000e+01 5.07875930e-05
5.37400000e+01 4.83182458e-05
5.38300000e+01 4.97324274e-05
5.39200000e+01 5.05915905e-05
5.40100000e+01 5.04769564e-05
5.41000000e+01 5.22349990e-05
5.41900000e+01 5.23964421e-05
5.42800000e+01 4.86885050e-05
5.43700000e+01 4.94441419e-05
5.44600000e+01 5.17256590e-05
5.45500000e+01 5.19486629e-05
5.46400000e+01 4.97129690e-05
5.47300000e+01 5.07095662e-05
5.48200000e+01 5.04951014e-05
5.49100000e+01 4.99715448e-05
5.50000000e+01 5.20958714e-05
5.50900000e+01 5.09117557e-05
5.51800000e+01 4.94776906e-05
5.52700000e+01 5.11007170e-05
5.53600000e+01 4.96315438e-05
5.54500000e+01 5.12486914e-05
5.55400000e+01 5.02028361e-05
5.56300000e+01 5.12123417e-05
5.57200000e+01 4.96149325e-05
5.58100000e+01 5.37309523e-05
5.59000000e+01 4.92167944e-05
5.59900000e+01 4.80741430e-05
5.60800000e+01 5.07645413e-05
5.61700000e+01 4.92053331e-05
5.62600000e+01 5.24183512e-05
5.63500000e+01 5.62503526e-05
5.64400000e+01 5.35426910e-05
5.65300000e+01 5.20835904e-05
5.66200000e+01 5.22483620e-05
5.67100000e+01 5.08102071e-05
5.68000000e+01 5.40421649e-05
5.68900000e+01 5.03134858e-05
5.69800000e+01 5.22394263e-05
5.70700000e+01 5.64606108e-05
5.71600000e+01 4.93970679e-05
5.72500000e+01 5.30163449e-05
5.73400000e+01 5.10115499e-05
5.74300000e+01 5.08689718e-05
5.75200000e+01 4.97568758e-05
5.76100000e+01 5.34021145e-05
5.77000000e+01 5.29285539e-05
5.77900000e+01 5.36952688e-05
5.78800000e+01 5.22448084e-05
5.79700000e+01 5.62754999e-05
5.80600000e+01 5.23882953e-05
5.81500000e+01 5.08636986e-05
5.82400000e+01 5.71782412e-05
5.83300000e+01 5.29436652e-05
5.84200000e+01 5.46402030e-05
5.85100000e+01 5.22071090e-05
5.86000000e+01 5.35640030e-05
5.86900000e+01 5.39463344e-05
5.87800000e+01 5.61629867e-05
5.88700000e+01 5.51268697e-05
5.89600000e+01 5.29901607e-05
5.90500000e+01 5.66498433e-05
5.91400000e+01 5.43796811e-05
5.92300000e+01 5.39746900e-05
5.93200000e+01 5.41207505e-05
5.94100000e+01 5.45316881e-05
5.95000000e+01 5.37587994e-05
5.95900000e+01 5.26623815e-05
5.96800000e+01 5.48949871e-05
5.97700000e+01 5.28027855e-05
5.98600000e+01 5.54294374e-05
5.99500000e+01 5.38908749e-05
6.00400000e+01 5.49125280e-05
6.01300000e+01 5.39494957e-05
6.02200000e+01 5.32008273e-05
6.03100000e+01 5.57226506e-05
6.04000000e+01 5.27342480e-05
6.04900000e+01 4.94642027e-05
6.05800000e+01 5.06758639e-05
6.06700000e+01 5.61818717e-05
6.07600000e+01 5.40571968e-05
6.08500000e+01 5.32122309e-05
6.09400000e+01 5.32114480e-05
6.10300000e+01 5.71032943e-05
6.11200000e+01 5.40943079e-05
6.12100000e+01 5.77745238e-05
6.13000000e+01 5.43184019e-05
6.13900000e+01 5.32810627e-05
6.14800000e+01 5.60617141e-05
6.15700000e+01 5.29478276e-05
6.16600000e+01 5.31854031e-05
6.17500000e+01 5.50824046e-05
6.18400000e+01 5.17281629e-05
6.19300000e+01 5.56869362e-05
6.20200000e+01 5.95906848e-05
6.21100000e+01 5.01096880e-05
6.22000000e+01 5.27072713e-05
6.22900000e+01 5.79966480e-05
6.23800000e+01 5.49292837e-05
6.24700000e+01 5.53641726e-05
6.25600000e+01 5.54944209e-05
6.26500000e+01 5.61566276e-05
6.27400000e+01 5.53457941e-05
6.28300000e+01 5.59756017e-05
6.29200000e+01 5.48182539e-05
6.30100000e+01 5.43416118e-05
6.31000000e+01 5.78368985e-05
6.31900000e+01 5.74190861e-05
6.32800000e+01 5.52819744e-05
6.33700000e+01 5.44330628e-05
6.34600000e+01 5.70567162e-05
6.35500000e+01 5.68189907e-05
6.36400000e+01 5.66288132e-05
6.37300000e+01 5.31683483e-05
6.38200000e+01 5.66846256e-05
6.39100000e+01 5.45953542e-05
6.40000000e+01 5.81997832e-05
6.40900000e+01 5.49761538e-05
6.41800000e+01 5.82377930e-05
6.42700000e+01 6.02194736e-05
6.43600000e+01 5.38537705e-05
6.44500000e+01 5.87579230e-05
6.45400000e+01 5.89478058e-05
6.46300000e+01 5.75301109e-05
6.47200000e+01 5.63904458e-05
6.48100000e+01 5.64950659e-05
6.49000000e+01 5.63770966e-05
6.49900000e+01 5.72853877e-05
6.50800000e+01 5.71075346e-05
6.51700000e+01 5.71435708e-05
6.52600000e+01 5.85558887e-05
6.53500000e+01 5.65185720e-05
6.54400000e+01 5.66949313e-05
6.55300000e+01 5.78096622e-05
6.56200000e+01 5.95240227e-05
6.57100000e+01 5.91415941e-05
6.58000000e+01 5.68007397e-05
6.58900000e+01 6.02838863e-05
6.59800000e+01 6.12873134e-05
6.60700000e+01 5.49982068e-05
6.61600000e+01 5.82407057e-05
6.62500000e+01 5.78791025e-05
6.63400000e+01 5.93737459e-05
6.64300000e+01 5.86082566e-05
6.65200000e+01 5.73603375e-05
6.66100000e+01 5.98357429e-05
6.67000000e+01 5.86542842e-05
6.67900000e+01 5.85858155e-05
6.68800000e+01 5.65800897e-05
6.69700000e+01 5.72246849e-05
6.70600000e+01 5.60060012e-05
6.71500000e+01 5.63535492e-05
6.72400000e+01 5.87827777e-05
6.73300000e+01 5.82665811e-05
6.74200000e+01 5.67333783e-05
6.75100000e+01 5.90083235e-05
6.76000000e+01 5.87813057e-05
6.76900000e+01 5.83661271e-05
6.77800000e+01 5.92333384e-05
6.78700000e+01 5.93067718e-05
6.79600000e+01 6.13358741e-05
6.80500000e+01 5.67772491e-05
6.81400000e+01 5.99082069e-05
6.82300000e+01 6.02296376e-05
6.83200000e+01 6.17445657e-05
6.84100000e+01 6.09513923e-05
6.85000000e+01 6.31570547e-05
6.85900000e+01 5.90430957e-05
6.86800000e+01 6.23996893e-05
6.87700000e+01 6.12658187e-05
6.88600000e+01 6.07530610e-05
6.89500000e+01 5.64250153e-05
6.90400000e+01 6.13999424e-05
6.91300000e+01 5.94490863e-05
6.92200000e+01 6.55982084e-05
6.93100000e+01 5.77577491e-05
6.94000000e+01 6.11996651e-05
6.94900000e+01 5.99785256e-05
6.95800000e+01 6.16324401e-05
6.96700000e+01 6.06353102e-05
6.97600000e+01 5.89147534e-05
6.98500000e+01 5.77691563e-05
6.99400000e+01 6.11673714e-05
7.00300000e+01 6.40949987e-05
7.01200000e+01 6.13721524e-05
7.02100000e+01 6.32412303e-05
7.03000000e+01 5.69316002e-05
7.03900000e+01 5.88863685e-05
7.04800000e+01 5.75592436e-05
7.05700000e+01 6.15795245e-05
7.06600000e+01 6.30622669e-05
7.07500000e+01 5.98894602e-05
7.08400000e+01 6.19410861e-05
7.09300000e+01 6.08225775e-05
7.10200000e+01 5.93503515e-05
7.11100000e+01 6.02003553e-05
7.12000000e+01 6.42025506e-05
7.12900000e+01 6.30584030e-05
7.13800000e+01 6.03492592e-05
7.14700000e+01 6.31819129e-05
7.15600000e+01 6.46203604e-05
7.16500000e+01 5.73566738e-05
7.17400000e+01 6.02108054e-05
7.18300000e+01 6.29235160e-05
7.19200000e+01 6.58059416e-05
7.20100000e+01 6.42237744e-05
7.21000000e+01 6.14905583e-05
7.21900000e+01 6.13567929e-05
7.22800000e+01 6.38048163e-05
7.23700000e+01 6.15087671e-05
7.24600000e+01 6.46373557e-05
7.25500000e+01 6.04827982e-05
7.26400000e+01 6.12153260e-05
7.27300000e+01 6.18305444e-05
7.28200000e+01 6.40149618e-05
7.29100000e+01 6.35066369e-05
7.30000000e+01 6.58879101e-05
7.30900000e+01 6.29922127e-05
7.31800000e+01 6.08359553e-05
7.32700000e+01 6.08206199e-05
7.33600000e+01 6.19091508e-05
7.34500000e+01 6.24073873e-05
7.35400000e+01 6.19051786e-05
7.36300000e+01 6.34449678e-05
7.37200000e+01 6.23653808e-05
7.38100000e+01 6.34635862e-05
7.39000000e+01 6.59160296e-05
7.39900000e+01 6.52574578e-05
7.40800000e+01 6.30431983e-05
7.41700000e+01 6.36065732e-05
7.42600000e+01 6.21321439e-05
7.43500000e+01 6.04604133e-05
7.44400000e+01 6.61174492e-05
7.45300000e+01 6.18724367e-05
7.46200000e+01 6.30161975e-05
7.47100000e+01 6.29756898e-05
7.48000000e+01 6.31642700e-05
7.48900000e+01 6.58403788e-05
7.49800000e+01 6.02949756e-05
7.50700000e+01 6.19649077e-05
7.51600000e+01 6.47752167e-05
7.52500000e+01 5.93186950e-05
7.53400000e+01 6.44080956e-05
7.54300000e+01 6.24089965e-05
7.55200000e+01 6.55046076e-05
7.56100000e+01 6.35628411e-05
7.57000000e+01 6.61425210e-05
7.57900000e+01 6.60647180e-05
7.58800000e+01 6.25816701e-05
7.59700000e+01 6.26195920e-05
7.60600000e+01 6.91655021e-05
7.61500000e+01 5.95988619e-05
7.62400000e+01 6.21415955e-05
7.63300000e+01 5.91690015e-05
7.64200000e+01 6.26607469e-05
7.65100000e+01 6.46692951e-05
7.66000000e+01 6.66056584e-05
7.66900000e+01 6.33673452e-05
7.67800000e+01 6.82862960e-05
7.68700000e+01 6.46828833e-05
7.69600000e+01 6.43889665e-05
7.70500000e+01 6.02690054e-05
7.71400000e+01 6.21791641e-05
7.72300000e+01 6.56322565e-05
7.73200000e+01 6.48531693e-05
7.74100000e+01 6.48601907e-05
7.75000000e+01 6.45775309e-05
7.75900000e+01 6.38596423e-05
7.76800000e+01 6.37390426e-05
7.77700000e+01 6.55533657e-05
7.78600000e+01 6.44760275e-05
7.79500000e+01 6.51513467e-05
7.80400000e+01 6.49211566e-05
7.81300000e+01 6.05443887e-05
7.82200000e+01 6.45506417e-05
7.83100000e+01 6.66989213e-05
7.84000000e+01 6.41536776e-05
7.84900000e+01 6.53934732e-05
7.85800000e+01 6.34935189e-05
7.86700000e+01 6.72996841e-05
7.87600000e+01 6.78039137e-05
7.88500000e+01 6.46145438e-05
7.89400000e+01 6.70812619e-05
7.90300000e+01 6.67365877e-05
7.91200000e+01 7.06360786e-05
7.92100000e+01 6.86093529e-05
7.93000000e+01 6.67500000e-05
7.93900000e+01 6.42345151e-05
7.94800000e+01 6.59217586e-05
7.95700000e+01 6.51186983e-05
7.96600000e+01 6.48605294e-05
7.97500000e+01 6.42266687e-05
7.98400000e+01 6.66707589e-05
7.99300000e+01 6.42460943e-05
8.00200000e+01 6.64176255e-05
8.01100000e+01 6.82442100e-05
8.02000000e+01 6.65617332e-05
8.02900000e+01 6.50114874e-05
8.03800000e+01 6.45451983e-05
8.04700000e+01 6.70215943e-05
8.05600000e+01 6.66806405e-05
8.06500000e+01 6.61953474e-05
8.07400000e+01 6.67209095e-05
8.08300000e+01 6.83368450e-05
8.09200000e+01 6.75211258e-05
8.10100000e+01 6.75155223e-05
8.11000000e+01 6.84055545e-05
8.11900000e+01 6.63787445e-05
8.12800000e+01 6.73646377e-05
8.13700000e+01 6.84587681e-05
8.14600000e+01 6.68364686e-05
8.15500000e+01 6.44790304e-05
8.16400000e+01 6.74134139e-05
8.17300000e+01 6.81227841e-05
8.18200000e+01 6.74573723e-05
8.19100000e+01 6.78410784e-05
8.20000000e+01 6.80255979e-05
8.20900000e+01 6.70379674e-05
8.21800000e+01 6.49320826e-05
8.22700000e+01 6.81123805e-05
8.23600000e+01 7.06332153e-05
8.24500000e+01 6.59015964e-05
8.25400000e+01 6.99012831e-05
8.26300000e+01 6.47623687e-05
8.27200000e+01 6.59658180e-05
8.28100000e+01 6.82300455e-05
8.29000000e+01 6.68079133e-05
8.29900000e+01 7.19346191e-05
8.30800000e+01 6.86413389e-05
8.31700000e+01 7.11327399e-05
8.32600000e+01 7.09258633e-05
8.33500000e+01 7.12459093e-05
8.34400000e+01 6.36711410e-05
8.35300000e+01 6.43936773e-05
8.36200000e+01 6.90990653e-05
8.37100000e+01 6.87002655e-05
8.38000000e+01 6.92648661e-05
8.38900000e+01 6.89784593e-05
8.39800000e+01 7.18586291e-05
8.40700000e+01 7.05977041e-05
8.41600000e+01 6.69764679e-05
8.42500000e+01 6.60662529e-05
8.43400000e+01 6.94844937e-05
8.44300000e+01 7.08887882e-05
8.45200000e+01 7.03234704e-05
8.46100000e+01 7.28124968e-05
8.47000000e+01 6.78167277e-05
8.47900000e+01 6.90602051e-05
8.48800000e+01 6.55511883e-05
8.49700000e+01 6.85137375e-05
8.50600000e+01 7.12068684e-05
8.51500000e+01 7.11404066e-05
8.52400000e+01 6.71814585e-05
8.53300000e+01 6.64837224e-05
8.54200000e+01 7.05340562e-05
8.55100000e+01 6.72468556e-05
8.56000000e+01 6.93224556e-05
8.56900000e+01 6.88157320e-05
8.57800000e+01 6.87696138e-05
8.58700000e+01 6.90213215e-05
8.59600000e+01 7.23156743e-05
8.60500000e+01 6.94873494e-05
8.61400000e+01 6.96518699e-05
8.62300000e+01 6.99554239e-05
8.63200000e+01 7.07708091e-05
8.64100000e+01 6.51427422e-05
8.65000000e+01 6.94962415e-05
8.65900000e+01 7.29777259e-05
8.66800000e+01 7.03595291e-05
8.67700000e+01 7.01956279e-05
8.68600000e+01 6.46431311e-05
8.69500000e+01 7.30417655e-05
8.70400000e+01 7.00915916e-05
8.71300000e+01 7.11092437e-05
8.72200000e+01 6.84829163e-05
8.73100000e+01 7.16707820e-05
8.74000000e+01 6.90073380e-05
8.74900000e+01 7.22232562e-05
8.75800000e+01 6.89650931e-05
8.76700000e+01 6.90870355e-05
8.77600000e+01 7.45598243e-05
8.78500000e+01 6.71006775e-05
8.79400000e+01 7.22447667e-05
8.80300000e+01 6.96296992e-05
8.81200000e+01 7.52387996e-05
8.82100000e+01 7.09279742e-05
8.83000000e+01 6.81486973e-05
8.83900000e+01 6.95298448e-05
8.84800000e+01 7.01338377e-05
8.85700000e+01 7.25813567e-05
8.86600000e+01 7.39759125e-05
8.87500000e+01 7.22957421e-05
8.88400000e+01 7.02985643e-05
8.89300000e+01 7.40673429e-05
8.90200000e+01 6.87110390e-05
8.91100000e+01 7.19534953e-05
8.92000000e+01 7.31950020e-05
8.92900000e+01 7.13660667e-05
8.93800000e+01 7.21202068e-05
8.94700000e+01 6.94227782e-05
8.95600000e+01 6.73818360e-05
8.96500000e+01 7.26441592e-05
8.97400000e+01 6.90208818e-05
8.98300000e+01 7.14209039e-05
8.99200000e+01 7.00252766e-05
9.00100000e+01 7.59307985e-05
9.01000000e+01 7.25272091e-05
9.01900000e+01 7.51366445e-05
9.02800000e+01 7.21601096e-05
9.03700000e+01 7.02465611e-05
9.04600000e+01 7.33482134e-05
9.05500000e+01 7.50408771e-05
9.06400000e+01 7.37469928e-05
9.07300000e+01 7.29602396e-05
9.08200000e+01 7.51377329e-05
9.09100000e+01 7.06126949e-05
9.10000000e+01 7.29956545e-05
9.10900000e+01 7.16277540e-05
9.11800000e+01 7.20878737e-05
9.12700000e+01 6.92167474e-05
9.13600000e+01 7.20175190e-05
9.14500000e+01 7.22290400e-05
9.15400000e+01 7.58180068e-05
9.16300000e+01 7.70804882e-05
9.17200000e+01 7.20498551e-05
9.18100000e+01 6.91687252e-05
9.19000000e+01 7.30633736e-05
9.19900000e+01 7.66645122e-05
9.20800000e+01 7.65968125e-05
9.21700000e+01 7.35606705e-05
9.22600000e+01 7.11018825e-05
9.23500000e+01 7.19024254e-05
9.24400000e+01 7.56517359e-05
9.25300000e+01 7.19564353e-05
9.26200000e+01 7.22853615e-05
9.27100000e+01 7.27629705e-05
9.28000000e+01 7.26555029e-05
9.28900000e+01 7.49481932e-05
9.29800000e+01 7.53869497e-05
9.30700000e+01 7.00034065e-05
9.31600000e+01 7.53310027e-05
9.32500000e+01 7.47025988e-05
9.33400000e+01 7.21988318e-05
9.34300000e+01 7.41522501e-05
9.35200000e+01 7.55372278e-05
9.36100000e+01 7.25352832e-05
9.37000000e+01 7.17898696e-05
9.37900000e+01 7.48180114e-05
9.38800000e+01 7.13927167e-05
9.39700000e+01 7.10226603e-05
9.40600000e+01 7.72375426e-05
9.41500000e+01 7.67067211e-05
9.42400000e+01 7.52421983e-05
9.43300000e+01 7.59251745e-05
9.44200000e+01 7.44787775e-05
9.45100000e+01 7.51784189e-05
9.46000000e+01 7.84868991e-05
9.46900000e+01 7.50735457e-05
9.47800000e+01 7.04470204e-05
9.48700000e+01 7.43213747e-05
9.49600000e+01 7.50906793e-05
9.50500000e+01 7.33490117e-05
9.51400000e+01 7.68396099e-05
9.52300000e+01 7.57146930e-05
9.53200000e+01 7.41281140e-05
9.54100000e+01 7.49739655e-05
9.55000000e+01 7.65908980e-05
9.55900000e+01 7.16276435e-05
9.56800000e+01 7.24366053e-05
9.57700000e+01 7.41799258e-05
9.58600000e+01 7.75746422e-05
9.59500000e+01 7.43405896e-05
9.60400000e+01 7.32966977e-05
9.61300000e+01 7.63587948e-05
9.62200000e+01 7.33814202e-05
9.63100000e+01 7.40765070e-05
9.64000000e+01 7.42652258e-05
9.64900000e+01 7.74288735e-05
9.65800000e+01 7.63578722e-05
9.66700000e+01 7.10999343e-05
9.67600000e+01 7.51340280e-05
9.68500000e+01 7.51687112e-05
9.69400000e+01 7.70663852e-05
9.70300000e+01 7.11030050e-05
9.71200000e+01 7.28154609e-05
9.72100000e+01 7.49886416e-05
9.73000000e+01 7.34607590e-05
9.73900000e+01 8.10417859e-05
9.74800000e+01 7.38942611e-05
9.75700000e+01 7.21130575e-05
9.76600000e+01 7.33644823e-05
9.77500000e+01 7.64388938e-05
9.78400000e+01 7.50159901e-05
9.79300000e+01 7.43639171e-05
9.80200000e+01 7.55622826e-05
9.81100000e+01 7.63749153e-05
9.82000000e+01 7.73702786e-05
9.82900000e+01 8.08616916e-05
9.83800000e+01 7.71020535e-05
9.84700000e+01 7.69652446e-05
9.85600000e+01 7.96903837e-05
9.86500000e+01 7.55190665e-05
9.87400000e+01 7.57306426e-05
9.88300000e+01 7.66670930e-05
9.89200000e+01 7.59951215e-05
9.90100000e+01 7.28828443e-05
9.91000000e+01 7.94850780e-05
9.91900000e+01 7.45998968e-05
9.92800000e+01 7.98199893e-05
9.93700000e+01 7.82670407e-05
9.94600000e+01 7.35451772e-05
9.95500000e+01 7.93428124e-05
9.96400000e+01 7.62284720e-05
9.97300000e+01 7.68715223e-05
9.98200000e+01 8.09553526e-05
9.99100000e+01 7.87533652e-05
1.00000000e+02 7.54132555e-05
1.00900901e+02 7.77140000e-05
1.01801802e+02 7.69817717e-05
1.02702703e+02 7.82978041e-05
1.03603604e+02 8.25992476e-05
1.04504505e+02 8.07177217e-05
1.05405405e+02 8.23295303e-05
1.06306306e+02 7.34761812e-05
1.07207207e+02 8.64250316e-05
1.08108108e+02 7.91087055e-05
1.09009009e+02 7.85209486e-05
1.09909910e+02 8.21741343e-05
1.10810811e+02 7.84829258e-05
1.11711712e+02 8.68103275e-05
1.12612613e+02 8.06629193e-05
1.13513514e+02 8.35182927e-05
1.14414414e+02 8.39544109e-05
1.15315315e+02 8.45421905e-05
1.16216216e+02 8.46041121e-05
1.17117117e+02 8.32499621e-05
1.18018018e+02 8.29094829e-05
1.18918919e+02 8.41950802e-05
1.19819820e+02 8.25977976e-05
1.20720721e+02 8.48998388e-05
1.21621622e+02 8.26954563e-05
1.22522523e+02 8.52438412e-05
1.23423423e+02 9.20317295e-05
1.24324324e+02 8.62925177e-05
1.25225225e+02 8.50278315e-05
1.26126126e+02 8.23542520e-05
1.27027027e+02 9.04998682e-05
1.27927928e+02 8.24766496e-05
1.28828829e+02 8.71571585e-05
1.29729730e+02 8.85103391e-05
1.30630631e+02 8.81664775e-05
1.31531532e+02 9.23949438e-05
1.32432432e+02 9.11993538e-05
1.33333333e+02 9.60695363e-05
1.34234234e+02 8.85796992e-05
1.35135135e+02 9.43849171e-05
1.36036036e+02 9.19431654e-05
1.36936937e+02 9.28881188e-05
1.37837838e+02 9.18524775e-05
1.38738739e+02 9.31398492e-05
1.39639640e+02 9.28251779e-05
1.40540541e+02 8.92406902e-05
1.41441441e+02 9.20839586e-05
1.42342342e+02 9.40176357e-05
1.43243243e+02 9.57506885e-05
1.44144144e+02 9.86822671e-05
1.45045045e+02 1.00479833e-04
1.45945946e+02 9.09769771e-05
1.46846847e+02 8.96433794e-05
1.47747748e+02 9.73697937e-05
1.48648649e+02 9.40977462e-05
1.49549550e+02 9.62518775e-05
1.50450450e+02 9.35118824e-05
1.51351351e+02 9.41981398e-05
1.52252252e+02 1.00199708e-04
1.53153153e+02 9.70494330e-05
1.54054054e+02 9.63101361e-05
1.54954955e+02 9.65123426e-05
1.55855856e+02 9.60325763e-05
1.56756757e+02 9.85024260e-05
1.57657658e+02 9.73743271e-05
1.58558559e+02 9.98744843e-05
1.59459459e+02 9.59255681e-05
1.60360360e+02 1.03316366e-04
1.61261261e+02 9.68418444e-05
1.62162162e+02 1.02047167e-04
1.63063063e+02 1.03101289e-04
1.63963964e+02 9.81012411e-05
1.64864865e+02 9.53133139e-05
1.65765766e+02 1.03359882e-04
1.66666667e+02 9.89422779e-05
1.67567568e+02 9.92522442e-05
1.68468468e+02 1.01667090e-04
1.69369369e+02 1.02830942e-04
1.70270270e+02 1.02667940e-04
1.71171171e+02 1.12767248e-04
1.72072072e+02 1.01505825e-04
1.72972973e+02 1.03617764e-04
1.73873874e+02 9.99895850e-05
1.74774775e+02 9.54616197e-05
1.75675676e+02 1.01179235e-04
1.76576577e+02 1.03463725e-04
1.77477477e+02 1.02118291e-04
1.78378378e+02 1.00295672e-04
1.79279279e+02 1.02059986e-04
1.80180180e+02 1.02627893e-04
1.81081081e+02 1.06903078e-04
1.81981982e+02 1.04770163e-04
1.82882883e+02 1.05327347e-04
1.83783784e+02 1.06769583e-04
1.84684685e+02 1.06840587e-04
1.85585586e+02 9.75495677e-05
1.86486486e+02 1.00378731e-04
1.87387387e+02 1.06025783e-04
1.88288288e+02 1.05109009e-04
1.89189189e+02 1.03531700e-04
1.90090090e+02 1.03717192e-04
1.90990991e+02 1.04345203e-04
1.91891892e+02 1.02653013e-04
1.92792793e+02 1.01377439e-04
1.93693694e+02 1.00998596e-04
1.94594595e+02 1.06293107e-04
1.95495495e+02 1.09934897e-04
1.96396396e+02 1.04005044e-04
1.97297297e+02 1.05237182e-04
1.98198198e+02 1.04074786e-04
1.99099099e+02 1.04413090e-04
2.00000000e+02 1.03107003e-04
2.00900901e+02 1.07576945e-04
2.01801802e+02 1.03241519e-04
2.02702703e+02 1.05599121e-04
2.03603604e+02 1.05405494e-04
2.04504505e+02 1.05734982e-04
2.05405405e+02 1.08320836e-04
2.06306306e+02 1.08821033e-04
2.07207207e+02 1.02338056e-04
2.08108108e+02 1.11929068e-04
2.09009009e+02 1.06152512e-04
2.09909910e+02 1.10769340e-04
2.10810811e+02 1.09123910e-04
2.11711712e+02 1.10589618e-04
2.12612613e+02 1.05397502e-04
2.13513514e+02 1.07891545e-04
2.14414414e+02 1.06556345e-04
2.15315315e+02 1.03290291e-04
2.16216216e+02 1.13449431e-04
2.17117117e+02 1.05640746e-04
2.18018018e+02 1.09172117e-04
2.18918919e+02 1.19775585e-04
2.19819820e+02 1.10113388e-04
2.20720721e+02 1.07705313e-04
2.21621622e+02 1.04703814e-04
2.22522523e+02 1.07403813e-04
2.23423423e+02 1.03114252e-04
2.24324324e+02 1.11594955e-04
2.25225225e+02 1.06904731e-04
2.26126126e+02 1.10152535e-04
2.27027027e+02 1.03726131e-04
2.27927928e+02 1.15571136e-04
2.28828829e+02 1.13445767e-04
2.29729730e+02 1.09812527e-04
2.30630631e+02 1.15602678e-04
2.31531532e+02 1.15893477e-04
2.32432432e+02 1.10623976e-04
2.33333333e+02 1.12577756e-04
2.34234234e+02 1.14061124e-04
2.35135135e+02 1.08280573e-04
2.36036036e+02 9.94338572e-05
2.36936937e+02 1.09667937e-04
2.37837838e+02 1.12822201e-04
2.38738739e+02 1.06093808e-04
2.39639640e+02 1.07525475e-04
2.40540541e+02 1.11203893e-04
2.41441441e+02 1.13652969e-04
2.42342342e+02 1.15744902e-04
2.43243243e+02 1.18079472e-04
2.44144144e+02 1.17663830e-04
2.45045045e+02 1.20560030e-04
2.45945946e+02 1.12407286e-04
2.46846847e+02 1.13471635e-04
2.47747748e+02 1.14765242e-04
2.48648649e+02 1.14371133e-04
2.49549550e+02 1.11295597e-04
2.50450450e+02 1.12212007e-04
2.51351351e+02 1.08886651e-04
2.52252252e+02 1.11688664e-04
2.53153153e+02 1.17614311e-04
2.54054054e+02 1.13566387e-04
2.54954955e+02 1.17697180e-04
2.55855856e+02 1.15675188e-04
2.56756757e+02 1.09523596e-04
2.57657658e+02 1.14733998e-04
2.58558559e+02 1.09344035e-04
2.59459459e+02 1.09493902e-04
2.60360360e+02 1.11807160e-04
2.61261261e+02 1.19496685e-04
2.62162162e+02 1.12795045e-04
2.63063063e+02 1.08812640e-04
2.63963964e+02 1.16915806e-04
2.64864865e+02 1.21261887e-04
2.65765766e+02 1.09903786e-04
2.66666667e+02 1.15008723e-04
2.67567568e+02 1.18374847e-04
2.68468468e+02 1.19917387e-04
2.69369369e+02 1.10150056e-04
2.70270270e+02 1.14562149e-04
2.71171171e+02 1.18396005e-04
2.72072072e+02 1.11502299e-04
2.72972973e+02 1.15371984e-04
2.73873874e+02 1.16273058e-04
2.74774775e+02 1.14115028e-04
2.75675676e+02 1.09603223e-04
2.76576577e+02 1.13998480e-04
2.77477477e+02 1.13214130e-04
2.78378378e+02 1.16057076e-04
2.79279279e+02 1.17765081e-04
2.80180180e+02 1.15206673e-04
2.81081081e+02 1.17677584e-04
2.81981982e+02 1.11972923e-04
2.82882883e+02 1.13145248e-04
2.83783784e+02 1.11434035e-04
2.84684685e+02 1.16701344e-04
2.85585586e+02 1.11434312e-04
2.86486486e+02 1.16934647e-04
2.87387387e+02 1.18762991e-04
2.88288288e+02 1.19010740e-04
2.89189189e+02 1.14726935e-04
2.90090090e+02 1.09733946e-04
2.90990991e+02 1.14612792e-04
2.91891892e+02 1.21054711e-04
2.92792793e+02 1.19725659e-04
2.93693694e+02 1.11781407e-04
2.94594595e+02 1.15798210e-04
2.95495495e+02 1.16477705e-04
2.96396396e+02 1.17721423e-04
2.97297297e+02 1.17159600e-04
2.98198198e+02 1.12107623e-04
2.99099099e+02 1.16017680e-04
3.00000000e+02 1.18247918e-04
3.00900901e+02 1.17760460e-04
3.01801802e+02 1.10653284e-04
3.02702703e+02 1.15715998e-04
3.03603604e+02 1.16741495e-04
3.04504505e+02 1.23861792e-04
3.05405405e+02 1.19567704e-04
3.06306306e+02 1.19899378e-04
3.07207207e+02 1.17169456e-04
3.08108108e+02 1.15237926e-04
3.09009009e+02 1.19371870e-04
3.09909910e+02 1.09820843e-04
3.10810811e+02 1.15196895e-04
3.11711712e+02 1.12749358e-04
3.12612613e+02 1.15182464e-04
3.13513514e+02 1.17961365e-04
3.14414414e+02 1.18564846e-04
3.15315315e+02 1.15442173e-04
3.16216216e+02 1.21051010e-04
3.17117117e+02 1.16950750e-04
3.18018018e+02 1.12964430e-04
3.18918919e+02 1.20590319e-04
3.19819820e+02 1.22845523e-04
3.20720721e+02 1.19206896e-04
3.21621622e+02 1.21934956e-04
3.22522523e+02 1.19704616e-04
3.23423423e+02 1.13179906e-04
3.24324324e+02 1.21547142e-04
3.25225225e+02 1.17801061e-04
3.26126126e+02 1.16458014e-04
3.27027027e+02 1.14305503e-04
3.27927928e+02 1.22000283e-04
3.28828829e+02 1.16605689e-04
3.29729730e+02 1.19327220e-04
3.30630631e+02 1.18607857e-04
3.31531532e+02 1.17014775e-04
3.32432432e+02 1.23870783e-04
3.33333333e+02 1.18504105e-04
3.34234234e+02 1.13464573e-04
3.35135135e+02 1.20561484e-04
3.36036036e+02 1.23621108e-04
3.36936937e+02 1.14590481e-04
3.37837838e+02 1.13176238e-04
3.38738739e+02 1.14481773e-04
3.39639640e+02 1.23267850e-04
3.40540541e+02 1.22063321e-04
3.41441441e+02 1.15412576e-04
3.42342342e+02 1.18990814e-04
3.43243243e+02 1.17428148e-04
3.44144144e+02 1.13340866e-04
3.45045045e+02 1.17489941e-04
3.45945946e+02 1.20874918e-04
3.46846847e+02 1.15226442e-04
3.47747748e+02 1.14565886e-04
3.48648649e+02 1.14619615e-04
3.49549550e+02 1.21739706e-04
3.50450450e+02 1.17148522e-04
3.51351351e+02 1.16815926e-04
3.52252252e+02 1.10840908e-04
3.53153153e+02 1.20089063e-04
3.54054054e+02 1.18580209e-04
3.54954955e+02 1.14869901e-04
3.55855856e+02 1.17766948e-04
3.56756757e+02 1.25104396e-04
3.57657658e+02 1.14123442e-04
3.58558559e+02 1.14483770e-04
3.59459459e+02 1.19845406e-04
3.60360360e+02 1.15875797e-04
3.61261261e+02 1.18478334e-04
3.62162162e+02 1.12898825e-04
3.63063063e+02 1.20571805e-04
3.63963964e+02 1.22687863e-04
3.64864865e+02 1.14325701e-04
3.65765766e+02 1.18823463e-04
3.66666667e+02 1.15706669e-04
3.67567568e+02 1.21402291e-04
3.68468468e+02 1.17040582e-04
3.69369369e+02 1.24778260e-04
3.70270270e+02 1.17478586e-04
3.71171171e+02 1.15272347e-04
3.72072072e+02 1.24435255e-04
3.72972973e+02 1.19271710e-04
3.73873874e+02 1.20487779e-04
3.74774775e+02 1.23040727e-04
3.75675676e+02 1.18012686e-04
3.76576577e+02 1.09778095e-04
3.77477477e+02 1.19013971e-04
3.78378378e+02 1.10187866e-04
3.79279279e+02 1.19534197e-04
3.80180180e+02 1.11962703e-04
3.81081081e+02 1.17930989e-04
3.81981982e+02 1.17729582e-04
3.82882883e+02 1.17775658e-04
3.83783784e+02 1.22599588e-04
3.84684685e+02 1.15791068e-04
3.85585586e+02 1.13351447e-04
3.86486486e+02 1.23617674e-04
3.87387387e+02 1.20257867e-04
3.88288288e+02 1.12066432e-04
3.89189189e+02 1.19771164e-04
3.90090090e+02 1.08483573e-04
3.90990991e+02 1.23893142e-04
3.91891892e+02 1.18764824e-04
3.92792793e+02 1.22385642e-04
3.93693694e+02 1.24019710e-04
3.94594595e+02 1.19257273e-04
3.95495495e+02 1.14149254e-04
3.96396396e+02 1.20261067e-04
3.97297297e+02 1.20158055e-04
3.98198198e+02 1.15013834e-04
3.99099099e+02 1.23124117e-04
4.00000000e+02 1.28913082e-04
4.00900901e+02 1.14150098e-04
4.01801802e+02 1.14149244e-04
4.02702703e+02 1.14485783e-04
4.03603604e+02 1.13218243e-04
4.04504505e+02 1.17866326e-04
4.05405405e+02 1.15092240e-04
4.06306306e+02 1.18858621e-04
4.07207207e+02 1.23091017e-04
4.08108108e+02 1.19764267e-04
4.09009009e+02 1.20088942e-04
4.09909910e+02 1.19478374e-04
4.10810811e+02 1.16543090e-04
4.11711712e+02 1.18882547e-04
4.12612613e+02 1.13984722e-04
4.13513514e+02 1.19081094e-04
4.14414414e+02 1.13533055e-04
4.15315315e+02 1.14802177e-04
4.16216216e+02 1.24329821e-04
4.17117117e+02 1.16037612e-04
4.18018018e+02 1.20742503e-04
4.18918919e+02 1.12921757e-04
4.19819820e+02 1.22596605e-04
4.20720721e+02 1.19674969e-04
4.21621622e+02 1.21204416e-04
4.22522523e+02 1.14601588e-04
4.23423423e+02 1.22802849e-04
4.24324324e+02 1.17173812e-04
4.25225225e+02 1.17637582e-04
4.26126126e+02 1.25127706e-04
4.27027027e+02 1.20697656e-04
4.27927928e+02 1.16779066e-04
4.28828829e+02 1.17358426e-04
4.29729730e+02 1.20043410e-04
4.30630631e+02 1.19666491e-04
4.31531532e+02 1.16262817e-04
4.32432432e+02 1.18716968e-04
4.33333333e+02 1.26321610e-04
4.34234234e+02 1.25029530e-04
4.35135135e+02 1.26234589e-04
4.36036036e+02 1.26362960e-04
4.36936937e+02 1.25841010e-04
4.37837838e+02 1.17097369e-04
4.38738739e+02 1.21861358e-04
4.39639640e+02 1.18982072e-04
4.40540541e+02 1.20603330e-04
4.41441441e+02 1.30582642e-04
4.42342342e+02 1.25989137e-04
4.43243243e+02 1.15898380e-04
4.44144144e+02 1.19945586e-04
4.45045045e+02 1.21017683e-04
4.45945946e+02 1.14120454e-04
4.46846847e+02 1.16711619e-04
4.47747748e+02 1.22109118e-04
4.48648649e+02 1.16376561e-04
4.49549550e+02 1.17899166e-04
4.50450450e+02 1.18624225e-04
4.51351351e+02 1.18226052e-04
4.52252252e+02 1.11737682e-04
4.53153153e+02 1.16458918e-04
4.54054054e+02 1.24646060e-04
4.54954955e+02 1.23686190e-04
4.55855856e+02 1.17983868e-04
4.56756757e+02 1.20333944e-04
4.57657658e+02 1.21042199e-04
4.58558559e+02 1.19406794e-04
4.59459459e+02 1.22534679e-04
4.60360360e+02 1.26098029e-04
4.61261261e+02 1.18413072e-04
4.62162162e+02 1.22684014e-04
4.63063063e+02 1.15494874e-04
4.63963964e+02 1.22374662e-04
4.64864865e+02 1.20158898e-04
4.65765766e+02 1.17515035e-04
4.66666667e+02 1.18349648e-04
4.67567568e+02 1.19204091e-04
4.68468468e+02 1.19664579e-04
4.69369369e+02 1.19912126e-04
4.70270270e+02 1.19694067e-04
4.71171171e+02 1.25299637e-04
4.72072072e+02 1.16648196e-04
4.72972973e+02 1.14442361e-04
4.73873874e+02 1.19974235e-04
4.74774775e+02 1.21354794e-04
4.75675676e+02 1.23045321e-04
4.76576577e+02 1.12810905e-04
4.77477477e+02 1.16544723e-04
4.78378378e+02 1.20758673e-04
4.79279279e+02 1.26124317e-04
4.80180180e+02 1.26235951e-04
4.81081081e+02 1.13290954e-04
4.81981982e+02 1.22798068e-04
4.82882883e+02 1.20564584e-04
4.83783784e+02 1.18188869e-04
4.84684685e+02 1.11938970e-04
4.85585586e+02 1.13850299e-04
4.86486486e+02 1.15176052e-04
4.87387387e+02 1.15193967e-04
4.88288288e+02 1.21098778e-04
4.89189189e+02 1.23815281e-04
4.90090090e+02 1.11682506e-04
4.90990991e+02 1.16171549e-04
4.91891892e+02 1.19494339e-04
4.92792793e+02 1.19133109e-04
4.93693694e+02 1.20184121e-04
4.94594595e+02 1.26793077e-04
4.95495495e+02 1.14088590e-04
4.96396396e+02 1.25895475e-04
4.97297297e+02 1.28692637e-04
4.98198198e+02 1.12462367e-04
4.99099099e+02 1.17920777e-04
5.00000000e+02 1.22394281e-04
5.00900901e+02 1.25948716e-04
5.01801802e+02 1.20640127e-04
5.02702703e+02 1.08952407e-04
5.03603604e+02 1.18902795e-04
5.04504505e+02 1.19136326e-04
5.05405405e+02 1.19728010e-04
5.06306306e+02 1.18699478e-04
5.07207207e+02 1.16531899e-04
5.08108108e+02 1.24230236e-04
5.09009009e+02 1.19641324e-04
5.09909910e+02 1.21385147e-04
5.10810811e+02 1.22243000e-04
5.11711712e+02 1.20243758e-04
5.12612613e+02 1.21297593e-04
5.13513514e+02 1.19141878e-04
5.14414414e+02 1.23268513e-04
5.15315315e+02 1.21905827e-04
5.16216216e+02 1.19510137e-04
5.17117117e+02 1.19888376e-04
5.18018018e+02 1.25770631e-04
5.18918919e+02 1.18180285e-04
5.19819820e+02 1.19219277e-04
5.20720721e+02 1.19975155e-04
5.21621622e+02 1.17493100e-04
5.22522523e+02 1.16649023e-04
5.23423423e+02 1.20817467e-04
5.24324324e+02 1.23206551e-04
5.25225225e+02 1.15771413e-04
5.26126126e+02 1.27395004e-04
5.27027027e+02 1.18781725e-04
5.27927928e+02 1.19116353e-04
5.28828829e+02 1.22554074e-04
5.29729730e+02 1.21621879e-04
5.30630631e+02 1.18196800e-04
5.31531532e+02 1.24335168e-04
5.32432432e+02 1.21260615e-04
5.33333333e+02 1.19340933e-04
5.34234234e+02 1.23984005e-04
5.35135135e+02 1.16955689e-04
5.36036036e+02 1.18235448e-04
5.36936937e+02 1.13579908e-04
5.37837838e+02 1.20040938e-04
5.38738739e+02 1.26138446e-04
5.39639640e+02 1.13860747e-04
5.40540541e+02 1.17661566e-04
5.41441441e+02 1.22750329e-04
5.42342342e+02 1.18072446e-04
5.43243243e+02 1.17997601e-04
5.44144144e+02 1.21024328e-04
5.45045045e+02 1.27295148e-04
5.45945946e+02 1.21988332e-04
5.46846847e+02 1.23931419e-04
5.47747748e+02 1.22182135e-04
5.48648649e+02 1.30330047e-04
5.49549550e+02 1.21838726e-04
5.50450450e+02 1.17229897e-04
5.51351351e+02 1.16148481e-04
5.52252252e+02 1.20311312e-04
5.53153153e+02 1.22432429e-04
5.54054054e+02 1.21702645e-04
5.54954955e+02 1.20931067e-04
5.55855856e+02 1.24031220e-04
5.56756757e+02 1.18799353e-04
5.57657658e+02 1.20138610e-04
5.58558559e+02 1.16048054e-04
5.59459459e+02 1.19598122e-04
5.60360360e+02 1.14898857e-04
5.61261261e+02 1.17338579e-04
5.62162162e+02 1.15144238e-04
5.63063063e+02 1.18134306e-04
5.63963964e+02 1.20470144e-04
5.64864865e+02 1.22113889e-04
5.65765766e+02 1.17162984e-04
5.66666667e+02 1.23487952e-04
5.67567568e+02 1.17369227e-04
5.68468468e+02 1.17648975e-04
5.69369369e+02 1.18706704e-04
5.70270270e+02 1.17011281e-04
5.71171171e+02 1.26938317e-04
5.72072072e+02 1.19567480e-04
5.72972973e+02 1.25622540e-04
5.73873874e+02 1.21131323e-04
5.74774775e+02 1.12907646e-04
5.75675676e+02 1.24184193e-04
5.76576577e+02 1.19993868e-04
5.77477477e+02 1.20657687e-04
5.78378378e+02 1.23134050e-04
5.79279279e+02 1.16959451e-04
5.80180180e+02 1.23656307e-04
5.81081081e+02 1.21745069e-04
5.81981982e+02 1.20126685e-04
5.82882883e+02 1.19201954e-04
5.83783784e+02 1.21012849e-04
5.84684685e+02 1.23895325e-04
5.85585586e+02 1.19771465e-04
5.86486486e+02 1.23615374e-04
5.87387387e+02 1.20969700e-04
5.88288288e+02 1.15536452e-04
5.89189189e+02 1.18428525e-04
5.90090090e+02 1.20840321e-04
5.90990991e+02 1.22292948e-04
5.91891892e+02 1.22717642e-04
5.92792793e+02 1.25562294e-04
5.93693694e+02 1.15139119e-04
5.94594595e+02 1.24536561e-04
5.95495495e+02 1.21256844e-04
5.96396396e+02 1.19718568e-04
5.97297297e+02 1.19689442e-04
5.98198198e+02 1.22103697e-04
5.99099099e+02 1.20525546e-04
6.00000000e+02 1.28399733e-04
6.00900901e+02 1.24459084e-04
6.01801802e+02 1.17356724e-04
6.02702703e+02 1.19339908e-04
6.03603604e+02 1.17037139e-04
6.04504505e+02 1.18300419e-04
6.05405405e+02 1.21946730e-04
6.06306306e+02 1.20909027e-04
6.07207207e+02 1.22728248e-04
6.08108108e+02 1.21488856e-04
6.09009009e+02 1.14104831e-04
6.09909910e+02 1.23593222e-04
6.10810811e+02 1.20201790e-04
6.11711712e+02 1.23924870e-04
6.12612613e+02 1.20581364e-04
6.13513514e+02 1.16269337e-04
6.14414414e+02 1.20347834e-04
6.15315315e+02 1.22757774e-04
6.16216216e+02 1.25243498e-04
6.17117117e+02 1.18714772e-04
6.18018018e+02 1.23671892e-04
6.18918919e+02 1.21359277e-04
6.19819820e+02 1.20287963e-04
6.20720721e+02 1.18957746e-04
6.21621622e+02 1.14775115e-04
6.22522523e+02 1.22212693e-04
6.23423423e+02 1.20012492e-04
6.24324324e+02 1.17048904e-04
6.25225225e+02 1.24221276e-04
6.26126126e+02 1.16484313e-04
6.27027027e+02 1.17052225e-04
6.27927928e+02 1.28730143e-04
6.28828829e+02 1.26956035e-04
6.29729730e+02 1.22337336e-04
6.30630631e+02 1.23412066e-04
6.31531532e+02 1.18043041e-04
6.32432432e+02 1.20299683e-04
6.33333333e+02 1.19597803e-04
6.34234234e+02 1.24115300e-04
6.35135135e+02 1.13015215e-04
6.36036036e+02 1.19089227e-04
6.36936937e+02 1.18926593e-04
6.37837838e+02 1.19742728e-04
6.38738739e+02 1.16990394e-04
6.39639640e+02 1.17774390e-04
6.40540541e+02 1.17168798e-04
6.41441441e+02 1.16927704e-04
6.42342342e+02 1.23511057e-04
6.43243243e+02 1.23039885e-04
6.44144144e+02 1.19056943e-04
6.45045045e+02 1.20193562e-04
6.45945946e+02 1.17241612e-04
6.46846847e+02 1.25314500e-04
6.47747748e+02 1.19942375e-04
6.48648649e+02 1.28693116e-04
6.49549550e+02 1.29599776e-04
6.50450450e+02 1.18299244e-04
6.51351351e+02 1.23069283e-04
6.52252252e+02 1.20037061e-04
6.53153153e+02 1.23198947e-04
6.54054054e+02 1.25205254e-04
6.54954955e+02 1.15744716e-04
6.55855856e+02 1.18854274e-04
6.56756757e+02 1.17492552e-04
6.57657658e+02 1.25063367e-04
6.58558559e+02 1.19462885e-04
6.59459459e+02 1.16751891e-04
6.60360360e+02 1.26095716e-04
6.61261261e+02 1.20918681e-04
6.62162162e+02 1.19922970e-04
6.63063063e+02 1.14239147e-04
6.63963964e+02 1.15437171e-04
6.64864865e+02 1.23962421e-04
6.65765766e+02 1.26254712e-04
6.66666667e+02 1.19029470e-04
6.67567568e+02 1.19848278e-04
6.68468468e+02 1.22368580e-04
6.69369369e+02 1.25369108e-04
6.70270270e+02 1.14874180e-04
6.71171171e+02 1.19599459e-04
6.72072072e+02 1.23257283e-04
6.72972973e+02 1.14246202e-04
6.73873874e+02 1.20437414e-04
6.74774775e+02 1.21232651e-04
6.75675676e+02 1.30655185e-04
6.76576577e+02 1.19615286e-04
6.77477477e+02 1.20902316e-04
6.78378378e+02 1.15462956e-04
6.79279279e+02 1.18794690e-04
6.80180180e+02 1.18145134e-04
6.81081081e+02 1.22739285e-04
6.81981982e+02 1.20754236e-04
6.82882883e+02 1.19428784e-04
6.83783784e+02 1.17909458e-04
6.84684685e+02 1.16042327e-04
6.85585586e+02 1.27993843e-04
6.86486486e+02 1.18814353e-04
6.87387387e+02 1.17805830e-04
6.88288288e+02 1.24725540e-04
6.89189189e+02 1.15385336e-04
6.90090090e+02 1.28353559e-04
6.90990991e+02 1.24756479e-04
6.91891892e+02 1.25661826e-04
6.92792793e+02 1.16980758e-04
6.93693694e+02 1.19751132e-04
6.94594595e+02 1.21255060e-04
6.95495495e+02 1.20930953e-04
6.96396396e+02 1.19536615e-04
6.97297297e+02 1.20115157e-04
6.98198198e+02 1.23411103e-04
6.99099099e+02 1.24628705e-04
7.00000000e+02 1.17922890e-04
7.00900901e+02 1.16045288e-04
7.01801802e+02 1.27317371e-04
7.02702703e+02 1.25311051e-04
7.03603604e+02 1.15174952e-04
7.04504505e+02 1.19872637e-04
7.05405405e+02 1.25032794e-04
7.06306306e+02 1.27543638e-04
7.07207207e+02 1.14690476e-04
7.08108108e+02 1.15056404e-04
7.09009009e+02 1.15137980e-04
7.09909910e+02 1.16612747e-04
7.10810811e+02 1.23512746e-04
7.11711712e+02 1.16012750e-04
7.12612613e+02 1.15804030e-04
7.13513514e+02 1.23612219e-04
7.14414414e+02 1.22446723e-04
7.15315315e+02 1.13083689e-04
7.16216216e+02 1.19863253e-04
7.17117117e+02 1.14374375e-04
7.18018018e+02 1.20703213e-04
7.18918919e+02 1.19042441e-04
7.19819820e+02 1.21609929e-04
7.20720721e+02 1.15370774e-04
7.21621622e+02 1.27641314e-04
7.22522523e+02 1.18756085e-04
7.23423423e+02 1.23871632e-04
7.24324324e+02 1.17892509e-04
7.25225225e+02 1.23754164e-04
7.26126126e+02 1.20156522e-04
7.27027027e+02 1.19480475e-04
7.27927928e+02 1.22533711e-04
7.28828829e+02 1.22422903e-04
7.29729730e+02 1.12739753e-04
7.30630631e+02 1.19779610e-04
7.31531532e+02 1.22071423e-04
7.32432432e+02 1.24729688e-04
7.33333333e+02 1.18970418e-04
7.34234234e+02 1.24195393e-04
7.35135135e+02 1.14497379e-04
7.36036036e+02 1.23596193e-04
7.36936937e+02 1.16417544e-04
7.37837838e+02 1.20713941e-04
7.38738739e+02 1.21173015e-04
7.39639640e+02 1.19138082e-04
7.40540541e+02 1.17448217e-04
7.41441441e+02 1.26506375e-04
7.42342342e+02 1.12226108e-04
7.43243243e+02 1.15830707e-04
7.44144144e+02 1.20875020e-04
7.45045045e+02 1.20725688e-04
7.45945946e+02 1.22240860e-04
7.46846847e+02 1.18601533e-04
7.47747748e+02 1.17975135e-04
7.48648649e+02 1.25632461e-04
7.49549550e+02 1.24595877e-04
7.50450450e+02 1.23326506e-04
7.51351351e+02 1.19944412e-04
7.52252252e+02 1.20802264e-04
7.53153153e+02 1.19362243e-04
7.54054054e+02 1.15056413e-04
7.54954955e+02 1.21616557e-04
7.55855856e+02 1.19070382e-04
7.56756757e+02 1.16284767e-04
7.57657658e+02 1.23413045e-04
7.58558559e+02 1.16251595e-04
7.59459459e+02 1.21741270e-04
7.60360360e+02 1.22171801e-04
7.61261261e+02 1.23328313e-04
7.62162162e+02 1.18381013e-04
7.63063063e+02 1.21947448e-04
7.63963964e+02 1.19031876e-04
7.64864865e+02 1.22788814e-04
7.65765766e+02 1.19170679e-04
7.66666667e+02 1.20302630e-04
7.67567568e+02 1.19553740e-04
7.68468468e+02 1.20811186e-04
7.69369369e+02 1.18768227e-04
7.70270270e+02 1.21004060e-04
7.71171171e+02 1.24450254e-04
7.72072072e+02 1.25670254e-04
7.72972973e+02 1.20646987e-04
7.73873874e+02 1.22558801e-04
7.74774775e+02 1.18073205e-04
7.75675676e+02 1.22220935e-04
7.76576577e+02 1.20537214e-04
7.77477477e+02 1.18676959e-04
7.78378378e+02 1.21714105e-04
7.79279279e+02 1.26521352e-04
7.80180180e+02 1.19300950e-04
7.81081081e+02 1.25358765e-04
7.81981982e+02 1.21751382e-04
7.82882883e+02 1.18941797e-04
7.83783784e+02 1.18921510e-04
7.84684685e+02 1.23949936e-04
7.85585586e+02 1.20279888e-04
7.86486486e+02 1.25809078e-04
7.87387387e+02 1.20538646e-04
7.88288288e+02 1.15578883e-04
7.89189189e+02 1.23733752e-04
7.90090090e+02 1.22854461e-04
7.90990991e+02 1.19807248e-04
7.91891892e+02 1.24352190e-04
7.92792793e+02 1.23884488e-04
7.93693694e+02 1.17359450e-04
7.94594595e+02 1.20796979e-04
7.95495495e+02 1.25824839e-04
7.96396396e+02 1.19156795e-04
7.97297297e+02 1.19451924e-04
7.98198198e+02 1.19530670e-04
7.99099099e+02 1.24314951e-04
8.00000000e+02 1.20822810e-04
8.00900901e+02 1.18713270e-04
8.01801802e+02 1.22284636e-04
8.02702703e+02 1.20999392e-04
8.03603604e+02 1.25687128e-04
8.04504505e+02 1.31066333e-04
8.05405405e+02 1.20840774e-04
8.06306306e+02 1.21999318e-04
8.07207207e+02 1.16999782e-04
8.08108108e+02 1.20364403e-04
8.09009009e+02 1.26890893e-04
8.09909910e+02 1.24590105e-04
8.10810811e+02 1.19965057e-04
8.11711712e+02 1.20898084e-04
8.12612613e+02 1.18347619e-04
8.13513514e+02 1.27886952e-04
8.14414414e+02 1.25266844e-04
8.15315315e+02 1.23286330e-04
8.16216216e+02 1.23477197e-04
8.17117117e+02 1.21201893e-04
8.18018018e+02 1.17522425e-04
8.18918919e+02 1.19975175e-04
8.19819820e+02 1.23647712e-04
8.20720721e+02 1.22531907e-04
8.21621622e+02 1.18797534e-04
8.22522523e+02 1.23962501e-04
8.23423423e+02 1.17443948e-04
8.24324324e+02 1.22592713e-04
8.25225225e+02 1.18544203e-04
8.26126126e+02 1.10480143e-04
8.27027027e+02 1.24198904e-04
8.27927928e+02 1.17037880e-04
8.28828829e+02 1.24743033e-04
8.29729730e+02 1.14456394e-04
8.30630631e+02 1.20861710e-04
8.31531532e+02 1.16978872e-04
8.32432432e+02 1.22009561e-04
8.33333333e+02 1.23054031e-04
8.34234234e+02 1.14946816e-04
8.35135135e+02 1.17690506e-04
8.36036036e+02 1.21864611e-04
8.36936937e+02 1.20813663e-04
8.37837838e+02 1.13438436e-04
8.38738739e+02 1.21178715e-04
8.39639640e+02 1.24889890e-04
8.40540541e+02 1.16045268e-04
8.41441441e+02 1.24044117e-04
8.42342342e+02 1.20165378e-04
8.43243243e+02 1.18185555e-04
8.44144144e+02 1.18273995e-04
8.45045045e+02 1.21555559e-04
8.45945946e+02 1.14557371e-04
8.46846847e+02 1.22347908e-04
8.47747748e+02 1.23109912e-04
8.48648649e+02 1.16104307e-04
8.49549550e+02 1.19752450e-04
8.50450450e+02 1.20647795e-04
8.51351351e+02 1.22576932e-04
8.52252252e+02 1.21237097e-04
8.53153153e+02 1.19729973e-04
8.54054054e+02 1.24889680e-04
8.54954955e+02 1.16494314e-04
8.55855856e+02 1.21936294e-04
8.56756757e+02 1.17527370e-04
8.57657658e+02 1.22104064e-04
8.58558559e+02 1.20502224e-04
8.59459459e+02 1.23121688e-04
8.60360360e+02 1.21914113e-04
8.61261261e+02 1.22857039e-04
8.62162162e+02 1.24290599e-04
8.63063063e+02 1.23263824e-04
8.63963964e+02 1.31280697e-04
8.64864865e+02 1.23128176e-04
8.65765766e+02 1.25318960e-04
8.66666667e+02 1.25889383e-04
8.67567568e+02 1.24541119e-04
8.68468468e+02 1.33737749e-04
8.69369369e+02 1.16295743e-04
8.70270270e+02 1.29934558e-04
8.71171171e+02 1.27914220e-04
8.72072072e+02 1.22215119e-04
8.72972973e+02 1.17738059e-04
8.73873874e+02 1.18222749e-04
8.74774775e+02 1.16442397e-04
8.75675676e+02 1.20385343e-04
8.76576577e+02 1.18546158e-04
8.77477477e+02 1.20742487e-04
8.78378378e+02 1.19500028e-04
8.79279279e+02 1.21483189e-04
8.80180180e+02 1.19916424e-04
8.81081081e+02 1.18363528e-04
8.81981982e+02 1.16201649e-04
8.82882883e+02 1.24721452e-04
8.83783784e+02 1.19550291e-04
8.84684685e+02 1.22339803e-04
8.85585586e+02 1.24311225e-04
8.86486486e+02 1.21183739e-04
8.87387387e+02 1.13957299e-04
8.88288288e+02 1.26222287e-04
8.89189189e+02 1.22541869e-04
8.90090090e+02 1.22183274e-04
8.90990991e+02 1.22426176e-04
8.91891892e+02 1.25206876e-04
8.92792793e+02 1.23061764e-04
8.93693694e+02 1.29261508e-04
8.94594595e+02 1.17155803e-04
8.95495495e+02 1.22841181e-04
8.96396396e+02 1.22102883e-04
8.97297297e+02 1.22294552e-04
8.98198198e+02 1.34296050e-04
8.99099099e+02 1.19826415e-04
9.00000000e+02 1.21111553e-04
9.00900901e+02 1.19574651e-04
9.01801802e+02 1.20284510e-04
9.02702703e+02 1.18482844e-04
9.03603604e+02 1.19239716e-04
9.04504505e+02 1.19793676e-04
9.05405405e+02 1.22148633e-04
9.06306306e+02 1.23431234e-04
9.07207207e+02 1.21652435e-04
9.08108108e+02 1.25911829e-04
9.09009009e+02 1.21136923e-04
9.09909910e+02 1.22017432e-04
9.10810811e+02 1.18287178e-04
9.11711712e+02 1.20886459e-04
9.12612613e+02 1.26913629e-04
9.13513514e+02 1.21291725e-04
9.14414414e+02 1.23395091e-04
9.15315315e+02 1.21686229e-04
9.16216216e+02 1.22297894e-04
9.17117117e+02 1.24756886e-04
9.18018018e+02 1.22938430e-04
9.18918919e+02 1.16388438e-04
9.19819820e+02 1.20923810e-04
9.20720721e+02 1.24651766e-04
9.21621622e+02 1.15541199e-04
9.22522523e+02 1.23375628e-04
9.23423423e+02 1.27075810e-04
9.24324324e+02 1.24327085e-04
9.25225225e+02 1.21684255e-04
9.26126126e+02 1.23711931e-04
9.27027027e+02 1.29212317e-04
9.27927928e+02 1.19257085e-04
9.28828829e+02 1.13966272e-04
9.29729730e+02 1.22495185e-04
9.30630631e+02 1.24682859e-04
9.31531532e+02 1.19139866e-04
9.32432432e+02 1.22601374e-04
9.33333333e+02 1.21444745e-04
9.34234234e+02 1.19173694e-04
9.35135135e+02 1.23325625e-04
9.36036036e+02 1.21743429e-04
9.36936937e+02 1.14691818e-04
9.37837838e+02 1.21534743e-04
9.38738739e+02 1.17231671e-04
9.39639640e+02 1.22462136e-04
9.40540541e+02 1.21390014e-04
9.41441441e+02 1.20674940e-04
9.42342342e+02 1.17152830e-04
9.43243243e+02 1.16627590e-04
9.44144144e+02 1.17478635e-04
9.45045045e+02 1.18803852e-04
9.45945946e+02 1.15547453e-04
9.46846847e+02 1.25162691e-04
9.47747748e+02 1.22063458e-04
9.48648649e+02 1.24792641e-04
9.49549550e+02 1.28298150e-04
9.50450450e+02 1.17478107e-04
9.51351351e+02 1.24732947e-04
9.52252252e+02 1.19823007e-04
9.53153153e+02 1.20225174e-04
9.54054054e+02 1.27196767e-04
9.54954955e+02 1.31623564e-04
9.55855856e+02 1.20309317e-04
9.56756757e+02 1.29889554e-04
9.57657658e+02 1.23741299e-04
9.58558559e+02 1.23188350e-04
9.59459459e+02 1.19905013e-04
9.60360360e+02 1.23193739e-04
9.61261261e+02 1.21037198e-04
9.62162162e+02 1.23424753e-04
9.63063063e+02 1.18071542e-04
9.63963964e+02 1.28251260e-04
9.64864865e+02 1.20509456e-04
9.65765766e+02 1.17275042e-04
9.66666667e+02 1.21462239e-04
9.67567568e+02 1.21501174e-04
9.68468468e+02 1.15346588e-04
9.69369369e+02 1.25623716e-04
9.70270270e+02 1.17882372e-04
9.71171171e+02 1.25808312e-04
9.72072072e+02 1.21176025e-04
9.72972973e+02 1.23662284e-04
9.73873874e+02 1.29147305e-04
9.74774775e+02 1.21158302e-04
9.75675676e+02 1.20550339e-04
9.76576577e+02 1.22913681e-04
9.77477477e+02 1.19902688e-04
9.78378378e+02 1.20330877e-04
9.79279279e+02 1.26314918e-04
9.80180180e+02 1.24547412e-04
9.81081081e+02 1.22781343e-04
9.81981982e+02 1.14207579e-04
9.82882883e+02 1.18365539e-04
9.83783784e+02 1.24567519e-04
9.84684685e+02 1.17292340e-04
9.85585586e+02 1.21919995e-04
9.86486486e+02 1.18773187e-04
9.87387387e+02 1.16017426e-04
9.88288288e+02 1.21736102e-04
9.89189189e+02 1.17329038e-04
9.90090090e+02 1.23973455e-04
9.90990991e+02 1.16617423e-04
9.91891892e+02 1.15123590e-04
9.92792793e+02 1.17959470e-04
9.93693694e+02 1.23395129e-04
9.94594595e+02 1.22905459e-04
9.95495495e+02 1.27280813e-04
9.96396396e+02 1.24494970e-04
9.97297297e+02 1.25900766e-04
9.98198198e+02 1.21931641e-04
9.99099099e+02 1.27630436e-04
1.00000000e+03 1.23549624e-04
