0.00000000e+00 1.00000000e+00
1.00000000e-04 9.99991795e-01
2.00000000e-04 9.99967180e-01
3.00000000e-04 9.99926157e-01
4.00000000e-04 9.99868726e-01
5.00000000e-04 9.99794891e-01
6.00000000e-04 9.99704654e-01
7.00000000e-04 9.99598019e-01
8.00000000e-04 9.99474991e-01
9.00000000e-04 9.99335574e-01
1.00000000e-03 9.99179774e-01
1.10000000e-03 9.99007598e-01
1.20000000e-03 9.98819052e-01
1.30000000e-03 9.98614145e-01
1.40000000e-03 9.98392884e-01
1.50000000e-03 9.98155280e-01
1.60000000e-03 9.97901341e-01
1.70000000e-03 9.97631078e-01
1.80000000e-03 9.97344502e-01
1.90000000e-03 9.97041625e-01
2.00000000e-03 9.96722459e-01
2.10000000e-03 9.96387017e-01
2.20000000e-03 9.96035314e-01
2.30000000e-03 9.95667363e-01
2.40000000e-03 9.95283179e-01
2.50000000e-03 9.94882779e-01
2.60000000e-03 9.94466179e-01
2.70000000e-03 9.94033395e-01
2.80000000e-03 9.93584446e-01
2.90000000e-03 9.93119350e-01
3.00000000e-03 9.92638126e-01
3.10000000e-03 9.92140793e-01
3.20000000e-03 9.91627372e-01
3.30000000e-03 9.91097884e-01
3.40000000e-03 9.90552351e-01
3.50000000e-03 9.89990795e-01
3.60000000e-03 9.89413238e-01
3.70000000e-03 9.88819706e-01
3.80000000e-03 9.88210221e-01
3.90000000e-03 9.87584808e-01
4.00000000e-03 9.86943494e-01
4.10000000e-03 9.86286305e-01
4.20000000e-03 9.85613267e-01
4.30000000e-03 9.84924407e-01
4.40000000e-03 9.84219754e-01
4.50000000e-03 9.83499338e-01
4.60000000e-03 9.82763186e-01
4.70000000e-03 9.82011329e-01
4.80000000e-03 9.81243798e-01
4.90000000e-03 9.80460624e-01
5.00000000e-03 9.79661839e-01
5.10000000e-03 9.78847476e-01
5.20000000e-03 9.78017567e-01
5.30000000e-03 9.77172147e-01
5.40000000e-03 9.76311250e-01
5.50000000e-03 9.75434911e-01
5.60000000e-03 9.74543165e-01
5.70000000e-03 9.73636050e-01
5.80000000e-03 9.72713601e-01
5.90000000e-03 9.71775857e-01
6.00000000e-03 9.70822855e-01
6.10000000e-03 9.69854634e-01
6.20000000e-03 9.68871234e-01
6.30000000e-03 9.67872694e-01
6.40000000e-03 9.66859055e-01
6.50000000e-03 9.65830358e-01
6.60000000e-03 9.64786645e-01
6.70000000e-03 9.63727958e-01
6.80000000e-03 9.62654340e-01
6.90000000e-03 9.61565834e-01
7.00000000e-03 9.60462485e-01
7.10000000e-03 9.59344338e-01
7.20000000e-03 9.58211437e-01
7.30000000e-03 9.57063828e-01
7.40000000e-03 9.55901558e-01
7.50000000e-03 9.54724674e-01
7.60000000e-03 9.53533223e-01
7.70000000e-03 9.52327253e-01
7.80000000e-03 9.51106814e-01
7.90000000e-03 9.49871953e-01
8.00000000e-03 9.48622722e-01
8.10000000e-03 9.47359171e-01
8.20000000e-03 9.46081349e-01
8.30000000e-03 9.44789310e-01
8.40000000e-03 9.43483104e-01
8.50000000e-03 9.42162785e-01
8.60000000e-03 9.40828405e-01
8.70000000e-03 9.39480018e-01
8.80000000e-03 9.38117679e-01
8.90000000e-03 9.36741442e-01
9.00000000e-03 9.35351362e-01
9.10000000e-03 9.33947495e-01
9.20000000e-03 9.32529897e-01
9.30000000e-03 9.31098626e-01
9.40000000e-03 9.29653737e-01
9.50000000e-03 9.28195291e-01
9.60000000e-03 9.26723344e-01
9.70000000e-03 9.25237955e-01
9.80000000e-03 9.23739184e-01
9.90000000e-03 9.22227091e-01
1.00000000e-02 9.20701736e-01
1.01000000e-02 9.19163180e-01
1.02000000e-02 9.17611484e-01
1.03000000e-02 9.16046711e-01
1.04000000e-02 9.14468921e-01
1.05000000e-02 9.12878179e-01
1.06000000e-02 9.11274548e-01
1.07000000e-02 9.09658091e-01
1.08000000e-02 9.08028872e-01
1.09000000e-02 9.06386957e-01
1.10000000e-02 9.04732410e-01
1.11000000e-02 9.03065296e-01
1.12000000e-02 9.01385683e-01
1.13000000e-02 8.99693636e-01
1.14000000e-02 8.97989223e-01
1.15000000e-02 8.96272511e-01
1.16000000e-02 8.94543567e-01
1.17000000e-02 8.92802460e-01
1.18000000e-02 8.91049259e-01
1.19000000e-02 8.89284033e-01
1.20000000e-02 8.87506851e-01
1.21000000e-02 8.85717783e-01
1.22000000e-02 8.83916901e-01
1.23000000e-02 8.82104274e-01
1.24000000e-02 8.80279973e-01
1.25000000e-02 8.78444071e-01
1.26000000e-02 8.76596640e-01
1.27000000e-02 8.74737752e-01
1.28000000e-02 8.72867479e-01
1.29000000e-02 8.70985895e-01
1.30000000e-02 8.69093074e-01
1.31000000e-02 8.67189090e-01
1.32000000e-02 8.65274016e-01
1.33000000e-02 8.63347928e-01
1.34000000e-02 8.61410900e-01
1.35000000e-02 8.59463009e-01
1.36000000e-02 8.57504329e-01
1.37000000e-02 8.55534938e-01
1.38000000e-02 8.53554912e-01
1.39000000e-02 8.51564327e-01
1.40000000e-02 8.49563261e-01
1.41000000e-02 8.47551791e-01
1.42000000e-02 8.45529995e-01
1.43000000e-02 8.43497952e-01
1.44000000e-02 8.41455740e-01
1.45000000e-02 8.39403438e-01
1.46000000e-02 8.37341124e-01
1.47000000e-02 8.35268880e-01
1.48000000e-02 8.33186784e-01
1.49000000e-02 8.31094916e-01
1.50000000e-02 8.28993357e-01
1.51000000e-02 8.26882188e-01
1.52000000e-02 8.24761489e-01
1.53000000e-02 8.22631342e-01
1.54000000e-02 8.20491829e-01
1.55000000e-02 8.18343031e-01
1.56000000e-02 8.16185030e-01
1.57000000e-02 8.14017910e-01
1.58000000e-02 8.11841752e-01
1.59000000e-02 8.09656639e-01
1.60000000e-02 8.07462655e-01
1.61000000e-02 8.05259882e-01
1.62000000e-02 8.03048406e-01
1.63000000e-02 8.00828309e-01
1.64000000e-02 7.98599676e-01
1.65000000e-02 7.96362591e-01
1.66000000e-02 7.94117139e-01
1.67000000e-02 7.91863404e-01
1.68000000e-02 7.89601472e-01
1.69000000e-02 7.87331427e-01
1.70000000e-02 7.85053356e-01
1.71000000e-02 7.82767345e-01
1.72000000e-02 7.80473478e-01
1.73000000e-02 7.78171842e-01
1.74000000e-02 7.75862523e-01
1.75000000e-02 7.73545608e-01
1.76000000e-02 7.71221183e-01
1.77000000e-02 7.68889336e-01
1.78000000e-02 7.66550152e-01
1.79000000e-02 7.64203720e-01
1.80000000e-02 7.61850127e-01
1.81000000e-02 7.59489459e-01
1.82000000e-02 7.57121806e-01
1.83000000e-02 7.54747254e-01
1.84000000e-02 7.52365891e-01
1.85000000e-02 7.49977806e-01
1.86000000e-02 7.47583087e-01
1.87000000e-02 7.45181821e-01
1.88000000e-02 7.42774098e-01
1.89000000e-02 7.40360007e-01
1.90000000e-02 7.37939634e-01
1.91000000e-02 7.35513071e-01
1.92000000e-02 7.33080405e-01
1.93000000e-02 7.30641726e-01
1.94000000e-02 7.28197122e-01
1.95000000e-02 7.25746683e-01
1.96000000e-02 7.23290498e-01
1.97000000e-02 7.20828656e-01
1.98000000e-02 7.18361248e-01
1.99000000e-02 7.15888362e-01
2.00000000e-02 7.13410088e-01
2.01000000e-02 7.10926516e-01
2.02000000e-02 7.08437735e-01
2.03000000e-02 7.05943836e-01
2.04000000e-02 7.03444908e-01
2.05000000e-02 7.00941040e-01
2.06000000e-02 6.98432324e-01
2.07000000e-02 6.95918848e-01
2.08000000e-02 6.93400704e-01
2.09000000e-02 6.90877980e-01
2.10000000e-02 6.88350767e-01
2.11000000e-02 6.85819155e-01
2.12000000e-02 6.83283234e-01
2.13000000e-02 6.80743095e-01
2.14000000e-02 6.78198826e-01
2.15000000e-02 6.75650519e-01
2.16000000e-02 6.73098263e-01
2.17000000e-02 6.70542148e-01
2.18000000e-02 6.67982265e-01
2.19000000e-02 6.65418704e-01
2.20000000e-02 6.62851554e-01
2.21000000e-02 6.60280905e-01
2.22000000e-02 6.57706849e-01
2.23000000e-02 6.55129473e-01
2.24000000e-02 6.52548869e-01
2.25000000e-02 6.49965126e-01
2.26000000e-02 6.47378333e-01
2.27000000e-02 6.44788581e-01
2.28000000e-02 6.42195960e-01
2.29000000e-02 6.39600558e-01
2.30000000e-02 6.37002466e-01
2.31000000e-02 6.34401772e-01
2.32000000e-02 6.31798567e-01
2.33000000e-02 6.29192939e-01
2.34000000e-02 6.26584978e-01
2.35000000e-02 6.23974773e-01
2.36000000e-02 6.21362412e-01
2.37000000e-02 6.18747985e-01
2.38000000e-02 6.16131581e-01
2.39000000e-02 6.13513288e-01
2.40000000e-02 6.10893195e-01
2.41000000e-02 6.08271390e-01
2.42000000e-02 6.05647962e-01
2.43000000e-02 6.03022998e-01
2.44000000e-02 6.00396588e-01
2.45000000e-02 5.97768818e-01
2.46000000e-02 5.95139778e-01
2.47000000e-02 5.92509553e-01
2.48000000e-02 5.89878233e-01
2.49000000e-02 5.87245904e-01
2.50000000e-02 5.84612653e-01
2.51000000e-02 5.81978568e-01
2.52000000e-02 5.79343735e-01
2.53000000e-02 5.76708242e-01
2.54000000e-02 5.74072174e-01
2.55000000e-02 5.71435619e-01
2.56000000e-02 5.68798662e-01
2.57000000e-02 5.66161389e-01
2.58000000e-02 5.63523886e-01
2.59000000e-02 5.60886238e-01
2.60000000e-02 5.58248532e-01
2.61000000e-02 5.55610852e-01
2.62000000e-02 5.52973284e-01
2.63000000e-02 5.50335912e-01
2.64000000e-02 5.47698820e-01
2.65000000e-02 5.45062093e-01
2.66000000e-02 5.42425816e-01
2.67000000e-02 5.39790072e-01
2.68000000e-02 5.37154945e-01
2.69000000e-02 5.34520517e-01
2.70000000e-02 5.31886874e-01
2.71000000e-02 5.29254097e-01
2.72000000e-02 5.26622269e-01
2.73000000e-02 5.23991472e-01
2.74000000e-02 5.21361790e-01
2.75000000e-02 5.18733303e-01
2.76000000e-02 5.16106094e-01
2.77000000e-02 5.13480244e-01
2.78000000e-02 5.10855834e-01
2.79000000e-02 5.08232945e-01
2.80000000e-02 5.05611658e-01
2.81000000e-02 5.02992053e-01
2.82000000e-02 5.00374209e-01
2.83000000e-02 4.97758208e-01
2.84000000e-02 4.95144128e-01
2.85000000e-02 4.92532049e-01
2.86000000e-02 4.89922049e-01
2.87000000e-02 4.87314206e-01
2.88000000e-02 4.84708601e-01
2.89000000e-02 4.82105309e-01
2.90000000e-02 4.79504409e-01
2.91000000e-02 4.76905979e-01
2.92000000e-02 4.74310095e-01
2.93000000e-02 4.71716834e-01
2.94000000e-02 4.69126272e-01
2.95000000e-02 4.66538486e-01
2.96000000e-02 4.63953551e-01
2.97000000e-02 4.61371543e-01
2.98000000e-02 4.58792536e-01
2.99000000e-02 4.56216606e-01
3.00000000e-02 4.53643827e-01
3.01000000e-02 4.51074272e-01
3.02000000e-02 4.48508015e-01
3.03000000e-02 4.45945131e-01
3.04000000e-02 4.43385691e-01
3.05000000e-02 4.40829768e-01
3.06000000e-02 4.38277435e-01
3.07000000e-02 4.35728764e-01
3.08000000e-02 4.33183825e-01
3.09000000e-02 4.30642691e-01
3.10000000e-02 4.28105431e-01
3.11000000e-02 4.25572117e-01
3.12000000e-02 4.23042817e-01
3.13000000e-02 4.20517603e-01
3.14000000e-02 4.17996543e-01
3.15000000e-02 4.15479706e-01
3.16000000e-02 4.12967160e-01
3.17000000e-02 4.10458973e-01
3.18000000e-02 4.07955214e-01
3.19000000e-02 4.05455949e-01
3.20000000e-02 4.02961245e-01
3.21000000e-02 4.00471169e-01
3.22000000e-02 3.97985787e-01
3.23000000e-02 3.95505164e-01
3.24000000e-02 3.93029366e-01
3.25000000e-02 3.90558457e-01
3.26000000e-02 3.88092502e-01
3.27000000e-02 3.85631565e-01
3.28000000e-02 3.83175709e-01
3.29000000e-02 3.80724998e-01
3.30000000e-02 3.78279494e-01
3.31000000e-02 3.75839259e-01
3.32000000e-02 3.73404356e-01
3.33000000e-02 3.70974846e-01
3.34000000e-02 3.68550789e-01
3.35000000e-02 3.66132247e-01
3.36000000e-02 3.63719279e-01
3.37000000e-02 3.61311945e-01
3.38000000e-02 3.58910304e-01
3.39000000e-02 3.56514416e-01
3.40000000e-02 3.54124337e-01
3.41000000e-02 3.51740127e-01
3.42000000e-02 3.49361843e-01
3.43000000e-02 3.46989541e-01
3.44000000e-02 3.44623279e-01
3.45000000e-02 3.42263111e-01
3.46000000e-02 3.39909094e-01
3.47000000e-02 3.37561284e-01
3.48000000e-02 3.35219733e-01
3.49000000e-02 3.32884498e-01
3.50000000e-02 3.30555631e-01
3.51000000e-02 3.28233186e-01
3.52000000e-02 3.25917216e-01
3.53000000e-02 3.23607772e-01
3.54000000e-02 3.21304907e-01
3.55000000e-02 3.19008673e-01
3.56000000e-02 3.16719119e-01
3.57000000e-02 3.14436297e-01
3.58000000e-02 3.12160257e-01
3.59000000e-02 3.09891048e-01
3.60000000e-02 3.07628718e-01
3.61000000e-02 3.05373317e-01
3.62000000e-02 3.03124892e-01
3.63000000e-02 3.00883492e-01
3.64000000e-02 2.98649162e-01
3.65000000e-02 2.96421950e-01
3.66000000e-02 2.94201902e-01
3.67000000e-02 2.91989063e-01
3.68000000e-02 2.89783479e-01
3.69000000e-02 2.87585194e-01
3.70000000e-02 2.85394251e-01
3.71000000e-02 2.83210696e-01
3.72000000e-02 2.81034570e-01
3.73000000e-02 2.78865917e-01
3.74000000e-02 2.76704779e-01
3.75000000e-02 2.74551197e-01
3.76000000e-02 2.72405212e-01
3.77000000e-02 2.70266865e-01
3.78000000e-02 2.68136196e-01
3.79000000e-02 2.66013246e-01
3.80000000e-02 2.63898052e-01
3.81000000e-02 2.61790653e-01
3.82000000e-02 2.59691089e-01
3.83000000e-02 2.57599395e-01
3.84000000e-02 2.55515610e-01
3.85000000e-02 2.53439770e-01
3.86000000e-02 2.51371912e-01
3.87000000e-02 2.49312070e-01
3.88000000e-02 2.47260279e-01
3.89000000e-02 2.45216576e-01
3.90000000e-02 2.43180992e-01
3.91000000e-02 2.41153563e-01
3.92000000e-02 2.39134321e-01
3.93000000e-02 2.37123299e-01
3.94000000e-02 2.35120528e-01
3.95000000e-02 2.33126041e-01
3.96000000e-02 2.31139868e-01
3.97000000e-02 2.29162040e-01
3.98000000e-02 2.27192587e-01
3.99000000e-02 2.25231538e-01
4.00000000e-02 2.23278922e-01
4.01000000e-02 2.21334768e-01
4.02000000e-02 2.19399105e-01
4.03000000e-02 2.17471958e-01
4.04000000e-02 2.15553356e-01
4.05000000e-02 2.13643324e-01
4.06000000e-02 2.11741890e-01
4.07000000e-02 2.09849077e-01
4.08000000e-02 2.07964911e-01
4.09000000e-02 2.06089417e-01
4.10000000e-02 2.04222618e-01
4.11000000e-02 2.02364537e-01
4.12000000e-02 2.00515199e-01
4.13000000e-02 1.98674624e-01
4.14000000e-02 1.96842835e-01
4.15000000e-02 1.95019854e-01
4.16000000e-02 1.93205701e-01
4.17000000e-02 1.91400396e-01
4.18000000e-02 1.89603959e-01
4.19000000e-02 1.87816410e-01
4.20000000e-02 1.86037768e-01
4.21000000e-02 1.84268051e-01
4.22000000e-02 1.82507276e-01
4.23000000e-02 1.80755462e-01
4.24000000e-02 1.79012624e-01
4.25000000e-02 1.77278779e-01
4.26000000e-02 1.75553944e-01
4.27000000e-02 1.73838133e-01
4.28000000e-02 1.72131361e-01
4.29000000e-02 1.70433643e-01
4.30000000e-02 1.68744993e-01
4.31000000e-02 1.67065423e-01
4.32000000e-02 1.65394947e-01
4.33000000e-02 1.63733577e-01
4.34000000e-02 1.62081324e-01
4.35000000e-02 1.60438201e-01
4.36000000e-02 1.58804218e-01
4.37000000e-02 1.57179386e-01
4.38000000e-02 1.55563714e-01
4.39000000e-02 1.53957212e-01
4.40000000e-02 1.52359888e-01
4.41000000e-02 1.50771752e-01
4.42000000e-02 1.49192811e-01
4.43000000e-02 1.47623073e-01
4.44000000e-02 1.46062544e-01
4.45000000e-02 1.44511231e-01
4.46000000e-02 1.42969141e-01
4.47000000e-02 1.41436278e-01
4.48000000e-02 1.39912649e-01
4.49000000e-02 1.38398256e-01
4.50000000e-02 1.36893106e-01
4.51000000e-02 1.35397200e-01
4.52000000e-02 1.33910543e-01
4.53000000e-02 1.32433137e-01
4.54000000e-02 1.30964984e-01
4.55000000e-02 1.29506087e-01
4.56000000e-02 1.28056446e-01
4.57000000e-02 1.26616062e-01
4.58000000e-02 1.25184936e-01
4.59000000e-02 1.23763068e-01
4.60000000e-02 1.22350457e-01
4.61000000e-02 1.20947102e-01
4.62000000e-02 1.19553002e-01
4.63000000e-02 1.18168155e-01
4.64000000e-02 1.16792558e-01
4.65000000e-02 1.15426209e-01
4.66000000e-02 1.14069104e-01
4.67000000e-02 1.12721240e-01
4.68000000e-02 1.11382613e-01
4.69000000e-02 1.10053217e-01
4.70000000e-02 1.08733049e-01
4.71000000e-02 1.07422102e-01
4.72000000e-02 1.06120372e-01
4.73000000e-02 1.04827850e-01
4.74000000e-02 1.03544531e-01
4.75000000e-02 1.02270408e-01
4.76000000e-02 1.01005472e-01
4.77000000e-02 9.97497162e-02
4.78000000e-02 9.85031317e-02
4.79000000e-02 9.72657096e-02
4.80000000e-02 9.60374406e-02
4.81000000e-02 9.48183150e-02
4.82000000e-02 9.36083226e-02
4.83000000e-02 9.24074529e-02
4.84000000e-02 9.12156949e-02
4.85000000e-02 9.00330372e-02
4.86000000e-02 8.88594680e-02
4.87000000e-02 8.76949752e-02
4.88000000e-02 8.65395462e-02
4.89000000e-02 8.53931679e-02
4.90000000e-02 8.42558269e-02
4.91000000e-02 8.31275095e-02
4.92000000e-02 8.20082015e-02
4.93000000e-02 8.08978883e-02
4.94000000e-02 7.97965549e-02
4.95000000e-02 7.87041859e-02
4.96000000e-02 7.76207658e-02
4.97000000e-02 7.65462782e-02
4.98000000e-02 7.54807068e-02
4.99000000e-02 7.44240347e-02
5.00000000e-02 7.33762445e-02
5.01000000e-02 7.23373187e-02
5.02000000e-02 7.13072394e-02
5.03000000e-02 7.02859881e-02
5.04000000e-02 6.92735461e-02
5.05000000e-02 6.82698943e-02
5.06000000e-02 6.72750133e-02
5.07000000e-02 6.62888834e-02
5.08000000e-02 6.53114843e-02
5.09000000e-02 6.43427955e-02
5.10000000e-02 6.33827963e-02
5.11000000e-02 6.24314653e-02
5.12000000e-02 6.14887812e-02
5.13000000e-02 6.05547219e-02
5.14000000e-02 5.96292652e-02
5.15000000e-02 5.87123887e-02
5.16000000e-02 5.78040694e-02
5.17000000e-02 5.69042841e-02
5.18000000e-02 5.60130093e-02
5.19000000e-02 5.51302210e-02
5.20000000e-02 5.42558952e-02
5.21000000e-02 5.33900073e-02
5.22000000e-02 5.25325325e-02
5.23000000e-02 5.16834456e-02
5.24000000e-02 5.08427212e-02
5.25000000e-02 5.00103335e-02
5.26000000e-02 4.91862565e-02
5.27000000e-02 4.83704638e-02
5.28000000e-02 4.75629288e-02
5.29000000e-02 4.67636245e-02
5.30000000e-02 4.59725237e-02
5.31000000e-02 4.51895988e-02
5.32000000e-02 4.44148220e-02
5.33000000e-02 4.36481651e-02
5.34000000e-02 4.28895998e-02
5.35000000e-02 4.21390975e-02
5.36000000e-02 4.13966291e-02
5.37000000e-02 4.06621655e-02
5.38000000e-02 3.99356771e-02
5.39000000e-02 3.92171343e-02
5.40000000e-02 3.85065069e-02
5.41000000e-02 3.78037647e-02
5.42000000e-02 3.71088772e-02
5.43000000e-02 3.64218135e-02
5.44000000e-02 3.57425427e-02
5.45000000e-02 3.50710334e-02
5.46000000e-02 3.44072540e-02
5.47000000e-02 3.37511729e-02
5.48000000e-02 3.31027580e-02
5.49000000e-02 3.24619769e-02
5.50000000e-02 3.18287973e-02
5.51000000e-02 3.12031864e-02
5.52000000e-02 3.05851112e-02
5.53000000e-02 2.99745385e-02
5.54000000e-02 2.93714350e-02
5.55000000e-02 2.87757671e-02
5.56000000e-02 2.81875008e-02
5.57000000e-02 2.76066022e-02
5.58000000e-02 2.70330370e-02
5.59000000e-02 2.64667708e-02
5.60000000e-02 2.59077688e-02
5.61000000e-02 2.53559962e-02
5.62000000e-02 2.48114179e-02
5.63000000e-02 2.42739987e-02
5.64000000e-02 2.37437032e-02
5.65000000e-02 2.32204956e-02
5.66000000e-02 2.27043402e-02
5.67000000e-02 2.21952009e-02
5.68000000e-02 2.16930416e-02
5.69000000e-02 2.11978259e-02
5.70000000e-02 2.07095173e-02
5.71000000e-02 2.02280791e-02
5.72000000e-02 1.97534744e-02
5.73000000e-02 1.92856661e-02
5.74000000e-02 1.88246172e-02
5.75000000e-02 1.83702902e-02
5.76000000e-02 1.79226476e-02
5.77000000e-02 1.74816517e-02
5.78000000e-02 1.70472649e-02
5.79000000e-02 1.66194491e-02
5.80000000e-02 1.61981662e-02
5.81000000e-02 1.57833780e-02
5.82000000e-02 1.53750461e-02
5.83000000e-02 1.49731321e-02
5.84000000e-02 1.45775973e-02
5.85000000e-02 1.41884030e-02
5.86000000e-02 1.38055102e-02
5.87000000e-02 1.34288801e-02
5.88000000e-02 1.30584734e-02
5.89000000e-02 1.26942510e-02
5.90000000e-02 1.23361734e-02
5.91000000e-02 1.19842014e-02
5.92000000e-02 1.16382952e-02
5.93000000e-02 1.12984153e-02
5.94000000e-02 1.09645218e-02
5.95000000e-02 1.06365750e-02
5.96000000e-02 1.03145350e-02
5.97000000e-02 9.99836154e-03
5.98000000e-02 9.68801467e-03
5.99000000e-02 9.38345413e-03
6.00000000e-02 9.08463965e-03
6.01000000e-02 8.79153086e-03
6.02000000e-02 8.50408733e-03
6.03000000e-02 8.22226853e-03
6.04000000e-02 7.94603390e-03
6.05000000e-02 7.67534278e-03
6.06000000e-02 7.41015447e-03
6.07000000e-02 7.15042819e-03
6.08000000e-02 6.89612313e-03
6.09000000e-02 6.64719839e-03
6.10000000e-02 6.40361305e-03
6.11000000e-02 6.16532613e-03
6.12000000e-02 5.93229659e-03
6.13000000e-02 5.70448338e-03
6.14000000e-02 5.48184538e-03
6.15000000e-02 5.26434145e-03
6.16000000e-02 5.05193041e-03
6.17000000e-02 4.84457104e-03
6.18000000e-02 4.64222211e-03
6.19000000e-02 4.44484235e-03
6.20000000e-02 4.25239049e-03
6.21000000e-02 4.06482520e-03
6.22000000e-02 3.88210517e-03
6.23000000e-02 3.70418906e-03
6.24000000e-02 3.53103553e-03
6.25000000e-02 3.36260321e-03
6.26000000e-02 3.19885074e-03
6.27000000e-02 3.03973676e-03
6.28000000e-02 2.88521990e-03
6.29000000e-02 2.73525880e-03
6.30000000e-02 2.58981210e-03
6.31000000e-02 2.44883845e-03
6.32000000e-02 2.31229651e-03
6.33000000e-02 2.18014495e-03
6.34000000e-02 2.05234247e-03
6.35000000e-02 1.92884778e-03
6.36000000e-02 1.80961961e-03
6.37000000e-02 1.69461670e-03
6.38000000e-02 1.58379785e-03
6.39000000e-02 1.47712187e-03
6.40000000e-02 1.37454759e-03
6.41000000e-02 1.27603390e-03
6.42000000e-02 1.18153971e-03
6.43000000e-02 1.09102398e-03
6.44000000e-02 1.00444570e-03
6.45000000e-02 9.21763924e-04
6.46000000e-02 8.42937730e-04
6.47000000e-02 7.67926263e-04
6.48000000e-02 6.96688715e-04
6.49000000e-02 6.29184332e-04
6.50000000e-02 5.65372420e-04
6.51000000e-02 5.05212343e-04
6.52000000e-02 4.48663529e-04
6.53000000e-02 3.95685468e-04
6.54000000e-02 3.46237720e-04
6.55000000e-02 3.00279914e-04
6.56000000e-02 2.57771749e-04
6.57000000e-02 2.18673002e-04
6.58000000e-02 1.82943523e-04
6.59000000e-02 1.50543243e-04
6.60000000e-02 1.21432175e-04
6.61000000e-02 9.55704150e-05
6.62000000e-02 7.29181439e-05
6.63000000e-02 5.34356322e-05
6.64000000e-02 3.70832406e-05
6.65000000e-02 2.38214226e-05
6.66000000e-02 1.36107268e-05
6.67000000e-02 6.41179883e-06
6.68000000e-02 2.18538385e-06
6.69000000e-02 8.92328664e-07
6.70000000e-02 2.49358379e-06
6.71000000e-02 6.95020569e-06
6.72000000e-02 1.42233589e-05
6.73000000e-02 2.42743179e-05
6.74000000e-02 3.70644698e-05
6.75000000e-02 5.25553158e-05
6.76000000e-02 7.07084734e-05
6.77000000e-02 9.14856788e-05
6.78000000e-02 1.14848788e-04
6.79000000e-02 1.40759781e-04
6.80000000e-02 1.69180760e-04
6.81000000e-02 2.00073956e-04
6.82000000e-02 2.33401726e-04
6.83000000e-02 2.69126559e-04
6.84000000e-02 3.07211077e-04
6.85000000e-02 3.47618032e-04
6.86000000e-02 3.90310318e-04
6.87000000e-02 4.35250961e-04
6.88000000e-02 4.82403131e-04
6.89000000e-02 5.31730137e-04
6.90000000e-02 5.83195434e-04
6.91000000e-02 6.36762618e-04
6.92000000e-02 6.92395436e-04
6.93000000e-02 7.50057782e-04
6.94000000e-02 8.09713699e-04
6.95000000e-02 8.71327385e-04
6.96000000e-02 9.34863188e-04
6.97000000e-02 1.00028562e-03
6.98000000e-02 1.06755933e-03
6.99000000e-02 1.13664915e-03
7.00000000e-02 1.20752007e-03
7.01000000e-02 1.28013721e-03
7.02000000e-02 1.35446590e-03
7.03000000e-02 1.43047160e-03
7.04000000e-02 1.50811995e-03
7.05000000e-02 1.58737676e-03
7.06000000e-02 1.66820801e-03
7.07000000e-02 1.75057985e-03
7.08000000e-02 1.83445859e-03
7.09000000e-02 1.91981072e-03
7.10000000e-02 2.00660293e-03
7.11000000e-02 2.09480206e-03
7.12000000e-02 2.18437512e-03
7.13000000e-02 2.27528933e-03
7.14000000e-02 2.36751208e-03
7.15000000e-02 2.46101092e-03
7.16000000e-02 2.55575361e-03
7.17000000e-02 2.65170809e-03
7.18000000e-02 2.74884249e-03
7.19000000e-02 2.84712510e-03
7.20000000e-02 2.94652442e-03
7.21000000e-02 3.04700916e-03
7.22000000e-02 3.14854818e-03
7.23000000e-02 3.25111055e-03
7.24000000e-02 3.35466555e-03
7.25000000e-02 3.45918262e-03
7.26000000e-02 3.56463143e-03
7.27000000e-02 3.67098182e-03
7.28000000e-02 3.77820384e-03
7.29000000e-02 3.88626775e-03
7.30000000e-02 3.99514398e-03
7.31000000e-02 4.10480318e-03
7.32000000e-02 4.21521620e-03
7.33000000e-02 4.32635410e-03
7.34000000e-02 4.43818813e-03
7.35000000e-02 4.55068975e-03
7.36000000e-02 4.66383062e-03
7.37000000e-02 4.77758262e-03
7.38000000e-02 4.89191782e-03
7.39000000e-02 5.00680851e-03
7.40000000e-02 5.12222719e-03
7.41000000e-02 5.23814656e-03
7.42000000e-02 5.35453953e-03
7.43000000e-02 5.47137924e-03
7.44000000e-02 5.58863902e-03
7.45000000e-02 5.70629242e-03
7.46000000e-02 5.82431320e-03
7.47000000e-02 5.94267535e-03
7.48000000e-02 6.06135305e-03
7.49000000e-02 6.18032071e-03
7.50000000e-02 6.29955296e-03
7.51000000e-02 6.41902464e-03
7.52000000e-02 6.53871081e-03
7.53000000e-02 6.65858673e-03
7.54000000e-02 6.77862791e-03
7.55000000e-02 6.89881005e-03
7.56000000e-02 7.01910908e-03
7.57000000e-02 7.13950116e-03
7.58000000e-02 7.25996266e-03
7.59000000e-02 7.38047017e-03
7.60000000e-02 7.50100049e-03
7.61000000e-02 7.62153067e-03
7.62000000e-02 7.74203795e-03
7.63000000e-02 7.86249982e-03
7.64000000e-02 7.98289398e-03
7.65000000e-02 8.10319835e-03
7.66000000e-02 8.22339107e-03
7.67000000e-02 8.34345051e-03
7.68000000e-02 8.46335527e-03
7.69000000e-02 8.58308417e-03
7.70000000e-02 8.70261624e-03
7.71000000e-02 8.82193075e-03
7.72000000e-02 8.94100719e-03
7.73000000e-02 9.05982527e-03
7.74000000e-02 9.17836494e-03
7.75000000e-02 9.29660636e-03
7.76000000e-02 9.41452992e-03
7.77000000e-02 9.53211623e-03
7.78000000e-02 9.64934613e-03
7.79000000e-02 9.76620069e-03
7.80000000e-02 9.88266120e-03
7.81000000e-02 9.99870918e-03
7.82000000e-02 1.01143264e-02
7.83000000e-02 1.02294947e-02
7.84000000e-02 1.03441964e-02
7.85000000e-02 1.04584140e-02
7.86000000e-02 1.05721299e-02
7.87000000e-02 1.06853271e-02
7.88000000e-02 1.07979888e-02
7.89000000e-02 1.09100981e-02
7.90000000e-02 1.10216387e-02
7.91000000e-02 1.11325943e-02
7.92000000e-02 1.12429490e-02
7.93000000e-02 1.13526868e-02
7.94000000e-02 1.14617923e-02
7.95000000e-02 1.15702502e-02
7.96000000e-02 1.16780453e-02
7.97000000e-02 1.17851627e-02
7.98000000e-02 1.18915878e-02
7.99000000e-02 1.19973062e-02
8.00000000e-02 1.21023035e-02
8.01000000e-02 1.22065658e-02
8.02000000e-02 1.23100794e-02
8.03000000e-02 1.24128307e-02
8.04000000e-02 1.25148063e-02
8.05000000e-02 1.26159932e-02
8.06000000e-02 1.27163784e-02
8.07000000e-02 1.28159493e-02
8.08000000e-02 1.29146934e-02
8.09000000e-02 1.30125985e-02
8.10000000e-02 1.31096525e-02
8.11000000e-02 1.32058438e-02
8.12000000e-02 1.33011606e-02
8.13000000e-02 1.33955917e-02
8.14000000e-02 1.34891258e-02
8.15000000e-02 1.35817522e-02
8.16000000e-02 1.36734599e-02
8.17000000e-02 1.37642386e-02
8.18000000e-02 1.38540780e-02
8.19000000e-02 1.39429679e-02
8.20000000e-02 1.40308986e-02
8.21000000e-02 1.41178604e-02
8.22000000e-02 1.42038438e-02
8.23000000e-02 1.42888396e-02
8.24000000e-02 1.43728388e-02
8.25000000e-02 1.44558327e-02
8.26000000e-02 1.45378125e-02
8.27000000e-02 1.46187700e-02
8.28000000e-02 1.46986969e-02
8.29000000e-02 1.47775853e-02
8.30000000e-02 1.48554274e-02
8.31000000e-02 1.49322157e-02
8.32000000e-02 1.50079427e-02
8.33000000e-02 1.50826014e-02
8.34000000e-02 1.51561847e-02
8.35000000e-02 1.52286860e-02
8.36000000e-02 1.53000987e-02
8.37000000e-02 1.53704164e-02
8.38000000e-02 1.54396330e-02
8.39000000e-02 1.55077425e-02
8.40000000e-02 1.55747393e-02
8.41000000e-02 1.56406176e-02
8.42000000e-02 1.57053723e-02
8.43000000e-02 1.57689981e-02
8.44000000e-02 1.58314900e-02
8.45000000e-02 1.58928433e-02
8.46000000e-02 1.59530534e-02
8.47000000e-02 1.60121158e-02
8.48000000e-02 1.60700265e-02
8.49000000e-02 1.61267813e-02
8.50000000e-02 1.61823765e-02
8.51000000e-02 1.62368084e-02
8.52000000e-02 1.62900735e-02
8.53000000e-02 1.63421686e-02
8.54000000e-02 1.63930906e-02
8.55000000e-02 1.64428366e-02
8.56000000e-02 1.64914039e-02
8.57000000e-02 1.65387900e-02
8.58000000e-02 1.65849924e-02
8.59000000e-02 1.66300090e-02
8.60000000e-02 1.66738379e-02
8.61000000e-02 1.67164771e-02
8.62000000e-02 1.67579250e-02
8.63000000e-02 1.67981802e-02
8.64000000e-02 1.68372413e-02
8.65000000e-02 1.68751072e-02
8.66000000e-02 1.69117770e-02
8.67000000e-02 1.69472498e-02
8.68000000e-02 1.69815250e-02
8.69000000e-02 1.70146023e-02
8.70000000e-02 1.70464812e-02
8.71000000e-02 1.70771616e-02
8.72000000e-02 1.71066437e-02
8.73000000e-02 1.71349276e-02
8.74000000e-02 1.71620136e-02
8.75000000e-02 1.71879023e-02
8.76000000e-02 1.72125943e-02
8.77000000e-02 1.72360906e-02
8.78000000e-02 1.72583920e-02
8.79000000e-02 1.72794998e-02
8.80000000e-02 1.72994152e-02
8.81000000e-02 1.73181396e-02
8.82000000e-02 1.73356748e-02
8.83000000e-02 1.73520224e-02
8.84000000e-02 1.73671844e-02
8.85000000e-02 1.73811628e-02
8.86000000e-02 1.73939598e-02
8.87000000e-02 1.74055777e-02
8.88000000e-02 1.74160190e-02
8.89000000e-02 1.74252864e-02
8.90000000e-02 1.74333825e-02
8.91000000e-02 1.74403104e-02
8.92000000e-02 1.74460731e-02
8.93000000e-02 1.74506737e-02
8.94000000e-02 1.74541155e-02
8.95000000e-02 1.74564021e-02
8.96000000e-02 1.74575369e-02
8.97000000e-02 1.74575237e-02
8.98000000e-02 1.74563664e-02
8.99000000e-02 1.74540688e-02
9.00000000e-02 1.74506352e-02
9.01000000e-02 1.74460697e-02
9.02000000e-02 1.74403767e-02
9.03000000e-02 1.74335606e-02
9.04000000e-02 1.74256260e-02
9.05000000e-02 1.74165777e-02
9.06000000e-02 1.74064205e-02
9.07000000e-02 1.73951593e-02
9.08000000e-02 1.73827992e-02
9.09000000e-02 1.73693453e-02
9.10000000e-02 1.73548030e-02
9.11000000e-02 1.73391777e-02
9.12000000e-02 1.73224748e-02
9.13000000e-02 1.73047001e-02
9.14000000e-02 1.72858591e-02
9.15000000e-02 1.72659579e-02
9.16000000e-02 1.72450022e-02
9.17000000e-02 1.72229981e-02
9.18000000e-02 1.71999519e-02
9.19000000e-02 1.71758697e-02
9.20000000e-02 1.71507578e-02
9.21000000e-02 1.71246228e-02
9.22000000e-02 1.70974712e-02
9.23000000e-02 1.70693095e-02
9.24000000e-02 1.70401445e-02
9.25000000e-02 1.70099831e-02
9.26000000e-02 1.69788321e-02
9.27000000e-02 1.69466986e-02
9.28000000e-02 1.69135896e-02
9.29000000e-02 1.68795123e-02
9.30000000e-02 1.68444739e-02
9.31000000e-02 1.68084818e-02
9.32000000e-02 1.67715434e-02
9.33000000e-02 1.67336662e-02
9.34000000e-02 1.66948579e-02
9.35000000e-02 1.66551259e-02
9.36000000e-02 1.66144782e-02
9.37000000e-02 1.65729224e-02
9.38000000e-02 1.65304665e-02
9.39000000e-02 1.64871184e-02
9.40000000e-02 1.64428861e-02
9.41000000e-02 1.63977778e-02
9.42000000e-02 1.63518016e-02
9.43000000e-02 1.63049657e-02
9.44000000e-02 1.62572784e-02
9.45000000e-02 1.62087481e-02
9.46000000e-02 1.61593831e-02
9.47000000e-02 1.61091921e-02
9.48000000e-02 1.60581834e-02
9.49000000e-02 1.60063657e-02
9.50000000e-02 1.59537477e-02
9.51000000e-02 1.59003380e-02
9.52000000e-02 1.58461454e-02
9.53000000e-02 1.57911787e-02
9.54000000e-02 1.57354468e-02
9.55000000e-02 1.56789585e-02
9.56000000e-02 1.56217229e-02
9.57000000e-02 1.55637490e-02
9.58000000e-02 1.55050458e-02
9.59000000e-02 1.54456224e-02
9.60000000e-02 1.53854879e-02
9.61000000e-02 1.53246515e-02
9.62000000e-02 1.52631224e-02
9.63000000e-02 1.52009099e-02
9.64000000e-02 1.51380234e-02
9.65000000e-02 1.50744720e-02
9.66000000e-02 1.50102652e-02
9.67000000e-02 1.49454123e-02
9.68000000e-02 1.48799229e-02
9.69000000e-02 1.48138063e-02
9.70000000e-02 1.47470721e-02
9.71000000e-02 1.46797297e-02
9.72000000e-02 1.46117887e-02
9.73000000e-02 1.45432587e-02
9.74000000e-02 1.44741493e-02
9.75000000e-02 1.44044700e-02
9.76000000e-02 1.43342306e-02
9.77000000e-02 1.42634406e-02
9.78000000e-02 1.41921098e-02
9.79000000e-02 1.41202478e-02
9.80000000e-02 1.40478643e-02
9.81000000e-02 1.39749691e-02
9.82000000e-02 1.39015719e-02
9.83000000e-02 1.38276824e-02
9.84000000e-02 1.37533105e-02
9.85000000e-02 1.36784658e-02
9.86000000e-02 1.36031582e-02
9.87000000e-02 1.35273974e-02
9.88000000e-02 1.34511933e-02
9.89000000e-02 1.33745556e-02
9.90000000e-02 1.32974941e-02
9.91000000e-02 1.32200186e-02
9.92000000e-02 1.31421390e-02
9.93000000e-02 1.30638650e-02
9.94000000e-02 1.29852065e-02
9.95000000e-02 1.29061732e-02
9.96000000e-02 1.28267749e-02
9.97000000e-02 1.27470215e-02
9.98000000e-02 1.26669228e-02
9.99000000e-02 1.25864884e-02
1.00000000e-01 1.25057282e-02
1.00900000e-01 1.17658320e-02
1.01800000e-01 1.10073957e-02
1.02700000e-01 1.02373553e-02
1.03600000e-01 9.46245761e-03
1.04500000e-01 8.68920604e-03
1.05400000e-01 7.92381012e-03
1.06300000e-01 7.17214095e-03
1.07200000e-01 6.43969150e-03
1.08100000e-01 5.73154224e-03
1.09000000e-01 5.05233214e-03
1.09900000e-01 4.40623492e-03
1.10800000e-01 3.79694070e-03
1.11700000e-01 3.22764276e-03
1.12600000e-01 2.70102948e-03
1.13500000e-01 2.21928115e-03
1.14400000e-01 1.78407165e-03
1.15300000e-01 1.39657453e-03
1.16200000e-01 1.05747348e-03
1.17100000e-01 7.66976813e-04
1.18000000e-01 5.24835641e-04
1.18900000e-01 3.30365483e-04
1.19800000e-01 1.82470960e-04
1.20700000e-01 7.96732225e-05
1.21600000e-01 2.01397687e-05
1.22500000e-01 1.71628285e-06
1.23400000e-01 2.19601394e-05
1.24300000e-01 7.81752036e-05
1.25200000e-01 1.67447567e-04
1.26100000e-01 2.86681866e-04
1.27000000e-01 4.32637822e-04
1.27900000e-01 6.01966690e-04
1.28800000e-01 7.91247265e-04
1.29700000e-01 9.97021154e-04
1.30600000e-01 1.21582702e-03
1.31500000e-01 1.44423352e-03
1.32400000e-01 1.67887069e-03
1.33300000e-01 1.91645960e-03
1.34200000e-01 2.15383989e-03
1.35100000e-01 2.38799536e-03
1.36000000e-01 2.61607701e-03
1.36900000e-01 2.83542383e-03
1.37800000e-01 3.04358091e-03
1.38700000e-01 3.23831504e-03
1.39600000e-01 3.41762755e-03
1.40500000e-01 3.57976452e-03
1.41400000e-01 3.72322424e-03
1.42300000e-01 3.84676212e-03
1.43200000e-01 3.94939281e-03
1.44100000e-01 4.03038996e-03
1.45000000e-01 4.08928341e-03
1.45900000e-01 4.12585406e-03
1.46800000e-01 4.14012656e-03
1.47700000e-01 4.13235990e-03
1.48600000e-01 4.10303610e-03
1.49500000e-01 4.05284718e-03
1.50400000e-01 3.98268056e-03
1.51300000e-01 3.89360307e-03
1.52200000e-01 3.78684383e-03
1.53100000e-01 3.66377612e-03
1.54000000e-01 3.52589853e-03
1.54900000e-01 3.37481552e-03
1.55800000e-01 3.21221760e-03
1.56700000e-01 3.03986140e-03
1.57600000e-01 2.85954970e-03
1.58500000e-01 2.67311180e-03
1.59400000e-01 2.48238415e-03
1.60300000e-01 2.28919168e-03
1.61200000e-01 2.09532974e-03
1.62100000e-01 1.90254709e-03
1.63000000e-01 1.71252972e-03
1.63900000e-01 1.52688594e-03
1.64800000e-01 1.34713267e-03
1.65700000e-01 1.17468309e-03
1.66600000e-01 1.01083565e-03
1.67500000e-01 8.56764675e-04
1.68400000e-01 7.13512349e-04
1.69300000e-01 5.81982363e-04
1.70200000e-01 4.62935084e-04
1.71100000e-01 3.56984297e-04
1.72000000e-01 2.64595496e-04
1.72900000e-01 1.86085699e-04
1.73800000e-01 1.21624739e-04
1.74700000e-01 7.12379679e-05
1.75600000e-01 3.48103186e-05
1.76500000e-01 1.20916324e-05
1.77400000e-01 2.70317077e-06
1.78300000e-01 6.14520908e-06
1.79200000e-01 2.18056084e-05
1.80100000e-01 4.89692517e-05
1.81000000e-01 8.68282286e-05
1.81900000e-01 1.34492646e-04
1.82800000e-01 1.91001943e-04
1.83700000e-01 2.55336578e-04
1.84600000e-01 3.26429978e-04
1.85500000e-01 4.03180604e-04
1.86400000e-01 4.84464029e-04
1.87300000e-01 5.69144900e-04
1.88200000e-01 6.56088673e-04
1.89100000e-01 7.44173010e-04
1.90000000e-01 8.32298737e-04
1.90900000e-01 9.19400261e-04
1.91800000e-01 1.00445537e-03
1.92700000e-01 1.08649433e-03
1.93600000e-01 1.16460820e-03
1.94500000e-01 1.23795630e-03
1.95400000e-01 1.30577282e-03
1.96300000e-01 1.36737251e-03
1.97200000e-01 1.42215532e-03
1.98100000e-01 1.46961021e-03
1.99000000e-01 1.50931779e-03
1.99900000e-01 1.54095215e-03
2.00800000e-01 1.56428156e-03
2.01700000e-01 1.57916824e-03
2.02600000e-01 1.58556730e-03
2.03500000e-01 1.58352458e-03
2.04400000e-01 1.57317381e-03
2.05300000e-01 1.55473286e-03
2.06200000e-01 1.52849929e-03
2.07100000e-01 1.49484517e-03
2.08000000e-01 1.45421131e-03
2.08900000e-01 1.40710096e-03
2.09800000e-01 1.35407300e-03
2.10700000e-01 1.29573478e-03
2.11600000e-01 1.23273462e-03
2.12500000e-01 1.16575413e-03
2.13400000e-01 1.09550034e-03
2.14300000e-01 1.02269778e-03
2.15200000e-01 9.48080649e-04
2.16100000e-01 8.72384957e-04
2.17000000e-01 7.96340956e-04
2.17900000e-01 7.20665760e-04
2.18800000e-01 6.46056294e-04
2.19700000e-01 5.73182623e-04
2.20600000e-01 5.02681711e-04
2.21500000e-01 4.35151678e-04
2.22400000e-01 3.71146574e-04
2.23300000e-01 3.11171748e-04
2.24200000e-01 2.55679806e-04
2.25100000e-01 2.05067209e-04
2.26000000e-01 1.59671530e-04
2.26900000e-01 1.19769360e-04
2.27800000e-01 8.55749002e-05
2.28700000e-01 5.72392117e-05
2.29600000e-01 3.48501325e-05
2.30500000e-01 1.84328371e-05
2.31400000e-01 7.95102411e-06
2.32300000e-01 3.30870185e-06
2.33200000e-01 4.35254227e-06
2.34100000e-01 1.08747656e-05
2.35000000e-01 2.26165145e-05
2.35900000e-01 3.92716732e-05
2.36800000e-01 6.04910817e-05
2.37700000e-01 8.58870950e-05
2.38600000e-01 1.15038432e-04
2.39500000e-01 1.47495260e-04
2.40400000e-01 1.82784458e-04
2.41300000e-01 2.20414997e-04
2.42200000e-01 2.59883388e-04
2.43100000e-01 3.00679140e-04
2.44000000e-01 3.42290156e-04
2.44900000e-01 3.84208046e-04
2.45800000e-01 4.25933269e-04
2.46700000e-01 4.66980082e-04
2.47600000e-01 5.06881238e-04
2.48500000e-01 5.45192391e-04
2.49400000e-01 5.81496176e-04
2.50300000e-01 6.15405916e-04
2.51200000e-01 6.46568950e-04
2.52100000e-01 6.74669522e-04
2.53000000e-01 6.99431251e-04
2.53900000e-01 7.20619126e-04
2.54800000e-01 7.38041050e-04
2.55700000e-01 7.51548899e-04
2.56600000e-01 7.61039118e-04
2.57500000e-01 7.66452842e-04
2.58400000e-01 7.67775551e-04
2.59300000e-01 7.65036291e-04
2.60200000e-01 7.58306446e-04
2.61100000e-01 7.47698119e-04
2.62000000e-01 7.33362111e-04
2.62900000e-01 7.15485556e-04
2.63800000e-01 6.94289228e-04
2.64700000e-01 6.70024552e-04
2.65600000e-01 6.42970367e-04
2.66500000e-01 6.13429471e-04
2.67400000e-01 5.81724989e-04
2.68300000e-01 5.48196603e-04
2.69200000e-01 5.13196691e-04
2.70100000e-01 4.77086411e-04
2.71000000e-01 4.40231771e-04
2.71900000e-01 4.02999730e-04
2.72800000e-01 3.65754367e-04
2.73700000e-01 3.28853152e-04
2.74600000e-01 2.92643360e-04
2.75500000e-01 2.57458663e-04
2.76400000e-01 2.23615925e-04
2.77300000e-01 1.91412236e-04
2.78200000e-01 1.61122205e-04
2.79100000e-01 1.32995542e-04
2.80000000e-01 1.07254935e-04
2.80900000e-01 8.40942593e-05
2.81800000e-01 6.36771038e-05
2.82700000e-01 4.61356512e-05
2.83600000e-01 3.15698966e-05
2.84500000e-01 2.00472149e-05
2.85400000e-01 1.16022744e-05
2.86300000e-01 6.23728868e-06
2.87200000e-01 3.92259961e-06
2.88100000e-01 4.59757898e-06
2.89000000e-01 8.17183301e-06
2.89900000e-01 1.45266923e-05
2.90800000e-01 2.35169665e-05
2.91700000e-01 3.49729404e-05
2.92600000e-01 4.87025875e-05
2.93500000e-01 6.44939728e-05
2.94400000e-01 8.21178180e-05
2.95300000e-01 1.01330199e-04
2.96200000e-01 1.21875347e-04
2.97100000e-01 1.43488518e-04
2.98000000e-01 1.65898908e-04
2.98900000e-01 1.88832572e-04
2.99800000e-01 2.12015332e-04
3.00700000e-01 2.35175627e-04
3.01600000e-01 2.58047286e-04
3.02500000e-01 2.80372200e-04
3.03400000e-01 3.01902863e-04
3.04300000e-01 3.22404751e-04
3.05200000e-01 3.41658530e-04
3.06100000e-01 3.59462072e-04
3.07000000e-01 3.75632247e-04
3.07900000e-01 3.90006493e-04
3.08800000e-01 4.02444147e-04
3.09700000e-01 4.12827521e-04
3.10600000e-01 4.21062726e-04
3.11500000e-01 4.27080229e-04
3.12400000e-01 4.30835156e-04
3.13300000e-01 4.32307328e-04
3.14200000e-01 4.31501040e-04
3.15100000e-01 4.28444596e-04
3.16000000e-01 4.23189597e-04
3.16900000e-01 4.15810001e-04
3.17800000e-01 4.06400971e-04
3.18700000e-01 3.95077516e-04
3.19600000e-01 3.81972954e-04
3.20500000e-01 3.67237212e-04
3.21400000e-01 3.51034974e-04
3.22300000e-01 3.33543720e-04
3.23200000e-01 3.14951652e-04
3.24100000e-01 2.95455552e-04
3.25000000e-01 2.75258584e-04
3.25900000e-01 2.54568067e-04
3.26800000e-01 2.33593237e-04
3.27700000e-01 2.12543035e-04
3.28600000e-01 1.91623925e-04
3.29500000e-01 1.71037783e-04
3.30400000e-01 1.50979860e-04
3.31300000e-01 1.31636852e-04
3.32200000e-01 1.13185088e-04
3.33100000e-01 9.57888574e-05
3.34000000e-01 7.95988896e-05
3.34900000e-01 6.47509955e-05
3.35800000e-01 5.13648908e-05
3.36700000e-01 3.95432022e-05
3.37600000e-01 2.93706693e-05
3.38500000e-01 2.09135441e-05
3.39400000e-01 1.42191929e-05
3.40300000e-01 9.31590070e-06
3.41200000e-01 6.21287719e-06
3.42100000e-01 4.90046139e-06
3.43000000e-01 5.35051901e-06
3.43900000e-01 7.51702589e-06
3.44800000e-01 1.13368284e-05
3.45700000e-01 1.67305701e-05
3.46600000e-01 2.36037726e-05
3.47500000e-01 3.18480568e-05
3.48400000e-01 4.13424900e-05
3.49300000e-01 5.19550426e-05
3.50200000e-01 6.35441377e-05
3.51100000e-01 7.59602760e-05
3.52000000e-01 8.90477190e-05
3.52900000e-01 1.02646210e-04
3.53800000e-01 1.16592717e-04
3.54700000e-01 1.30723175e-04
3.55600000e-01 1.44874220e-04
3.56500000e-01 1.58884876e-04
3.57400000e-01 1.72598208e-04
3.58300000e-01 1.85862892e-04
3.59200000e-01 1.98534715e-04
3.60100000e-01 2.10477971e-04
3.61000000e-01 2.21566750e-04
3.61900000e-01 2.31686106e-04
3.62800000e-01 2.40733094e-04
3.63700000e-01 2.48617662e-04
3.64600000e-01 2.55263398e-04
3.65500000e-01 2.60608130e-04
3.66400000e-01 2.64604355e-04
3.67300000e-01 2.67219524e-04
3.68200000e-01 2.68436153e-04
3.69100000e-01 2.68251786e-04
3.70000000e-01 2.66678798e-04
3.70900000e-01 2.63744041e-04
3.71800000e-01 2.59488357e-04
3.72700000e-01 2.53965937e-04
3.73600000e-01 2.47243565e-04
3.74500000e-01 2.39399726e-04
3.75400000e-01 2.30523621e-04
3.76300000e-01 2.20714074e-04
3.77200000e-01 2.10078355e-04
3.78100000e-01 1.98730938e-04
3.79000000e-01 1.86792197e-04
3.79900000e-01 1.74387059e-04
3.80800000e-01 1.61643630e-04
3.81700000e-01 1.48691810e-04
3.82600000e-01 1.35661904e-04
3.83500000e-01 1.22683253e-04
3.84400000e-01 1.09882892e-04
3.85300000e-01 9.73842524e-05
3.86200000e-01 8.53059208e-05
3.87100000e-01 7.37604636e-05
3.88000000e-01 6.28533340e-05
3.88900000e-01 5.26818668e-05
3.89800000e-01 4.33343731e-05
3.90700000e-01 3.48893412e-05
3.91600000e-01 2.74147520e-05
3.92500000e-01 2.09675134e-05
3.93400000e-01 1.55930181e-05
3.94300000e-01 1.13248281e-05
3.95200000e-01 8.18448750e-06
3.96100000e-01 6.18146277e-06
3.97000000e-01 5.31321069e-06
3.97900000e-01 5.56537052e-06
3.98800000e-01 6.91207727e-06
3.99700000e-01 9.31639073e-06
4.00600000e-01 1.27308345e-05
4.01500000e-01 1.70980379e-05
4.02400000e-01 2.23514723e-05
4.03300000e-01 2.84162732e-05
4.04200000e-01 3.52101388e-05
4.05100000e-01 4.26442933e-05
4.06000000e-01 5.06245057e-05
4.06900000e-01 5.90521511e-05
4.07800000e-01 6.78253043e-05
4.08700000e-01 7.68398528e-05
4.09600000e-01 8.59906181e-05
4.10500000e-01 9.51724722e-05
4.11400000e-01 1.04281440e-04
4.12300000e-01 1.13215774e-04
4.13200000e-01 1.21876990e-04
4.14100000e-01 1.30170859e-04
4.15000000e-01 1.38008338e-04
4.15900000e-01 1.45306433e-04
4.16800000e-01 1.51988991e-04
4.17700000e-01 1.57987408e-04
4.18600000e-01 1.63241247e-04
4.19500000e-01 1.67698766e-04
4.20400000e-01 1.71317347e-04
4.21300000e-01 1.74063818e-04
4.22200000e-01 1.75914684e-04
4.23100000e-01 1.76856239e-04
4.24000000e-01 1.76884587e-04
4.24900000e-01 1.76005549e-04
4.25800000e-01 1.74234481e-04
4.26700000e-01 1.71595983e-04
4.27600000e-01 1.68123521e-04
4.28500000e-01 1.63858964e-04
4.29400000e-01 1.58852028e-04
4.30300000e-01 1.53159658e-04
4.31200000e-01 1.46845331e-04
4.32100000e-01 1.39978309e-04
4.33000000e-01 1.32632831e-04
4.33900000e-01 1.24887276e-04
4.34800000e-01 1.16823275e-04
4.35700000e-01 1.08524821e-04
4.36600000e-01 1.00077349e-04
4.37500000e-01 9.15668215e-05
4.38400000e-01 8.30788156e-05
4.39300000e-01 7.46976288e-05
4.40200000e-01 6.65054076e-05
4.41100000e-01 5.85813097e-05
4.42000000e-01 5.10007087e-05
4.42900000e-01 4.38344480e-05
4.43800000e-01 3.71481519e-05
4.44700000e-01 3.10015997e-05
4.45600000e-01 2.54481692e-05
4.46500000e-01 2.05343541e-05
4.47400000e-01 1.62993598e-05
4.48300000e-01 1.27747810e-05
4.49200000e-01 9.98436229e-06
4.50100000e-01 7.94384521e-06
4.51000000e-01 6.66090052e-06
4.51900000e-01 6.13514635e-06
4.52800000e-01 6.35825068e-06
4.53700000e-01 7.31411605e-06
4.54600000e-01 8.97914364e-06
4.55500000e-01 1.13225730e-05
4.56400000e-01 1.43068927e-05
4.57300000e-01 1.78883175e-05
4.58200000e-01 2.20173248e-05
4.59100000e-01 2.66392458e-05
4.60000000e-01 3.16949033e-05
4.60900000e-01 3.71212891e-05
4.61800000e-01 4.28522738e-05
4.62700000e-01 4.88193405e-05
4.63600000e-01 5.49523360e-05
4.64500000e-01 6.11802285e-05
4.65400000e-01 6.74318673e-05
4.66300000e-01 7.36367333e-05
4.67200000e-01 7.97256755e-05
4.68100000e-01 8.56316226e-05
4.69000000e-01 9.12902663e-05
4.69900000e-01 9.66407058e-05
4.70800000e-01 1.01626050e-04
4.71700000e-01 1.06193971e-04
4.72600000e-01 1.10297199e-04
4.73500000e-01 1.13893967e-04
4.74400000e-01 1.16948382e-04
4.75300000e-01 1.19430737e-04
4.76200000e-01 1.21317753e-04
4.77100000e-01 1.22592749e-04
4.78000000e-01 1.23245740e-04
4.78900000e-01 1.23273469e-04
4.79800000e-01 1.22679359e-04
4.80700000e-01 1.21473405e-04
4.81600000e-01 1.19671986e-04
4.82500000e-01 1.17297627e-04
4.83400000e-01 1.14378686e-04
4.84300000e-01 1.10948988e-04
4.85200000e-01 1.07047409e-04
4.86100000e-01 1.02717405e-04
4.87000000e-01 9.80065018e-05
4.87900000e-01 9.29657490e-05
4.88800000e-01 8.76491397e-05
4.89700000e-01 8.21130076e-05
4.90600000e-01 7.64154058e-05
4.91500000e-01 7.06154743e-05
4.92400000e-01 6.47728035e-05
4.93300000e-01 5.89467995e-05
4.94200000e-01 5.31960587e-05
4.95100000e-01 4.75777580e-05
4.96000000e-01 4.21470660e-05
4.96900000e-01 3.69565828e-05
4.97800000e-01 3.20558120e-05
4.98700000e-01 2.74906720e-05
4.99600000e-01 2.33030500e-05
5.00500000e-01 1.95304032e-05
5.01400000e-01 1.62054112e-05
5.02300000e-01 1.33556828e-05
5.03200000e-01 1.10035189e-05
5.04100000e-01 9.16573399e-06
5.05000000e-01 7.85353782e-06
5.05900000e-01 7.07247690e-06
5.06800000e-01 6.82243657e-06
5.07700000e-01 7.09770260e-06
5.08600000e-01 7.88708124e-06
5.09500000e-01 9.17407562e-06
5.10400000e-01 1.09371163e-05
5.11300000e-01 1.31498425e-05
5.12200000e-01 1.57814317e-05
5.13100000e-01 1.87969712e-05
5.14000000e-01 2.21578709e-05
5.14900000e-01 2.58223086e-05
5.15800000e-01 2.97457058e-05
5.16700000e-01 3.38812275e-05
5.17600000e-01 3.81803000e-05
5.18500000e-01 4.25931418e-05
5.19400000e-01 4.70693025e-05
5.20300000e-01 5.15582016e-05
5.21200000e-01 5.60096647e-05
5.22100000e-01 6.03744487e-05
5.23000000e-01 6.46047523e-05
5.23900000e-01 6.86547060e-05
5.24800000e-01 7.24808366e-05
5.25700000e-01 7.60425015e-05
5.26600000e-01 7.93022892e-05
5.27500000e-01 8.22263814e-05
5.28400000e-01 8.47848731e-05
5.29300000e-01 8.69520492e-05
5.30200000e-01 8.87066129e-05
5.31100000e-01 9.00318666e-05
5.32000000e-01 9.09158411e-05
5.32900000e-01 9.13513749e-05
5.33800000e-01 9.13361409e-05
5.34700000e-01 9.08726231e-05
5.35600000e-01 8.99680418e-05
5.36500000e-01 8.86342302e-05
5.37400000e-01 8.68874635e-05
5.38300000e-01 8.47482427e-05
5.39200000e-01 8.22410367e-05
5.40100000e-01 7.93939841e-05
5.41000000e-01 7.62385603e-05
5.41900000e-01 7.28092123e-05
5.42800000e-01 6.91429654e-05
5.43700000e-01 6.52790077e-05
5.44600000e-01 6.12582549e-05
5.45500000e-01 5.71229015e-05
5.46400000e-01 5.29159634e-05
5.47300000e-01 4.86808152e-05
5.48200000e-01 4.44607298e-05
5.49100000e-01 4.02984220e-05
5.50000000e-01 3.62356039e-05
5.50900000e-01 3.23125535e-05
5.51800000e-01 2.85677046e-05
5.52700000e-01 2.50372583e-05
5.53600000e-01 2.17548227e-05
5.54500000e-01 1.87510834e-05
5.55400000e-01 1.60535073e-05
5.56300000e-01 1.36860843e-05
5.57200000e-01 1.16691065e-05
5.58100000e-01 1.00189903e-05
5.59000000e-01 8.74813906e-06
5.59900000e-01 7.86485108e-06
5.60800000e-01 7.37327044e-06
5.61700000e-01 7.27338265e-06
5.62600000e-01 7.56105391e-06
5.63500000e-01 8.22811334e-06
5.64400000e-01 9.26247698e-06
5.65300000e-01 1.06483117e-05
5.66200000e-01 1.23662373e-05
5.67100000e-01 1.43935632e-05
5.68000000e-01 1.67045591e-05
5.68900000e-01 1.92707536e-05
5.69800000e-01 2.20612596e-05
5.70700000e-01 2.50431223e-05
5.71600000e-01 2.81816848e-05
5.72500000e-01 3.14409691e-05
5.73400000e-01 3.47840666e-05
5.74300000e-01 3.81735353e-05
5.75200000e-01 4.15717985e-05
5.76100000e-01 4.49415415e-05
5.77000000e-01 4.82461014e-05
5.77900000e-01 5.14498471e-05
5.78800000e-01 5.45185436e-05
5.79700000e-01 5.74197000e-05
5.80600000e-01 6.01228942e-05
5.81500000e-01 6.26000739e-05
5.82400000e-01 6.48258293e-05
5.83300000e-01 6.67776358e-05
5.84200000e-01 6.84360640e-05
5.85100000e-01 6.97849550e-05
5.86000000e-01 7.08115599e-05
5.86900000e-01 7.15066419e-05
5.87800000e-01 7.18645410e-05
5.88700000e-01 7.18832001e-05
5.89600000e-01 7.15641527e-05
5.90500000e-01 7.09124736e-05
5.91400000e-01 6.99366924e-05
5.92300000e-01 6.86486718e-05
5.93200000e-01 6.70634512e-05
5.94100000e-01 6.51990594e-05
5.95000000e-01 6.30762970e-05
5.95900000e-01 6.07184915e-05
5.96800000e-01 5.81512287e-05
5.97700000e-01 5.54020621e-05
5.98600000e-01 5.25002050e-05
5.99500000e-01 4.94762074e-05
6.00400000e-01 4.63616222e-05
6.01300000e-01 4.31886639e-05
6.02200000e-01 3.99898632e-05
6.03100000e-01 3.67977219e-05
6.04000000e-01 3.36443706e-05
6.04900000e-01 3.05612347e-05
6.05800000e-01 2.75787094e-05
6.06700000e-01 2.47258496e-05
6.07600000e-01 2.20300762e-05
6.08500000e-01 1.95169030e-05
6.09400000e-01 1.72096849e-05
6.10300000e-01 1.51293929e-05
6.11200000e-01 1.32944145e-05
6.12100000e-01 1.17203845e-05
6.13000000e-01 1.04200454e-05
6.13900000e-01 9.40314029e-06
6.14800000e-01 8.67633769e-06
6.15700000e-01 8.24318987e-06
6.16600000e-01 8.10412421e-06
6.17500000e-01 8.25646758e-06
6.18400000e-01 8.69450323e-06
6.19300000e-01 9.40955917e-06
6.20200000e-01 1.03901269e-05
6.21100000e-01 1.16220092e-05
6.22000000e-01 1.30884942e-05
6.22900000e-01 1.47705556e-05
6.23800000e-01 1.66470741e-05
6.24700000e-01 1.86950802e-05
6.25600000e-01 2.08900131e-05
6.26500000e-01 2.32059953e-05
6.27400000e-01 2.56161175e-05
6.28300000e-01 2.80927325e-05
6.29200000e-01 3.06077541e-05
6.30100000e-01 3.31329578e-05
6.31000000e-01 3.56402806e-05
6.31900000e-01 3.81021162e-05
6.32800000e-01 4.04916026e-05
6.33700000e-01 4.27828997e-05
6.34600000e-01 4.49514531e-05
6.35500000e-01 4.69742430e-05
6.36400000e-01 4.88300133e-05
6.37300000e-01 5.04994811e-05
6.38200000e-01 5.19655233e-05
6.39100000e-01 5.32133387e-05
6.40000000e-01 5.42305838e-05
6.40900000e-01 5.50074822e-05
6.41800000e-01 5.55369052e-05
6.42700000e-01 5.58144244e-05
6.43600000e-01 5.58383347e-05
6.44500000e-01 5.56096489e-05
6.45400000e-01 5.51320628e-05
6.46300000e-01 5.44118938e-05
6.47200000e-01 5.34579904e-05
6.48100000e-01 5.22816172e-05
6.49000000e-01 5.08963147e-05
6.49900000e-01 4.93177366e-05
6.50800000e-01 4.75634658e-05
6.51700000e-01 4.56528118e-05
6.52600000e-01 4.36065917e-05
6.53500000e-01 4.14468967e-05
6.54400000e-01 3.91968477e-05
6.55300000e-01 3.68803417e-05
6.56200000e-01 3.45217922e-05
6.57100000e-01 3.21458662e-05
6.58000000e-01 2.97772213e-05
6.58900000e-01 2.74402443e-05
6.59800000e-01 2.51587953e-05
6.60700000e-01 2.29559597e-05
6.61600000e-01 2.08538099e-05
6.62500000e-01 1.88731801e-05
6.63400000e-01 1.70334559e-05
6.64300000e-01 1.53523810e-05
6.65200000e-01 1.38458828e-05
6.66100000e-01 1.25279184e-05
6.67000000e-01 1.14103435e-05
6.67900000e-01 1.05028030e-05
6.68800000e-01 9.81264803e-06
6.69700000e-01 9.34487556e-06
6.70600000e-01 9.10209516e-06
6.71500000e-01 9.08452032e-06
6.72400000e-01 9.28998537e-06
6.73300000e-01 9.71398741e-06
6.74200000e-01 1.03497525e-05
6.75100000e-01 1.11883255e-05
6.76000000e-01 1.22186817e-05
6.76900000e-01 1.34278600e-05
6.77800000e-01 1.48011150e-05
6.78700000e-01 1.63220871e-05
6.79600000e-01 1.79729875e-05
6.80500000e-01 1.97347980e-05
6.81400000e-01 2.15874809e-05
6.82300000e-01 2.35101986e-05
6.83200000e-01 2.54815401e-05
6.84100000e-01 2.74797511e-05
6.85000000e-01 2.94829662e-05
6.85900000e-01 3.14694408e-05
6.86800000e-01 3.34177786e-05
6.87700000e-01 3.53071554e-05
6.88600000e-01 3.71175333e-05
6.89500000e-01 3.88298664e-05
6.90400000e-01 4.04262931e-05
6.91300000e-01 4.18903152e-05
6.92200000e-01 4.32069609e-05
6.93100000e-01 4.43629303e-05
6.94000000e-01 4.53467226e-05
6.94900000e-01 4.61487423e-05
6.95800000e-01 4.67613856e-05
6.96700000e-01 4.71791042e-05
6.97600000e-01 4.73984477e-05
6.98500000e-01 4.74180828e-05
6.99400000e-01 4.72387901e-05
7.00300000e-01 4.68634395e-05
7.01200000e-01 4.62969425e-05
7.02100000e-01 4.55461844e-05
7.03000000e-01 4.46199355e-05
7.03900000e-01 4.35287435e-05
7.04800000e-01 4.22848078e-05
7.05700000e-01 4.09018377e-05
7.06600000e-01 3.93948955e-05
7.07500000e-01 3.77802266e-05
7.08400000e-01 3.60750785e-05
7.09300000e-01 3.42975110e-05
7.10200000e-01 3.24661986e-05
7.11100000e-01 3.06002289e-05
7.12000000e-01 2.87188974e-05
7.12900000e-01 2.68415026e-05
7.13800000e-01 2.49871415e-05
7.14700000e-01 2.31745103e-05
7.15600000e-01 2.14217099e-05
7.16500000e-01 1.97460594e-05
7.17400000e-01 1.81639198e-05
7.18300000e-01 1.66905286e-05
7.19200000e-01 1.53398479e-05
7.20100000e-01 1.41244273e-05
7.21000000e-01 1.30552824e-05
7.21900000e-01 1.21417910e-05
7.22800000e-01 1.13916069e-05
7.23700000e-01 1.08105931e-05
7.24600000e-01 1.04027738e-05
7.25500000e-01 1.01703068e-05
7.26400000e-01 1.01134757e-05
7.27300000e-01 1.02307021e-05
7.28200000e-01 1.05185767e-05
7.29100000e-01 1.09719102e-05
7.30000000e-01 1.15838028e-05
7.30900000e-01 1.23457306e-05
7.31800000e-01 1.32476485e-05
7.32700000e-01 1.42781093e-05
7.33600000e-01 1.54243958e-05
7.34500000e-01 1.66726653e-05
7.35400000e-01 1.80081058e-05
7.36300000e-01 1.94150999e-05
7.37200000e-01 2.08773975e-05
7.38100000e-01 2.23782923e-05
7.39000000e-01 2.39008033e-05
7.39900000e-01 2.54278561e-05
7.40800000e-01 2.69424659e-05
7.41700000e-01 2.84279158e-05
7.42600000e-01 2.98679333e-05
7.43500000e-01 3.12468586e-05
7.44400000e-01 3.25498067e-05
7.45300000e-01 3.37628192e-05
7.46200000e-01 3.48730058e-05
7.47100000e-01 3.58686724e-05
7.48000000e-01 3.67394369e-05
7.48900000e-01 3.74763295e-05
7.49800000e-01 3.80718768e-05
7.50700000e-01 3.85201708e-05
7.51600000e-01 3.88169195e-05
7.52500000e-01 3.89594807e-05
7.53400000e-01 3.89468779e-05
7.54300000e-01 3.87797988e-05
7.55200000e-01 3.84605752e-05
7.56100000e-01 3.79931470e-05
7.57000000e-01 3.73830084e-05
7.57900000e-01 3.66371385e-05
7.58800000e-01 3.57639165e-05
7.59700000e-01 3.47730229e-05
7.60600000e-01 3.36753276e-05
7.61500000e-01 3.24827660e-05
7.62400000e-01 3.12082050e-05
7.63300000e-01 2.98652998e-05
7.64200000e-01 2.84683439e-05
7.65100000e-01 2.70321131e-05
7.66000000e-01 2.55717050e-05
7.66900000e-01 2.41023776e-05
7.67800000e-01 2.26393859e-05
7.68700000e-01 2.11978207e-05
7.69600000e-01 1.97924496e-05
7.70500000e-01 1.84375633e-05
7.71400000e-01 1.71468274e-05
7.72300000e-01 1.59331419e-05
7.73200000e-01 1.48085105e-05
7.74100000e-01 1.37839192e-05
7.75000000e-01 1.28692275e-05
7.75900000e-01 1.20730716e-05
7.76800000e-01 1.14027818e-05
7.77700000e-01 1.08643137e-05
7.78600000e-01 1.04621948e-05
7.79500000e-01 1.01994865e-05
7.80400000e-01 1.00777617e-05
7.81300000e-01 1.00970985e-05
7.82200000e-01 1.02560896e-05
7.83100000e-01 1.05518672e-05
7.84000000e-01 1.09801436e-05
7.84900000e-01 1.15352660e-05
7.85800000e-01 1.22102855e-05
7.86700000e-01 1.29970396e-05
7.87600000e-01 1.38862463e-05
7.88500000e-01 1.48676101e-05
7.89400000e-01 1.59299373e-05
7.90300000e-01 1.70612604e-05
7.91200000e-01 1.82489696e-05
7.92100000e-01 1.94799504e-05
7.93000000e-01 2.07407248e-05
7.93900000e-01 2.20175966e-05
7.94800000e-01 2.32967967e-05
7.95700000e-01 2.45646292e-05
7.96600000e-01 2.58076148e-05
7.97500000e-01 2.70126315e-05
7.98400000e-01 2.81670505e-05
7.99300000e-01 2.92588654e-05
8.00200000e-01 3.02768150e-05
8.01100000e-01 3.12104957e-05
8.02000000e-01 3.20504659e-05
8.02900000e-01 3.27883383e-05
8.03800000e-01 3.34168606e-05
8.04700000e-01 3.39299843e-05
8.05600000e-01 3.43229191e-05
8.06500000e-01 3.45921753e-05
8.07400000e-01 3.47355904e-05
8.08300000e-01 3.47523427e-05
8.09200000e-01 3.46429503e-05
8.10100000e-01 3.44092561e-05
8.11000000e-01 3.40543985e-05
8.11900000e-01 3.35827690e-05
8.12800000e-01 3.29999571e-05
8.13700000e-01 3.23126824e-05
8.14600000e-01 3.15287153e-05
8.15500000e-01 3.06567880e-05
8.16400000e-01 2.97064949e-05
8.17300000e-01 2.86881850e-05
8.18200000e-01 2.76128477e-05
8.19100000e-01 2.64919917e-05
8.20000000e-01 2.53375199e-05
8.20900000e-01 2.41616007e-05
8.21800000e-01 2.29765378e-05
8.22700000e-01 2.17946393e-05
8.23600000e-01 2.06280873e-05
8.24500000e-01 1.94888108e-05
8.25400000e-01 1.83883607e-05
8.26300000e-01 1.73377914e-05
8.27200000e-01 1.63475469e-05
8.28100000e-01 1.54273554e-05
8.29000000e-01 1.45861314e-05
8.29900000e-01 1.38318875e-05
8.30800000e-01 1.31716565e-05
8.31700000e-01 1.26114240e-05
8.32600000e-01 1.21560727e-05
8.33500000e-01 1.18093391e-05
8.34400000e-01 1.15737821e-05
8.35300000e-01 1.14507650e-05
8.36200000e-01 1.14404492e-05
8.37100000e-01 1.15418018e-05
8.38000000e-01 1.17526151e-05
8.38900000e-01 1.20695388e-05
8.39800000e-01 1.24881234e-05
8.40700000e-01 1.30028758e-05
8.41600000e-01 1.36073250e-05
8.42500000e-01 1.42940978e-05
8.43400000e-01 1.50550037e-05
8.44300000e-01 1.58811274e-05
8.45200000e-01 1.67629288e-05
8.46100000e-01 1.76903488e-05
8.47000000e-01 1.86529196e-05
8.47900000e-01 1.96398788e-05
8.48800000e-01 2.06402859e-05
8.49700000e-01 2.16431394e-05
8.50600000e-01 2.26374942e-05
8.51500000e-01 2.36125774e-05
8.52400000e-01 2.45579016e-05
8.53300000e-01 2.54633736e-05
8.54200000e-01 2.63193997e-05
8.55100000e-01 2.71169833e-05
8.56000000e-01 2.78478166e-05
8.56900000e-01 2.85043637e-05
8.57800000e-01 2.90799355e-05
8.58700000e-01 2.95687544e-05
8.59600000e-01 2.99660096e-05
8.60500000e-01 3.02679013e-05
8.61400000e-01 3.04716736e-05
8.62300000e-01 3.05756370e-05
8.63200000e-01 3.05791783e-05
8.64100000e-01 3.04827600e-05
8.65000000e-01 3.02879075e-05
8.65900000e-01 2.99971854e-05
8.66800000e-01 2.96141632e-05
8.67700000e-01 2.91433698e-05
8.68600000e-01 2.85902392e-05
8.69500000e-01 2.79610457e-05
8.70400000e-01 2.72628315e-05
8.71300000e-01 2.65033263e-05
8.72200000e-01 2.56908603e-05
8.73100000e-01 2.48342712e-05
8.74000000e-01 2.39428061e-05
8.74900000e-01 2.30260209e-05
8.75800000e-01 2.20936755e-05
8.76700000e-01 2.11556287e-05
8.77600000e-01 2.02217322e-05
8.78500000e-01 1.93017256e-05
8.79400000e-01 1.84051332e-05
8.80300000e-01 1.75411636e-05
8.81200000e-01 1.67186138e-05
8.82100000e-01 1.59457776e-05
8.83000000e-01 1.52303609e-05
8.83900000e-01 1.45794026e-05
8.84800000e-01 1.39992043e-05
8.85700000e-01 1.34952674e-05
8.86600000e-01 1.30722399e-05
8.87500000e-01 1.27338719e-05
8.88400000e-01 1.24829813e-05
8.89300000e-01 1.23214299e-05
8.90200000e-01 1.22501092e-05
8.91100000e-01 1.22689373e-05
8.92000000e-01 1.23768658e-05
8.92900000e-01 1.25718967e-05
8.93800000e-01 1.28511101e-05
8.94700000e-01 1.32107011e-05
8.95600000e-01 1.36460254e-05
8.96500000e-01 1.41516544e-05
8.97400000e-01 1.47214382e-05
8.98300000e-01 1.53485751e-05
8.99200000e-01 1.60256886e-05
9.00100000e-01 1.67449098e-05
9.01000000e-01 1.74979639e-05
9.01900000e-01 1.82762614e-05
9.02800000e-01 1.90709917e-05
9.03700000e-01 1.98732184e-05
9.04600000e-01 2.06739755e-05
9.05500000e-01 2.14643636e-05
9.06400000e-01 2.22356443e-05
9.07300000e-01 2.29793326e-05
9.08200000e-01 2.36872865e-05
9.09100000e-01 2.43517916e-05
9.10000000e-01 2.49656412e-05
9.10900000e-01 2.55222108e-05
9.11800000e-01 2.60155249e-05
9.12700000e-01 2.64403179e-05
9.13600000e-01 2.67920862e-05
9.14500000e-01 2.70671321e-05
9.15400000e-01 2.72625990e-05
9.16300000e-01 2.73764974e-05
9.17200000e-01 2.74077217e-05
9.18100000e-01 2.73560572e-05
9.19000000e-01 2.72221777e-05
9.19900000e-01 2.70076340e-05
9.20800000e-01 2.67148330e-05
9.21700000e-01 2.63470072e-05
9.22600000e-01 2.59081767e-05
9.23500000e-01 2.54031024e-05
9.24400000e-01 2.48372317e-05
9.25300000e-01 2.42166369e-05
9.26200000e-01 2.35479483e-05
9.27100000e-01 2.28382806e-05
9.28000000e-01 2.20951554e-05
9.28900000e-01 2.13264192e-05
9.29800000e-01 2.05401590e-05
9.30700000e-01 1.97446154e-05
9.31600000e-01 1.89480947e-05
9.32500000e-01 1.81588806e-05
9.33400000e-01 1.73851473e-05
9.34300000e-01 1.66348731e-05
9.35200000e-01 1.59157576e-05
9.36100000e-01 1.52351418e-05
9.37000000e-01 1.45999323e-05
9.37900000e-01 1.40165311e-05
9.38800000e-01 1.34907706e-05
9.39700000e-01 1.30278547e-05
9.40600000e-01 1.26323080e-05
9.41500000e-01 1.23079314e-05
9.42400000e-01 1.20577658e-05
9.43300000e-01 1.18840644e-05
9.44200000e-01 1.17882731e-05
9.45100000e-01 1.17710198e-05
9.46000000e-01 1.18321121e-05
9.46900000e-01 1.19705440e-05
9.47800000e-01 1.21845108e-05
9.48700000e-01 1.24714327e-05
9.49600000e-01 1.28279861e-05
9.50500000e-01 1.32501427e-05
9.51400000e-01 1.37332163e-05
9.52300000e-01 1.42719149e-05
9.53200000e-01 1.48604009e-05
9.54100000e-01 1.54923546e-05
9.55000000e-01 1.61610442e-05
9.55900000e-01 1.68593983e-05
9.56800000e-01 1.75800829e-05
9.57700000e-01 1.83155793e-05
9.58600000e-01 1.90582650e-05
9.59500000e-01 1.98004936e-05
9.60400000e-01 2.05346760e-05
9.61300000e-01 2.12533597e-05
9.62200000e-01 2.19493060e-05
9.63100000e-01 2.26155651e-05
9.64000000e-01 2.32455474e-05
9.64900000e-01 2.38330904e-05
9.65800000e-01 2.43725211e-05
9.66700000e-01 2.48587126e-05
9.67600000e-01 2.52871343e-05
9.68500000e-01 2.56538964e-05
9.69400000e-01 2.59557862e-05
9.70300000e-01 2.61902981e-05
9.71200000e-01 2.63556551e-05
9.72100000e-01 2.64508231e-05
9.73000000e-01 2.64755169e-05
9.73900000e-01 2.64301985e-05
9.74800000e-01 2.63160670e-05
9.75700000e-01 2.61350415e-05
9.76600000e-01 2.58897360e-05
9.77500000e-01 2.55834273e-05
9.78400000e-01 2.52200157e-05
9.79300000e-01 2.48039801e-05
9.80200000e-01 2.43403265e-05
9.81100000e-01 2.38345318e-05
9.82000000e-01 2.32924823e-05
9.82900000e-01 2.27204089e-05
9.83800000e-01 2.21248188e-05
9.84700000e-01 2.15124245e-05
9.85600000e-01 2.08900713e-05
9.86500000e-01 2.02646637e-05
9.87400000e-01 1.96430918e-05
9.88300000e-01 1.90321577e-05
9.89200000e-01 1.84385041e-05
9.90100000e-01 1.78685447e-05
9.91000000e-01 1.73283970e-05
9.91900000e-01 1.68238191e-05
9.92800000e-01 1.63601508e-05
9.93700000e-01 1.59422590e-05
9.94600000e-01 1.55744886e-05
9.95500000e-01 1.52606199e-05
9.96400000e-01 1.50038307e-05
9.97300000e-01 1.48066668e-05
9.98200000e-01 1.46710181e-05
9.99100000e-01 1.45981021e-05
1.00000000e+00 1.45884551e-05
1.00900000e+00 1.76199519e-05
1.01800000e+00 2.32843235e-05
1.02700000e+00 2.60319833e-05
1.03600000e+00 2.32796652e-05
1.04500000e+00 1.76967939e-05
1.05400000e+00 1.44165946e-05
1.06300000e+00 1.60897716e-05
1.07200000e+00 2.05694547e-05
1.08100000e+00 2.32567828e-05
1.09000000e+00 2.16131718e-05
1.09900000e+00 1.74362445e-05
1.10800000e+00 1.48673939e-05
1.11700000e+00 1.62705013e-05
1.12600000e+00 2.00365420e-05
1.13500000e+00 2.23229927e-05
1.14400000e+00 2.08759848e-05
1.15300000e+00 1.71732603e-05
1.16200000e+00 1.48956489e-05
1.17100000e+00 1.63291816e-05
1.18000000e+00 2.02127531e-05
1.18900000e+00 2.30293438e-05
1.19800000e+00 2.23839608e-05
1.20700000e+00 1.91871655e-05
1.21600000e+00 1.66347566e-05
1.22500000e+00 1.70949514e-05
1.23400000e+00 1.99422225e-05
1.24300000e+00 2.23371437e-05
1.25200000e+00 2.20643217e-05
1.26100000e+00 1.96287035e-05
1.27000000e+00 1.76453621e-05
1.27900000e+00 1.82240105e-05
1.28800000e+00 2.09325275e-05
1.29700000e+00 2.32667339e-05
1.30600000e+00 2.30885302e-05
1.31500000e+00 2.06403517e-05
1.32400000e+00 1.82378865e-05
1.33300000e+00 1.80199341e-05
1.34200000e+00 1.99599971e-05
1.35100000e+00 2.20058370e-05
1.36000000e+00 2.21218658e-05
1.36900000e+00 2.02201702e-05
1.37800000e+00 1.81603567e-05
1.38700000e+00 1.79060693e-05
1.39600000e+00 1.96657435e-05
1.40500000e+00 2.17771951e-05
1.41400000e+00 2.23649449e-05
1.42300000e+00 2.11195261e-05
1.43200000e+00 1.95083546e-05
1.44100000e+00 1.92914254e-05
1.45000000e+00 2.08270184e-05
1.45900000e+00 2.27822068e-05
1.46800000e+00 2.34555796e-05
1.47700000e+00 2.23821441e-05
1.48600000e+00 2.06891304e-05
1.49500000e+00 1.99351657e-05
1.50400000e+00 2.06222215e-05
1.51300000e+00 2.18208692e-05
1.52200000e+00 2.22085787e-05
1.53100000e+00 2.14415523e-05
1.54000000e+00 2.04981202e-05
1.54900000e+00 2.06775744e-05
1.55800000e+00 2.22598677e-05
1.56700000e+00 2.41467329e-05
1.57600000e+00 2.48379979e-05
1.58500000e+00 2.38095113e-05
1.59400000e+00 2.19901846e-05
1.60300000e+00 2.09108976e-05
1.61200000e+00 2.13502854e-05
1.62100000e+00 2.27369547e-05
1.63000000e+00 2.38069649e-05
1.63900000e+00 2.38252694e-05
1.64800000e+00 2.31985337e-05
1.65700000e+00 2.29523801e-05
1.66600000e+00 2.36521735e-05
1.67500000e+00 2.48419826e-05
1.68400000e+00 2.55207192e-05
1.69300000e+00 2.51482661e-05
1.70200000e+00 2.41813275e-05
1.71100000e+00 2.36293240e-05
1.72000000e+00 2.40845871e-05
1.72900000e+00 2.51741726e-05
1.73800000e+00 2.59459461e-05
1.74700000e+00 2.57891200e-05
1.75600000e+00 2.49913957e-05
1.76500000e+00 2.44147879e-05
1.77400000e+00 2.46356728e-05
1.78300000e+00 2.53969969e-05
1.79200000e+00 2.58917285e-05
1.80100000e+00 2.55788006e-05
1.81000000e+00 2.47261545e-05
1.81900000e+00 2.41572158e-05
1.82800000e+00 2.44551100e-05
1.83700000e+00 2.53951498e-05
1.84600000e+00 2.61449043e-05
1.85500000e+00 2.60332073e-05
1.86400000e+00 2.51591476e-05
1.87300000e+00 2.42832751e-05
1.88200000e+00 2.41296080e-05
1.89100000e+00 2.47643483e-05
1.90000000e+00 2.56098610e-05
1.90900000e+00 2.60330991e-05
1.91800000e+00 2.59226677e-05
1.92700000e+00 2.57233720e-05
1.93600000e+00 2.59442263e-05
1.94500000e+00 2.66494124e-05
1.95400000e+00 2.74190685e-05
1.96300000e+00 2.77833442e-05
1.97200000e+00 2.76794824e-05
1.98100000e+00 2.74899670e-05
1.99000000e+00 2.76527435e-05
1.99900000e+00 2.82478172e-05
2.00800000e+00 2.89587042e-05
2.01700000e+00 2.94132125e-05
2.02600000e+00 2.95350742e-05
2.03500000e+00 2.95538605e-05
2.04400000e+00 2.96906111e-05
2.05300000e+00 2.98732279e-05
2.06200000e+00 2.97968624e-05
2.07100000e+00 2.92758255e-05
2.08000000e+00 2.85159982e-05
2.08900000e+00 2.79993507e-05
2.09800000e+00 2.80595411e-05
2.10700000e+00 2.85531831e-05
2.11600000e+00 2.89625085e-05
2.12500000e+00 2.88566703e-05
2.13400000e+00 2.82851932e-05
2.14300000e+00 2.77277125e-05
2.15200000e+00 2.76398452e-05
2.16100000e+00 2.80207249e-05
2.17000000e+00 2.84122350e-05
2.17900000e+00 2.83344841e-05
2.18800000e+00 2.77507267e-05
2.19700000e+00 2.71272035e-05
2.20600000e+00 2.70329977e-05
2.21500000e+00 2.76505857e-05
2.22400000e+00 2.86401274e-05
2.23300000e+00 2.94607677e-05
2.24200000e+00 2.98302016e-05
2.25100000e+00 2.98970185e-05
2.26000000e+00 2.99963247e-05
2.26900000e+00 3.02613829e-05
2.27800000e+00 3.04854825e-05
2.28700000e+00 3.03631913e-05
2.29600000e+00 2.98572886e-05
2.30500000e+00 2.93124177e-05
2.31400000e+00 2.91866917e-05
2.32300000e+00 2.96497330e-05
2.33200000e+00 3.04312779e-05
2.34100000e+00 3.10675404e-05
2.35000000e+00 3.13133032e-05
2.35900000e+00 3.13320224e-05
2.36800000e+00 3.14921153e-05
2.37700000e+00 3.19753531e-05
2.38600000e+00 3.25801035e-05
2.39500000e+00 3.29108985e-05
2.40400000e+00 3.27723381e-05
2.41300000e+00 3.23874093e-05
2.42200000e+00 3.22249721e-05
2.43100000e+00 3.25896144e-05
2.44000000e+00 3.33499224e-05
2.44900000e+00 3.40514253e-05
2.45800000e+00 3.43054378e-05
2.46700000e+00 3.40994043e-05
2.47600000e+00 3.37613812e-05
2.48500000e+00 3.36375466e-05
2.49400000e+00 3.37953331e-05
2.50300000e+00 3.40156281e-05
2.51200000e+00 3.40489071e-05
2.52100000e+00 3.38667484e-05
2.53000000e+00 3.36689417e-05
2.53900000e+00 3.36635249e-05
2.54800000e+00 3.38610990e-05
2.55700000e+00 3.40968167e-05
2.56600000e+00 3.42488693e-05
2.57500000e+00 3.44108231e-05
2.58400000e+00 3.48127572e-05
2.59300000e+00 3.55417862e-05
2.60200000e+00 3.63361745e-05
2.61100000e+00 3.66913654e-05
2.62000000e+00 3.62384929e-05
2.62900000e+00 3.50888838e-05
2.63800000e+00 3.38348538e-05
2.64700000e+00 3.31737419e-05
2.65600000e+00 3.34390291e-05
2.66500000e+00 3.44015803e-05
2.67400000e+00 3.54794264e-05
2.68300000e+00 3.61661492e-05
2.69200000e+00 3.63366038e-05
2.70100000e+00 3.62264897e-05
2.71000000e+00 3.61659485e-05
2.71900000e+00 3.63232178e-05
2.72800000e+00 3.66497819e-05
2.73700000e+00 3.70062244e-05
2.74600000e+00 3.72988816e-05
2.75500000e+00 3.74960156e-05
2.76400000e+00 3.75513957e-05
2.77300000e+00 3.73673829e-05
2.78200000e+00 3.68746650e-05
2.79100000e+00 3.61573868e-05
2.80000000e+00 3.54731003e-05
2.80900000e+00 3.50995670e-05
2.81800000e+00 3.51130128e-05
2.82700000e+00 3.52958523e-05
2.83600000e+00 3.52837456e-05
2.84500000e+00 3.48586429e-05
2.85400000e+00 3.41553483e-05
2.86300000e+00 3.36033798e-05
2.87200000e+00 3.36346763e-05
2.88100000e+00 3.43769323e-05
2.89000000e+00 3.55646000e-05
2.89900000e+00 3.67278264e-05
2.90800000e+00 3.75075572e-05
2.91700000e+00 3.78613059e-05
2.92600000e+00 3.80240517e-05
2.93500000e+00 3.82802458e-05
2.94400000e+00 3.87333224e-05
2.95300000e+00 3.92396134e-05
2.96200000e+00 3.95374055e-05
2.97100000e+00 3.94611794e-05
2.98000000e+00 3.90830892e-05
2.98900000e+00 3.86865338e-05
2.99800000e+00 3.85936685e-05
3.00700000e+00 3.89608286e-05
3.01600000e+00 3.96724179e-05
3.02500000e+00 4.04024233e-05
3.03400000e+00 4.08108241e-05
3.04300000e+00 4.07565625e-05
3.05200000e+00 4.03907848e-05
3.06100000e+00 4.00623712e-05
3.07000000e+00 4.00887303e-05
3.07900000e+00 4.05417796e-05
3.08800000e+00 4.11985942e-05
3.09700000e+00 4.16966240e-05
3.10600000e+00 4.17861527e-05
3.11500000e+00 4.14978358e-05
3.12400000e+00 4.11038330e-05
3.13300000e+00 4.09062329e-05
3.14200000e+00 4.10165382e-05
3.15100000e+00 4.12915827e-05
3.16000000e+00 4.14639177e-05
3.16900000e+00 4.13531988e-05
3.17800000e+00 4.09919577e-05
3.18700000e+00 4.05816685e-05
3.19600000e+00 4.03365141e-05
3.20500000e+00 4.03518322e-05
3.21400000e+00 4.05922909e-05
3.22300000e+00 4.09801091e-05
3.23200000e+00 4.14826804e-05
3.24100000e+00 4.21179720e-05
3.25000000e+00 4.28857066e-05
3.25900000e+00 4.37029288e-05
3.26800000e+00 4.44115054e-05
3.27700000e+00 4.48521777e-05
3.28600000e+00 4.49406160e-05
3.29500000e+00 4.46896264e-05
3.30400000e+00 4.41802542e-05
3.31300000e+00 4.35272837e-05
3.32200000e+00 4.28691386e-05
3.33100000e+00 4.23630165e-05
3.34000000e+00 4.21462082e-05
3.34900000e+00 4.22643593e-05
3.35800000e+00 4.26266147e-05
3.36700000e+00 4.30532243e-05
3.37600000e+00 4.34073610e-05
3.38500000e+00 4.37097578e-05
3.39400000e+00 4.41198055e-05
3.40300000e+00 4.47675076e-05
3.41200000e+00 4.55633238e-05
3.42100000e+00 4.61657345e-05
3.43000000e+00 4.61797129e-05
3.43900000e+00 4.54632824e-05
3.44800000e+00 4.42988538e-05
3.45700000e+00 4.32612176e-05
3.46600000e+00 4.28455146e-05
3.47500000e+00 4.31246392e-05
3.48400000e+00 4.37082365e-05
3.49300000e+00 4.40544873e-05
3.50200000e+00 4.39076060e-05
3.51100000e+00 4.35223830e-05
3.52000000e+00 4.34902902e-05
3.52900000e+00 4.42866451e-05
3.53800000e+00 4.58776286e-05
3.54700000e+00 4.76867437e-05
3.55600000e+00 4.89520741e-05
3.56500000e+00 4.92155198e-05
3.57400000e+00 4.85932852e-05
3.58300000e+00 4.76465011e-05
3.59200000e+00 4.69658967e-05
3.60100000e+00 4.67816950e-05
3.61000000e+00 4.68710058e-05
3.61900000e+00 4.68033070e-05
3.62800000e+00 4.63203190e-05
3.63700000e+00 4.55650148e-05
3.64600000e+00 4.50007556e-05
3.65500000e+00 4.50903902e-05
3.66400000e+00 4.59692302e-05
3.67300000e+00 4.73375383e-05
3.68200000e+00 4.86372040e-05
3.69100000e+00 4.93842631e-05
3.70000000e+00 4.94349243e-05
3.70900000e+00 4.90218748e-05
3.71800000e+00 4.85588064e-05
3.72700000e+00 4.83606652e-05
3.73600000e+00 4.84678471e-05
3.74500000e+00 4.86760143e-05
3.75400000e+00 4.87267776e-05
3.76300000e+00 4.85112496e-05
3.77200000e+00 4.81452775e-05
3.78100000e+00 4.78782885e-05
3.79000000e+00 4.79167228e-05
3.79900000e+00 4.82923587e-05
3.80800000e+00 4.88575942e-05
3.81700000e+00 4.93906383e-05
3.82600000e+00 4.97231692e-05
3.83500000e+00 4.98087047e-05
3.84400000e+00 4.97123465e-05
3.85300000e+00 4.95595884e-05
3.86200000e+00 4.94877374e-05
3.87100000e+00 4.96084279e-05
3.88000000e+00 4.99639236e-05
3.88900000e+00 5.04781098e-05
3.89800000e+00 5.09448202e-05
3.90700000e+00 5.11039939e-05
3.91600000e+00 5.07978032e-05
3.92500000e+00 5.01121290e-05
3.93400000e+00 4.93785618e-05
3.94300000e+00 4.89915722e-05
3.95200000e+00 4.91420423e-05
3.96100000e+00 4.96627349e-05
3.97000000e+00 5.01258954e-05
3.97900000e+00 5.01480715e-05
3.98800000e+00 4.96822897e-05
3.99700000e+00 4.90648475e-05
4.00600000e+00 4.87635696e-05
4.01500000e+00 4.90141078e-05
4.02400000e+00 4.96339501e-05
4.03300000e+00 5.01732746e-05
4.04200000e+00 5.02917430e-05
4.05100000e+00 5.00587419e-05
4.06000000e+00 4.99251263e-05
4.06900000e+00 5.03751761e-05
4.07800000e+00 5.15292842e-05
4.08700000e+00 5.30147818e-05
4.09600000e+00 5.42120213e-05
4.10500000e+00 5.46854283e-05
4.11400000e+00 5.44672331e-05
4.12300000e+00 5.39882680e-05
4.13200000e+00 5.37359956e-05
4.14100000e+00 5.39265214e-05
4.15000000e+00 5.44390114e-05
4.15900000e+00 5.50217365e-05
4.16800000e+00 5.55500566e-05
4.17700000e+00 5.60928306e-05
4.18600000e+00 5.67375378e-05
4.19500000e+00 5.73593142e-05
4.20400000e+00 5.75849442e-05
4.21300000e+00 5.70378306e-05
4.22200000e+00 5.56935060e-05
4.23100000e+00 5.40484207e-05
4.24000000e+00 5.29224529e-05
4.24900000e+00 5.29901661e-05
4.25800000e+00 5.43504207e-05
4.26700000e+00 5.64302892e-05
4.27600000e+00 5.82901964e-05
4.28500000e+00 5.91288474e-05
4.29400000e+00 5.86728836e-05
4.30300000e+00 5.72415972e-05
4.31200000e+00 5.55021495e-05
4.32100000e+00 5.41068672e-05
4.33000000e+00 5.34263868e-05
4.33900000e+00 5.34826865e-05
4.34800000e+00 5.40496060e-05
4.35700000e+00 5.48174725e-05
4.36600000e+00 5.55302116e-05
4.37500000e+00 5.60538075e-05
4.38400000e+00 5.63764502e-05
4.39300000e+00 5.65606556e-05
4.40200000e+00 5.66790881e-05
4.41100000e+00 5.67735649e-05
4.42000000e+00 5.68657373e-05
4.42900000e+00 5.70078418e-05
4.43800000e+00 5.73158418e-05
4.44700000e+00 5.79231458e-05
4.45600000e+00 5.88555685e-05
4.46500000e+00 5.99183887e-05
4.47400000e+00 6.07197692e-05
4.48300000e+00 6.08756038e-05
4.49200000e+00 6.02884549e-05
4.50100000e+00 5.92904004e-05
4.51000000e+00 5.84954644e-05
4.51900000e+00 5.84113986e-05
4.52800000e+00 5.90670648e-05
4.53700000e+00 5.99444755e-05
4.54600000e+00 6.03073610e-05
4.55500000e+00 5.97209594e-05
4.56400000e+00 5.83904310e-05
4.57300000e+00 5.70553522e-05
4.58200000e+00 5.64995854e-05
4.59100000e+00 5.70277259e-05
4.60000000e+00 5.82898071e-05
4.60900000e+00 5.95729949e-05
4.61800000e+00 6.03242713e-05
4.62700000e+00 6.05005663e-05
4.63600000e+00 6.04942026e-05
4.64500000e+00 6.07275773e-05
4.65400000e+00 6.12706523e-05
4.66300000e+00 6.17992331e-05
4.67200000e+00 6.19155142e-05
4.68100000e+00 6.15435581e-05
4.69000000e+00 6.10482395e-05
4.69900000e+00 6.09594635e-05
4.70800000e+00 6.15194492e-05
4.71700000e+00 6.24294047e-05
4.72600000e+00 6.30196453e-05
4.73500000e+00 6.27274529e-05
4.74400000e+00 6.15170935e-05
4.75300000e+00 5.99191523e-05
4.76200000e+00 5.86649703e-05
4.77100000e+00 5.82036901e-05
4.78000000e+00 5.84662943e-05
4.78900000e+00 5.90302432e-05
4.79800000e+00 5.95187617e-05
4.80700000e+00 5.98987638e-05
4.81600000e+00 6.04478352e-05
4.82500000e+00 6.14434176e-05
4.83400000e+00 6.28505178e-05
4.84300000e+00 6.42727521e-05
4.85200000e+00 6.52076432e-05
4.86100000e+00 6.54010329e-05
4.87000000e+00 6.50231639e-05
4.87900000e+00 6.45363341e-05
4.88800000e+00 6.43620492e-05
4.89700000e+00 6.45958007e-05
4.90600000e+00 6.49638589e-05
4.91500000e+00 6.50292034e-05
4.92400000e+00 6.44851591e-05
4.93300000e+00 6.33419774e-05
4.94200000e+00 6.19127568e-05
4.95100000e+00 6.06443155e-05
4.96000000e+00 5.99146737e-05
4.96900000e+00 5.99011139e-05
4.97800000e+00 6.05543385e-05
4.98700000e+00 6.16562503e-05
4.99600000e+00 6.29178500e-05
5.00500000e+00 6.40763858e-05
5.01400000e+00 6.49577530e-05
5.02300000e+00 6.54823376e-05
5.03200000e+00 6.56218497e-05
5.04100000e+00 6.53534085e-05
5.05000000e+00 6.46697738e-05
5.05900000e+00 6.36610475e-05
5.06800000e+00 6.26024107e-05
5.07700000e+00 6.19349551e-05
5.08600000e+00 6.20775224e-05
5.09500000e+00 6.31448599e-05
5.10400000e+00 6.47686998e-05
5.11300000e+00 6.62037391e-05
5.12200000e+00 6.67226550e-05
5.13100000e+00 6.60763863e-05
5.14000000e+00 6.46998952e-05
5.14900000e+00 6.34832763e-05
5.15800000e+00 6.32267870e-05
5.16700000e+00 6.41387378e-05
5.17600000e+00 6.57235346e-05
5.18500000e+00 6.71352187e-05
5.19400000e+00 6.77373586e-05
5.20300000e+00 6.74686277e-05
5.21200000e+00 6.67744901e-05
5.22100000e+00 6.62010039e-05
5.23000000e+00 6.59914547e-05
5.23900000e+00 6.59919124e-05
5.24800000e+00 6.58984443e-05
5.25700000e+00 6.55989900e-05
5.26600000e+00 6.53054234e-05
5.27500000e+00 6.53716784e-05
5.28400000e+00 6.59707235e-05
5.29300000e+00 6.69182759e-05
5.30200000e+00 6.77934345e-05
5.31100000e+00 6.82454554e-05
5.32000000e+00 6.82230019e-05
5.32900000e+00 6.79458258e-05
5.33800000e+00 6.76745892e-05
5.34700000e+00 6.75054853e-05
5.35600000e+00 6.73703632e-05
5.36500000e+00 6.72101910e-05
5.37400000e+00 6.71150128e-05
5.38300000e+00 6.72574937e-05
5.39200000e+00 6.76639902e-05
5.40100000e+00 6.80614786e-05
5.41000000e+00 6.80112223e-05
5.41900000e+00 6.72881924e-05
5.42800000e+00 6.62031475e-05
5.43700000e+00 6.55426930e-05
5.44600000e+00 6.60799309e-05
5.45500000e+00 6.79769418e-05
5.46400000e+00 7.05464821e-05
5.47300000e+00 7.26109112e-05
5.48200000e+00 7.32463266e-05
5.49100000e+00 7.23829799e-05
5.50000000e+00 7.08164320e-05
5.50900000e+00 6.96202833e-05
5.51800000e+00 6.94042434e-05
5.52700000e+00 6.99715758e-05
5.53600000e+00 7.06079394e-05
5.54500000e+00 7.07360720e-05
5.55400000e+00 7.03949718e-05
5.56300000e+00 7.01647677e-05
5.57200000e+00 7.06207310e-05
5.58100000e+00 7.17834794e-05
5.59000000e+00 7.30284121e-05
5.59900000e+00 7.35356069e-05
5.60800000e+00 7.29176374e-05
5.61700000e+00 7.15181415e-05
5.62600000e+00 7.01419957e-05
5.63500000e+00 6.94370650e-05
5.64400000e+00 6.94255114e-05
5.65300000e+00 6.95583087e-05
5.66200000e+00 6.92437100e-05
5.67100000e+00 6.84186794e-05
5.68000000e+00 6.76936284e-05
5.68900000e+00 6.79328534e-05
5.69800000e+00 6.95744717e-05
5.70700000e+00 7.22038187e-05
5.71600000e+00 7.47163552e-05
5.72500000e+00 7.59790785e-05
5.73400000e+00 7.55421487e-05
5.74300000e+00 7.39201957e-05
5.75200000e+00 7.22651113e-05
5.76100000e+00 7.16616434e-05
5.77000000e+00 7.25074958e-05
5.77900000e+00 7.43502960e-05
5.78800000e+00 7.62331211e-05
5.79700000e+00 7.72818970e-05
5.80600000e+00 7.71570226e-05
5.81500000e+00 7.61313466e-05
5.82400000e+00 7.48214290e-05
5.83300000e+00 7.38007151e-05
5.84200000e+00 7.33441132e-05
5.85100000e+00 7.34129175e-05
5.86000000e+00 7.38094642e-05
5.86900000e+00 7.43401270e-05
5.87800000e+00 7.48691973e-05
5.88700000e+00 7.52689121e-05
5.89600000e+00 7.53668838e-05
5.90500000e+00 7.49876113e-05
5.91400000e+00 7.40890981e-05
5.92300000e+00 7.28901204e-05
5.93200000e+00 7.18579496e-05
5.94100000e+00 7.15098416e-05
5.95000000e+00 7.21197251e-05
5.95900000e+00 7.35132280e-05
5.96800000e+00 7.51050862e-05
5.97700000e+00 7.61913342e-05
5.98600000e+00 7.63434678e-05
5.99500000e+00 7.56732839e-05
6.00400000e+00 7.48014043e-05
6.01300000e+00 7.45329109e-05
6.02200000e+00 7.54152068e-05
6.03100000e+00 7.74221431e-05
6.04000000e+00 7.99366276e-05
6.04900000e+00 8.20384861e-05
6.05800000e+00 8.29427579e-05
6.06700000e+00 8.23629012e-05
6.07600000e+00 8.06234360e-05
6.08500000e+00 7.84815465e-05
6.09400000e+00 7.67624810e-05
6.10300000e+00 7.59969002e-05
6.11200000e+00 7.62331722e-05
6.12100000e+00 7.70972405e-05
6.13000000e+00 7.80418261e-05
6.13900000e+00 7.86349240e-05
6.14800000e+00 7.87334218e-05
6.15700000e+00 7.84703791e-05
6.16600000e+00 7.81011803e-05
6.17500000e+00 7.78300646e-05
6.18400000e+00 7.77275131e-05
6.19300000e+00 7.77649447e-05
6.20200000e+00 7.79026722e-05
6.21100000e+00 7.81391032e-05
6.22000000e+00 7.84811184e-05
6.22900000e+00 7.88787544e-05
6.23800000e+00 7.92070481e-05
6.24700000e+00 7.93370604e-05
6.25600000e+00 7.92508841e-05
6.26500000e+00 7.91001257e-05
6.27400000e+00 7.91386776e-05
6.28300000e+00 7.95593411e-05
6.29200000e+00 8.03492409e-05
6.30100000e+00 8.12760602e-05
6.31000000e+00 8.20225692e-05
6.31900000e+00 8.23749488e-05
6.32800000e+00 8.23317971e-05
6.33700000e+00 8.20660213e-05
6.34600000e+00 8.17855702e-05
6.35500000e+00 8.16074644e-05
6.36400000e+00 8.15310544e-05
6.37300000e+00 8.15032838e-05
6.38200000e+00 8.14955779e-05
6.39100000e+00 8.15192528e-05
6.40000000e+00 8.15784555e-05
6.40900000e+00 8.16235808e-05
6.41800000e+00 8.15636756e-05
6.42700000e+00 8.13321481e-05
6.43600000e+00 8.09430065e-05
6.44500000e+00 8.04835227e-05
6.45400000e+00 8.00552980e-05
6.46300000e+00 7.97304472e-05
6.47200000e+00 7.95717769e-05
6.48100000e+00 7.96866764e-05
6.49000000e+00 8.02244166e-05
6.49900000e+00 8.12602756e-05
6.50800000e+00 8.26265563e-05
6.51700000e+00 8.38482354e-05
6.52600000e+00 8.43110002e-05
6.53500000e+00 8.36220614e-05
6.54400000e+00 8.19384794e-05
6.55300000e+00 7.99967486e-05
6.56200000e+00 7.87493570e-05
6.57100000e+00 7.87971026e-05
6.58000000e+00 7.99894335e-05
6.58900000e+00 8.14902398e-05
6.59800000e+00 8.23013809e-05
6.60700000e+00 8.19107295e-05
6.61600000e+00 8.06269733e-05
6.62500000e+00 7.93681582e-05
6.63400000e+00 7.90463207e-05
6.64300000e+00 7.99686895e-05
6.65200000e+00 8.16574660e-05
6.66100000e+00 8.31917345e-05
6.67000000e+00 8.38148838e-05
6.67900000e+00 8.33855319e-05
6.68800000e+00 8.23866181e-05
6.69700000e+00 8.15324648e-05
6.70600000e+00 8.12852326e-05
6.71500000e+00 8.16214998e-05
6.72400000e+00 8.21742992e-05
6.73300000e+00 8.25903240e-05
6.74200000e+00 8.28000890e-05
6.75100000e+00 8.29957806e-05
6.76000000e+00 8.33605970e-05
6.76900000e+00 8.37982593e-05
6.77800000e+00 8.39151278e-05
6.78700000e+00 8.33073889e-05
6.79600000e+00 8.19534091e-05
6.80500000e+00 8.03996110e-05
6.81400000e+00 7.95500618e-05
6.82300000e+00 8.01480796e-05
6.83200000e+00 8.22765042e-05
6.84100000e+00 8.52248739e-05
6.85000000e+00 8.78469791e-05
6.85900000e+00 8.92063996e-05
6.86800000e+00 8.91046858e-05
6.87700000e+00 8.81534316e-05
6.88600000e+00 8.73495533e-05
6.89500000e+00 8.74406494e-05
6.90400000e+00 8.84975938e-05
6.91300000e+00 8.99546706e-05
6.92200000e+00 9.10477229e-05
6.93100000e+00 9.13155730e-05
6.94000000e+00 9.08173508e-05
6.94900000e+00 8.99574567e-05
6.95800000e+00 8.91119090e-05
6.96700000e+00 8.83819028e-05
6.97600000e+00 8.76651385e-05
6.98500000e+00 8.69475481e-05
6.99400000e+00 8.65152879e-05
7.00300000e+00 8.68415715e-05
7.01200000e+00 8.81805318e-05
7.02100000e+00 9.01798121e-05
7.03000000e+00 9.18689624e-05
7.03900000e+00 9.21315964e-05
7.04800000e+00 9.03992491e-05
7.05700000e+00 8.70962758e-05
7.06600000e+00 8.34926940e-05
7.07500000e+00 8.10125766e-05
7.08400000e+00 8.04252295e-05
7.09300000e+00 8.14403373e-05
7.10200000e+00 8.29647740e-05
7.11100000e+00 8.38413092e-05
7.12000000e+00 8.35810565e-05
7.12900000e+00 8.26264176e-05
7.13800000e+00 8.20063059e-05
7.14700000e+00 8.26375314e-05
7.15600000e+00 8.47267262e-05
7.16500000e+00 8.76276456e-05
7.17400000e+00 9.02049240e-05
7.18300000e+00 9.14575755e-05
7.19200000e+00 9.10372354e-05
7.20100000e+00 8.93946029e-05
7.21000000e+00 8.75110208e-05
7.21900000e+00 8.63835259e-05
7.22800000e+00 8.65333713e-05
7.23700000e+00 8.77752443e-05
7.24600000e+00 8.93497656e-05
7.25500000e+00 9.03464212e-05
7.26400000e+00 9.01995266e-05
7.27300000e+00 8.89943860e-05
7.28200000e+00 8.74114671e-05
7.29100000e+00 8.63336288e-05
7.30000000e+00 8.63417758e-05
7.30900000e+00 8.73999343e-05
7.31800000e+00 8.89176042e-05
7.32700000e+00 9.01366398e-05
7.33600000e+00 9.05818265e-05
7.34500000e+00 9.02865068e-05
7.35400000e+00 8.96772472e-05
7.36300000e+00 8.92440426e-05
7.37200000e+00 8.92515699e-05
7.38100000e+00 8.96724644e-05
7.39000000e+00 9.03219644e-05
7.39900000e+00 9.10218353e-05
7.40800000e+00 9.16449496e-05
7.41700000e+00 9.20530743e-05
7.42600000e+00 9.20739055e-05
7.43500000e+00 9.16282613e-05
7.44400000e+00 9.09356248e-05
7.45300000e+00 9.05724993e-05
7.46200000e+00 9.12092660e-05
7.47100000e+00 9.31094479e-05
7.48000000e+00 9.57384834e-05
7.48900000e+00 9.78488541e-05
7.49800000e+00 9.81117633e-05
7.50700000e+00 9.59476275e-05
7.51600000e+00 9.19973782e-05
7.52500000e+00 8.78710075e-05
7.53400000e+00 8.52952857e-05
7.54300000e+00 8.52036251e-05
7.55200000e+00 8.73451925e-05
7.56100000e+00 9.06095011e-05
7.57000000e+00 9.37619189e-05
7.57900000e+00 9.60480304e-05
7.58800000e+00 9.73131035e-05
7.59700000e+00 9.77125663e-05
7.60600000e+00 9.73913705e-05
7.61500000e+00 9.64450480e-05
7.62400000e+00 9.51323725e-05
7.63300000e+00 9.40202910e-05
7.64200000e+00 9.37829713e-05
7.65100000e+00 9.47207132e-05
7.66000000e+00 9.63965145e-05
7.66900000e+00 9.77822613e-05
7.67800000e+00 9.79226221e-05
7.68700000e+00 9.66653106e-05
7.69600000e+00 9.48727741e-05
7.70500000e+00 9.38771087e-05
7.71400000e+00 9.45227627e-05
7.72300000e+00 9.64981354e-05
7.73200000e+00 9.84817989e-05
7.74100000e+00 9.90328123e-05
7.75000000e+00 9.75909079e-05
7.75900000e+00 9.48612353e-05
7.76800000e+00 9.23151885e-05
7.77700000e+00 9.11922736e-05
7.78600000e+00 9.17375534e-05
7.79500000e+00 9.31981324e-05
7.80400000e+00 9.45114307e-05
7.81300000e+00 9.51126567e-05
7.82200000e+00 9.52476257e-05
7.83100000e+00 9.56038354e-05
7.84000000e+00 9.66123669e-05
7.84900000e+00 9.80048434e-05
7.85800000e+00 9.89745598e-05
7.86700000e+00 9.87984617e-05
7.87600000e+00 9.74206025e-05
7.88500000e+00 9.55427143e-05
7.89400000e+00 9.41564554e-05
7.90300000e+00 9.38717312e-05
7.91200000e+00 9.45314681e-05
7.92100000e+00 9.53736383e-05
7.93000000e+00 9.55986179e-05
7.93900000e+00 9.49259581e-05
7.94800000e+00 9.37621886e-05
7.95700000e+00 9.28956760e-05
7.96600000e+00 9.29580458e-05
7.97500000e+00 9.40222630e-05
7.98400000e+00 9.55808033e-05
7.99300000e+00 9.68791665e-05
8.00200000e+00 9.73627507e-05
8.01100000e+00 9.69591515e-05
8.02000000e+00 9.60567142e-05
8.02900000e+00 9.52383066e-05
8.03800000e+00 9.49561932e-05
8.04700000e+00 9.53290151e-05
8.05600000e+00 9.61377629e-05
8.06500000e+00 9.69786301e-05
8.07400000e+00 9.74677109e-05
8.08300000e+00 9.74020232e-05
8.09200000e+00 9.68303403e-05
8.10100000e+00 9.60312700e-05
8.11000000e+00 9.54151235e-05
8.11900000e+00 9.53724736e-05
8.12800000e+00 9.61071509e-05
8.13700000e+00 9.75161372e-05
8.14600000e+00 9.91877144e-05
8.15500000e+00 1.00552944e-04
8.16400000e+00 1.01145141e-04
8.17300000e+00 1.00841835e-04
8.18200000e+00 9.99457075e-05
8.19100000e+00 9.90359124e-05
8.20000000e+00 9.86554692e-05
8.20900000e+00 9.90101233e-05
8.21800000e+00 9.98608268e-05
8.22700000e+00 1.00681815e-04
8.23600000e+00 1.00994558e-04
8.24500000e+00 1.00677665e-04
8.25400000e+00 1.00064863e-04
8.26300000e+00 9.97692123e-05
8.27200000e+00 1.00332793e-04
8.28100000e+00 1.01901143e-04
8.29000000e+00 1.04106716e-04
8.29900000e+00 1.06229407e-04
8.30800000e+00 1.07551079e-04
8.31700000e+00 1.07714102e-04
8.32600000e+00 1.06886410e-04
8.33500000e+00 1.05635339e-04
8.34400000e+00 1.04575242e-04
8.35300000e+00 1.03995064e-04
8.36200000e+00 1.03703270e-04
8.37100000e+00 1.03209083e-04
8.38000000e+00 1.02142034e-04
8.38900000e+00 1.00629279e-04
8.39800000e+00 9.93401403e-05
8.40700000e+00 9.91092584e-05
8.41600000e+00 1.00349743e-04
8.42500000e+00 1.02655762e-04
8.43400000e+00 1.04910938e-04
8.44300000e+00 1.05890937e-04
8.45200000e+00 1.04993852e-04
8.46100000e+00 1.02613770e-04
8.47000000e+00 9.98976585e-05
8.47900000e+00 9.80460605e-05
8.48800000e+00 9.76295241e-05
8.49700000e+00 9.83635361e-05
8.50600000e+00 9.94393886e-05
8.51500000e+00 1.00113550e-04
8.52400000e+00 1.00113635e-04
8.53300000e+00 9.96197930e-05
8.54200000e+00 9.89432986e-05
8.55100000e+00 9.82442874e-05
8.56000000e+00 9.75361237e-05
8.56900000e+00 9.69176115e-05
8.57800000e+00 9.67398389e-05
8.58700000e+00 9.74675794e-05
8.59600000e+00 9.92926864e-05
8.60500000e+00 1.01830608e-04
8.61400000e+00 1.04220871e-04
8.62300000e+00 1.05639245e-04
8.63200000e+00 1.05865279e-04
8.64100000e+00 1.05450716e-04
8.65000000e+00 1.05311879e-04
8.65900000e+00 1.06019909e-04
8.66800000e+00 1.07326182e-04
8.67700000e+00 1.08310744e-04
8.68600000e+00 1.08077558e-04
8.69500000e+00 1.06494217e-04
8.70400000e+00 1.04416188e-04
8.71300000e+00 1.03197490e-04
8.72200000e+00 1.03803617e-04
8.73100000e+00 1.06131365e-04
8.74000000e+00 1.09000806e-04
8.74900000e+00 1.10828901e-04
8.75800000e+00 1.10550001e-04
8.76700000e+00 1.08212455e-04
8.77600000e+00 1.04916092e-04
8.78500000e+00 1.02175632e-04
8.79400000e+00 1.01118497e-04
8.80300000e+00 1.01970719e-04
8.81200000e+00 1.04067203e-04
8.82100000e+00 1.06307969e-04
8.83000000e+00 1.07758929e-04
8.83900000e+00 1.08066189e-04
8.84800000e+00 1.07498980e-04
8.85700000e+00 1.06657247e-04
8.86600000e+00 1.06055115e-04
8.87500000e+00 1.05836566e-04
8.88400000e+00 1.05779050e-04
8.89300000e+00 1.05554218e-04
8.90200000e+00 1.05051848e-04
8.91100000e+00 1.04534815e-04
8.92000000e+00 1.04508475e-04
8.92900000e+00 1.05385508e-04
8.93800000e+00 1.07173714e-04
8.94700000e+00 1.09404973e-04
8.95600000e+00 1.11361129e-04
8.96500000e+00 1.12450460e-04
8.97400000e+00 1.12490586e-04
8.98300000e+00 1.11727818e-04
8.99200000e+00 1.10610661e-04
9.00100000e+00 1.09497948e-04
9.01000000e+00 1.08506350e-04
9.01900000e+00 1.07580851e-04
9.02800000e+00 1.06702082e-04
9.03700000e+00 1.06048956e-04
9.04600000e+00 1.05973927e-04
9.05500000e+00 1.06785372e-04
9.06400000e+00 1.08471150e-04
9.07300000e+00 1.10551827e-04
9.08200000e+00 1.12191730e-04
9.09100000e+00 1.12555074e-04
9.10000000e+00 1.11246360e-04
9.10900000e+00 1.08597486e-04
9.11800000e+00 1.05610211e-04
9.12700000e+00 1.03528715e-04
9.13600000e+00 1.03230396e-04
9.14500000e+00 1.04761701e-04
9.15400000e+00 1.07303625e-04
9.16300000e+00 1.09619607e-04
9.17200000e+00 1.10740240e-04
9.18100000e+00 1.10470413e-04
9.19000000e+00 1.09400615e-04
9.19900000e+00 1.08425539e-04
9.20800000e+00 1.08108842e-04
9.21700000e+00 1.08341008e-04
9.22600000e+00 1.08526660e-04
9.23500000e+00 1.08150947e-04
9.24400000e+00 1.07293085e-04
9.25300000e+00 1.06689970e-04
9.26200000e+00 1.07281668e-04
9.27100000e+00 1.09550522e-04
9.28000000e+00 1.13116808e-04
9.28900000e+00 1.16871523e-04
9.29800000e+00 1.19554512e-04
9.30700000e+00 1.20398004e-04
9.31600000e+00 1.19446247e-04
9.32500000e+00 1.17409405e-04
9.33400000e+00 1.15214207e-04
9.34300000e+00 1.13562221e-04
9.35200000e+00 1.12729099e-04
9.36100000e+00 1.12633633e-04
9.37000000e+00 1.13039441e-04
9.37900000e+00 1.13723828e-04
9.38800000e+00 1.14535159e-04
9.39700000e+00 1.15365889e-04
9.40600000e+00 1.16113840e-04
9.41500000e+00 1.16679787e-04
9.42400000e+00 1.16997883e-04
9.43300000e+00 1.17062513e-04
9.44200000e+00 1.16917096e-04
9.45100000e+00 1.16598196e-04
9.46000000e+00 1.16065902e-04
9.46900000e+00 1.15180505e-04
9.47800000e+00 1.13781777e-04
9.48700000e+00 1.11870766e-04
9.49600000e+00 1.09799227e-04
9.50500000e+00 1.08303967e-04
9.51400000e+00 1.08263803e-04
9.52300000e+00 1.10226425e-04
9.53200000e+00 1.13957703e-04
9.54100000e+00 1.18341049e-04
9.55000000e+00 1.21790946e-04
9.55900000e+00 1.23010661e-04
9.56800000e+00 1.21651153e-04
9.57700000e+00 1.18446044e-04
9.58600000e+00 1.14734158e-04
9.59500000e+00 1.11705807e-04
9.60400000e+00 1.09892945e-04
9.61300000e+00 1.09208637e-04
9.62200000e+00 1.09391184e-04
9.63100000e+00 1.10392436e-04
9.64000000e+00 1.12339696e-04
9.64900000e+00 1.15125710e-04
9.65800000e+00 1.18070121e-04
9.66700000e+00 1.20086848e-04
9.67600000e+00 1.20358565e-04
9.68500000e+00 1.19020438e-04
9.69400000e+00 1.17242776e-04
9.70300000e+00 1.16524599e-04
9.71200000e+00 1.17653400e-04
9.72100000e+00 1.20113428e-04
9.73000000e+00 1.22428348e-04
9.73900000e+00 1.23208779e-04
9.74800000e+00 1.22113285e-04
9.75700000e+00 1.19993681e-04
9.76600000e+00 1.18147497e-04
9.77500000e+00 1.17314252e-04
9.78400000e+00 1.17238542e-04
9.79300000e+00 1.17126160e-04
9.80200000e+00 1.16555381e-04
9.81100000e+00 1.16017180e-04
9.82000000e+00 1.16575237e-04
9.82900000e+00 1.18895528e-04
9.83800000e+00 1.22458187e-04
9.84700000e+00 1.25654434e-04
9.85600000e+00 1.26772015e-04
9.86500000e+00 1.25155779e-04
9.87400000e+00 1.21677979e-04
9.88300000e+00 1.18179948e-04
9.89200000e+00 1.16317851e-04
9.90100000e+00 1.16648527e-04
9.91000000e+00 1.18539508e-04
9.91900000e+00 1.20828569e-04
9.92800000e+00 1.22638801e-04
9.93700000e+00 1.23756558e-04
9.94600000e+00 1.24427478e-04
9.95500000e+00 1.24899479e-04
9.96400000e+00 1.25158318e-04
9.97300000e+00 1.25028062e-04
9.98200000e+00 1.24445415e-04
9.99100000e+00 1.23595568e-04
1.00000000e+01 1.22787882e-04
1.00900000e+01 1.21573661e-04
1.01800000e+01 1.13901326e-04
1.02700000e+01 1.20262444e-04
1.03600000e+01 1.20646849e-04
1.04500000e+01 1.24136709e-04
1.05400000e+01 1.27290915e-04
1.06300000e+01 1.30928963e-04
1.07200000e+01 1.27887722e-04
1.08100000e+01 1.25926576e-04
1.09000000e+01 1.35562128e-04
1.09900000e+01 1.33621496e-04
1.10800000e+01 1.34113862e-04
1.11700000e+01 1.25913564e-04
1.12600000e+01 1.37394530e-04
1.13500000e+01 1.37169298e-04
1.14400000e+01 1.33008303e-04
1.15300000e+01 1.32448693e-04
1.16200000e+01 1.42065652e-04
1.17100000e+01 1.38019640e-04
1.18000000e+01 1.38766417e-04
1.18900000e+01 1.38364495e-04
1.19800000e+01 1.41381701e-04
1.20700000e+01 1.47336077e-04
1.21600000e+01 1.41803998e-04
1.22500000e+01 1.44799166e-04
1.23400000e+01 1.43535963e-04
1.24300000e+01 1.49946062e-04
1.25200000e+01 1.45812422e-04
1.26100000e+01 1.52958746e-04
1.27000000e+01 1.43601689e-04
1.27900000e+01 1.39251220e-04
1.28800000e+01 1.57677313e-04
1.29700000e+01 1.55391711e-04
1.30600000e+01 1.56072014e-04
1.31500000e+01 1.53471214e-04
1.32400000e+01 1.54440889e-04
1.33300000e+01 1.64061072e-04
1.34200000e+01 1.52877604e-04
1.35100000e+01 1.57848439e-04
1.36000000e+01 1.58909221e-04
1.36900000e+01 1.60825187e-04
1.37800000e+01 1.56464516e-04
1.38700000e+01 1.64987520e-04
1.39600000e+01 1.64091617e-04
1.40500000e+01 1.67107831e-04
1.41400000e+01 1.64109763e-04
1.42300000e+01 1.59059388e-04
1.43200000e+01 1.68375473e-04
1.44100000e+01 1.68102003e-04
1.45000000e+01 1.68922057e-04
1.45900000e+01 1.71186317e-04
1.46800000e+01 1.64203524e-04
1.47700000e+01 1.61298365e-04
1.48600000e+01 1.74541707e-04
1.49500000e+01 1.72886218e-04
1.50400000e+01 1.79285665e-04
1.51300000e+01 1.68109910e-04
1.52200000e+01 1.69764363e-04
1.53100000e+01 1.82590170e-04
1.54000000e+01 1.64520177e-04
1.54900000e+01 1.75259410e-04
1.55800000e+01 1.65055453e-04
1.56700000e+01 1.72103716e-04
1.57600000e+01 1.80336945e-04
1.58500000e+01 1.88392638e-04
1.59400000e+01 1.72642838e-04
1.60300000e+01 1.73890012e-04
1.61200000e+01 1.82924278e-04
1.62100000e+01 1.83448166e-04
1.63000000e+01 1.86331865e-04
1.63900000e+01 1.75559967e-04
1.64800000e+01 1.79728895e-04
1.65700000e+01 1.84023892e-04
1.66600000e+01 1.92463082e-04
1.67500000e+01 1.93490023e-04
1.68400000e+01 1.86870754e-04
1.69300000e+01 1.88101579e-04
1.70200000e+01 1.91671641e-04
1.71100000e+01 1.83122818e-04
1.72000000e+01 1.89045563e-04
1.72900000e+01 1.99468790e-04
1.73800000e+01 1.85541798e-04
1.74700000e+01 1.91859059e-04
1.75600000e+01 1.92668785e-04
1.76500000e+01 1.81910507e-04
1.77400000e+01 1.93584083e-04
1.78300000e+01 1.94458805e-04
1.79200000e+01 2.10784956e-04
1.80100000e+01 2.07715933e-04
1.81000000e+01 1.98200472e-04
1.81900000e+01 2.14342751e-04
1.82800000e+01 2.08236265e-04
1.83700000e+01 1.95811739e-04
1.84600000e+01 2.06198276e-04
1.85500000e+01 2.02489775e-04
1.86400000e+01 1.97119674e-04
1.87300000e+01 2.09038805e-04
1.88200000e+01 2.02124763e-04
1.89100000e+01 2.03413026e-04
1.90000000e+01 2.05724146e-04
1.90900000e+01 2.26789119e-04
1.91800000e+01 2.19282467e-04
1.92700000e+01 2.06979321e-04
1.93600000e+01 2.07534355e-04
1.94500000e+01 2.07484886e-04
1.95400000e+01 2.17416726e-04
1.96300000e+01 2.20580968e-04
1.97200000e+01 2.23077645e-04
1.98100000e+01 2.23776239e-04
1.99000000e+01 2.13555019e-04
1.99900000e+01 2.07809964e-04
2.00800000e+01 2.31096670e-04
2.01700000e+01 2.19416716e-04
2.02600000e+01 2.19489429e-04
2.03500000e+01 2.30526341e-04
2.04400000e+01 2.16383167e-04
2.05300000e+01 2.23605213e-04
2.06200000e+01 2.16312260e-04
2.07100000e+01 2.24304982e-04
2.08000000e+01 2.25602896e-04
2.08900000e+01 2.13708928e-04
2.09800000e+01 2.34083082e-04
2.10700000e+01 2.26043435e-04
2.11600000e+01 2.25494784e-04
2.12500000e+01 2.22915365e-04
2.13400000e+01 2.17839917e-04
2.14300000e+01 2.32102437e-04
2.15200000e+01 2.29378477e-04
2.16100000e+01 2.10673128e-04
2.17000000e+01 2.33909050e-04
2.17900000e+01 2.36778628e-04
2.18800000e+01 2.23512882e-04
2.19700000e+01 2.28248558e-04
2.20600000e+01 2.40163085e-04
2.21500000e+01 2.34764090e-04
2.22400000e+01 2.35057570e-04
2.23300000e+01 2.25977456e-04
2.24200000e+01 2.44763199e-04
2.25100000e+01 2.34076450e-04
2.26000000e+01 2.23203104e-04
2.26900000e+01 2.34372251e-04
2.27800000e+01 2.33749573e-04
2.28700000e+01 2.49468663e-04
2.29600000e+01 2.48158541e-04
2.30500000e+01 2.36968515e-04
2.31400000e+01 2.51218535e-04
2.32300000e+01 2.38170463e-04
2.33200000e+01 2.40054276e-04
2.34100000e+01 2.44302965e-04
2.35000000e+01 2.47863136e-04
2.35900000e+01 2.35549691e-04
2.36800000e+01 2.47294276e-04
2.37700000e+01 2.50892501e-04
2.38600000e+01 2.44796634e-04
2.39500000e+01 2.44192994e-04
2.40400000e+01 2.41345241e-04
2.41300000e+01 2.59508465e-04
2.42200000e+01 2.46447504e-04
2.43100000e+01 2.61027606e-04
2.44000000e+01 2.54222136e-04
2.44900000e+01 2.54788324e-04
2.45800000e+01 2.66965127e-04
2.46700000e+01 2.60200710e-04
2.47600000e+01 2.59895015e-04
2.48500000e+01 2.51079676e-04
2.49400000e+01 2.50253226e-04
2.50300000e+01 2.53018529e-04
2.51200000e+01 2.56190409e-04
2.52100000e+01 2.68976605e-04
2.53000000e+01 2.57130636e-04
2.53900000e+01 2.64056040e-04
2.54800000e+01 2.48845471e-04
2.55700000e+01 2.69594219e-04
2.56600000e+01 2.77040747e-04
2.57500000e+01 2.80921034e-04
2.58400000e+01 2.61517125e-04
2.59300000e+01 2.66791130e-04
2.60200000e+01 2.62190159e-04
2.61100000e+01 2.70588177e-04
2.62000000e+01 2.71313539e-04
2.62900000e+01 2.51820954e-04
2.63800000e+01 2.59551552e-04
2.64700000e+01 2.63880607e-04
2.65600000e+01 2.53854604e-04
2.66500000e+01 2.65970922e-04
2.67400000e+01 2.64123353e-04
2.68300000e+01 2.78158987e-04
2.69200000e+01 2.77880125e-04
2.70100000e+01 2.72580127e-04
2.71000000e+01 2.78888753e-04
2.71900000e+01 2.81904090e-04
2.72800000e+01 2.84600960e-04
2.73700000e+01 2.81310422e-04
2.74600000e+01 2.66982074e-04
2.75500000e+01 2.63915118e-04
2.76400000e+01 2.66428118e-04
2.77300000e+01 2.92910961e-04
2.78200000e+01 2.79260245e-04
2.79100000e+01 2.84446488e-04
2.80000000e+01 2.74361968e-04
2.80900000e+01 2.98647668e-04
2.81800000e+01 2.77069349e-04
2.82700000e+01 2.91832333e-04
2.83600000e+01 2.89840465e-04
2.84500000e+01 3.00888161e-04
2.85400000e+01 2.72916103e-04
2.86300000e+01 2.81446641e-04
2.87200000e+01 2.82291580e-04
2.88100000e+01 2.77353004e-04
2.89000000e+01 2.72361230e-04
2.89900000e+01 2.91869278e-04
2.90800000e+01 2.88890144e-04
2.91700000e+01 2.89754482e-04
2.92600000e+01 2.78115600e-04
2.93500000e+01 2.88420417e-04
2.94400000e+01 2.69707251e-04
2.95300000e+01 2.87190443e-04
2.96200000e+01 2.79153293e-04
2.97100000e+01 2.85872182e-04
2.98000000e+01 2.86831403e-04
2.98900000e+01 2.88398322e-04
2.99800000e+01 2.75722779e-04
3.00700000e+01 2.94975288e-04
3.01600000e+01 2.97731190e-04
3.02500000e+01 2.95106039e-04
3.03400000e+01 3.08415497e-04
3.04300000e+01 3.17462571e-04
3.05200000e+01 3.08895417e-04
3.06100000e+01 3.08621422e-04
3.07000000e+01 3.16801856e-04
3.07900000e+01 2.84934311e-04
3.08800000e+01 2.98359045e-04
3.09700000e+01 3.04816464e-04
3.10600000e+01 3.07721751e-04
3.11500000e+01 3.05435077e-04
3.12400000e+01 2.97515362e-04
3.13300000e+01 3.04729271e-04
3.14200000e+01 2.99405392e-04
3.15100000e+01 2.90961940e-04
3.16000000e+01 3.08556958e-04
3.16900000e+01 3.05534803e-04
3.17800000e+01 3.10580041e-04
3.18700000e+01 3.30238776e-04
3.19600000e+01 3.02695150e-04
3.20500000e+01 3.06993084e-04
3.21400000e+01 3.14973221e-04
3.22300000e+01 2.99054638e-04
3.23200000e+01 3.23229786e-04
3.24100000e+01 3.19513041e-04
3.25000000e+01 2.95268368e-04
3.25900000e+01 3.16493809e-04
3.26800000e+01 3.21150461e-04
3.27700000e+01 3.21793238e-04
3.28600000e+01 3.11621649e-04
3.29500000e+01 2.94605403e-04
3.30400000e+01 3.18099648e-04
3.31300000e+01 3.21717487e-04
3.32200000e+01 3.07627244e-04
3.33100000e+01 3.15683033e-04
3.34000000e+01 3.29183948e-04
3.34900000e+01 3.12559729e-04
3.35800000e+01 3.15839482e-04
3.36700000e+01 3.13632617e-04
3.37600000e+01 3.16101577e-04
3.38500000e+01 3.21797276e-04
3.39400000e+01 3.06192724e-04
3.40300000e+01 3.16391460e-04
3.41200000e+01 3.21871766e-04
3.42100000e+01 3.29060862e-04
3.43000000e+01 3.11959774e-04
3.43900000e+01 2.99568345e-04
3.44800000e+01 3.07610572e-04
3.45700000e+01 3.16790365e-04
3.46600000e+01 3.26049859e-04
3.47500000e+01 3.39726762e-04
3.48400000e+01 3.27716842e-04
3.49300000e+01 3.42691473e-04
3.50200000e+01 3.22075489e-04
3.51100000e+01 3.21561642e-04
3.52000000e+01 3.16029588e-04
3.52900000e+01 3.26745728e-04
3.53800000e+01 3.40299929e-04
3.54700000e+01 3.16185961e-04
3.55600000e+01 3.17031719e-04
3.56500000e+01 3.33375764e-04
3.57400000e+01 3.21262940e-04
3.58300000e+01 3.46922690e-04
3.59200000e+01 3.34096599e-04
3.60100000e+01 3.40655574e-04
3.61000000e+01 3.17777108e-04
3.61900000e+01 3.30059265e-04
3.62800000e+01 3.40571686e-04
3.63700000e+01 3.27148755e-04
3.64600000e+01 3.43084146e-04
3.65500000e+01 3.28266654e-04
3.66400000e+01 3.35631455e-04
3.67300000e+01 3.40315280e-04
3.68200000e+01 3.41758942e-04
3.69100000e+01 3.41660212e-04
3.70000000e+01 3.42280080e-04
3.70900000e+01 3.40759555e-04
3.71800000e+01 3.47044452e-04
3.72700000e+01 3.56956865e-04
3.73600000e+01 3.34314502e-04
3.74500000e+01 3.49668070e-04
3.75400000e+01 3.56499852e-04
3.76300000e+01 3.39926099e-04
3.77200000e+01 3.53001309e-04
3.78100000e+01 3.28475712e-04
3.79000000e+01 3.50002613e-04
3.79900000e+01 3.41515359e-04
3.80800000e+01 3.47380554e-04
3.81700000e+01 3.72566798e-04
3.82600000e+01 3.56244374e-04
3.83500000e+01 3.39733725e-04
3.84400000e+01 3.47141938e-04
3.85300000e+01 3.51354826e-04
3.86200000e+01 3.38063562e-04
3.87100000e+01 3.64705033e-04
3.88000000e+01 3.23516306e-04
3.88900000e+01 3.45599910e-04
3.89800000e+01 3.45436622e-04
3.90700000e+01 3.67697399e-04
3.91600000e+01 3.66219700e-04
3.92500000e+01 3.52515043e-04
3.93400000e+01 3.55201009e-04
3.94300000e+01 3.60516025e-04
3.95200000e+01 3.69542914e-04
3.96100000e+01 3.38022984e-04
3.97000000e+01 3.27470293e-04
3.97900000e+01 3.58134125e-04
3.98800000e+01 3.60339003e-04
3.99700000e+01 3.63084570e-04
4.00600000e+01 3.66155700e-04
4.01500000e+01 3.42466802e-04
4.02400000e+01 3.63864995e-04
4.03300000e+01 3.80322049e-04
4.04200000e+01 3.77559434e-04
4.05100000e+01 3.42620132e-04
4.06000000e+01 3.51574878e-04
4.06900000e+01 3.77687272e-04
4.07800000e+01 3.68525612e-04
4.08700000e+01 3.41884895e-04
4.09600000e+01 3.62319681e-04
4.10500000e+01 3.62354212e-04
4.11400000e+01 3.43570561e-04
4.12300000e+01 3.64287285e-04
4.13200000e+01 3.72185398e-04
4.14100000e+01 3.70288328e-04
4.15000000e+01 3.73434145e-04
4.15900000e+01 3.79230969e-04
4.16800000e+01 3.91539149e-04
4.17700000e+01 3.68567983e-04
4.18600000e+01 3.51034620e-04
4.19500000e+01 3.55678737e-04
4.20400000e+01 3.52166314e-04
4.21300000e+01 3.74489878e-04
4.22200000e+01 3.69323997e-04
4.23100000e+01 3.91091108e-04
4.24000000e+01 3.53127801e-04
4.24900000e+01 3.80260207e-04
4.25800000e+01 3.70898493e-04
4.26700000e+01 3.83400924e-04
4.27600000e+01 3.56805814e-04
4.28500000e+01 3.63729993e-04
4.29400000e+01 3.95441061e-04
4.30300000e+01 3.93524145e-04
4.31200000e+01 3.94233888e-04
4.32100000e+01 4.05476855e-04
4.33000000e+01 3.64067693e-04
4.33900000e+01 3.70075397e-04
4.34800000e+01 3.68806269e-04
4.35700000e+01 3.87133581e-04
4.36600000e+01 3.47947347e-04
4.37500000e+01 3.53675343e-04
4.38400000e+01 3.77947295e-04
4.39300000e+01 3.70759426e-04
4.40200000e+01 3.81854677e-04
4.41100000e+01 3.85847332e-04
4.42000000e+01 3.73539718e-04
4.42900000e+01 3.78738981e-04
4.43800000e+01 3.90383470e-04
4.44700000e+01 3.73440695e-04
4.45600000e+01 4.12036785e-04
4.46500000e+01 3.88463995e-04
4.47400000e+01 3.96236250e-04
4.48300000e+01 3.85788447e-04
4.49200000e+01 3.87346948e-04
4.50100000e+01 4.16640965e-04
4.51000000e+01 3.97171079e-04
4.51900000e+01 3.89145212e-04
4.52800000e+01 3.90153398e-04
4.53700000e+01 3.72020519e-04
4.54600000e+01 3.87236339e-04
4.55500000e+01 3.78292696e-04
4.56400000e+01 3.89704785e-04
4.57300000e+01 3.84038175e-04
4.58200000e+01 3.83803019e-04
4.59100000e+01 3.92671531e-04
4.60000000e+01 3.85154855e-04
4.60900000e+01 3.97357563e-04
4.61800000e+01 3.82550634e-04
4.62700000e+01 4.05840123e-04
4.63600000e+01 3.96096556e-04
4.64500000e+01 3.77475992e-04
4.65400000e+01 3.99341669e-04
4.66300000e+01 3.82131989e-04
4.67200000e+01 3.86396275e-04
4.68100000e+01 3.72972883e-04
4.69000000e+01 3.78630715e-04
4.69900000e+01 3.95658273e-04
4.70800000e+01 4.15063303e-04
4.71700000e+01 3.90837580e-04
4.72600000e+01 3.83852889e-04
4.73500000e+01 4.05519379e-04
4.74400000e+01 3.88516262e-04
4.75300000e+01 4.04229958e-04
4.76200000e+01 3.97787173e-04
4.77100000e+01 3.77847158e-04
4.78000000e+01 3.92085055e-04
4.78900000e+01 3.86601836e-04
4.79800000e+01 4.19629392e-04
4.80700000e+01 3.98462794e-04
4.81600000e+01 3.71750316e-04
4.82500000e+01 3.89964294e-04
4.83400000e+01 3.91323232e-04
4.84300000e+01 3.90078250e-04
4.85200000e+01 4.08784470e-04
4.86100000e+01 3.96817142e-04
4.87000000e+01 3.98558087e-04
4.87900000e+01 4.41249184e-04
4.88800000e+01 3.99120321e-04
4.89700000e+01 4.09713009e-04
4.90600000e+01 4.10153033e-04
4.91500000e+01 3.88478419e-04
4.92400000e+01 4.04102757e-04
4.93300000e+01 4.07042257e-04
4.94200000e+01 4.03735937e-04
4.95100000e+01 3.97470872e-04
4.96000000e+01 3.95697600e-04
4.96900000e+01 4.04803094e-04
4.97800000e+01 4.15170768e-04
4.98700000e+01 4.09263780e-04
4.99600000e+01 3.97555356e-04
5.00500000e+01 3.82687157e-04
5.01400000e+01 4.18266521e-04
5.02300000e+01 3.90507841e-04
5.03200000e+01 4.16989546e-04
5.04100000e+01 4.25166483e-04
5.05000000e+01 4.02638711e-04
5.05900000e+01 4.03913762e-04
5.06800000e+01 4.18973978e-04
5.07700000e+01 4.20916839e-04
5.08600000e+01 4.08846372e-04
5.09500000e+01 4.10735401e-04
5.10400000e+01 3.89537571e-04
5.11300000e+01 3.81938825e-04
5.12200000e+01 3.99114321e-04
5.13100000e+01 4.21706950e-04
5.14000000e+01 4.35782462e-04
5.14900000e+01 3.84236000e-04
5.15800000e+01 3.96255171e-04
5.16700000e+01 4.07662672e-04
5.17600000e+01 4.08621347e-04
5.18500000e+01 4.30225111e-04
5.19400000e+01 4.30093467e-04
5.20300000e+01 4.02764833e-04
5.21200000e+01 4.03617088e-04
5.22100000e+01 4.17380205e-04
5.23000000e+01 4.13146149e-04
5.23900000e+01 4.05425413e-04
5.24800000e+01 4.27864823e-04
5.25700000e+01 4.32819449e-04
5.26600000e+01 4.05351454e-04
5.27500000e+01 4.13290866e-04
5.28400000e+01 4.40467785e-04
5.29300000e+01 4.13754593e-04
5.30200000e+01 4.12758392e-04
5.31100000e+01 4.18629648e-04
5.32000000e+01 4.22534238e-04
5.32900000e+01 4.39831023e-04
5.33800000e+01 4.14452007e-04
5.34700000e+01 4.14498965e-04
5.35600000e+01 4.14367428e-04
5.36500000e+01 4.45197420e-04
5.37400000e+01 4.22656189e-04
5.38300000e+01 4.34257019e-04
5.39200000e+01 4.06914943e-04
5.40100000e+01 4.09721449e-04
5.41000000e+01 4.27011841e-04
5.41900000e+01 4.33598279e-04
5.42800000e+01 4.46221533e-04
5.43700000e+01 4.28261711e-04
5.44600000e+01 4.65033238e-04
5.45500000e+01 4.34100236e-04
5.46400000e+01 4.38639958e-04
5.47300000e+01 4.49000237e-04
5.48200000e+01 4.13317006e-04
5.49100000e+01 4.25126905e-04
5.50000000e+01 4.55181390e-04
5.50900000e+01 4.27495987e-04
5.51800000e+01 4.18548083e-04
5.52700000e+01 4.31562728e-04
5.53600000e+01 4.69444443e-04
5.54500000e+01 4.32697482e-04
5.55400000e+01 4.22521644e-04
5.56300000e+01 4.53536138e-04
5.57200000e+01 4.65588806e-04
5.58100000e+01 4.25468000e-04
5.59000000e+01 4.43530583e-04
5.59900000e+01 4.49367351e-04
5.60800000e+01 4.32482333e-04
5.61700000e+01 4.36455478e-04
5.62600000e+01 4.23961508e-04
5.63500000e+01 4.71385274e-04
5.64400000e+01 4.36126920e-04
5.65300000e+01 4.44659302e-04
5.66200000e+01 4.36423801e-04
5.67100000e+01 4.51468363e-04
5.68000000e+01 4.52640109e-04
5.68900000e+01 4.19762607e-04
5.69800000e+01 4.51322827e-04
5.70700000e+01 4.76228941e-04
5.71600000e+01 4.35802624e-04
5.72500000e+01 4.51708366e-04
5.73400000e+01 4.39232833e-04
5.74300000e+01 4.59109291e-04
5.75200000e+01 4.68843643e-04
5.76100000e+01 4.47139965e-04
5.77000000e+01 4.31936852e-04
5.77900000e+01 4.62272894e-04
5.78800000e+01 4.41217055e-04
5.79700000e+01 4.24682566e-04
5.80600000e+01 4.59665462e-04
5.81500000e+01 4.45437533e-04
5.82400000e+01 4.53929162e-04
5.83300000e+01 4.72703799e-04
5.84200000e+01 4.34649516e-04
5.85100000e+01 4.20418188e-04
5.86000000e+01 4.29421147e-04
5.86900000e+01 4.74347178e-04
5.87800000e+01 4.47784811e-04
5.88700000e+01 4.71456473e-04
5.89600000e+01 4.44850783e-04
5.90500000e+01 4.35948445e-04
5.91400000e+01 4.37047810e-04
5.92300000e+01 4.33545699e-04
5.93200000e+01 4.73246988e-04
5.94100000e+01 4.34110061e-04
5.95000000e+01 4.56515556e-04
5.95900000e+01 4.65993681e-04
5.96800000e+01 4.47779684e-04
5.97700000e+01 4.56078318e-04
5.98600000e+01 4.25758600e-04
5.99500000e+01 4.21277513e-04
6.00400000e+01 4.64458940e-04
6.01300000e+01 4.29529832e-04
6.02200000e+01 4.54071273e-04
6.03100000e+01 4.61201585e-04
6.04000000e+01 4.34722218e-04
6.04900000e+01 4.68344623e-04
6.05800000e+01 4.30808163e-04
6.06700000e+01 4.43246706e-04
6.07600000e+01 4.66479013e-04
6.08500000e+01 4.43765324e-04
6.09400000e+01 4.51975766e-04
6.10300000e+01 4.68714808e-04
6.11200000e+01 4.59676063e-04
6.12100000e+01 4.53266668e-04
6.13000000e+01 4.33813774e-04
6.13900000e+01 4.72755279e-04
6.14800000e+01 4.72310649e-04
6.15700000e+01 4.36084586e-04
6.16600000e+01 4.64622455e-04
6.17500000e+01 4.46267045e-04
6.18400000e+01 4.93207710e-04
6.19300000e+01 4.47119866e-04
6.20200000e+01 4.65688689e-04
6.21100000e+01 4.55834899e-04
6.22000000e+01 4.80265777e-04
6.22900000e+01 4.55407572e-04
6.23800000e+01 4.49154356e-04
6.24700000e+01 4.65402955e-04
6.25600000e+01 4.82313245e-04
6.26500000e+01 4.53974243e-04
6.27400000e+01 4.47113126e-04
6.28300000e+01 4.79486730e-04
6.29200000e+01 4.46472270e-04
6.30100000e+01 4.42894510e-04
6.31000000e+01 4.59081973e-04
6.31900000e+01 4.70254667e-04
6.32800000e+01 4.55091546e-04
6.33700000e+01 4.70774726e-04
6.34600000e+01 4.77705246e-04
6.35500000e+01 4.73491560e-04
6.36400000e+01 4.62567303e-04
6.37300000e+01 4.72081253e-04
6.38200000e+01 4.55346919e-04
6.39100000e+01 4.61654545e-04
6.40000000e+01 4.71876200e-04
6.40900000e+01 4.57091647e-04
6.41800000e+01 4.91667063e-04
6.42700000e+01 4.60808562e-04
6.43600000e+01 4.69565349e-04
6.44500000e+01 5.00607356e-04
6.45400000e+01 4.35886088e-04
6.46300000e+01 4.70674840e-04
6.47200000e+01 4.97544274e-04
6.48100000e+01 4.24127134e-04
6.49000000e+01 4.90496200e-04
6.49900000e+01 4.48066575e-04
6.50800000e+01 4.64870050e-04
6.51700000e+01 4.68084251e-04
6.52600000e+01 4.67918285e-04
6.53500000e+01 4.50018397e-04
6.54400000e+01 4.85209753e-04
6.55300000e+01 4.76887974e-04
6.56200000e+01 4.80504024e-04
6.57100000e+01 4.76298241e-04
6.58000000e+01 4.85615067e-04
6.58900000e+01 4.93870991e-04
6.59800000e+01 4.72190182e-04
6.60700000e+01 4.75628220e-04
6.61600000e+01 4.56357275e-04
6.62500000e+01 4.57064890e-04
6.63400000e+01 4.84447562e-04
6.64300000e+01 4.61253531e-04
6.65200000e+01 4.81561998e-04
6.66100000e+01 5.19630398e-04
6.67000000e+01 4.79167043e-04
6.67900000e+01 4.82930907e-04
6.68800000e+01 4.82060719e-04
6.69700000e+01 4.81759389e-04
6.70600000e+01 4.72614610e-04
6.71500000e+01 4.47488498e-04
6.72400000e+01 4.67165818e-04
6.73300000e+01 5.01855528e-04
6.74200000e+01 4.84634397e-04
6.75100000e+01 4.71237318e-04
6.76000000e+01 4.68061321e-04
6.76900000e+01 4.70180355e-04
6.77800000e+01 5.06618034e-04
6.78700000e+01 4.94680245e-04
6.79600000e+01 4.90386265e-04
6.80500000e+01 4.61293769e-04
6.81400000e+01 4.91023502e-04
6.82300000e+01 4.89611966e-04
6.83200000e+01 4.72309579e-04
6.84100000e+01 4.94990727e-04
6.85000000e+01 4.73768975e-04
6.85900000e+01 4.94166411e-04
6.86800000e+01 4.91547177e-04
6.87700000e+01 4.95697962e-04
6.88600000e+01 4.67098568e-04
6.89500000e+01 4.89333906e-04
6.90400000e+01 5.02437007e-04
6.91300000e+01 4.81018497e-04
6.92200000e+01 4.94058768e-04
6.93100000e+01 4.60101247e-04
6.94000000e+01 4.72143021e-04
6.94900000e+01 4.83909791e-04
6.95800000e+01 5.18164038e-04
6.96700000e+01 4.82652297e-04
6.97600000e+01 4.84388115e-04
6.98500000e+01 4.77076076e-04
6.99400000e+01 4.81924355e-04
7.00300000e+01 4.83286689e-04
7.01200000e+01 4.97141687e-04
7.02100000e+01 4.91060052e-04
7.03000000e+01 5.05186468e-04
7.03900000e+01 4.95680368e-04
7.04800000e+01 4.70722560e-04
7.05700000e+01 4.88956529e-04
7.06600000e+01 4.89824126e-04
7.07500000e+01 4.94008754e-04
7.08400000e+01 5.13675329e-04
7.09300000e+01 5.01842134e-04
7.10200000e+01 4.80878873e-04
7.11100000e+01 4.88191955e-04
7.12000000e+01 4.82645925e-04
7.12900000e+01 5.11580385e-04
7.13800000e+01 4.73822304e-04
7.14700000e+01 4.83606757e-04
7.15600000e+01 4.75502598e-04
7.16500000e+01 4.98638027e-04
7.17400000e+01 4.83566860e-04
7.18300000e+01 4.69421183e-04
7.19200000e+01 4.94229953e-04
7.20100000e+01 4.92394309e-04
7.21000000e+01 4.89384295e-04
7.21900000e+01 4.79716116e-04
7.22800000e+01 4.97332353e-04
7.23700000e+01 4.76482416e-04
7.24600000e+01 4.75709941e-04
7.25500000e+01 4.86235044e-04
7.26400000e+01 4.96498512e-04
7.27300000e+01 5.05798968e-04
7.28200000e+01 5.22518483e-04
7.29100000e+01 5.04539103e-04
7.30000000e+01 4.79655200e-04
7.30900000e+01 5.03321310e-04
7.31800000e+01 4.73746315e-04
7.32700000e+01 4.79935788e-04
7.33600000e+01 5.05292912e-04
7.34500000e+01 5.05232409e-04
7.35400000e+01 5.07194827e-04
7.36300000e+01 4.92569771e-04
7.37200000e+01 4.93146339e-04
7.38100000e+01 4.92206011e-04
7.39000000e+01 4.75883636e-04
7.39900000e+01 5.06285556e-04
7.40800000e+01 4.94066123e-04
7.41700000e+01 5.11984074e-04
7.42600000e+01 4.72191961e-04
7.43500000e+01 5.00372549e-04
7.44400000e+01 5.16570665e-04
7.45300000e+01 5.02707497e-04
7.46200000e+01 5.12270045e-04
7.47100000e+01 4.88963517e-04
7.48000000e+01 4.87639558e-04
7.48900000e+01 4.89478845e-04
7.49800000e+01 4.70108057e-04
7.50700000e+01 4.80110753e-04
7.51600000e+01 5.00174746e-04
7.52500000e+01 5.00222517e-04
7.53400000e+01 4.74890449e-04
7.54300000e+01 4.86334071e-04
7.55200000e+01 5.11740844e-04
7.56100000e+01 5.23997634e-04
7.57000000e+01 4.84328762e-04
7.57900000e+01 4.80240116e-04
7.58800000e+01 5.03214203e-04
7.59700000e+01 4.99157602e-04
7.60600000e+01 5.03734874e-04
7.61500000e+01 4.70045349e-04
7.62400000e+01 5.19397122e-04
7.63300000e+01 4.95176163e-04
7.64200000e+01 5.16858873e-04
7.65100000e+01 5.06613980e-04
7.66000000e+01 5.00356717e-04
7.66900000e+01 4.96030082e-04
7.67800000e+01 5.09900704e-04
7.68700000e+01 5.13251726e-04
7.69600000e+01 5.05553661e-04
7.70500000e+01 5.03007470e-04
7.71400000e+01 5.10539312e-04
7.72300000e+01 5.05881556e-04
7.73200000e+01 4.80789605e-04
7.74100000e+01 4.89977584e-04
7.75000000e+01 5.28430998e-04
7.75900000e+01 4.92398637e-04
7.76800000e+01 4.88579049e-04
7.77700000e+01 5.21144819e-04
7.78600000e+01 5.13994543e-04
7.79500000e+01 5.14743488e-04
7.80400000e+01 4.97500917e-04
7.81300000e+01 4.98107722e-04
7.82200000e+01 5.14724434e-04
7.83100000e+01 4.94319669e-04
7.84000000e+01 5.07699595e-04
7.84900000e+01 5.21106994e-04
7.85800000e+01 5.21626051e-04
7.86700000e+01 5.14346427e-04
7.87600000e+01 5.16177726e-04
7.88500000e+01 5.26397351e-04
7.89400000e+01 5.07746662e-04
7.90300000e+01 5.19993336e-04
7.91200000e+01 5.31179738e-04
7.92100000e+01 5.30089655e-04
7.93000000e+01 5.37943366e-04
7.93900000e+01 5.24875584e-04
7.94800000e+01 4.87106710e-04
7.95700000e+01 5.21026164e-04
7.96600000e+01 5.05781959e-04
7.97500000e+01 5.23066859e-04
7.98400000e+01 5.30326982e-04
7.99300000e+01 5.20596664e-04
8.00200000e+01 5.00098832e-04
8.01100000e+01 5.05804066e-04
8.02000000e+01 5.08240646e-04
8.02900000e+01 5.04836487e-04
8.03800000e+01 5.21115644e-04
8.04700000e+01 4.75488787e-04
8.05600000e+01 5.42409836e-04
8.06500000e+01 5.20499746e-04
8.07400000e+01 5.31655989e-04
8.08300000e+01 5.36705051e-04
8.09200000e+01 5.08339336e-04
8.10100000e+01 5.52775717e-04
8.11000000e+01 5.12057373e-04
8.11900000e+01 5.26087506e-04
8.12800000e+01 4.95361688e-04
8.13700000e+01 5.26889800e-04
8.14600000e+01 5.54088767e-04
8.15500000e+01 5.19408492e-04
8.16400000e+01 5.14111138e-04
8.17300000e+01 5.44306205e-04
8.18200000e+01 5.13148965e-04
8.19100000e+01 5.21185156e-04
8.20000000e+01 5.32224325e-04
8.20900000e+01 5.28586740e-04
8.21800000e+01 5.13541379e-04
8.22700000e+01 5.26978765e-04
8.23600000e+01 5.40420568e-04
8.24500000e+01 5.22875699e-04
8.25400000e+01 4.99984790e-04
8.26300000e+01 5.25418145e-04
8.27200000e+01 4.92530194e-04
8.28100000e+01 5.15039022e-04
8.29000000e+01 5.42902064e-04
8.29900000e+01 5.03180331e-04
8.30800000e+01 4.86821777e-04
8.31700000e+01 5.29723049e-04
8.32600000e+01 5.45262123e-04
8.33500000e+01 5.65775291e-04
8.34400000e+01 5.35020306e-04
8.35300000e+01 5.15730808e-04
8.36200000e+01 5.17812329e-04
8.37100000e+01 5.20449941e-04
8.38000000e+01 5.07443778e-04
8.38900000e+01 5.21261779e-04
8.39800000e+01 5.02508929e-04
8.40700000e+01 5.23761087e-04
8.41600000e+01 5.50362719e-04
8.42500000e+01 5.03014850e-04
8.43400000e+01 5.64794405e-04
8.44300000e+01 4.82245556e-04
8.45200000e+01 5.30654718e-04
8.46100000e+01 5.47906990e-04
8.47000000e+01 5.21622212e-04
8.47900000e+01 4.82404211e-04
8.48800000e+01 5.43297469e-04
8.49700000e+01 4.98038129e-04
8.50600000e+01 5.16227638e-04
8.51500000e+01 5.21759968e-04
8.52400000e+01 5.31654505e-04
8.53300000e+01 5.14774137e-04
8.54200000e+01 5.05854030e-04
8.55100000e+01 5.24742220e-04
8.56000000e+01 5.22025486e-04
8.56900000e+01 5.26128207e-04
8.57800000e+01 5.27907072e-04
8.58700000e+01 5.12455508e-04
8.59600000e+01 4.93690767e-04
8.60500000e+01 5.05362968e-04
8.61400000e+01 5.19769927e-04
8.62300000e+01 5.07417369e-04
8.63200000e+01 5.20774662e-04
8.64100000e+01 5.38823553e-04
8.65000000e+01 5.36821386e-04
8.65900000e+01 5.16780677e-04
8.66800000e+01 5.08734192e-04
8.67700000e+01 5.36058707e-04
8.68600000e+01 5.33118256e-04
8.69500000e+01 5.18803077e-04
8.70400000e+01 5.41704280e-04
8.71300000e+01 5.37214761e-04
8.72200000e+01 5.34676528e-04
8.73100000e+01 5.57138991e-04
8.74000000e+01 5.51847577e-04
8.74900000e+01 5.44057014e-04
8.75800000e+01 5.58021316e-04
8.76700000e+01 5.30928333e-04
8.77600000e+01 5.19484475e-04
8.78500000e+01 5.33659072e-04
8.79400000e+01 5.39879076e-04
8.80300000e+01 5.13553039e-04
8.81200000e+01 5.08224288e-04
8.82100000e+01 5.05838733e-04
8.83000000e+01 5.57396867e-04
8.83900000e+01 5.23733276e-04
8.84800000e+01 5.48899159e-04
8.85700000e+01 5.15579597e-04
8.86600000e+01 5.23186462e-04
8.87500000e+01 5.40353391e-04
8.88400000e+01 5.12480338e-04
8.89300000e+01 5.45383352e-04
8.90200000e+01 5.46796816e-04
8.91100000e+01 5.27624092e-04
8.92000000e+01 5.33863119e-04
8.92900000e+01 5.37961209e-04
8.93800000e+01 5.31798640e-04
8.94700000e+01 5.32595237e-04
8.95600000e+01 5.19245481e-04
8.96500000e+01 5.49409303e-04
8.97400000e+01 5.26903693e-04
8.98300000e+01 5.19032657e-04
8.99200000e+01 5.29988904e-04
9.00100000e+01 5.30483806e-04
9.01000000e+01 5.29521489e-04
9.01900000e+01 5.45932115e-04
9.02800000e+01 5.36440836e-04
9.03700000e+01 5.32717811e-04
9.04600000e+01 5.59773999e-04
9.05500000e+01 4.92718398e-04
9.06400000e+01 5.26022221e-04
9.07300000e+01 5.23322167e-04
9.08200000e+01 5.27328847e-04
9.09100000e+01 4.95688143e-04
9.10000000e+01 5.40188627e-04
9.10900000e+01 5.58594246e-04
9.11800000e+01 5.35001626e-04
9.12700000e+01 5.44404412e-04
9.13600000e+01 5.38926247e-04
9.14500000e+01 5.31871096e-04
9.15400000e+01 5.12372489e-04
9.16300000e+01 5.39761566e-04
9.17200000e+01 5.37938640e-04
9.18100000e+01 5.51748959e-04
9.19000000e+01 5.26207594e-04
9.19900000e+01 5.05426852e-04
9.20800000e+01 5.46666366e-04
9.21700000e+01 5.50597375e-04
9.22600000e+01 5.36595901e-04
9.23500000e+01 5.61869872e-04
9.24400000e+01 5.41729685e-04
9.25300000e+01 5.67907606e-04
9.26200000e+01 5.11173217e-04
9.27100000e+01 5.51247265e-04
9.28000000e+01 5.15643479e-04
9.28900000e+01 5.01210392e-04
9.29800000e+01 5.10880562e-04
9.30700000e+01 5.47530433e-04
9.31600000e+01 5.51285852e-04
9.32500000e+01 5.52625759e-04
9.33400000e+01 5.19234449e-04
9.34300000e+01 5.51105471e-04
9.35200000e+01 5.60880322e-04
9.36100000e+01 5.07032312e-04
9.37000000e+01 5.21234981e-04
9.37900000e+01 5.54262522e-04
9.38800000e+01 5.68605457e-04
9.39700000e+01 5.48751139e-04
9.40600000e+01 5.57240050e-04
9.41500000e+01 5.43751195e-04
9.42400000e+01 5.37390494e-04
9.43300000e+01 5.32702777e-04
9.44200000e+01 5.25739860e-04
9.45100000e+01 5.29246214e-04
9.46000000e+01 5.44453256e-04
9.46900000e+01 5.36267856e-04
9.47800000e+01 5.23537459e-04
9.48700000e+01 5.06505718e-04
9.49600000e+01 5.17196922e-04
9.50500000e+01 5.39950876e-04
9.51400000e+01 5.52169638e-04
9.52300000e+01 5.41631553e-04
9.53200000e+01 5.43715272e-04
9.54100000e+01 5.31120411e-04
9.55000000e+01 5.17193647e-04
9.55900000e+01 5.42218278e-04
9.56800000e+01 5.35922799e-04
9.57700000e+01 5.39376288e-04
9.58600000e+01 5.26747256e-04
9.59500000e+01 5.43607317e-04
9.60400000e+01 5.46206841e-04
9.61300000e+01 5.34483526e-04
9.62200000e+01 5.52059349e-04
9.63100000e+01 5.40743329e-04
9.64000000e+01 5.64055287e-04
9.64900000e+01 5.74563142e-04
9.65800000e+01 5.24273371e-04
9.66700000e+01 5.38330274e-04
9.67600000e+01 5.57371593e-04
9.68500000e+01 5.18756019e-04
9.69400000e+01 5.31876000e-04
9.70300000e+01 5.37936057e-04
9.71200000e+01 5.66593373e-04
9.72100000e+01 5.33201611e-04
9.73000000e+01 5.49247988e-04
9.73900000e+01 5.69522878e-04
9.74800000e+01 5.66526257e-04
9.75700000e+01 5.51248064e-04
9.76600000e+01 5.54707783e-04
9.77500000e+01 5.44056480e-04
9.78400000e+01 5.32338412e-04
9.79300000e+01 5.64450944e-04
9.80200000e+01 5.37486028e-04
9.81100000e+01 5.55320340e-04
9.82000000e+01 5.26621856e-04
9.82900000e+01 5.66204528e-04
9.83800000e+01 5.33208776e-04
9.84700000e+01 5.33997217e-04
9.85600000e+01 5.65831607e-04
9.86500000e+01 5.36195815e-04
9.87400000e+01 5.42692167e-04
9.88300000e+01 5.23307352e-04
9.89200000e+01 5.40879297e-04
9.90100000e+01 5.71466010e-04
9.91000000e+01 5.21011528e-04
9.91900000e+01 5.57255337e-04
9.92800000e+01 5.37881155e-04
9.93700000e+01 5.13347561e-04
9.94600000e+01 5.56398627e-04
9.95500000e+01 5.57193015e-04
9.96400000e+01 5.43942232e-04
9.97300000e+01 5.71339830e-04
9.98200000e+01 5.65383741e-04
9.99100000e+01 5.32111472e-04
1.00000000e+02 5.58331996e-04
1.00900901e+02 5.63345245e-04
1.01801802e+02 5.63230271e-04
1.02702703e+02 5.54187152e-04
1.03603604e+02 5.78017121e-04
1.04504505e+02 5.40785877e-04
1.05405405e+02 5.64945161e-04
1.06306306e+02 5.25004151e-04
1.07207207e+02 5.17422509e-04
1.08108108e+02 5.35248071e-04
1.09009009e+02 5.54441105e-04
1.09909910e+02 5.47450801e-04
1.10810811e+02 5.55695840e-04
1.11711712e+02 5.66646218e-04
1.12612613e+02 5.43407824e-04
1.13513514e+02 5.54428477e-04
1.14414414e+02 6.07309112e-04
1.15315315e+02 5.53294539e-04
1.16216216e+02 5.43781094e-04
1.17117117e+02 5.79652961e-04
1.18018018e+02 5.67868546e-04
1.18918919e+02 5.80746983e-04
1.19819820e+02 5.98752959e-04
1.20720721e+02 5.88660150e-04
1.21621622e+02 5.80737527e-04
1.22522523e+02 5.59821208e-04
1.23423423e+02 5.67964673e-04
1.24324324e+02 5.82616372e-04
1.25225225e+02 5.86414245e-04
1.26126126e+02 5.75493121e-04
1.27027027e+02 5.97923254e-04
1.27927928e+02 5.62728284e-04
1.28828829e+02 5.66481882e-04
1.29729730e+02 5.96385462e-04
1.30630631e+02 5.57126039e-04
1.31531532e+02 5.96727442e-04
1.32432432e+02 5.63224379e-04
1.33333333e+02 5.94120672e-04
1.34234234e+02 5.66513619e-04
1.35135135e+02 5.68492185e-04
1.36036036e+02 6.04091416e-04
1.36936937e+02 6.02133997e-04
1.37837838e+02 5.75567863e-04
1.38738739e+02 5.84435584e-04
1.39639640e+02 5.72168508e-04
1.40540541e+02 5.85034551e-04
1.41441441e+02 5.69778581e-04
1.42342342e+02 5.81064784e-04
1.43243243e+02 6.00131712e-04
1.44144144e+02 5.85498549e-04
1.45045045e+02 5.65180420e-04
1.45945946e+02 6.13694855e-04
1.46846847e+02 6.01630981e-04
1.47747748e+02 5.49681994e-04
1.48648649e+02 5.94378208e-04
1.49549550e+02 5.51792494e-04
1.50450450e+02 6.08675307e-04
1.51351351e+02 5.69772662e-04
1.52252252e+02 5.98151791e-04
1.53153153e+02 5.81696866e-04
1.54054054e+02 5.57109728e-04
1.54954955e+02 5.87758861e-04
1.55855856e+02 5.99648718e-04
1.56756757e+02 5.75821701e-04
1.57657658e+02 5.57371954e-04
1.58558559e+02 6.09578091e-04
1.59459459e+02 6.10881219e-04
1.60360360e+02 5.78856451e-04
1.61261261e+02 5.84350712e-04
1.62162162e+02 6.02150706e-04
1.63063063e+02 6.05088305e-04
1.63963964e+02 5.89288121e-04
1.64864865e+02 5.62595943e-04
1.65765766e+02 5.84222452e-04
1.66666667e+02 5.80586709e-04
1.67567568e+02 5.60675652e-04
1.68468468e+02 5.84779986e-04
1.69369369e+02 5.93162962e-04
1.70270270e+02 6.16063844e-04
1.71171171e+02 6.01588974e-04
1.72072072e+02 5.54516658e-04
1.72972973e+02 5.77802188e-04
1.73873874e+02 6.26488307e-04
1.74774775e+02 5.95247412e-04
1.75675676e+02 5.73347484e-04
1.76576577e+02 5.82166845e-04
1.77477477e+02 5.75218986e-04
1.78378378e+02 6.34833013e-04
1.79279279e+02 5.74539874e-04
1.80180180e+02 5.87720430e-04
1.81081081e+02 6.12450825e-04
1.81981982e+02 5.79428689e-04
1.82882883e+02 5.80035222e-04
1.83783784e+02 6.01951492e-04
1.84684685e+02 6.08500978e-04
1.85585586e+02 6.24775288e-04
1.86486486e+02 5.73832409e-04
1.87387387e+02 5.95267289e-04
1.88288288e+02 5.96807954e-04
1.89189189e+02 5.83097188e-04
1.90090090e+02 6.01288399e-04
1.90990991e+02 6.02207140e-04
1.91891892e+02 6.20656359e-04
1.92792793e+02 5.98071406e-04
1.93693694e+02 5.80655695e-04
1.94594595e+02 6.30269130e-04
1.95495495e+02 5.96553586e-04
1.96396396e+02 5.91947696e-04
1.97297297e+02 5.98149229e-04
1.98198198e+02 6.04102884e-04
1.99099099e+02 6.19448618e-04
2.00000000e+02 5.74026762e-04
2.00900901e+02 6.02596887e-04
2.01801802e+02 5.61697773e-04
2.02702703e+02 5.88935352e-04
2.03603604e+02 6.07127202e-04
2.04504505e+02 5.94002386e-04
2.05405405e+02 5.84248269e-04
2.06306306e+02 5.65312261e-04
2.07207207e+02 6.03508035e-04
2.08108108e+02 5.85954104e-04
2.09009009e+02 5.84668345e-04
2.09909910e+02 6.00273651e-04
2.10810811e+02 6.24864112e-04
2.11711712e+02 5.80714484e-04
2.12612613e+02 5.89216027e-04
2.13513514e+02 5.78135295e-04
2.14414414e+02 6.10897700e-04
2.15315315e+02 6.26114377e-04
2.16216216e+02 5.88426524e-04
2.17117117e+02 5.69066325e-04
2.18018018e+02 5.91217436e-04
2.18918919e+02 5.88593965e-04
2.19819820e+02 5.95992717e-04
2.20720721e+02 6.16793575e-04
2.21621622e+02 6.12406738e-04
2.22522523e+02 6.10370688e-04
2.23423423e+02 6.08359434e-04
2.24324324e+02 6.07522467e-04
2.25225225e+02 6.33537296e-04
2.26126126e+02 5.91858256e-04
2.27027027e+02 6.06151268e-04
2.27927928e+02 5.93562321e-04
2.28828829e+02 5.82524470e-04
2.29729730e+02 6.11460239e-04
2.30630631e+02 5.77833724e-04
2.31531532e+02 5.95493676e-04
2.32432432e+02 6.09062302e-04
2.33333333e+02 5.71483766e-04
2.34234234e+02 6.16614671e-04
2.35135135e+02 5.77177026e-04
2.36036036e+02 5.98165572e-04
2.36936937e+02 6.22299161e-04
2.37837838e+02 5.65778245e-04
2.38738739e+02 6.09273859e-04
2.39639640e+02 6.12103028e-04
2.40540541e+02 5.81024687e-04
2.41441441e+02 6.23234341e-04
2.42342342e+02 5.99203538e-04
2.43243243e+02 6.07423111e-04
2.44144144e+02 5.84887146e-04
2.45045045e+02 5.87903077e-04
2.45945946e+02 5.84121272e-04
2.46846847e+02 6.15846133e-04
2.47747748e+02 5.98937922e-04
2.48648649e+02 5.77774202e-04
2.49549550e+02 5.73804911e-04
2.50450450e+02 6.02371883e-04
2.51351351e+02 6.04051046e-04
2.52252252e+02 6.19810477e-04
2.53153153e+02 6.24992429e-04
2.54054054e+02 5.54650897e-04
2.54954955e+02 5.97466294e-04
2.55855856e+02 6.07953403e-04
2.56756757e+02 5.79824076e-04
2.57657658e+02 5.77907717e-04
2.58558559e+02 6.39319827e-04
2.59459459e+02 5.94865510e-04
2.60360360e+02 6.25350486e-04
2.61261261e+02 5.66692379e-04
2.62162162e+02 5.98009365e-04
2.63063063e+02 6.14228707e-04
2.63963964e+02 5.78975395e-04
2.64864865e+02 6.21467426e-04
2.65765766e+02 5.87847255e-04
2.66666667e+02 6.04811343e-04
2.67567568e+02 6.20385163e-04
2.68468468e+02 5.88248909e-04
2.69369369e+02 5.96312486e-04
2.70270270e+02 5.67950054e-04
2.71171171e+02 5.64077321e-04
2.72072072e+02 5.90065240e-04
2.72972973e+02 6.12908982e-04
2.73873874e+02 5.80291340e-04
2.74774775e+02 5.81146915e-04
2.75675676e+02 5.79398276e-04
2.76576577e+02 5.86190930e-04
2.77477477e+02 5.99735879e-04
2.78378378e+02 5.82667063e-04
2.79279279e+02 6.25598819e-04
2.80180180e+02 6.24282377e-04
2.81081081e+02 6.12107540e-04
2.81981982e+02 6.13161967e-04
2.82882883e+02 5.80886881e-04
2.83783784e+02 6.23257800e-04
2.84684685e+02 6.10874477e-04
2.85585586e+02 5.62251516e-04
2.86486486e+02 6.11440259e-04
2.87387387e+02 5.93077327e-04
2.88288288e+02 6.13093432e-04
2.89189189e+02 6.17095650e-04
2.90090090e+02 5.70225015e-04
2.90990991e+02 6.15672649e-04
2.91891892e+02 6.16098769e-04
2.92792793e+02 5.83306870e-04
2.93693694e+02 6.14296699e-04
2.94594595e+02 6.22772029e-04
2.95495495e+02 6.10435834e-04
2.96396396e+02 5.84967884e-04
2.97297297e+02 6.03924892e-04
2.98198198e+02 6.20220914e-04
2.99099099e+02 6.16963129e-04
3.00000000e+02 6.12695000e-04
3.00900901e+02 5.93250992e-04
3.01801802e+02 5.73284303e-04
3.02702703e+02 6.02885638e-04
3.03603604e+02 6.14235395e-04
3.04504505e+02 5.93594758e-04
3.05405405e+02 6.17855591e-04
3.06306306e+02 6.16380733e-04
3.07207207e+02 5.98523051e-04
3.08108108e+02 6.14830654e-04
3.09009009e+02 5.75820129e-04
3.09909910e+02 5.99387923e-04
3.10810811e+02 5.52040253e-04
3.11711712e+02 6.08216625e-04
3.12612613e+02 6.32416661e-04
3.13513514e+02 6.32845290e-04
3.14414414e+02 5.87165624e-04
3.15315315e+02 6.32958272e-04
3.16216216e+02 6.15313008e-04
3.17117117e+02 5.63757292e-04
3.18018018e+02 6.04601150e-04
3.18918919e+02 5.95769153e-04
3.19819820e+02 5.96816222e-04
3.20720721e+02 6.02628500e-04
3.21621622e+02 5.93480850e-04
3.22522523e+02 5.90071174e-04
3.23423423e+02 6.18071838e-04
3.24324324e+02 6.17730072e-04
3.25225225e+02 5.77131714e-04
3.26126126e+02 5.90340322e-04
3.27027027e+02 6.00253006e-04
3.27927928e+02 6.13613279e-04
3.28828829e+02 6.13029818e-04
3.29729730e+02 6.00987646e-04
3.30630631e+02 6.09977051e-04
3.31531532e+02 6.03559467e-04
3.32432432e+02 6.32892113e-04
3.33333333e+02 6.15509413e-04
3.34234234e+02 5.84001473e-04
3.35135135e+02 5.81455267e-04
3.36036036e+02 6.32092250e-04
3.36936937e+02 6.15741975e-04
3.37837838e+02 5.95232186e-04
3.38738739e+02 6.35119556e-04
3.39639640e+02 5.98776651e-04
3.40540541e+02 6.17035787e-04
3.41441441e+02 5.97399404e-04
3.42342342e+02 5.75901067e-04
3.43243243e+02 6.19288081e-04
3.44144144e+02 6.16241817e-04
3.45045045e+02 5.73835884e-04
3.45945946e+02 6.47265362e-04
3.46846847e+02 5.70081495e-04
3.47747748e+02 5.99739128e-04
3.48648649e+02 6.08707234e-04
3.49549550e+02 6.34692423e-04
3.50450450e+02 6.06476202e-04
3.51351351e+02 5.88882693e-04
3.52252252e+02 6.05589033e-04
3.53153153e+02 6.08397439e-04
3.54054054e+02 6.21091282e-04
3.54954955e+02 5.86441380e-04
3.55855856e+02 6.18109484e-04
3.56756757e+02 5.76676860e-04
3.57657658e+02 5.99410067e-04
3.58558559e+02 6.02757855e-04
3.59459459e+02 6.12470238e-04
3.60360360e+02 5.86912006e-04
3.61261261e+02 6.11574424e-04
3.62162162e+02 6.02113887e-04
3.63063063e+02 5.86754143e-04
3.63963964e+02 6.16779667e-04
3.64864865e+02 6.14800259e-04
3.65765766e+02 5.97497059e-04
3.66666667e+02 6.22222099e-04
3.67567568e+02 6.23083835e-04
3.68468468e+02 5.89476104e-04
3.69369369e+02 6.24803035e-04
3.70270270e+02 6.11177998e-04
3.71171171e+02 5.81218387e-04
3.72072072e+02 6.03136172e-04
3.72972973e+02 6.07152059e-04
3.73873874e+02 6.34591639e-04
3.74774775e+02 5.89504636e-04
3.75675676e+02 5.91467865e-04
3.76576577e+02 6.05285933e-04
3.77477477e+02 5.79472022e-04
3.78378378e+02 6.10391918e-04
3.79279279e+02 6.09377712e-04
3.80180180e+02 6.39761084e-04
3.81081081e+02 6.40743097e-04
3.81981982e+02 5.84513079e-04
3.82882883e+02 6.34739833e-04
3.83783784e+02 5.94538804e-04
3.84684685e+02 6.20511036e-04
3.85585586e+02 6.08187858e-04
3.86486486e+02 6.19686261e-04
3.87387387e+02 6.04085529e-04
3.88288288e+02 6.24946417e-04
3.89189189e+02 5.91929781e-04
3.90090090e+02 5.99219736e-04
3.90990991e+02 6.27360829e-04
3.91891892e+02 5.86742358e-04
3.92792793e+02 6.11267457e-04
3.93693694e+02 6.25402476e-04
3.94594595e+02 6.16873800e-04
3.95495495e+02 6.05699086e-04
3.96396396e+02 5.89324143e-04
3.97297297e+02 5.76144747e-04
3.98198198e+02 6.10463736e-04
3.99099099e+02 5.91686662e-04
4.00000000e+02 6.18018715e-04
4.00900901e+02 6.04623322e-04
4.01801802e+02 5.88275998e-04
4.02702703e+02 6.17926688e-04
4.03603604e+02 5.84317885e-04
4.04504505e+02 6.13833308e-04
4.05405405e+02 6.10558878e-04
4.06306306e+02 6.22214441e-04
4.07207207e+02 5.96733970e-04
4.08108108e+02 6.17118362e-04
4.09009009e+02 6.24982347e-04
4.09909910e+02 6.09747885e-04
4.10810811e+02 6.26547213e-04
4.11711712e+02 6.31324771e-04
4.12612613e+02 6.00487621e-04
4.13513514e+02 6.07043024e-04
4.14414414e+02 6.22161540e-04
4.15315315e+02 5.90558291e-04
4.16216216e+02 5.96293034e-04
4.17117117e+02 6.25458219e-04
4.18018018e+02 6.03680623e-04
4.18918919e+02 6.18652243e-04
4.19819820e+02 6.34122252e-04
4.20720721e+02 6.15176881e-04
4.21621622e+02 6.29357910e-04
4.22522523e+02 6.15869281e-04
4.23423423e+02 5.89476827e-04
4.24324324e+02 5.98120810e-04
4.25225225e+02 5.93246334e-04
4.26126126e+02 6.15870708e-04
4.27027027e+02 6.21944774e-04
4.27927928e+02 5.91111679e-04
4.28828829e+02 6.03834169e-04
4.29729730e+02 5.98989516e-04
4.30630631e+02 6.17879451e-04
4.31531532e+02 5.80459789e-04
4.32432432e+02 6.25622467e-04
4.33333333e+02 5.86512614e-04
4.34234234e+02 5.90421541e-04
4.35135135e+02 5.71938619e-04
4.36036036e+02 6.27670562e-04
4.36936937e+02 6.32600291e-04
4.37837838e+02 6.25926890e-04
4.38738739e+02 6.13675533e-04
4.39639640e+02 6.10054050e-04
4.40540541e+02 6.26523105e-04
4.41441441e+02 6.01444020e-04
4.42342342e+02 6.04586498e-04
4.43243243e+02 6.18677404e-04
4.44144144e+02 6.37379757e-04
4.45045045e+02 6.12985898e-04
4.45945946e+02 5.98785101e-04
4.46846847e+02 6.42143463e-04
4.47747748e+02 6.18332626e-04
4.48648649e+02 5.89103591e-04
4.49549550e+02 6.10174567e-04
4.50450450e+02 5.64716657e-04
4.51351351e+02 6.10676966e-04
4.52252252e+02 6.00881657e-04
4.53153153e+02 5.76113482e-04
4.54054054e+02 6.08262862e-04
4.54954955e+02 5.92687610e-04
4.55855856e+02 6.25596801e-04
4.56756757e+02 5.88871771e-04
4.57657658e+02 6.15004279e-04
4.58558559e+02 6.26799320e-04
4.59459459e+02 5.67913694e-04
4.60360360e+02 6.02615146e-04
4.61261261e+02 6.48623692e-04
4.62162162e+02 5.75748912e-04
4.63063063e+02 5.94155787e-04
4.63963964e+02 6.37568039e-04
4.64864865e+02 5.85997914e-04
4.65765766e+02 5.87513194e-04
4.66666667e+02 6.24553797e-04
4.67567568e+02 6.05807591e-04
4.68468468e+02 6.37379489e-04
4.69369369e+02 6.49281786e-04
4.70270270e+02 5.99166026e-04
4.71171171e+02 5.92398112e-04
4.72072072e+02 6.05835248e-04
4.72972973e+02 6.26280025e-04
4.73873874e+02 6.12740798e-04
4.74774775e+02 5.92197392e-04
4.75675676e+02 5.75711976e-04
4.76576577e+02 6.20652744e-04
4.77477477e+02 6.04976190e-04
4.78378378e+02 6.36882974e-04
4.79279279e+02 5.82976689e-04
4.80180180e+02 6.29224338e-04
4.81081081e+02 6.31281308e-04
4.81981982e+02 5.80693384e-04
4.82882883e+02 6.16134917e-04
4.83783784e+02 5.79708858e-04
4.84684685e+02 6.09094559e-04
4.85585586e+02 6.24047460e-04
4.86486486e+02 6.01555201e-04
4.87387387e+02 6.43724543e-04
4.88288288e+02 6.35043193e-04
4.89189189e+02 5.89662596e-04
4.90090090e+02 6.08405332e-04
4.90990991e+02 6.20061528e-04
4.91891892e+02 6.39342350e-04
4.92792793e+02 6.09623857e-04
4.93693694e+02 5.86405058e-04
4.94594595e+02 5.86953467e-04
4.95495495e+02 6.29775437e-04
4.96396396e+02 6.54166720e-04
4.97297297e+02 6.15468553e-04
4.98198198e+02 6.01487211e-04
4.99099099e+02 6.23825556e-04
5.00000000e+02 5.85115227e-04
5.00900901e+02 5.97000575e-04
5.01801802e+02 5.84479567e-04
5.02702703e+02 6.16786945e-04
5.03603604e+02 6.02890895e-04
5.04504505e+02 6.06676503e-04
5.05405405e+02 5.93570664e-04
5.06306306e+02 5.79464895e-04
5.07207207e+02 6.15931942e-04
5.08108108e+02 5.96822389e-04
5.09009009e+02 6.00913382e-04
5.09909910e+02 5.96329199e-04
5.10810811e+02 6.02767327e-04
5.11711712e+02 5.85154412e-04
5.12612613e+02 6.31217681e-04
5.13513514e+02 5.89475255e-04
5.14414414e+02 5.97591280e-04
5.15315315e+02 6.00925233e-04
5.16216216e+02 6.07965202e-04
5.17117117e+02 6.28320278e-04
5.18018018e+02 6.34815455e-04
5.18918919e+02 5.91506261e-04
5.19819820e+02 5.90636470e-04
5.20720721e+02 6.17946681e-04
5.21621622e+02 6.15871583e-04
5.22522523e+02 5.95112946e-04
5.23423423e+02 6.37695455e-04
5.24324324e+02 6.25510711e-04
5.25225225e+02 6.45958459e-04
5.26126126e+02 5.75507582e-04
5.27027027e+02 6.26471700e-04
5.27927928e+02 6.22259742e-04
5.28828829e+02 6.05648469e-04
5.29729730e+02 6.26443683e-04
5.30630631e+02 6.19770394e-04
5.31531532e+02 5.71545163e-04
5.32432432e+02 6.09991486e-04
5.33333333e+02 5.93803219e-04
5.34234234e+02 6.35996631e-04
5.35135135e+02 5.88876404e-04
5.36036036e+02 5.91691294e-04
5.36936937e+02 6.00169262e-04
5.37837838e+02 5.88397683e-04
5.38738739e+02 6.27165504e-04
5.39639640e+02 5.91020799e-04
5.40540541e+02 6.29545064e-04
5.41441441e+02 6.33805285e-04
5.42342342e+02 6.17956138e-04
5.43243243e+02 6.08805085e-04
5.44144144e+02 6.23907305e-04
5.45045045e+02 5.98185004e-04
5.45945946e+02 5.87758041e-04
5.46846847e+02 6.01898681e-04
5.47747748e+02 5.81807333e-04
5.48648649e+02 6.39577589e-04
5.49549550e+02 6.02339296e-04
5.50450450e+02 6.17481148e-04
5.51351351e+02 5.94955537e-04
5.52252252e+02 6.13669043e-04
5.53153153e+02 6.41274541e-04
5.54054054e+02 6.14806603e-04
5.54954955e+02 6.05085782e-04
5.55855856e+02 5.78279012e-04
5.56756757e+02 6.07760860e-04
5.57657658e+02 6.23457364e-04
5.58558559e+02 6.24618664e-04
5.59459459e+02 5.96892003e-04
5.60360360e+02 5.93061502e-04
5.61261261e+02 6.08364203e-04
5.62162162e+02 6.18914484e-04
5.63063063e+02 6.01920193e-04
5.63963964e+02 5.85528604e-04
5.64864865e+02 6.20631737e-04
5.65765766e+02 6.08717859e-04
5.66666667e+02 5.83493662e-04
5.67567568e+02 6.49321961e-04
5.68468468e+02 5.90748272e-04
5.69369369e+02 5.86616645e-04
5.70270270e+02 6.47290612e-04
5.71171171e+02 5.73525601e-04
5.72072072e+02 5.84849702e-04
5.72972973e+02 5.84584932e-04
5.73873874e+02 6.27721663e-04
5.74774775e+02 5.78932497e-04
5.75675676e+02 6.26249435e-04
5.76576577e+02 6.01944222e-04
5.77477477e+02 6.20967126e-04
5.78378378e+02 6.31811418e-04
5.79279279e+02 6.06556987e-04
5.80180180e+02 5.98424461e-04
5.81081081e+02 5.87430612e-04
5.81981982e+02 6.15205884e-04
5.82882883e+02 6.02343740e-04
5.83783784e+02 5.97676894e-04
5.84684685e+02 6.17431531e-04
5.85585586e+02 6.12361871e-04
5.86486486e+02 6.08584468e-04
5.87387387e+02 5.92065223e-04
5.88288288e+02 5.94882051e-04
5.89189189e+02 6.10521113e-04
5.90090090e+02 6.31884224e-04
5.90990991e+02 6.16355149e-04
5.91891892e+02 6.13754539e-04
5.92792793e+02 6.15806392e-04
5.93693694e+02 6.03943180e-04
5.94594595e+02 6.04502043e-04
5.95495495e+02 6.09683606e-04
5.96396396e+02 6.14071539e-04
5.97297297e+02 6.29572840e-04
5.98198198e+02 6.22895138e-04
5.99099099e+02 6.04349679e-04
6.00000000e+02 5.80125557e-04
6.00900901e+02 5.82142253e-04
6.01801802e+02 6.50332527e-04
6.02702703e+02 6.20735761e-04
6.03603604e+02 5.59450043e-04
6.04504505e+02 6.46769778e-04
6.05405405e+02 5.95644448e-04
6.06306306e+02 6.08022228e-04
6.07207207e+02 6.13802265e-04
6.08108108e+02 6.09832689e-04
6.09009009e+02 5.94465900e-04
6.09909910e+02 5.91002928e-04
6.10810811e+02 5.98654265e-04
6.11711712e+02 6.19702600e-04
6.12612613e+02 6.08368053e-04
6.13513514e+02 5.99035904e-04
6.14414414e+02 5.83201430e-04
6.15315315e+02 5.96258887e-04
6.16216216e+02 5.92878007e-04
6.17117117e+02 5.93057435e-04
6.18018018e+02 6.06418164e-04
6.18918919e+02 6.05865778e-04
6.19819820e+02 6.21381299e-04
6.20720721e+02 5.69505062e-04
6.21621622e+02 6.02864311e-04
6.22522523e+02 6.13509323e-04
6.23423423e+02 6.23470720e-04
6.24324324e+02 6.00118020e-04
6.25225225e+02 5.82874960e-04
6.26126126e+02 5.85618212e-04
6.27027027e+02 6.01752364e-04
6.27927928e+02 6.10693270e-04
6.28828829e+02 6.45241808e-04
6.29729730e+02 5.97939835e-04
6.30630631e+02 6.38219524e-04
6.31531532e+02 6.03936905e-04
6.32432432e+02 6.37770583e-04
6.33333333e+02 6.07031307e-04
6.34234234e+02 5.89217240e-04
6.35135135e+02 6.17909971e-04
6.36036036e+02 6.15666703e-04
6.36936937e+02 6.34416135e-04
6.37837838e+02 5.98552432e-04
6.38738739e+02 6.09657962e-04
6.39639640e+02 6.12423918e-04
6.40540541e+02 5.98250860e-04
6.41441441e+02 6.10037310e-04
6.42342342e+02 6.24136781e-04
6.43243243e+02 6.34423825e-04
6.44144144e+02 5.88238688e-04
6.45045045e+02 6.28965329e-04
6.45945946e+02 6.15746761e-04
6.46846847e+02 6.14113934e-04
6.47747748e+02 5.97540235e-04
6.48648649e+02 6.43311627e-04
6.49549550e+02 6.07938250e-04
6.50450450e+02 6.04998905e-04
6.51351351e+02 5.89898740e-04
6.52252252e+02 6.26075509e-04
6.53153153e+02 6.02931081e-04
6.54054054e+02 5.84573129e-04
6.54954955e+02 5.71432464e-04
6.55855856e+02 6.40955427e-04
6.56756757e+02 6.35591426e-04
6.57657658e+02 6.15802716e-04
6.58558559e+02 6.29210819e-04
6.59459459e+02 5.94553096e-04
6.60360360e+02 6.01228025e-04
6.61261261e+02 6.03972247e-04
6.62162162e+02 5.72967224e-04
6.63063063e+02 5.93631790e-04
6.63963964e+02 5.95969212e-04
6.64864865e+02 6.32430949e-04
6.65765766e+02 6.19690501e-04
6.66666667e+02 6.34267591e-04
6.67567568e+02 6.26060193e-04
6.68468468e+02 6.19030661e-04
6.69369369e+02 6.13581396e-04
6.70270270e+02 6.24012374e-04
6.71171171e+02 6.21354152e-04
6.72072072e+02 6.29014913e-04
6.72972973e+02 5.67764313e-04
6.73873874e+02 6.21176441e-04
6.74774775e+02 6.09562760e-04
6.75675676e+02 5.99446222e-04
6.76576577e+02 5.62858788e-04
6.77477477e+02 6.02506429e-04
6.78378378e+02 5.98296513e-04
6.79279279e+02 6.62678519e-04
6.80180180e+02 6.17634310e-04
6.81081081e+02 6.37550804e-04
6.81981982e+02 5.85142493e-04
6.82882883e+02 5.95726971e-04
6.83783784e+02 6.20268341e-04
6.84684685e+02 5.91998029e-04
6.85585586e+02 5.98330349e-04
6.86486486e+02 6.14848864e-04
6.87387387e+02 6.01752166e-04
6.88288288e+02 6.04132738e-04
6.89189189e+02 6.31621090e-04
6.90090090e+02 6.35164063e-04
6.90990991e+02 6.10971696e-04
6.91891892e+02 5.92110833e-04
6.92792793e+02 5.84558798e-04
6.93693694e+02 6.20297651e-04
6.94594595e+02 5.74200421e-04
6.95495495e+02 6.00795357e-04
6.96396396e+02 5.81846946e-04
6.97297297e+02 6.16828752e-04
6.98198198e+02 6.40429703e-04
6.99099099e+02 5.99539478e-04
7.00000000e+02 6.39781203e-04
7.00900901e+02 6.05888928e-04
7.01801802e+02 5.75208531e-04
7.02702703e+02 6.02458882e-04
7.03603604e+02 6.27760464e-04
7.04504505e+02 6.01229198e-04
7.05405405e+02 5.62127264e-04
7.06306306e+02 6.09296457e-04
7.07207207e+02 5.89791853e-04
7.08108108e+02 6.13848145e-04
7.09009009e+02 6.74294315e-04
7.09909910e+02 5.95480972e-04
7.10810811e+02 5.76984528e-04
7.11711712e+02 6.15916526e-04
7.12612613e+02 5.90866133e-04
7.13513514e+02 5.91466054e-04
7.14414414e+02 5.94523640e-04
7.15315315e+02 6.16471790e-04
7.16216216e+02 6.34109460e-04
7.17117117e+02 6.12061086e-04
7.18018018e+02 6.41262676e-04
7.18918919e+02 6.11443277e-04
7.19819820e+02 6.14143122e-04
7.20720721e+02 5.96409019e-04
7.21621622e+02 5.79570096e-04
7.22522523e+02 6.18012288e-04
7.23423423e+02 5.93929083e-04
7.24324324e+02 6.01857939e-04
7.25225225e+02 5.80291768e-04
7.26126126e+02 5.83424777e-04
7.27027027e+02 6.19876433e-04
7.27927928e+02 6.06963732e-04
7.28828829e+02 5.78635206e-04
7.29729730e+02 6.06367558e-04
7.30630631e+02 6.43840798e-04
7.31531532e+02 5.81241300e-04
7.32432432e+02 5.95483135e-04
7.33333333e+02 6.23907204e-04
7.34234234e+02 5.96621973e-04
7.35135135e+02 5.88952292e-04
7.36036036e+02 6.12161858e-04
7.36936937e+02 5.72051865e-04
7.37837838e+02 6.06138646e-04
7.38738739e+02 6.26780906e-04
7.39639640e+02 5.60870035e-04
7.40540541e+02 6.11616085e-04
7.41441441e+02 6.16932176e-04
7.42342342e+02 6.00640992e-04
7.43243243e+02 6.24986945e-04
7.44144144e+02 6.29721827e-04
7.45045045e+02 5.75424596e-04
7.45945946e+02 5.99399343e-04
7.46846847e+02 6.46362098e-04
7.47747748e+02 6.05853924e-04
7.48648649e+02 6.22366335e-04
7.49549550e+02 5.96106581e-04
7.50450450e+02 6.11749190e-04
7.51351351e+02 5.89030190e-04
7.52252252e+02 6.23575945e-04
7.53153153e+02 6.72722019e-04
7.54054054e+02 6.18794342e-04
7.54954955e+02 6.07568961e-04
7.55855856e+02 6.51483027e-04
7.56756757e+02 6.15040346e-04
7.57657658e+02 6.10329184e-04
7.58558559e+02 5.81606607e-04
7.59459459e+02 6.23347076e-04
7.60360360e+02 6.26784980e-04
7.61261261e+02 6.06176761e-04
7.62162162e+02 6.06352953e-04
7.63063063e+02 6.07317830e-04
7.63963964e+02 6.15243533e-04
7.64864865e+02 5.97530237e-04
7.65765766e+02 5.95234100e-04
7.66666667e+02 6.32420890e-04
7.67567568e+02 5.91815338e-04
7.68468468e+02 6.16935311e-04
7.69369369e+02 5.87877926e-04
7.70270270e+02 6.05052524e-04
7.71171171e+02 5.95951215e-04
7.72072072e+02 5.79717336e-04
7.72972973e+02 6.17211013e-04
7.73873874e+02 5.85108711e-04
7.74774775e+02 5.95785791e-04
7.75675676e+02 6.50527922e-04
7.76576577e+02 6.20038218e-04
7.77477477e+02 5.94559756e-04
7.78378378e+02 6.30537171e-04
7.79279279e+02 5.97649982e-04
7.80180180e+02 6.00972418e-04
7.81081081e+02 6.54908409e-04
7.81981982e+02 6.42884316e-04
7.82882883e+02 5.83104013e-04
7.83783784e+02 6.02122276e-04
7.84684685e+02 6.21704748e-04
7.85585586e+02 5.98965132e-04
7.86486486e+02 5.95428932e-04
7.87387387e+02 6.00017363e-04
7.88288288e+02 6.06260051e-04
7.89189189e+02 6.26247285e-04
7.90090090e+02 6.20802982e-04
7.90990991e+02 5.85478282e-04
7.91891892e+02 6.14233494e-04
7.92792793e+02 5.87664260e-04
7.93693694e+02 5.61938697e-04
7.94594595e+02 6.40934229e-04
7.95495495e+02 5.71245120e-04
7.96396396e+02 6.09493191e-04
7.97297297e+02 6.03449490e-04
7.98198198e+02 6.22711085e-04
7.99099099e+02 6.26200332e-04
8.00000000e+02 6.06449197e-04
8.00900901e+02 6.04725330e-04
8.01801802e+02 6.11004026e-04
8.02702703e+02 5.76239827e-04
8.03603604e+02 6.05691809e-04
8.04504505e+02 6.13682788e-04
8.05405405e+02 5.62012125e-04
8.06306306e+02 6.06063259e-04
8.07207207e+02 6.37419045e-04
8.08108108e+02 6.25200077e-04
8.09009009e+02 6.18120896e-04
8.09909910e+02 5.99619566e-04
8.10810811e+02 6.03408150e-04
8.11711712e+02 5.88086686e-04
8.12612613e+02 5.98849522e-04
8.13513514e+02 6.27798371e-04
8.14414414e+02 6.33029747e-04
8.15315315e+02 6.20806634e-04
8.16216216e+02 5.83351282e-04
8.17117117e+02 6.22244121e-04
8.18018018e+02 6.18741503e-04
8.18918919e+02 5.91444526e-04
8.19819820e+02 6.08685342e-04
8.20720721e+02 6.27260731e-04
8.21621622e+02 6.00310964e-04
8.22522523e+02 6.11082059e-04
8.23423423e+02 6.43126208e-04
8.24324324e+02 6.21174338e-04
8.25225225e+02 6.08297862e-04
8.26126126e+02 6.02451436e-04
8.27027027e+02 6.33220753e-04
8.27927928e+02 5.86418276e-04
8.28828829e+02 6.17246313e-04
8.29729730e+02 6.03213162e-04
8.30630631e+02 5.99195690e-04
8.31531532e+02 6.02993285e-04
8.32432432e+02 5.96364469e-04
8.33333333e+02 6.17139396e-04
8.34234234e+02 6.24230986e-04
8.35135135e+02 6.07658084e-04
8.36036036e+02 6.12392841e-04
8.36936937e+02 6.41090882e-04
8.37837838e+02 5.85580417e-04
8.38738739e+02 5.86726023e-04
8.39639640e+02 5.67971480e-04
8.40540541e+02 6.10894685e-04
8.41441441e+02 5.94148443e-04
8.42342342e+02 5.95671460e-04
8.43243243e+02 6.13815086e-04
8.44144144e+02 6.22827004e-04
8.45045045e+02 5.92063952e-04
8.45945946e+02 5.99959284e-04
8.46846847e+02 6.23158863e-04
8.47747748e+02 5.84243395e-04
8.48648649e+02 6.26204706e-04
8.49549550e+02 6.18180802e-04
8.50450450e+02 5.61709443e-04
8.51351351e+02 5.90036194e-04
8.52252252e+02 6.12597446e-04
8.53153153e+02 5.74948016e-04
8.54054054e+02 6.21196662e-04
8.54954955e+02 5.79183166e-04
8.55855856e+02 6.17777182e-04
8.56756757e+02 6.04359469e-04
8.57657658e+02 5.93848983e-04
8.58558559e+02 6.26636283e-04
8.59459459e+02 5.68703796e-04
8.60360360e+02 6.11688361e-04
8.61261261e+02 6.11762592e-04
8.62162162e+02 6.14665613e-04
8.63063063e+02 6.11339739e-04
8.63963964e+02 6.42358221e-04
8.64864865e+02 6.05666325e-04
8.65765766e+02 6.32185093e-04
8.66666667e+02 6.12676928e-04
8.67567568e+02 6.20445342e-04
8.68468468e+02 6.12039582e-04
8.69369369e+02 6.12695739e-04
8.70270270e+02 6.32350485e-04
8.71171171e+02 5.91203749e-04
8.72072072e+02 6.02497764e-04
8.72972973e+02 5.99846097e-04
8.73873874e+02 6.01309221e-04
8.74774775e+02 6.01595771e-04
8.75675676e+02 6.05870558e-04
8.76576577e+02 5.90799823e-04
8.77477477e+02 6.04045755e-04
8.78378378e+02 5.70176713e-04
8.79279279e+02 6.12843412e-04
8.80180180e+02 6.12462738e-04
8.81081081e+02 6.07599343e-04
8.81981982e+02 6.06052248e-04
8.82882883e+02 6.00360960e-04
8.83783784e+02 6.14846966e-04
8.84684685e+02 6.17512094e-04
8.85585586e+02 6.33123940e-04
8.86486486e+02 6.03722955e-04
8.87387387e+02 5.99484557e-04
8.88288288e+02 5.78285023e-04
8.89189189e+02 6.08165855e-04
8.90090090e+02 6.17200840e-04
8.90990991e+02 6.02028384e-04
8.91891892e+02 6.04292942e-04
8.92792793e+02 6.00711618e-04
8.93693694e+02 5.89425458e-04
8.94594595e+02 6.07409077e-04
8.95495495e+02 6.08450485e-04
8.96396396e+02 6.24383715e-04
8.97297297e+02 5.85117244e-04
8.98198198e+02 6.26922110e-04
8.99099099e+02 6.00497687e-04
9.00000000e+02 6.25434889e-04
9.00900901e+02 5.92494659e-04
9.01801802e+02 6.05868822e-04
9.02702703e+02 5.81477624e-04
9.03603604e+02 5.88833046e-04
9.04504505e+02 5.88124237e-04
9.05405405e+02 6.23683177e-04
9.06306306e+02 6.22599974e-04
9.07207207e+02 6.25052905e-04
9.08108108e+02 6.17476087e-04
9.09009009e+02 6.08436162e-04
9.09909910e+02 6.19374657e-04
9.10810811e+02 6.18017165e-04
9.11711712e+02 6.46332217e-04
9.12612613e+02 6.41649320e-04
9.13513514e+02 6.07687126e-04
9.14414414e+02 6.33042416e-04
9.15315315e+02 5.95250667e-04
9.16216216e+02 5.99422328e-04
9.17117117e+02 5.98500672e-04
9.18018018e+02 6.27132581e-04
9.18918919e+02 6.27844493e-04
9.19819820e+02 6.12636934e-04
9.20720721e+02 6.09912914e-04
9.21621622e+02 6.12254527e-04
9.22522523e+02 6.47550054e-04
9.23423423e+02 6.25625079e-04
9.24324324e+02 6.24519154e-04
9.25225225e+02 5.89124462e-04
9.26126126e+02 5.97128625e-04
9.27027027e+02 5.71916596e-04
9.27927928e+02 5.72812740e-04
9.28828829e+02 6.24465018e-04
9.29729730e+02 6.00609456e-04
9.30630631e+02 6.26551932e-04
9.31531532e+02 6.08792002e-04
9.32432432e+02 5.85520294e-04
9.33333333e+02 5.82771705e-04
9.34234234e+02 6.29306143e-04
9.35135135e+02 5.80292732e-04
9.36036036e+02 6.13853257e-04
9.36936937e+02 5.86526339e-04
9.37837838e+02 6.10996052e-04
9.38738739e+02 6.20664515e-04
9.39639640e+02 6.13673494e-04
9.40540541e+02 6.21947063e-04
9.41441441e+02 6.33788686e-04
9.42342342e+02 6.16810313e-04
9.43243243e+02 6.06619999e-04
9.44144144e+02 6.66942706e-04
9.45045045e+02 6.05928803e-04
9.45945946e+02 6.22654440e-04
9.46846847e+02 5.67365900e-04
9.47747748e+02 5.79015184e-04
9.48648649e+02 6.35750729e-04
9.49549550e+02 6.12666155e-04
9.50450450e+02 6.00216259e-04
9.51351351e+02 6.40450754e-04
9.52252252e+02 5.97307704e-04
9.53153153e+02 6.11326908e-04
9.54054054e+02 5.92909332e-04
9.54954955e+02 6.01253021e-04
9.55855856e+02 5.96935429e-04
9.56756757e+02 6.00849638e-04
9.57657658e+02 5.80987141e-04
9.58558559e+02 5.80081502e-04
9.59459459e+02 6.20869445e-04
9.60360360e+02 6.05182442e-04
9.61261261e+02 6.28342508e-04
9.62162162e+02 5.94421670e-04
9.63063063e+02 6.18728669e-04
9.63963964e+02 6.13048513e-04
9.64864865e+02 5.79920530e-04
9.65765766e+02 6.21106098e-04
9.66666667e+02 6.36997907e-04
9.67567568e+02 6.00322280e-04
9.68468468e+02 6.10419023e-04
9.69369369e+02 6.17000503e-04
9.70270270e+02 6.28561887e-04
9.71171171e+02 6.21098791e-04
9.72072072e+02 5.88878429e-04
9.72972973e+02 6.08624355e-04
9.73873874e+02 5.95018986e-04
9.74774775e+02 6.07626422e-04
9.75675676e+02 5.97890839e-04
9.76576577e+02 6.19581907e-04
9.77477477e+02 5.99263226e-04
9.78378378e+02 6.22623571e-04
9.79279279e+02 6.14604590e-04
9.80180180e+02 6.09060514e-04
9.81081081e+02 5.87287130e-04
9.81981982e+02 6.20092807e-04
9.82882883e+02 6.31036721e-04
9.83783784e+02 6.14768158e-04
9.84684685e+02 5.99722333e-04
9.85585586e+02 6.07447262e-04
9.86486486e+02 5.97205296e-04
9.87387387e+02 6.45818460e-04
9.88288288e+02 6.34919751e-04
9.89189189e+02 6.23797617e-04
9.90090090e+02 6.19660935e-04
9.90990991e+02 6.30934257e-04
9.91891892e+02 5.82155531e-04
9.92792793e+02 5.91647332e-04
9.93693694e+02 6.15644828e-04
9.94594595e+02 6.26263197e-04
9.95495495e+02 5.87420524e-04
9.96396396e+02 6.11344679e-04
9.97297297e+02 6.21879679e-04
9.98198198e+02 6.37204187e-04
9.99099099e+02 5.80469471e-04
1.00000000e+03 5.87846616e-04
